[1,["1b55a52fe@6c48a"],["_textureSource"],["cc.SpriteFrame"],0,[[[{"name":"bg-mini-progress","rect":{"x":645,"y":845,"width":206,"height":176},"offset":{"x":0,"y":0},"originalSize":{"width":206,"height":180},"rotated":false,"capInsets":[0,0,0,0],"packable":true}],[0],0,[0],[0],[0]],[[{"name":"group-2@2x","rect":{"x":441,"y":845,"width":96,"height":92},"offset":{"x":0,"y":0},"originalSize":{"width":96,"height":92},"rotated":true,"capInsets":[0,0,0,0],"packable":true}],[0],0,[0],[0],[0]],[[{"name":"0-g-07-sym-03-icon-40-px-i-b@2x","rect":{"x":986,"y":51,"width":43,"height":32},"offset":{"x":-0.5,"y":0},"originalSize":{"width":48,"height":48},"rotated":true,"capInsets":[0,0,0,0],"packable":true}],[0],0,[0],[0],[0]],[[{"name":"group-25@2x","rect":{"x":539,"y":845,"width":80,"height":100},"offset":{"x":0,"y":0},"originalSize":{"width":80,"height":100},"rotated":true,"capInsets":[0,0,0,0],"packable":true}],[0],0,[0],[0],[0]],[[{"name":"perfect","rect":{"x":219,"y":651,"width":298,"height":216},"offset":{"x":1,"y":0},"originalSize":{"width":406,"height":250},"rotated":true,"capInsets":[0,0,0,0],"packable":true}],[0],0,[0],[0],[0]],[[{"name":"bg","rect":{"x":709,"y":3,"width":649,"height":271},"offset":{"x":0,"y":0},"originalSize":{"width":649,"height":271},"rotated":true,"capInsets":[62,47,81,42],"packable":true}],[0],0,[0],[0],[0]],[[{"name":"bg_mine","rect":{"x":499,"y":594,"width":45,"height":44},"offset":{"x":0,"y":0},"originalSize":{"width":45,"height":44},"rotated":true,"capInsets":[20,20,20,20],"packable":true}],[0],0,[0],[0],[0]],[[{"name":"popup-header","rect":{"x":3,"y":3,"width":700,"height":273},"offset":{"x":1,"y":-0.5},"originalSize":{"width":702,"height":274},"rotated":false,"capInsets":[9,197,11,0],"packable":true}],[0],0,[0],[0],[0]],[[{"name":"out-of-stock","rect":{"x":331,"y":955,"width":120,"height":52},"offset":{"x":0,"y":-1},"originalSize":{"width":120,"height":54},"rotated":false,"capInsets":[0,0,0,0],"packable":true}],[0],0,[0],[0],[0]],[[{"name":"graphics-icon-bxh-1@2x","rect":{"x":599,"y":594,"width":46,"height":41},"offset":{"x":0,"y":-0.5},"originalSize":{"width":48,"height":50},"rotated":true,"capInsets":[0,0,0,0],"packable":true}],[0],0,[0],[0],[0]],[[{"name":"claimed","rect":{"x":149,"y":594,"width":125,"height":51},"offset":{"x":0.5,"y":-0.5},"originalSize":{"width":126,"height":52},"rotated":false,"capInsets":[0,0,0,0],"packable":true}],[0],0,[0],[0],[0]],[[{"name":"oval","rect":{"x":986,"y":136,"width":16,"height":16},"offset":{"x":0,"y":0},"originalSize":{"width":16,"height":16},"rotated":false,"capInsets":[7,7,7,7],"packable":true}],[0],0,[0],[0],[0]],[[{"name":"group-4@2x","rect":{"x":549,"y":594,"width":44,"height":44},"offset":{"x":0,"y":0},"originalSize":{"width":48,"height":48},"rotated":false,"capInsets":[0,0,0,0],"packable":true}],[0],0,[0],[0],[0]],[[{"name":"lostconnecticon","rect":{"x":441,"y":648,"width":260,"height":191},"offset":{"x":15,"y":13.5},"originalSize":{"width":402,"height":254},"rotated":false,"capInsets":[0,0,0,0],"packable":true}],[0],0,[0],[0],[0]],[[{"name":"light","rect":{"x":457,"y":947,"width":69,"height":124},"offset":{"x":0,"y":0},"originalSize":{"width":69,"height":124},"rotated":true,"capInsets":[0,0,0,0],"packable":true}],[0],0,[0],[0],[0]],[[{"name":"group-3-copy-2@2x","rect":{"x":3,"y":282,"width":692,"height":100},"offset":{"x":0,"y":0},"originalSize":{"width":692,"height":100},"rotated":false,"capInsets":[273,2,270,2],"packable":true}],[0],0,[0],[0],[0]],[[{"name":"bg-score-not-gain","rect":{"x":280,"y":594,"width":104,"height":40},"offset":{"x":0,"y":0},"originalSize":{"width":104,"height":40},"rotated":false,"capInsets":[0,0,0,0],"packable":true}],[0],0,[0],[0],[0]],[[{"name":"loading","rect":{"x":986,"y":100,"width":30,"height":30},"offset":{"x":0,"y":0},"originalSize":{"width":30,"height":30},"rotated":false,"capInsets":[0,0,0,0],"packable":true}],[0],0,[0],[0],[0]],[[{"name":"rectangle@2x","rect":{"x":918,"y":658,"width":75,"height":84},"offset":{"x":0,"y":0},"originalSize":{"width":75,"height":84},"rotated":true,"capInsets":[34,34,34,39],"packable":true}],[0],0,[0],[0],[0]],[[{"name":"oval@2x","rect":{"x":390,"y":594,"width":48,"height":48},"offset":{"x":0,"y":0},"originalSize":{"width":48,"height":48},"rotated":false,"capInsets":[22,23,22,23],"packable":true}],[0],0,[0],[0],[0]],[[{"name":"enegy","rect":{"x":857,"y":814,"width":148,"height":170},"offset":{"x":0,"y":0},"originalSize":{"width":148,"height":170},"rotated":false,"capInsets":[0,0,0,0],"packable":true}],[0],0,[0],[0],[0]],[[{"name":"cool","rect":{"x":707,"y":658,"width":205,"height":150},"offset":{"x":-2.5,"y":-1},"originalSize":{"width":406,"height":250},"rotated":false,"capInsets":[0,0,0,0],"packable":true}],[0],0,[0],[0],[0]],[[{"name":"singleColor","rect":{"x":1008,"y":136,"width":2,"height":2},"offset":{"x":0,"y":0},"originalSize":{"width":2,"height":2},"rotated":false,"capInsets":[0,0,0,0],"packable":true}],[0],0,[0],[0],[0]],[[{"name":"title_common","rect":{"x":219,"y":955,"width":106,"height":64},"offset":{"x":0,"y":0},"originalSize":{"width":106,"height":64},"rotated":false,"capInsets":[0,0,66,0],"packable":true}],[0],0,[0],[0],[0]],[[{"name":"graphics-icon-bxh-2@2x","rect":{"x":587,"y":931,"width":46,"height":40},"offset":{"x":0,"y":0},"originalSize":{"width":48,"height":50},"rotated":false,"capInsets":[0,0,0,0],"packable":true}],[0],0,[0],[0],[0]],[[{"name":"bg_normal","rect":{"x":444,"y":594,"width":46,"height":49},"offset":{"x":0,"y":0},"originalSize":{"width":46,"height":49},"rotated":true,"capInsets":[20,20,20,20],"packable":true}],[0],0,[0],[0],[0]],[[{"name":"background-gift","rect":{"x":3,"y":594,"width":140,"height":52},"offset":{"x":0,"y":0},"originalSize":{"width":140,"height":52},"rotated":false,"capInsets":[68,25,68,25],"packable":true}],[0],0,[0],[0],[0]],[[{"name":"group-3@2x","rect":{"x":3,"y":388,"width":690,"height":98},"offset":{"x":0,"y":0},"originalSize":{"width":692,"height":100},"rotated":false,"capInsets":[297,0,297,0],"packable":true}],[0],0,[0],[0],[0]],[[{"name":"graphics-icon-bxh-3@2x","rect":{"x":646,"y":594,"width":46,"height":41},"offset":{"x":0,"y":0.5},"originalSize":{"width":48,"height":50},"rotated":true,"capInsets":[0,0,0,0],"packable":true}],[0],0,[0],[0],[0]],[[{"name":"back","rect":{"x":986,"y":3,"width":33,"height":42},"offset":{"x":-3.5,"y":0},"originalSize":{"width":48,"height":48},"rotated":false,"capInsets":[0,0,0,0],"packable":true}],[0],0,[0],[0],[0]],[[{"name":"momo","rect":{"x":3,"y":658,"width":341,"height":210},"offset":{"x":0.5,"y":-1},"originalSize":{"width":368,"height":232},"rotated":true,"capInsets":[0,0,0,0],"packable":true}],[0],0,[0],[0],[0]],[[{"name":"gift-1","rect":{"x":918,"y":739,"width":64,"height":76},"offset":{"x":0,"y":-2},"originalSize":{"width":84,"height":84},"rotated":true,"capInsets":[0,0,0,0],"packable":true}],[0],0,[0],[0],[0]],[[{"name":"bt","rect":{"x":3,"y":492,"width":332,"height":96},"offset":{"x":0,"y":0},"originalSize":{"width":332,"height":96},"rotated":false,"capInsets":[131,42,136,41],"packable":true}],[0],0,[0],[0],[0]],[[{"name":"bt1","rect":{"x":341,"y":492,"width":332,"height":96},"offset":{"x":0,"y":0},"originalSize":{"width":332,"height":96},"rotated":false,"capInsets":[33,33,34,40],"packable":true}],[0],0,[0],[0],[0]]]]
