[1,["81vhsxyJ5CdpQQk9EmBRpi","42uKhe1QBE36b/ZVBEMdxm","c6Uyn/rmBJo4+pFbCC4h/j@40189","c6Uyn/rmBJo4+pFbCC4h/j@6c56c","c6Uyn/rmBJo4+pFbCC4h/j@54ccb","c6Uyn/rmBJo4+pFbCC4h/j@a8165","c6Uyn/rmBJo4+pFbCC4h/j@ac3e5","c6Uyn/rmBJo4+pFbCC4h/j@3e56e","c6Uyn/rmBJo4+pFbCC4h/j@d482b","c6Uyn/rmBJo4+pFbCC4h/j@3a858","c6Uyn/rmBJo4+pFbCC4h/j@2dcb0","c6Uyn/rmBJo4+pFbCC4h/j@1d653","c6Uyn/rmBJo4+pFbCC4h/j@0344e","c6Uyn/rmBJo4+pFbCC4h/j@18907","c6Uyn/rmBJo4+pFbCC4h/j@3812e","c6Uyn/rmBJo4+pFbCC4h/j@b2c37","c6Uyn/rmBJo4+pFbCC4h/j@b3886","67hduPMHBGeZ1Gp/Nchq79","c6Uyn/rmBJo4+pFbCC4h/j@e3d19","c6Uyn/rmBJo4+pFbCC4h/j@9c308","c6Uyn/rmBJo4+pFbCC4h/j@3d297","c6Uyn/rmBJo4+pFbCC4h/j@4693d","c6Uyn/rmBJo4+pFbCC4h/j@99162","c6Uyn/rmBJo4+pFbCC4h/j@a3f43"],["node","_mesh","root","_parent","data"],[["cc.Node",["_name","_layer","_prefab","_parent","_lrot","_lscale","_euler","_components","_lpos","_children"],1,4,1,5,5,5,9,5,12],["cc.Mesh",["_native","_hash","_struct"],1,11],["cc.Prefab",["_name"],2],["cc.PrefabInfo",["fileId","root","asset"],2,1,1],["cc.MeshRenderer",["node","__prefab","_materials","lightmapSettings","_mesh"],3,1,4,3,4,6],["cc.CompPrefabInfo",["fileId"],2],["cc.ModelLightmapSettings",[],3],["cc.MeshCollider",["node","__prefab","_mesh"],3,1,4,6]],[[5,0,2],[3,0,1,2,2],[1,0,1,2,3],[4,0,1,2,3,4,1],[6,1],[7,0,1,2,1],[0,0,1,3,7,2,4,5,6,3],[0,0,3,7,2,8,4,5,6,2],[0,0,3,2,8,4,5,6,2],[2,0,2],[0,0,9,2,2],[0,0,3,7,2,4,5,6,2]],[[[[2,".bin",2632362732,[{"primitives":[{"primitiveMode":7,"vertexBundelIndices":[0],"indexView":{"offset":576,"length":72,"count":18,"stride":4}}],"vertexBundles":[{"view":{"offset":0,"length":576,"count":12,"stride":48},"attributes":[{"name":"a_position","format":32,"isNormalized":false},{"name":"a_normal","format":32,"isNormalized":false},{"name":"a_texCoord","format":21,"isNormalized":false},{"name":"a_tangent","format":44,"isNormalized":false}]}]},"minPosition",8,[1,-0.029999999329447746,0.011854579672217369,0.00699999975040555],"maxPosition",8,[1,-0.02748176082968712,0.015095199458301067,0.009999999776482582]]],-1],0,0,[],[],[]],[[[2,".bin",4071818927,[{"primitives":[{"primitiveMode":7,"vertexBundelIndices":[0],"indexView":{"offset":576,"length":72,"count":18,"stride":4}}],"vertexBundles":[{"view":{"offset":0,"length":576,"count":12,"stride":48},"attributes":[{"name":"a_position","format":32,"isNormalized":false},{"name":"a_normal","format":32,"isNormalized":false},{"name":"a_texCoord","format":21,"isNormalized":false},{"name":"a_tangent","format":44,"isNormalized":false}]}]},"minPosition",8,[1,-0.02939518913626671,0.014302629977464676,0.00699999975040555],"maxPosition",8,[1,-0.02620837837457657,0.017672859132289886,0.009999999776482582]]],-1],0,0,[],[],[]],[[[2,".bin",2814755785,[{"primitives":[{"primitiveMode":7,"vertexBundelIndices":[0],"indexView":{"offset":576,"length":72,"count":18,"stride":4}}],"vertexBundles":[{"view":{"offset":0,"length":576,"count":12,"stride":48},"attributes":[{"name":"a_position","format":32,"isNormalized":false},{"name":"a_normal","format":32,"isNormalized":false},{"name":"a_texCoord","format":21,"isNormalized":false},{"name":"a_tangent","format":44,"isNormalized":false}]}]},"minPosition",8,[1,-0.029999999329447746,-0.012054639868438244,0.00699999975040555],"maxPosition",8,[1,-0.02796871028840542,0.012054639868438244,0.009999999776482582]]],-1],0,0,[],[],[]],[[[2,".bin",1676520870,[{"primitives":[{"primitiveMode":7,"vertexBundelIndices":[0],"indexView":{"offset":576,"length":72,"count":18,"stride":4}}],"vertexBundles":[{"view":{"offset":0,"length":576,"count":12,"stride":48},"attributes":[{"name":"a_position","format":32,"isNormalized":false},{"name":"a_normal","format":32,"isNormalized":false},{"name":"a_texCoord","format":21,"isNormalized":false},{"name":"a_tangent","format":44,"isNormalized":false}]}]},"minPosition",8,[1,-0.029999999329447746,-0.015095199458301067,0.00699999975040555],"maxPosition",8,[1,-0.02748176082968712,-0.011854579672217369,0.009999999776482582]]],-1],0,0,[],[],[]],[[[2,".bin",2325249069,[{"primitives":[{"primitiveMode":7,"vertexBundelIndices":[0],"indexView":{"offset":576,"length":72,"count":18,"stride":4}}],"vertexBundles":[{"view":{"offset":0,"length":576,"count":12,"stride":48},"attributes":[{"name":"a_position","format":32,"isNormalized":false},{"name":"a_normal","format":32,"isNormalized":false},{"name":"a_texCoord","format":21,"isNormalized":false},{"name":"a_tangent","format":44,"isNormalized":false}]}]},"minPosition",8,[1,-0.027672860771417618,0.016208380460739136,0.00699999975040555],"maxPosition",8,[1,-0.024302629753947258,0.01939520053565502,0.009999999776482582]]],-1],0,0,[],[],[]],[[[2,".bin",3013743702,[{"primitives":[{"primitiveMode":7,"vertexBundelIndices":[0],"indexView":{"offset":576,"length":72,"count":18,"stride":4}}],"vertexBundles":[{"view":{"offset":0,"length":576,"count":12,"stride":48},"attributes":[{"name":"a_position","format":32,"isNormalized":false},{"name":"a_normal","format":32,"isNormalized":false},{"name":"a_texCoord","format":21,"isNormalized":false},{"name":"a_tangent","format":44,"isNormalized":false}]}]},"minPosition",8,[1,-0.02939518913626671,-0.017672859132289886,0.00699999975040555],"maxPosition",8,[1,-0.02620837837457657,-0.014302629977464676,0.009999999776482582]]],-1],0,0,[],[],[]],[[[2,".bin",3433129977,[{"primitives":[{"primitiveMode":7,"vertexBundelIndices":[0],"indexView":{"offset":9216,"length":1488,"count":372,"stride":4}}],"vertexBundles":[{"view":{"offset":0,"length":9216,"count":192,"stride":48},"attributes":[{"name":"a_position","format":32,"isNormalized":false},{"name":"a_normal","format":32,"isNormalized":false},{"name":"a_texCoord","format":21,"isNormalized":false},{"name":"a_tangent","format":44,"isNormalized":false}]}]},"minPosition",8,[1,-0.0020000000949949026,-0.0020000000949949026,-0.00009999989561038092],"maxPosition",8,[1,0.0020000000949949026,0.0020000000949949026,0.00009999989561038092]]],-1],0,0,[],[],[]],[[[2,".bin",2366529190,[{"primitives":[{"primitiveMode":7,"vertexBundelIndices":[0],"indexView":{"offset":576,"length":72,"count":18,"stride":4}}],"vertexBundles":[{"view":{"offset":0,"length":576,"count":12,"stride":48},"attributes":[{"name":"a_position","format":32,"isNormalized":false},{"name":"a_normal","format":32,"isNormalized":false},{"name":"a_texCoord","format":21,"isNormalized":false},{"name":"a_tangent","format":44,"isNormalized":false}]}]},"minPosition",8,[1,-0.025095200166106224,-0.019999999552965164,0.00699999975040555],"maxPosition",8,[1,-0.02185457944869995,-0.017481770366430283,0.009999999776482582]]],-1],0,0,[],[],[]],[[[2,".bin",29930117,[{"primitives":[{"primitiveMode":7,"vertexBundelIndices":[0],"indexView":{"offset":576,"length":72,"count":18,"stride":4}}],"vertexBundles":[{"view":{"offset":0,"length":576,"count":12,"stride":48},"attributes":[{"name":"a_position","format":32,"isNormalized":false},{"name":"a_normal","format":32,"isNormalized":false},{"name":"a_texCoord","format":21,"isNormalized":false},{"name":"a_tangent","format":44,"isNormalized":false}]}]},"minPosition",8,[1,-0.02205463871359825,0.017968708649277687,0.00699999975040555],"maxPosition",8,[1,0.020011790096759796,0.019999999552965164,0.009999999776482582]]],-1],0,0,[],[],[]],[[[2,".bin",3433129977,[{"primitives":[{"primitiveMode":7,"vertexBundelIndices":[0],"indexView":{"offset":9216,"length":1488,"count":372,"stride":4}}],"vertexBundles":[{"view":{"offset":0,"length":9216,"count":192,"stride":48},"attributes":[{"name":"a_position","format":32,"isNormalized":false},{"name":"a_normal","format":32,"isNormalized":false},{"name":"a_texCoord","format":21,"isNormalized":false},{"name":"a_tangent","format":44,"isNormalized":false}]}]},"minPosition",8,[1,-0.0020000000949949026,-0.0020000000949949026,-0.00009999989561038092],"maxPosition",8,[1,0.0020000000949949026,0.0020000000949949026,0.00009999989561038092]]],-1],0,0,[],[],[]],[[[2,".bin",3615624711,[{"primitives":[{"primitiveMode":7,"vertexBundelIndices":[0],"indexView":{"offset":576,"length":72,"count":18,"stride":4}}],"vertexBundles":[{"view":{"offset":0,"length":576,"count":12,"stride":48},"attributes":[{"name":"a_position","format":32,"isNormalized":false},{"name":"a_normal","format":32,"isNormalized":false},{"name":"a_texCoord","format":21,"isNormalized":false},{"name":"a_tangent","format":44,"isNormalized":false}]}]},"minPosition",8,[1,0.02796871028840542,-0.01001178938895464,0.00699999975040555],"maxPosition",8,[1,0.029999999329447746,0.01001178938895464,0.009999999776482582]]],-1],0,0,[],[],[]],[[[2,".bin",2788504532,[{"primitives":[{"primitiveMode":7,"vertexBundelIndices":[0],"indexView":{"offset":576,"length":72,"count":18,"stride":4}}],"vertexBundles":[{"view":{"offset":0,"length":576,"count":12,"stride":48},"attributes":[{"name":"a_position","format":32,"isNormalized":false},{"name":"a_normal","format":32,"isNormalized":false},{"name":"a_texCoord","format":21,"isNormalized":false},{"name":"a_tangent","format":44,"isNormalized":false}]}]},"minPosition",8,[1,0.019170409068465233,0.009170405566692352,0.00699999975040555],"maxPosition",8,[1,0.029999999329447746,0.019999999552965164,0.009999999776482582]]],-1],0,0,[],[],[]],[[[2,".bin",3433129977,[{"primitives":[{"primitiveMode":7,"vertexBundelIndices":[0],"indexView":{"offset":9216,"length":1488,"count":372,"stride":4}}],"vertexBundles":[{"view":{"offset":0,"length":9216,"count":192,"stride":48},"attributes":[{"name":"a_position","format":32,"isNormalized":false},{"name":"a_normal","format":32,"isNormalized":false},{"name":"a_texCoord","format":21,"isNormalized":false},{"name":"a_tangent","format":44,"isNormalized":false}]}]},"minPosition",8,[1,-0.0020000000949949026,-0.0020000000949949026,-0.00009999989561038092],"maxPosition",8,[1,0.0020000000949949026,0.0020000000949949026,0.00009999989561038092]]],-1],0,0,[],[],[]],[[[2,".bin",3433129977,[{"primitives":[{"primitiveMode":7,"vertexBundelIndices":[0],"indexView":{"offset":9216,"length":1488,"count":372,"stride":4}}],"vertexBundles":[{"view":{"offset":0,"length":9216,"count":192,"stride":48},"attributes":[{"name":"a_position","format":32,"isNormalized":false},{"name":"a_normal","format":32,"isNormalized":false},{"name":"a_texCoord","format":21,"isNormalized":false},{"name":"a_tangent","format":44,"isNormalized":false}]}]},"minPosition",8,[1,-0.0020000000949949026,-0.0020000000949949026,-0.00009999989561038092],"maxPosition",8,[1,0.0020000000949949026,0.0020000000949949026,0.00009999989561038092]]],-1],0,0,[],[],[]],[[[2,".bin",3433129977,[{"primitives":[{"primitiveMode":7,"vertexBundelIndices":[0],"indexView":{"offset":9216,"length":1488,"count":372,"stride":4}}],"vertexBundles":[{"view":{"offset":0,"length":9216,"count":192,"stride":48},"attributes":[{"name":"a_position","format":32,"isNormalized":false},{"name":"a_normal","format":32,"isNormalized":false},{"name":"a_texCoord","format":21,"isNormalized":false},{"name":"a_tangent","format":44,"isNormalized":false}]}]},"minPosition",8,[1,-0.0020000000949949026,-0.0020000000949949026,-0.00009999989561038092],"maxPosition",8,[1,0.0020000000949949026,0.0020000000949949026,0.00009999989561038092]]],-1],0,0,[],[],[]],[[[2,".bin",1095958051,[{"primitives":[{"primitiveMode":7,"vertexBundelIndices":[0],"indexView":{"offset":576,"length":72,"count":18,"stride":4}}],"vertexBundles":[{"view":{"offset":0,"length":576,"count":12,"stride":48},"attributes":[{"name":"a_position","format":32,"isNormalized":false},{"name":"a_normal","format":32,"isNormalized":false},{"name":"a_texCoord","format":21,"isNormalized":false},{"name":"a_tangent","format":44,"isNormalized":false}]}]},"minPosition",8,[1,0.019170409068465233,-0.019999999552965164,0.00699999975040555],"maxPosition",8,[1,0.029999999329447746,-0.009170405566692352,0.009999999776482582]]],-1],0,0,[],[],[]],[[[2,".bin",2893496008,[{"primitives":[{"primitiveMode":7,"vertexBundelIndices":[0],"indexView":{"offset":576,"length":72,"count":18,"stride":4}}],"vertexBundles":[{"view":{"offset":0,"length":576,"count":12,"stride":48},"attributes":[{"name":"a_position","format":32,"isNormalized":false},{"name":"a_normal","format":32,"isNormalized":false},{"name":"a_texCoord","format":21,"isNormalized":false},{"name":"a_tangent","format":44,"isNormalized":false}]}]},"minPosition",8,[1,-0.02205463871359825,-0.019999999552965164,0.00699999975040555],"maxPosition",8,[1,0.020011790096759796,-0.017968708649277687,0.009999999776482582]]],-1],0,0,[],[],[]],[[[2,".bin",817642639,[{"primitives":[{"primitiveMode":7,"vertexBundelIndices":[0],"indexView":{"offset":576,"length":72,"count":18,"stride":4}}],"vertexBundles":[{"view":{"offset":0,"length":576,"count":12,"stride":48},"attributes":[{"name":"a_position","format":32,"isNormalized":false},{"name":"a_normal","format":32,"isNormalized":false},{"name":"a_texCoord","format":21,"isNormalized":false},{"name":"a_tangent","format":44,"isNormalized":false}]}]},"minPosition",8,[1,-0.025095200166106224,0.017481770366430283,0.00699999975040555],"maxPosition",8,[1,-0.02185457944869995,0.019999999552965164,0.009999999776482582]]],-1],0,0,[],[],[]],[[[2,".bin",3348417847,[{"primitives":[{"primitiveMode":7,"vertexBundelIndices":[0],"indexView":{"offset":4032,"length":624,"count":156,"stride":4}}],"vertexBundles":[{"view":{"offset":0,"length":4032,"count":84,"stride":48},"attributes":[{"name":"a_position","format":32,"isNormalized":false},{"name":"a_normal","format":32,"isNormalized":false},{"name":"a_texCoord","format":21,"isNormalized":false},{"name":"a_tangent","format":44,"isNormalized":false}]}]},"minPosition",8,[1,-0.029999999329447746,-0.019999999552965164,-0.0019999989308416843],"maxPosition",8,[1,0.029999999329447746,0.019999999552965164,0.007000001147389412]]],-1],0,0,[],[],[]],[[[2,".bin",2923062787,[{"primitives":[{"primitiveMode":7,"vertexBundelIndices":[0],"indexView":{"offset":576,"length":72,"count":18,"stride":4}}],"vertexBundles":[{"view":{"offset":0,"length":576,"count":12,"stride":48},"attributes":[{"name":"a_position","format":32,"isNormalized":false},{"name":"a_normal","format":32,"isNormalized":false},{"name":"a_texCoord","format":21,"isNormalized":false},{"name":"a_tangent","format":44,"isNormalized":false}]}]},"minPosition",8,[1,-0.027672860771417618,-0.01939520053565502,0.00699999975040555],"maxPosition",8,[1,-0.024302629753947258,-0.016208380460739136,0.009999999776482582]]],-1],0,0,[],[],[]],[[[2,".bin",3433129977,[{"primitives":[{"primitiveMode":7,"vertexBundelIndices":[0],"indexView":{"offset":9216,"length":1488,"count":372,"stride":4}}],"vertexBundles":[{"view":{"offset":0,"length":9216,"count":192,"stride":48},"attributes":[{"name":"a_position","format":32,"isNormalized":false},{"name":"a_normal","format":32,"isNormalized":false},{"name":"a_texCoord","format":21,"isNormalized":false},{"name":"a_tangent","format":44,"isNormalized":false}]}]},"minPosition",8,[1,-0.0020000000949949026,-0.0020000000949949026,-0.00009999989561038092],"maxPosition",8,[1,0.0020000000949949026,0.0020000000949949026,0.00009999989561038092]]],-1],0,0,[],[],[]],[[[9,"map_008"],[10,"map_008",[[-2,-3,-4,-5,-6,-7,-8,-9,-10,-11,-12,-13,-14,-15,-16,-17,-18,-19,-20,-21,-22,[8,"Camera",-24,[1,"47YZgrHL9avbDAY7PpLfTF",-23,0],[1,-6,7,0],[3,-4.4971273106791125e-8,-6.092074868835776e-9,-0.422618062986199,0.9063078797173681],[1,99.99999237060547,99.99999237060547,100],[1,-0.000007724992193907352,-0.000004372489397016428,-49.999974869920194]],[8,"char",-26,[1,"d8hI2r3eJWrLL9Xc3LzR6L",-25,0],[1,-2.200000047683716,0.8999999761581421,0],[3,-0.7071068407911908,0,0,0.7071067215818992],[1,100,100,100],[1,-90.00000965934633,0,0]]],1,1,1,1,1,1,1,1,1,1,1,1,1,1,1,1,1,1,1,1,1,4,4],[1,"14tD/kyrhT8qOCYk8R5MV4",-1,0]],[6,"0.Cube.001",2,1,[[3,-27,[0,"8055DG69xSz6f9Q4bgYBHK"],[0],[4],1],[5,-28,[0,"406tfK5dRCZJ6qQRdwzPm4"],2]],[1,"84Oao7YUtdOaKl5Nb9iYWC",1,0],[3,-0.7071068407911908,0,0,0.7071067215818992],[1,100,100,100],[1,-90.00000965934633,0,0]],[6,"0.Cube.002",2,1,[[3,-29,[0,"d25cuhosRWDIlSuuxCjFa9"],[3],[4],4],[5,-30,[0,"cfNVoyIftBlLr0ucc6xjLp"],5]],[1,"ccAQVo+H1VUbJmJ/3xEXXA",1,0],[3,-0.7071068407911908,0,0,0.7071067215818992],[1,100,100,100],[1,-90.00000965934633,0,0]],[6,"0.Cube.003",2,1,[[3,-31,[0,"56F1mgOKpe+oJ2y5i8P4JZ"],[6],[4],7],[5,-32,[0,"e9AI3xROlIQKdabbq1EsC3"],8]],[1,"d9hBhDwxNZMoEfkE3ZUjGJ",1,0],[3,-0.7071068407911908,0,0,0.7071067215818992],[1,100,100,100],[1,-90.00000965934633,0,0]],[6,"0.Cube.004",2,1,[[3,-33,[0,"6dmzPFG9dY/qGclK7gZPZp"],[9],[4],10],[5,-34,[0,"96qusozmpKE6WsEawpKeIY"],11]],[1,"78T14ic0pWErndqlK7/7eO",1,0],[3,-0.7071068407911908,0,0,0.7071067215818992],[1,100,100,100],[1,-90.00000965934633,0,0]],[6,"0.Cube.005",2,1,[[3,-35,[0,"bfPSarvnleoIiJzPxZ7KR9"],[12],[4],13],[5,-36,[0,"fdM9T1SbtL3LRbMZrPmaei"],14]],[1,"d6S3RmHkRXLYIcQTTPCIri",1,0],[3,-0.7071068407911908,0,0,0.7071067215818992],[1,100,100,100],[1,-90.00000965934633,0,0]],[6,"0.Cube.006",2,1,[[3,-37,[0,"39TQS8tERT4JLiQlmOWiC+"],[15],[4],16],[5,-38,[0,"27yKs6ydZNTI6s83FD1STu"],17]],[1,"d9cMGx6LBXmruyeFk6exzo",1,0],[3,-0.7071068407911908,0,0,0.7071067215818992],[1,100,100,100],[1,-90.00000965934633,0,0]],[6,"0.Cube.007",2,1,[[3,-39,[0,"a6eqTG9UFYh4S58c/xWavG"],[18],[4],19],[5,-40,[0,"43n20BF2ZEpK7ne6L9B5cn"],20]],[1,"c11nk651Nc1ruvpph/r+4k",1,0],[3,-0.7071068407911908,0,0,0.7071067215818992],[1,100,100,100],[1,-90.00000965934633,0,0]],[6,"0.Cube.008",2,1,[[3,-41,[0,"21mSX751BTbbP8U2QB63Fg"],[21],[4],22],[5,-42,[0,"d8wQnhVD5CCKk1Lqq226SW"],23]],[1,"951I+MRo5cqafpf1hkNqli",1,0],[3,-0.7071068407911908,0,0,0.7071067215818992],[1,100,100,100],[1,-90.00000965934633,0,0]],[6,"0.Cube.009",2,1,[[3,-43,[0,"22d3AEloJWcbK25tOMaDPd"],[24],[4],25],[5,-44,[0,"fbMPQEFwRJ1L7S3bEVtfsf"],26]],[1,"f438yX8x1bma/7Ne2t4o4G",1,0],[3,-0.7071068407911908,0,0,0.7071067215818992],[1,100,100,100],[1,-90.00000965934633,0,0]],[6,"0.Cube.010",2,1,[[3,-45,[0,"9a43GSHv9dcbgktKIv5jWw"],[27],[4],28],[5,-46,[0,"7dyTWnQgtPDbpoua/v24vx"],29]],[1,"edzwyJwm9YCZLWKrtM0rKV",1,0],[3,-0.7071068407911908,0,0,0.7071067215818992],[1,100,100,100],[1,-90.00000965934633,0,0]],[6,"0.Cube.011",2,1,[[3,-47,[0,"0aHEP/GAVShaSccgb3k122"],[30],[4],31],[5,-48,[0,"4dNSleGUtBSa66J0syz1+x"],32]],[1,"3cESAORLlcTLuQTBUw8GJo",1,0],[3,-0.7071068407911908,0,0,0.7071067215818992],[1,100,100,100],[1,-90.00000965934633,0,0]],[6,"0.Cube.012",2,1,[[3,-49,[0,"a6+qQ3W1NSaIYxRFa2Ca//"],[33],[4],34],[5,-50,[0,"7b5Fs21OZNG4B1tyo76gZr"],35]],[1,"26cia92ORf2oe9baLJEWP4",1,0],[3,-0.7071068407911908,0,0,0.7071067215818992],[1,100,100,100],[1,-90.00000965934633,0,0]],[6,"0.Cube.013",2,1,[[3,-51,[0,"7d05uiYR1fr5qFA+CRE/AR"],[36],[4],37],[5,-52,[0,"56+X1uMYtKjbcgsJl6SOB8"],38]],[1,"2fcPk8Cl1ecpjsU4djx/jK",1,0],[3,-0.7071068407911908,0,0,0.7071067215818992],[1,100,100,100],[1,-90.00000965934633,0,0]],[6,"0.Cube.014",2,1,[[3,-53,[0,"5dND1UoD1eSKzsWeP/o9uB"],[39],[4],40],[5,-54,[0,"37YR+6c1xC+LTIOuvShcky"],41]],[1,"d1Aw/K/85a35i3G1a8goMa",1,0],[3,-0.7071068407911908,0,0,0.7071067215818992],[1,100,100,100],[1,-90.00000965934633,0,0]],[11,"0.ground",1,[[3,-55,[0,"f07TcqsStdmoeZImYhvGKN"],[42],[4],43],[5,-56,[0,"b2GkiDkaBJc6ItF8n2Fqtq"],44]],[1,"bfZLZlFntQ8KGegl31HnQx",1,0],[3,-0.7071068407911908,0,0,0.7071067215818992],[1,100,100,100],[1,-90.00000965934633,0,0]],[7,"1.disc.004",1,[[3,-57,[0,"b59OeB+7Zd2r/BnwSyA652"],[45],[4],46]],[1,"35xtsAWbxesZ7Dg/TFD9Qe",1,0],[1,-1,0.699999988079071,-1],[3,-0.7071068407911908,0,0,0.7071067215818992],[1,100,100,100],[1,-90.00000965934633,0,0]],[7,"1.disc.005",1,[[3,-58,[0,"56wDGyBANWz476mWt/yxDX"],[47],[4],48]],[1,"cf/EG4wXtUb5/rgakpIC9S",1,0],[1,-1,0.699999988079071,1],[3,-0.7071068407911908,0,0,0.7071067215818992],[1,100,100,100],[1,-90.00000965934633,0,0]],[7,"1.disc.hard",1,[[3,-59,[0,"e1X3STjTFS+aSHwn4DNqDS"],[49],[4],50]],[1,"11Ngd3IO9XsoV3OsmMJLqL",1,0],[1,1.7999999523162842,0.699999988079071,-1.2000000476837158],[3,-0.7071068407911908,0,0,0.7071067215818992],[1,100,100,100],[1,-90.00000965934633,0,0]],[7,"1.disc.hard.001",1,[[3,-60,[0,"e1aSz4dixShao6KlGE4x/S"],[51],[4],52]],[1,"01tlTmCzpYKq4mJ+2LJJ1C",1,0],[1,1.7999999523162842,0.699999988079071,1.2000000476837158],[3,-0.7071068407911908,0,0,0.7071067215818992],[1,100,100,100],[1,-90.00000965934633,0,0]],[7,"1.disc.move",1,[[3,-61,[0,"f6A6CFGOVU+6N1l1IeQloV"],[53],[4],54]],[1,"90dDVoiBNV2rebtznQKGbv",1,0],[1,0.30000001192092896,0.699999988079071,0],[3,-0.7071068407911908,0,0,0.7071067215818992],[1,100,100,100],[1,-90.00000965934633,0,0]],[7,"1.disc.move.001",1,[[3,-62,[0,"f10+u4ZelRH4AU/srdbK9O"],[55],[4],56]],[1,"f4YPDIL/RR2a/LQ5gsZw3N",1,0],[1,1.7999999523162842,0.699999988079071,0],[3,-0.7071068407911908,0,0,0.7071067215818992],[1,100,100,100],[1,-90.00000965934633,0,0]]],0,[0,2,1,0,-1,2,0,-2,3,0,-3,4,0,-4,5,0,-5,6,0,-6,7,0,-7,8,0,-8,9,0,-9,10,0,-10,11,0,-11,12,0,-12,13,0,-13,14,0,-14,15,0,-15,16,0,-16,17,0,-17,18,0,-18,19,0,-19,20,0,-20,21,0,-21,22,0,2,1,0,3,1,0,2,1,0,3,1,0,0,2,0,0,2,0,0,3,0,0,3,0,0,4,0,0,4,0,0,5,0,0,5,0,0,6,0,0,6,0,0,7,0,0,7,0,0,8,0,0,8,0,0,9,0,0,9,0,0,10,0,0,10,0,0,11,0,0,11,0,0,12,0,0,12,0,0,13,0,0,13,0,0,14,0,0,14,0,0,15,0,0,15,0,0,16,0,0,16,0,0,17,0,0,18,0,0,19,0,0,20,0,0,21,0,0,22,0,4,1,62],[0,0,0,0,0,0,0,0,0,0,0,0,0,0,0,0,0,0,0,0,0,0,0,0,0,0,0,0,0,0,0,0,0,0,0,0,0,0,0,0,0,0,0,0,0,0,0,0,0,0,0,0,0,0,0,0,0],[-1,1,1,-1,1,1,-1,1,1,-1,1,1,-1,1,1,-1,1,1,-1,1,1,-1,1,1,-1,1,1,-1,1,1,-1,1,1,-1,1,1,-1,1,1,-1,1,1,-1,1,1,-1,1,-1,1,-1,1,-1,1,-1,1,-1,1],[0,2,2,0,3,3,0,4,4,0,5,5,0,6,6,0,7,7,0,8,8,0,9,9,0,10,10,0,11,11,0,12,12,0,13,13,0,14,14,0,15,15,17,16,16,1,18,1,19,1,20,1,21,1,22,1,23]]]]
