[1,["82ySMYweNM96mN7pWQaYmt@1ce40","7fISx4PKFEHZuw1XI1K5AH@c244a","1brw/JvvpFnIvdrxpFCgMZ"],["node","root","data","_mesh","_effectAsset"],[["cc.Node",["_name","_layer","_components","_prefab","_children","_lpos","_parent","_lrot","_lscale","_euler"],1,9,4,2,5,1,5,5,5],["cc.Prefab",["_name"],2],["cb937Hy7iRG4Lmi4bEDP0Xo",["type","node","__prefab"],2,1,4],["cc.CompPrefabInfo",["fileId"],2],["cc.RigidBody",["_type","node","__prefab"],2,1,4],["cc.CylinderCollider",["_isTrigger","_radius","_height","node","__prefab","_center"],0,1,4,5],["cc.PrefabInfo",["fileId","root","asset"],2,1,1],["cc.MeshRenderer",["node","__prefab","_materials","lightmapSettings","_mesh"],3,1,4,3,4,6],["cc.ModelLightmapSettings",[],3],["cc.Mesh",["_native","_hash","_struct"],1,11],["cc.Material",["_name","_states","_defines","_props"],0,12]],[[3,0,2],[6,0,1,2,2],[1,0,2],[0,0,1,4,2,3,5,3],[0,0,1,6,2,3,7,8,9,3],[2,0,1,2,2],[4,0,1,2,2],[5,0,1,2,3,4,5,4],[7,0,1,2,3,4,1],[8,1],[9,0,1,2,3],[10,0,1,2,3,4]],[[[[2,"pit_2"],[3,"pit_2",1,[-5],[[5,2,-2,[0,"24wArBzelHz61gprYFMbbj"]],[6,2,-3,[0,"f9OEe67FdN0INpZ7N/igVT"]],[7,true,0.2,0.7,-4,[0,"71kYVqYUVM+IzLm6ITLi1e"],[1,0,0.35,0]]],[1,"c8hXgHDCtZNaLo4YyepHq6",-1,0],[1,0.20000000298023224,0.699999988079071,0]],[4,"Cylinder",1,1,[[8,-6,[0,"f0BDdjSY1YmKd5GBc0MXAT"],[0],[9],1]],[1,"99pdcOPSlZurny9A3IpCkZ",1,0],[3,-0.7071068407911908,0,0,0.7071067215818992],[1,100,100,100],[1,-90.00000965934633,0,0]]],0,[0,1,1,0,0,1,0,0,1,0,0,1,0,-1,2,0,0,2,0,2,1,6],[0,0],[-1,3],[0,1]],[[[10,".bin",4059416846,[{"primitives":[{"primitiveMode":7,"vertexBundelIndices":[0],"indexView":{"offset":3840,"length":528,"count":132,"stride":4}}],"vertexBundles":[{"view":{"offset":0,"length":3840,"count":80,"stride":48},"attributes":[{"name":"a_position","format":32,"isNormalized":false},{"name":"a_normal","format":32,"isNormalized":false},{"name":"a_texCoord","format":21,"isNormalized":false},{"name":"a_tangent","format":44,"isNormalized":false}]}]},"minPosition",8,[1,-0.0019088269909843802,-0.0019088269909843802,-0.000006579769433301408],"maxPosition",8,[1,0.0019088269909843802,0.0019088269909843802,0.006978058256208897]]],-1],0,0,[],[],[]],[[[11,"border.001",[{"rasterizerState":{},"blendState":{"targets":[{}]},"depthStencilState":{}}],[{}],[[[{"metallic":0.4000000059604645,"roughness":0.27216553688049316},"albedoScale",8,[1,0.800000011920929,0.800000011920929,0.800000011920929]]],11]]],0,0,[0],[4],[2]]]]
