[1,["73c15f5f-8227-413d-a25d-c4844b6c4e87@84e8a","73c15f5f-8227-413d-a25d-c4844b6c4e87@b8a2d","73c15f5f-8227-413d-a25d-c4844b6c4e87@bc797","1baf0fc9-befa-459c-8bdd-af1a450a0319"],["root","node","data","_mesh","mainTexture","_effectAsset"],[["cc.Node",["_name","_prefab","_children","_lpos","_parent","_components","_lrot","_lscale","_euler"],2,4,2,5,1,9,5,5,5],["cc.Prefab",["_name"],2],["cc.PrefabInfo",["fileId","root","asset"],2,1,1],["cc.MeshRenderer",["node","__prefab","_materials","lightmapSettings","_mesh"],3,1,4,3,4,6],["cc.CompPrefabInfo",["fileId"],2],["cc.ModelLightmapSettings",[],3],["cc.Material",["_name","_states","_defines","_props"],0,12],["cc.Mesh",["_native","_hash","_struct"],1,11]],[[2,0,1,2,2],[1,0,2],[0,0,2,1,3,2],[0,0,4,2,1,2],[0,0,4,5,1,3,6,7,8,2],[3,0,1,2,3,4,1],[4,0,2],[5,1],[6,0,1,2,3,4],[7,0,1,2,3]],[[[[1,"end"],[2,"end",[-2],[0,"Node.486",-1,0],[1,0,0,-60]],[3,"RootNode",1,[-3],[0,"Node.487",1,0]],[4,"Plane001",2,[[5,-4,[6,"9bIcij5MdBcaq4OGse3QmN"],[0],[7],1]],[0,"Node.488",1,0],[1,0.000716526061296463,0.0147108370438218,-0.0107674142345786],[3,-0.7071067811865476,0,0,0.7071067811865476],[1,2.53999996185303,2.53999996185303,2.53999996185303],[1,-90.00000000000003,0,0]]],0,[0,0,1,0,-1,2,0,-1,3,0,1,3,0,2,1,4],[0,0],[-1,3],[0,1]],[[[8,"Material #91",[{"rasterizerState":{},"blendState":{"targets":[{}]},"depthStencilState":{}}],[{"USE_ALBEDO_MAP":true}],[[[{"metallic":0.400000005960464,"roughness":0.70710676908493},"albedoScale",8,[1,1,1,1],"mainTexture",6,0]],11]]],0,0,[0,0],[4,5],[2,3]],[[[9,".bin",290118170,[{"primitives":[{"primitiveMode":7,"vertexBundelIndices":[0],"indexView":{"offset":128,"length":12,"count":6,"stride":2}}],"vertexBundles":[{"view":{"offset":0,"length":128,"count":4,"stride":32},"attributes":[{"name":"a_position","format":32,"isNormalized":false},{"name":"a_normal","format":32,"isNormalized":false},{"name":"a_texCoord","format":21,"isNormalized":false}]}]},"minPosition",8,[1,-0.38009172677993774,-0.11481937766075134,0],"maxPosition",8,[1,0.38009172677993774,0.11481937766075134,0]]],-1],0,0,[],[],[]]]]
