[1,["8238a4e4-d7ea-4333-911f-5fddcb293f3c@bfae8","1baf0fc9-befa-459c-8bdd-af1a450a0319","8238a4e4-d7ea-4333-911f-5fddcb293f3c@4eb3d","8238a4e4-d7ea-4333-911f-5fddcb293f3c@e114c"],["mainTexture","_effectAsset","root","node","data","_mesh"],[["cc.Node",["_name","_prefab","_children","_parent","_components","_lrot","_lscale","_euler"],2,4,2,1,9,5,5,5],["cc.Material",["_name","_states","_defines","_props"],0,12],["cc.Mesh",["_native","_hash","_struct"],1,11],["cc.Prefab",["_name"],2],["cc.PrefabInfo",["fileId","root","asset"],2,1,1],["cc.MeshRenderer",["node","__prefab","_materials","lightmapSettings","_mesh"],3,1,4,3,4,6],["cc.CompPrefabInfo",["fileId"],2],["cc.ModelLightmapSettings",[],3]],[[4,0,1,2,2],[1,0,1,2,3,4],[2,0,1,2,3],[3,0,2],[0,0,2,1,2],[0,0,3,2,1,2],[0,0,3,4,1,5,6,7,2],[5,0,1,2,3,4,1],[6,0,2],[7,1]],[[[[1,"Material #117",[{"rasterizerState":{},"blendState":{"targets":[{}]},"depthStencilState":{}}],[{"USE_ALBEDO_MAP":true}],[[[{"metallic":0.400000005960464,"roughness":0.70710676908493},"albedoScale",8,[1,1,1,1],"mainTexture",6,0]],11]]],0,0,[0,0],[0,1],[0,1]],[[[2,".bin",1239311947,[{"primitives":[{"primitiveMode":7,"vertexBundelIndices":[0],"indexView":{"offset":3072,"length":384,"count":192,"stride":2}}],"vertexBundles":[{"view":{"offset":0,"length":3072,"count":96,"stride":32},"attributes":[{"name":"a_position","format":32,"isNormalized":false},{"name":"a_normal","format":32,"isNormalized":false},{"name":"a_texCoord","format":21,"isNormalized":false}]}]},"minPosition",8,[1,-0.0880117118358612,-0.09983987361192703,-0.0007681083516217768],"maxPosition",8,[1,0.0822894424200058,0.07350033521652222,0.28073614835739136]]],-1],0,0,[],[],[]],[[[3,"tree01"],[4,"tree01",[-2],[0,"Node.436",-1,0]],[5,"RootNode",1,[-3],[0,"Node.437",1,0]],[6,"Box021",2,[[7,-4,[8,"bdlTcoX2ZKl72M4j9DWfwg"],[0],[9],1]],[0,"Node.438",1,0],[3,-0.7071067811865476,0,0,0.7071067811865476],[1,2.83128643035889,2.83128643035889,2.83128643035889],[1,-90.00000000000003,0,0]]],0,[0,2,1,0,-1,2,0,-1,3,0,3,3,0,4,1,4],[0,0],[-1,5],[2,3]]]]
