[1,["a7CrVuew1AtpU3z07RvnsA@4f17a","1brw/JvvpFnIvdrxpFCgMZ","a7CrVuew1AtpU3z07RvnsA@d4bdc","a7CrVuew1AtpU3z07RvnsA@6a85e","a7CrVuew1AtpU3z07RvnsA@040e2","a7CrVuew1AtpU3z07RvnsA@c780a","a7CrVuew1AtpU3z07RvnsA@84a1a"],["mainTexture","_effectAsset","root","node","data","_mesh"],[["cc.Node",["_name","_prefab","_children","_parent","_components"],2,4,2,1,9],["cc.Prefab",["_name"],2],["cc.PrefabInfo",["fileId","root","asset"],2,1,1],["cc.MeshRenderer",["node","__prefab","_materials","lightmapSettings","_mesh"],3,1,4,12,4,6],["cc.CompPrefabInfo",["fileId"],2],["cc.ModelLightmapSettings",[],3],["cc.Material",["_name","_states","_defines","_props"],0,12],["cc.Mesh",["_native","_hash","_struct"],1,11]],[[6,0,1,2,3,4],[2,0,1,2,2],[1,0,2],[0,0,2,1,2],[0,0,3,4,1,2],[3,0,1,2,3,4,1],[4,0,2],[5,1],[7,0,1,2,3]],[[[[2,"tile_52194_30802"],[3,"tile_52194_30802",[-2],[1,"fb3iuRlttXSIKoHm+6dq1n",-1,0]],[4,"tile_52194_30802",1,[[5,-3,[6,"93DsgYW9JT0pA2aWULaeuD"],[[0,1,2,3,null],6,6,6,6,0],[7],4]],[1,"63GYFF02xSS4NB8PKtRIYB",1,0]]],0,[0,2,1,0,-1,2,0,3,2,0,4,1,3],[0,0,0,0,0],[-1,-2,-3,-4,5],[2,3,4,5,6]],[[[0,"Building__Instance__2",[{"rasterizerState":{},"blendState":{"targets":[{}]},"depthStencilState":{}}],[{"USE_ALBEDO_MAP":true}],[[[{},"mainTexture",6,0]],11]]],0,0,[0,0],[0,1],[0,1]],[[[0,"Building__Instance__1",[{"rasterizerState":{},"blendState":{"targets":[{}]},"depthStencilState":{}}],[{"USE_ALBEDO_MAP":true}],[[[{},"mainTexture",6,0]],11]]],0,0,[0,0],[0,1],[0,1]],[[[8,".bin",4080104915,[{"primitives":[{"primitiveMode":7,"vertexBundelIndices":[0],"indexView":{"offset":268272,"length":35808,"count":8952,"stride":4}},{"primitiveMode":7,"vertexBundelIndices":[1],"indexView":{"offset":306432,"length":288,"count":72,"stride":4}},{"primitiveMode":7,"vertexBundelIndices":[2],"indexView":{"offset":308208,"length":180,"count":45,"stride":4}},{"primitiveMode":7,"vertexBundelIndices":[3],"indexView":{"offset":309492,"length":132,"count":33,"stride":4}},{"primitiveMode":7,"vertexBundelIndices":[4],"indexView":{"offset":310728,"length":132,"count":33,"stride":4}}],"vertexBundles":[{"view":{"offset":0,"length":268272,"count":5589,"stride":48},"attributes":[{"name":"a_position","format":32,"isNormalized":false},{"name":"a_normal","format":32,"isNormalized":false},{"name":"a_texCoord","format":21,"isNormalized":false},{"name":"a_tangent","format":44,"isNormalized":false}]},{"view":{"offset":304080,"length":2352,"count":49,"stride":48},"attributes":[{"name":"a_position","format":32,"isNormalized":false},{"name":"a_normal","format":32,"isNormalized":false},{"name":"a_texCoord","format":21,"isNormalized":false},{"name":"a_tangent","format":44,"isNormalized":false}]},{"view":{"offset":306720,"length":1488,"count":31,"stride":48},"attributes":[{"name":"a_position","format":32,"isNormalized":false},{"name":"a_normal","format":32,"isNormalized":false},{"name":"a_texCoord","format":21,"isNormalized":false},{"name":"a_tangent","format":44,"isNormalized":false}]},{"view":{"offset":308388,"length":1104,"count":23,"stride":48},"attributes":[{"name":"a_position","format":32,"isNormalized":false},{"name":"a_normal","format":32,"isNormalized":false},{"name":"a_texCoord","format":21,"isNormalized":false},{"name":"a_tangent","format":44,"isNormalized":false}]},{"view":{"offset":309624,"length":1104,"count":23,"stride":48},"attributes":[{"name":"a_position","format":32,"isNormalized":false},{"name":"a_normal","format":32,"isNormalized":false},{"name":"a_texCoord","format":21,"isNormalized":false},{"name":"a_tangent","format":44,"isNormalized":false}]}]},"minPosition",8,[1,-1243.0697021484375,0,-170.25],"maxPosition",8,[1,597.9207153320312,0.10000000149011612,801.8529663085938]]],-1],0,0,[],[],[]],[[[0,"Building",[{"rasterizerState":{},"blendState":{"targets":[{}]},"depthStencilState":{}}],[{"USE_ALBEDO_MAP":true}],[[[{},"mainTexture",6,0]],11]]],0,0,[0,0],[0,1],[0,1]],[[[0,"Building__Instance_",[{"rasterizerState":{},"blendState":{"targets":[{}]},"depthStencilState":{}}],[{"USE_ALBEDO_MAP":true}],[[[{},"mainTexture",6,0]],11]]],0,0,[0,0],[0,1],[0,1]]]]
