[1,["b431a460-d1b5-451d-969a-0b3e60ec8068@36f89","1baf0fc9-befa-459c-8bdd-af1a450a0319"],["mainTexture","_effectAsset"],[["cc.Mesh",["_native","_hash","_struct"],1,11],["cc.Material",["_name","_states","_defines","_props"],0,12]],[[0,0,1,2,3],[1,0,1,2,3,4]],[[[[0,".bin",3152990466,[{"primitives":[{"primitiveMode":7,"vertexBundelIndices":[0],"indexView":{"offset":864,"length":96,"count":48,"stride":2}}],"vertexBundles":[{"view":{"offset":0,"length":864,"count":18,"stride":48},"attributes":[{"name":"a_position","format":32,"isNormalized":false},{"name":"a_normal","format":32,"isNormalized":false},{"name":"a_texCoord","format":21,"isNormalized":false},{"name":"a_tangent","format":44,"isNormalized":false}]}]},"minPosition",8,[1,-0.00882700551301241,-0.0006603288347832859,-0.0019385761115700006],"maxPosition",8,[1,0.00882700551301241,0.0006603276706300676,0.0019385754130780697]]],-1],0,0,[],[],[]],[[[0,".bin",2434442547,[{"primitives":[{"primitiveMode":7,"vertexBundelIndices":[0],"indexView":{"offset":2784,"length":312,"count":156,"stride":2}}],"vertexBundles":[{"view":{"offset":0,"length":2784,"count":58,"stride":48},"attributes":[{"name":"a_position","format":32,"isNormalized":false},{"name":"a_normal","format":32,"isNormalized":false},{"name":"a_texCoord","format":21,"isNormalized":false},{"name":"a_tangent","format":44,"isNormalized":false}]}]},"minPosition",8,[1,-0.0014563678996637464,-0.0035875700414180756,-0.0034976156894117594],"maxPosition",8,[1,0.0014563583536073565,0.003587567014619708,0.0034976168535649776]]],-1],0,0,[],[],[]],[[[0,".bin",4123261269,[{"primitives":[{"primitiveMode":7,"vertexBundelIndices":[0],"indexView":{"offset":2784,"length":312,"count":156,"stride":2}}],"vertexBundles":[{"view":{"offset":0,"length":2784,"count":58,"stride":48},"attributes":[{"name":"a_position","format":32,"isNormalized":false},{"name":"a_normal","format":32,"isNormalized":false},{"name":"a_texCoord","format":21,"isNormalized":false},{"name":"a_tangent","format":44,"isNormalized":false}]}]},"minPosition",8,[1,-0.0011596876429393888,-0.0035875653848052025,-0.0034976149909198284],"maxPosition",8,[1,0.001159688807092607,0.0035875646863132715,0.0034976177848875523]]],-1],0,0,[],[],[]],[[[0,".bin",1571715621,[{"primitives":[{"primitiveMode":7,"vertexBundelIndices":[0],"indexView":{"offset":2784,"length":312,"count":156,"stride":2}}],"vertexBundles":[{"view":{"offset":0,"length":2784,"count":58,"stride":48},"attributes":[{"name":"a_position","format":32,"isNormalized":false},{"name":"a_normal","format":32,"isNormalized":false},{"name":"a_texCoord","format":21,"isNormalized":false},{"name":"a_tangent","format":44,"isNormalized":false}]}]},"minPosition",8,[1,-0.0011596876429393888,-0.0035875653848052025,-0.0034976149909198284],"maxPosition",8,[1,0.001159688807092607,0.0035875646863132715,0.0034976177848875523]]],-1],0,0,[],[],[]],[[[0,".bin",2479724328,[{"primitives":[{"primitiveMode":7,"vertexBundelIndices":[0],"indexView":{"offset":2784,"length":312,"count":156,"stride":2}}],"vertexBundles":[{"view":{"offset":0,"length":2784,"count":58,"stride":48},"attributes":[{"name":"a_position","format":32,"isNormalized":false},{"name":"a_normal","format":32,"isNormalized":false},{"name":"a_texCoord","format":21,"isNormalized":false},{"name":"a_tangent","format":44,"isNormalized":false}]}]},"minPosition",8,[1,-0.0014563678996637464,-0.0035875700414180756,-0.0034976156894117594],"maxPosition",8,[1,0.0014563583536073565,0.003587567014619708,0.0034976168535649776]]],-1],0,0,[],[],[]],[[[0,".bin",1525979765,[{"primitives":[{"primitiveMode":7,"vertexBundelIndices":[0],"indexView":{"offset":112032,"length":4932,"count":2466,"stride":2}}],"vertexBundles":[{"view":{"offset":0,"length":112032,"count":2334,"stride":48},"attributes":[{"name":"a_position","format":32,"isNormalized":false},{"name":"a_normal","format":32,"isNormalized":false},{"name":"a_texCoord","format":21,"isNormalized":false},{"name":"a_tangent","format":44,"isNormalized":false}]}]},"minPosition",8,[1,-0.12222042679786682,-0.24568870663642883,0.03925342857837677],"maxPosition",8,[1,0.12194953858852386,0.25229302048683167,0.18872958421707153]]],-1],0,0,[],[],[]],[[[1,"Material #26",[{"rasterizerState":{},"blendState":{"targets":[{"blend":true,"blendSrc":2,"blendDst":4,"blendDstAlpha":4}]},"depthStencilState":{"depthWrite":false}}],[{"USE_ALBEDO_MAP":true}],[[[{"metallic":0.400000005960464,"roughness":0.70710676908493},"albedoScale",8,[1,1,1,1],"mainTexture",6,0]],11]]],0,0,[0,0],[0,1],[0,1]]]]
