{"version":1,"document":[{"__type__":"cc.AnimationClip","_name":"Jump","_objFlags":0,"_native":"","sample":30,"speed":0.25,"wrapMode":0,"enableTrsBlending":true,"_duration":0.4333333333333333,"_hash":2715892868,"_tracks":[],"_exoticAnimation":{"__id__":1},"_events":[]},{"__type__":"cc.animation.ExoticAnimation","_nodeAnimations":[{"__id__":2},{"__id__":9},{"__id__":16},{"__id__":23},{"__id__":30},{"__id__":37},{"__id__":44},{"__id__":51},{"__id__":58},{"__id__":65},{"__id__":72},{"__id__":79},{"__id__":86},{"__id__":93},{"__id__":100},{"__id__":107},{"__id__":114},{"__id__":121},{"__id__":128},{"__id__":135},{"__id__":142},{"__id__":149},{"__id__":156},{"__id__":163},{"__id__":170},{"__id__":177},{"__id__":184},{"__id__":191},{"__id__":198},{"__id__":205},{"__id__":212},{"__id__":219},{"__id__":226},{"__id__":233},{"__id__":240}]},{"__type__":"cc.animation.ExoticNodeAnimation","_path":"Armature","_position":{"__id__":3},"_rotation":{"__id__":5},"_scale":{"__id__":7}},{"__type__":"cc.animation.ExoticTrack","times":{"__type__":"TypedArrayRef","ctor":"Float32Array","offset":0,"length":14},"values":{"__id__":4}},{"__type__":"cc.animation.ExoticVec3TrackValues","_values":{"__type__":"TypedArrayRef","ctor":"Float32Array","offset":56,"length":42},"_isQuantized":null},{"__type__":"cc.animation.ExoticTrack","times":{"__type__":"TypedArrayRef","ctor":"Float32Array","offset":224,"length":14},"values":{"__id__":6}},{"__type__":"cc.animation.ExoticQuatTrackValues","_values":{"__type__":"TypedArrayRef","ctor":"Float32Array","offset":280,"length":56},"_isQuantized":null},{"__type__":"cc.animation.ExoticTrack","times":{"__type__":"TypedArrayRef","ctor":"Float32Array","offset":504,"length":1},"values":{"__id__":8}},{"__type__":"cc.animation.ExoticVec3TrackValues","_values":{"__type__":"TypedArrayRef","ctor":"Float32Array","offset":508,"length":3},"_isQuantized":null},{"__type__":"cc.animation.ExoticNodeAnimation","_path":"Armature/Root","_position":{"__id__":10},"_rotation":{"__id__":12},"_scale":{"__id__":14}},{"__type__":"cc.animation.ExoticTrack","times":{"__type__":"TypedArrayRef","ctor":"Float32Array","offset":520,"length":1},"values":{"__id__":11}},{"__type__":"cc.animation.ExoticVec3TrackValues","_values":{"__type__":"TypedArrayRef","ctor":"Float32Array","offset":524,"length":3},"_isQuantized":null},{"__type__":"cc.animation.ExoticTrack","times":{"__type__":"TypedArrayRef","ctor":"Float32Array","offset":536,"length":2},"values":{"__id__":13}},{"__type__":"cc.animation.ExoticQuatTrackValues","_values":{"__type__":"TypedArrayRef","ctor":"Float32Array","offset":544,"length":8},"_isQuantized":null},{"__type__":"cc.animation.ExoticTrack","times":{"__type__":"TypedArrayRef","ctor":"Float32Array","offset":576,"length":1},"values":{"__id__":15}},{"__type__":"cc.animation.ExoticVec3TrackValues","_values":{"__type__":"TypedArrayRef","ctor":"Float32Array","offset":580,"length":3},"_isQuantized":null},{"__type__":"cc.animation.ExoticNodeAnimation","_path":"Armature/Root/chest","_position":{"__id__":17},"_rotation":{"__id__":19},"_scale":{"__id__":21}},{"__type__":"cc.animation.ExoticTrack","times":{"__type__":"TypedArrayRef","ctor":"Float32Array","offset":592,"length":1},"values":{"__id__":18}},{"__type__":"cc.animation.ExoticVec3TrackValues","_values":{"__type__":"TypedArrayRef","ctor":"Float32Array","offset":596,"length":3},"_isQuantized":null},{"__type__":"cc.animation.ExoticTrack","times":{"__type__":"TypedArrayRef","ctor":"Float32Array","offset":608,"length":14},"values":{"__id__":20}},{"__type__":"cc.animation.ExoticQuatTrackValues","_values":{"__type__":"TypedArrayRef","ctor":"Float32Array","offset":664,"length":56},"_isQuantized":null},{"__type__":"cc.animation.ExoticTrack","times":{"__type__":"TypedArrayRef","ctor":"Float32Array","offset":888,"length":1},"values":{"__id__":22}},{"__type__":"cc.animation.ExoticVec3TrackValues","_values":{"__type__":"TypedArrayRef","ctor":"Float32Array","offset":892,"length":3},"_isQuantized":null},{"__type__":"cc.animation.ExoticNodeAnimation","_path":"Armature/Root/chest/shoulder.L","_position":{"__id__":24},"_rotation":{"__id__":26},"_scale":{"__id__":28}},{"__type__":"cc.animation.ExoticTrack","times":{"__type__":"TypedArrayRef","ctor":"Float32Array","offset":904,"length":1},"values":{"__id__":25}},{"__type__":"cc.animation.ExoticVec3TrackValues","_values":{"__type__":"TypedArrayRef","ctor":"Float32Array","offset":908,"length":3},"_isQuantized":null},{"__type__":"cc.animation.ExoticTrack","times":{"__type__":"TypedArrayRef","ctor":"Float32Array","offset":920,"length":14},"values":{"__id__":27}},{"__type__":"cc.animation.ExoticQuatTrackValues","_values":{"__type__":"TypedArrayRef","ctor":"Float32Array","offset":976,"length":56},"_isQuantized":null},{"__type__":"cc.animation.ExoticTrack","times":{"__type__":"TypedArrayRef","ctor":"Float32Array","offset":1200,"length":1},"values":{"__id__":29}},{"__type__":"cc.animation.ExoticVec3TrackValues","_values":{"__type__":"TypedArrayRef","ctor":"Float32Array","offset":1204,"length":3},"_isQuantized":null},{"__type__":"cc.animation.ExoticNodeAnimation","_path":"Armature/Root/chest/shoulder.L/arm.L","_position":{"__id__":31},"_rotation":{"__id__":33},"_scale":{"__id__":35}},{"__type__":"cc.animation.ExoticTrack","times":{"__type__":"TypedArrayRef","ctor":"Float32Array","offset":1216,"length":1},"values":{"__id__":32}},{"__type__":"cc.animation.ExoticVec3TrackValues","_values":{"__type__":"TypedArrayRef","ctor":"Float32Array","offset":1220,"length":3},"_isQuantized":null},{"__type__":"cc.animation.ExoticTrack","times":{"__type__":"TypedArrayRef","ctor":"Float32Array","offset":1232,"length":14},"values":{"__id__":34}},{"__type__":"cc.animation.ExoticQuatTrackValues","_values":{"__type__":"TypedArrayRef","ctor":"Float32Array","offset":1288,"length":56},"_isQuantized":null},{"__type__":"cc.animation.ExoticTrack","times":{"__type__":"TypedArrayRef","ctor":"Float32Array","offset":1512,"length":1},"values":{"__id__":36}},{"__type__":"cc.animation.ExoticVec3TrackValues","_values":{"__type__":"TypedArrayRef","ctor":"Float32Array","offset":1516,"length":3},"_isQuantized":null},{"__type__":"cc.animation.ExoticNodeAnimation","_path":"Armature/Root/chest/shoulder.L/arm.L/hand.L","_position":{"__id__":38},"_rotation":{"__id__":40},"_scale":{"__id__":42}},{"__type__":"cc.animation.ExoticTrack","times":{"__type__":"TypedArrayRef","ctor":"Float32Array","offset":1528,"length":1},"values":{"__id__":39}},{"__type__":"cc.animation.ExoticVec3TrackValues","_values":{"__type__":"TypedArrayRef","ctor":"Float32Array","offset":1532,"length":3},"_isQuantized":null},{"__type__":"cc.animation.ExoticTrack","times":{"__type__":"TypedArrayRef","ctor":"Float32Array","offset":1544,"length":14},"values":{"__id__":41}},{"__type__":"cc.animation.ExoticQuatTrackValues","_values":{"__type__":"TypedArrayRef","ctor":"Float32Array","offset":1600,"length":56},"_isQuantized":null},{"__type__":"cc.animation.ExoticTrack","times":{"__type__":"TypedArrayRef","ctor":"Float32Array","offset":1824,"length":1},"values":{"__id__":43}},{"__type__":"cc.animation.ExoticVec3TrackValues","_values":{"__type__":"TypedArrayRef","ctor":"Float32Array","offset":1828,"length":3},"_isQuantized":null},{"__type__":"cc.animation.ExoticNodeAnimation","_path":"Armature/Root/chest/shoulder.L/arm.L/hand.L/finger1.L","_position":{"__id__":45},"_rotation":{"__id__":47},"_scale":{"__id__":49}},{"__type__":"cc.animation.ExoticTrack","times":{"__type__":"TypedArrayRef","ctor":"Float32Array","offset":1840,"length":1},"values":{"__id__":46}},{"__type__":"cc.animation.ExoticVec3TrackValues","_values":{"__type__":"TypedArrayRef","ctor":"Float32Array","offset":1844,"length":3},"_isQuantized":null},{"__type__":"cc.animation.ExoticTrack","times":{"__type__":"TypedArrayRef","ctor":"Float32Array","offset":1856,"length":11},"values":{"__id__":48}},{"__type__":"cc.animation.ExoticQuatTrackValues","_values":{"__type__":"TypedArrayRef","ctor":"Float32Array","offset":1900,"length":44},"_isQuantized":null},{"__type__":"cc.animation.ExoticTrack","times":{"__type__":"TypedArrayRef","ctor":"Float32Array","offset":2076,"length":1},"values":{"__id__":50}},{"__type__":"cc.animation.ExoticVec3TrackValues","_values":{"__type__":"TypedArrayRef","ctor":"Float32Array","offset":2080,"length":3},"_isQuantized":null},{"__type__":"cc.animation.ExoticNodeAnimation","_path":"Armature/Root/chest/shoulder.L/arm.L/hand.L/finger2.L","_position":{"__id__":52},"_rotation":{"__id__":54},"_scale":{"__id__":56}},{"__type__":"cc.animation.ExoticTrack","times":{"__type__":"TypedArrayRef","ctor":"Float32Array","offset":2092,"length":1},"values":{"__id__":53}},{"__type__":"cc.animation.ExoticVec3TrackValues","_values":{"__type__":"TypedArrayRef","ctor":"Float32Array","offset":2096,"length":3},"_isQuantized":null},{"__type__":"cc.animation.ExoticTrack","times":{"__type__":"TypedArrayRef","ctor":"Float32Array","offset":2108,"length":11},"values":{"__id__":55}},{"__type__":"cc.animation.ExoticQuatTrackValues","_values":{"__type__":"TypedArrayRef","ctor":"Float32Array","offset":2152,"length":44},"_isQuantized":null},{"__type__":"cc.animation.ExoticTrack","times":{"__type__":"TypedArrayRef","ctor":"Float32Array","offset":2328,"length":1},"values":{"__id__":57}},{"__type__":"cc.animation.ExoticVec3TrackValues","_values":{"__type__":"TypedArrayRef","ctor":"Float32Array","offset":2332,"length":3},"_isQuantized":null},{"__type__":"cc.animation.ExoticNodeAnimation","_path":"Armature/Root/chest/shoulder.L/arm.L/hand.L/finger3.L","_position":{"__id__":59},"_rotation":{"__id__":61},"_scale":{"__id__":63}},{"__type__":"cc.animation.ExoticTrack","times":{"__type__":"TypedArrayRef","ctor":"Float32Array","offset":2344,"length":1},"values":{"__id__":60}},{"__type__":"cc.animation.ExoticVec3TrackValues","_values":{"__type__":"TypedArrayRef","ctor":"Float32Array","offset":2348,"length":3},"_isQuantized":null},{"__type__":"cc.animation.ExoticTrack","times":{"__type__":"TypedArrayRef","ctor":"Float32Array","offset":2360,"length":11},"values":{"__id__":62}},{"__type__":"cc.animation.ExoticQuatTrackValues","_values":{"__type__":"TypedArrayRef","ctor":"Float32Array","offset":2404,"length":44},"_isQuantized":null},{"__type__":"cc.animation.ExoticTrack","times":{"__type__":"TypedArrayRef","ctor":"Float32Array","offset":2580,"length":1},"values":{"__id__":64}},{"__type__":"cc.animation.ExoticVec3TrackValues","_values":{"__type__":"TypedArrayRef","ctor":"Float32Array","offset":2584,"length":3},"_isQuantized":null},{"__type__":"cc.animation.ExoticNodeAnimation","_path":"Armature/Root/chest/shoulder.L/arm.L/hand.L/finger4.L","_position":{"__id__":66},"_rotation":{"__id__":68},"_scale":{"__id__":70}},{"__type__":"cc.animation.ExoticTrack","times":{"__type__":"TypedArrayRef","ctor":"Float32Array","offset":2596,"length":1},"values":{"__id__":67}},{"__type__":"cc.animation.ExoticVec3TrackValues","_values":{"__type__":"TypedArrayRef","ctor":"Float32Array","offset":2600,"length":3},"_isQuantized":null},{"__type__":"cc.animation.ExoticTrack","times":{"__type__":"TypedArrayRef","ctor":"Float32Array","offset":2612,"length":11},"values":{"__id__":69}},{"__type__":"cc.animation.ExoticQuatTrackValues","_values":{"__type__":"TypedArrayRef","ctor":"Float32Array","offset":2656,"length":44},"_isQuantized":null},{"__type__":"cc.animation.ExoticTrack","times":{"__type__":"TypedArrayRef","ctor":"Float32Array","offset":2832,"length":1},"values":{"__id__":71}},{"__type__":"cc.animation.ExoticVec3TrackValues","_values":{"__type__":"TypedArrayRef","ctor":"Float32Array","offset":2836,"length":3},"_isQuantized":null},{"__type__":"cc.animation.ExoticNodeAnimation","_path":"Armature/Root/chest/head","_position":{"__id__":73},"_rotation":{"__id__":75},"_scale":{"__id__":77}},{"__type__":"cc.animation.ExoticTrack","times":{"__type__":"TypedArrayRef","ctor":"Float32Array","offset":2848,"length":1},"values":{"__id__":74}},{"__type__":"cc.animation.ExoticVec3TrackValues","_values":{"__type__":"TypedArrayRef","ctor":"Float32Array","offset":2852,"length":3},"_isQuantized":null},{"__type__":"cc.animation.ExoticTrack","times":{"__type__":"TypedArrayRef","ctor":"Float32Array","offset":2864,"length":14},"values":{"__id__":76}},{"__type__":"cc.animation.ExoticQuatTrackValues","_values":{"__type__":"TypedArrayRef","ctor":"Float32Array","offset":2920,"length":56},"_isQuantized":null},{"__type__":"cc.animation.ExoticTrack","times":{"__type__":"TypedArrayRef","ctor":"Float32Array","offset":3144,"length":1},"values":{"__id__":78}},{"__type__":"cc.animation.ExoticVec3TrackValues","_values":{"__type__":"TypedArrayRef","ctor":"Float32Array","offset":3148,"length":3},"_isQuantized":null},{"__type__":"cc.animation.ExoticNodeAnimation","_path":"Armature/Root/chest/shoulder.R","_position":{"__id__":80},"_rotation":{"__id__":82},"_scale":{"__id__":84}},{"__type__":"cc.animation.ExoticTrack","times":{"__type__":"TypedArrayRef","ctor":"Float32Array","offset":3160,"length":1},"values":{"__id__":81}},{"__type__":"cc.animation.ExoticVec3TrackValues","_values":{"__type__":"TypedArrayRef","ctor":"Float32Array","offset":3164,"length":3},"_isQuantized":null},{"__type__":"cc.animation.ExoticTrack","times":{"__type__":"TypedArrayRef","ctor":"Float32Array","offset":3176,"length":14},"values":{"__id__":83}},{"__type__":"cc.animation.ExoticQuatTrackValues","_values":{"__type__":"TypedArrayRef","ctor":"Float32Array","offset":3232,"length":56},"_isQuantized":null},{"__type__":"cc.animation.ExoticTrack","times":{"__type__":"TypedArrayRef","ctor":"Float32Array","offset":3456,"length":1},"values":{"__id__":85}},{"__type__":"cc.animation.ExoticVec3TrackValues","_values":{"__type__":"TypedArrayRef","ctor":"Float32Array","offset":3460,"length":3},"_isQuantized":null},{"__type__":"cc.animation.ExoticNodeAnimation","_path":"Armature/Root/chest/shoulder.R/arm.R","_position":{"__id__":87},"_rotation":{"__id__":89},"_scale":{"__id__":91}},{"__type__":"cc.animation.ExoticTrack","times":{"__type__":"TypedArrayRef","ctor":"Float32Array","offset":3472,"length":1},"values":{"__id__":88}},{"__type__":"cc.animation.ExoticVec3TrackValues","_values":{"__type__":"TypedArrayRef","ctor":"Float32Array","offset":3476,"length":3},"_isQuantized":null},{"__type__":"cc.animation.ExoticTrack","times":{"__type__":"TypedArrayRef","ctor":"Float32Array","offset":3488,"length":14},"values":{"__id__":90}},{"__type__":"cc.animation.ExoticQuatTrackValues","_values":{"__type__":"TypedArrayRef","ctor":"Float32Array","offset":3544,"length":56},"_isQuantized":null},{"__type__":"cc.animation.ExoticTrack","times":{"__type__":"TypedArrayRef","ctor":"Float32Array","offset":3768,"length":1},"values":{"__id__":92}},{"__type__":"cc.animation.ExoticVec3TrackValues","_values":{"__type__":"TypedArrayRef","ctor":"Float32Array","offset":3772,"length":3},"_isQuantized":null},{"__type__":"cc.animation.ExoticNodeAnimation","_path":"Armature/Root/chest/shoulder.R/arm.R/hand.R","_position":{"__id__":94},"_rotation":{"__id__":96},"_scale":{"__id__":98}},{"__type__":"cc.animation.ExoticTrack","times":{"__type__":"TypedArrayRef","ctor":"Float32Array","offset":3784,"length":1},"values":{"__id__":95}},{"__type__":"cc.animation.ExoticVec3TrackValues","_values":{"__type__":"TypedArrayRef","ctor":"Float32Array","offset":3788,"length":3},"_isQuantized":null},{"__type__":"cc.animation.ExoticTrack","times":{"__type__":"TypedArrayRef","ctor":"Float32Array","offset":3800,"length":14},"values":{"__id__":97}},{"__type__":"cc.animation.ExoticQuatTrackValues","_values":{"__type__":"TypedArrayRef","ctor":"Float32Array","offset":3856,"length":56},"_isQuantized":null},{"__type__":"cc.animation.ExoticTrack","times":{"__type__":"TypedArrayRef","ctor":"Float32Array","offset":4080,"length":1},"values":{"__id__":99}},{"__type__":"cc.animation.ExoticVec3TrackValues","_values":{"__type__":"TypedArrayRef","ctor":"Float32Array","offset":4084,"length":3},"_isQuantized":null},{"__type__":"cc.animation.ExoticNodeAnimation","_path":"Armature/Root/chest/shoulder.R/arm.R/hand.R/finger1.R","_position":{"__id__":101},"_rotation":{"__id__":103},"_scale":{"__id__":105}},{"__type__":"cc.animation.ExoticTrack","times":{"__type__":"TypedArrayRef","ctor":"Float32Array","offset":4096,"length":1},"values":{"__id__":102}},{"__type__":"cc.animation.ExoticVec3TrackValues","_values":{"__type__":"TypedArrayRef","ctor":"Float32Array","offset":4100,"length":3},"_isQuantized":null},{"__type__":"cc.animation.ExoticTrack","times":{"__type__":"TypedArrayRef","ctor":"Float32Array","offset":4112,"length":11},"values":{"__id__":104}},{"__type__":"cc.animation.ExoticQuatTrackValues","_values":{"__type__":"TypedArrayRef","ctor":"Float32Array","offset":4156,"length":44},"_isQuantized":null},{"__type__":"cc.animation.ExoticTrack","times":{"__type__":"TypedArrayRef","ctor":"Float32Array","offset":4332,"length":1},"values":{"__id__":106}},{"__type__":"cc.animation.ExoticVec3TrackValues","_values":{"__type__":"TypedArrayRef","ctor":"Float32Array","offset":4336,"length":3},"_isQuantized":null},{"__type__":"cc.animation.ExoticNodeAnimation","_path":"Armature/Root/chest/shoulder.R/arm.R/hand.R/finger2.R","_position":{"__id__":108},"_rotation":{"__id__":110},"_scale":{"__id__":112}},{"__type__":"cc.animation.ExoticTrack","times":{"__type__":"TypedArrayRef","ctor":"Float32Array","offset":4348,"length":1},"values":{"__id__":109}},{"__type__":"cc.animation.ExoticVec3TrackValues","_values":{"__type__":"TypedArrayRef","ctor":"Float32Array","offset":4352,"length":3},"_isQuantized":null},{"__type__":"cc.animation.ExoticTrack","times":{"__type__":"TypedArrayRef","ctor":"Float32Array","offset":4364,"length":11},"values":{"__id__":111}},{"__type__":"cc.animation.ExoticQuatTrackValues","_values":{"__type__":"TypedArrayRef","ctor":"Float32Array","offset":4408,"length":44},"_isQuantized":null},{"__type__":"cc.animation.ExoticTrack","times":{"__type__":"TypedArrayRef","ctor":"Float32Array","offset":4584,"length":1},"values":{"__id__":113}},{"__type__":"cc.animation.ExoticVec3TrackValues","_values":{"__type__":"TypedArrayRef","ctor":"Float32Array","offset":4588,"length":3},"_isQuantized":null},{"__type__":"cc.animation.ExoticNodeAnimation","_path":"Armature/Root/chest/shoulder.R/arm.R/hand.R/finger3.R","_position":{"__id__":115},"_rotation":{"__id__":117},"_scale":{"__id__":119}},{"__type__":"cc.animation.ExoticTrack","times":{"__type__":"TypedArrayRef","ctor":"Float32Array","offset":4600,"length":1},"values":{"__id__":116}},{"__type__":"cc.animation.ExoticVec3TrackValues","_values":{"__type__":"TypedArrayRef","ctor":"Float32Array","offset":4604,"length":3},"_isQuantized":null},{"__type__":"cc.animation.ExoticTrack","times":{"__type__":"TypedArrayRef","ctor":"Float32Array","offset":4616,"length":11},"values":{"__id__":118}},{"__type__":"cc.animation.ExoticQuatTrackValues","_values":{"__type__":"TypedArrayRef","ctor":"Float32Array","offset":4660,"length":44},"_isQuantized":null},{"__type__":"cc.animation.ExoticTrack","times":{"__type__":"TypedArrayRef","ctor":"Float32Array","offset":4836,"length":1},"values":{"__id__":120}},{"__type__":"cc.animation.ExoticVec3TrackValues","_values":{"__type__":"TypedArrayRef","ctor":"Float32Array","offset":4840,"length":3},"_isQuantized":null},{"__type__":"cc.animation.ExoticNodeAnimation","_path":"Armature/Root/chest/shoulder.R/arm.R/hand.R/finger4.R","_position":{"__id__":122},"_rotation":{"__id__":124},"_scale":{"__id__":126}},{"__type__":"cc.animation.ExoticTrack","times":{"__type__":"TypedArrayRef","ctor":"Float32Array","offset":4852,"length":1},"values":{"__id__":123}},{"__type__":"cc.animation.ExoticVec3TrackValues","_values":{"__type__":"TypedArrayRef","ctor":"Float32Array","offset":4856,"length":3},"_isQuantized":null},{"__type__":"cc.animation.ExoticTrack","times":{"__type__":"TypedArrayRef","ctor":"Float32Array","offset":4868,"length":11},"values":{"__id__":125}},{"__type__":"cc.animation.ExoticQuatTrackValues","_values":{"__type__":"TypedArrayRef","ctor":"Float32Array","offset":4912,"length":44},"_isQuantized":null},{"__type__":"cc.animation.ExoticTrack","times":{"__type__":"TypedArrayRef","ctor":"Float32Array","offset":5088,"length":1},"values":{"__id__":127}},{"__type__":"cc.animation.ExoticVec3TrackValues","_values":{"__type__":"TypedArrayRef","ctor":"Float32Array","offset":5092,"length":3},"_isQuantized":null},{"__type__":"cc.animation.ExoticNodeAnimation","_path":"Armature/Root/thug.L","_position":{"__id__":129},"_rotation":{"__id__":131},"_scale":{"__id__":133}},{"__type__":"cc.animation.ExoticTrack","times":{"__type__":"TypedArrayRef","ctor":"Float32Array","offset":5104,"length":1},"values":{"__id__":130}},{"__type__":"cc.animation.ExoticVec3TrackValues","_values":{"__type__":"TypedArrayRef","ctor":"Float32Array","offset":5108,"length":3},"_isQuantized":null},{"__type__":"cc.animation.ExoticTrack","times":{"__type__":"TypedArrayRef","ctor":"Float32Array","offset":5120,"length":14},"values":{"__id__":132}},{"__type__":"cc.animation.ExoticQuatTrackValues","_values":{"__type__":"TypedArrayRef","ctor":"Float32Array","offset":5176,"length":56},"_isQuantized":null},{"__type__":"cc.animation.ExoticTrack","times":{"__type__":"TypedArrayRef","ctor":"Float32Array","offset":5400,"length":1},"values":{"__id__":134}},{"__type__":"cc.animation.ExoticVec3TrackValues","_values":{"__type__":"TypedArrayRef","ctor":"Float32Array","offset":5404,"length":3},"_isQuantized":null},{"__type__":"cc.animation.ExoticNodeAnimation","_path":"Armature/Root/thug.L/leg..L","_position":{"__id__":136},"_rotation":{"__id__":138},"_scale":{"__id__":140}},{"__type__":"cc.animation.ExoticTrack","times":{"__type__":"TypedArrayRef","ctor":"Float32Array","offset":5416,"length":1},"values":{"__id__":137}},{"__type__":"cc.animation.ExoticVec3TrackValues","_values":{"__type__":"TypedArrayRef","ctor":"Float32Array","offset":5420,"length":3},"_isQuantized":null},{"__type__":"cc.animation.ExoticTrack","times":{"__type__":"TypedArrayRef","ctor":"Float32Array","offset":5432,"length":14},"values":{"__id__":139}},{"__type__":"cc.animation.ExoticQuatTrackValues","_values":{"__type__":"TypedArrayRef","ctor":"Float32Array","offset":5488,"length":56},"_isQuantized":null},{"__type__":"cc.animation.ExoticTrack","times":{"__type__":"TypedArrayRef","ctor":"Float32Array","offset":5712,"length":1},"values":{"__id__":141}},{"__type__":"cc.animation.ExoticVec3TrackValues","_values":{"__type__":"TypedArrayRef","ctor":"Float32Array","offset":5716,"length":3},"_isQuantized":null},{"__type__":"cc.animation.ExoticNodeAnimation","_path":"Armature/Root/thug.L/leg..L/foot.L","_position":{"__id__":143},"_rotation":{"__id__":145},"_scale":{"__id__":147}},{"__type__":"cc.animation.ExoticTrack","times":{"__type__":"TypedArrayRef","ctor":"Float32Array","offset":5728,"length":1},"values":{"__id__":144}},{"__type__":"cc.animation.ExoticVec3TrackValues","_values":{"__type__":"TypedArrayRef","ctor":"Float32Array","offset":5732,"length":3},"_isQuantized":null},{"__type__":"cc.animation.ExoticTrack","times":{"__type__":"TypedArrayRef","ctor":"Float32Array","offset":5744,"length":14},"values":{"__id__":146}},{"__type__":"cc.animation.ExoticQuatTrackValues","_values":{"__type__":"TypedArrayRef","ctor":"Float32Array","offset":5800,"length":56},"_isQuantized":null},{"__type__":"cc.animation.ExoticTrack","times":{"__type__":"TypedArrayRef","ctor":"Float32Array","offset":6024,"length":1},"values":{"__id__":148}},{"__type__":"cc.animation.ExoticVec3TrackValues","_values":{"__type__":"TypedArrayRef","ctor":"Float32Array","offset":6028,"length":3},"_isQuantized":null},{"__type__":"cc.animation.ExoticNodeAnimation","_path":"Armature/Root/thug.R","_position":{"__id__":150},"_rotation":{"__id__":152},"_scale":{"__id__":154}},{"__type__":"cc.animation.ExoticTrack","times":{"__type__":"TypedArrayRef","ctor":"Float32Array","offset":6040,"length":1},"values":{"__id__":151}},{"__type__":"cc.animation.ExoticVec3TrackValues","_values":{"__type__":"TypedArrayRef","ctor":"Float32Array","offset":6044,"length":3},"_isQuantized":null},{"__type__":"cc.animation.ExoticTrack","times":{"__type__":"TypedArrayRef","ctor":"Float32Array","offset":6056,"length":14},"values":{"__id__":153}},{"__type__":"cc.animation.ExoticQuatTrackValues","_values":{"__type__":"TypedArrayRef","ctor":"Float32Array","offset":6112,"length":56},"_isQuantized":null},{"__type__":"cc.animation.ExoticTrack","times":{"__type__":"TypedArrayRef","ctor":"Float32Array","offset":6336,"length":1},"values":{"__id__":155}},{"__type__":"cc.animation.ExoticVec3TrackValues","_values":{"__type__":"TypedArrayRef","ctor":"Float32Array","offset":6340,"length":3},"_isQuantized":null},{"__type__":"cc.animation.ExoticNodeAnimation","_path":"Armature/Root/thug.R/leg.R","_position":{"__id__":157},"_rotation":{"__id__":159},"_scale":{"__id__":161}},{"__type__":"cc.animation.ExoticTrack","times":{"__type__":"TypedArrayRef","ctor":"Float32Array","offset":6352,"length":1},"values":{"__id__":158}},{"__type__":"cc.animation.ExoticVec3TrackValues","_values":{"__type__":"TypedArrayRef","ctor":"Float32Array","offset":6356,"length":3},"_isQuantized":null},{"__type__":"cc.animation.ExoticTrack","times":{"__type__":"TypedArrayRef","ctor":"Float32Array","offset":6368,"length":14},"values":{"__id__":160}},{"__type__":"cc.animation.ExoticQuatTrackValues","_values":{"__type__":"TypedArrayRef","ctor":"Float32Array","offset":6424,"length":56},"_isQuantized":null},{"__type__":"cc.animation.ExoticTrack","times":{"__type__":"TypedArrayRef","ctor":"Float32Array","offset":6648,"length":1},"values":{"__id__":162}},{"__type__":"cc.animation.ExoticVec3TrackValues","_values":{"__type__":"TypedArrayRef","ctor":"Float32Array","offset":6652,"length":3},"_isQuantized":null},{"__type__":"cc.animation.ExoticNodeAnimation","_path":"Armature/Root/thug.R/leg.R/foot.R","_position":{"__id__":164},"_rotation":{"__id__":166},"_scale":{"__id__":168}},{"__type__":"cc.animation.ExoticTrack","times":{"__type__":"TypedArrayRef","ctor":"Float32Array","offset":6664,"length":1},"values":{"__id__":165}},{"__type__":"cc.animation.ExoticVec3TrackValues","_values":{"__type__":"TypedArrayRef","ctor":"Float32Array","offset":6668,"length":3},"_isQuantized":null},{"__type__":"cc.animation.ExoticTrack","times":{"__type__":"TypedArrayRef","ctor":"Float32Array","offset":6680,"length":14},"values":{"__id__":167}},{"__type__":"cc.animation.ExoticQuatTrackValues","_values":{"__type__":"TypedArrayRef","ctor":"Float32Array","offset":6736,"length":56},"_isQuantized":null},{"__type__":"cc.animation.ExoticTrack","times":{"__type__":"TypedArrayRef","ctor":"Float32Array","offset":6960,"length":1},"values":{"__id__":169}},{"__type__":"cc.animation.ExoticVec3TrackValues","_values":{"__type__":"TypedArrayRef","ctor":"Float32Array","offset":6964,"length":3},"_isQuantized":null},{"__type__":"cc.animation.ExoticNodeAnimation","_path":"Armature/Root/chest/shoulder.L/arm.L/hand.L/finger1.L/finger1.L_end","_position":{"__id__":171},"_rotation":{"__id__":173},"_scale":{"__id__":175}},{"__type__":"cc.animation.ExoticTrack","times":{"__type__":"TypedArrayRef","ctor":"Float32Array","offset":6976,"length":1},"values":{"__id__":172}},{"__type__":"cc.animation.ExoticVec3TrackValues","_values":{"__type__":"TypedArrayRef","ctor":"Float32Array","offset":6980,"length":3},"_isQuantized":null},{"__type__":"cc.animation.ExoticTrack","times":{"__type__":"TypedArrayRef","ctor":"Float32Array","offset":6992,"length":1},"values":{"__id__":174}},{"__type__":"cc.animation.ExoticQuatTrackValues","_values":{"__type__":"TypedArrayRef","ctor":"Float32Array","offset":6996,"length":4},"_isQuantized":null},{"__type__":"cc.animation.ExoticTrack","times":{"__type__":"TypedArrayRef","ctor":"Float32Array","offset":7012,"length":1},"values":{"__id__":176}},{"__type__":"cc.animation.ExoticVec3TrackValues","_values":{"__type__":"TypedArrayRef","ctor":"Float32Array","offset":7016,"length":3},"_isQuantized":null},{"__type__":"cc.animation.ExoticNodeAnimation","_path":"Armature/Root/chest/shoulder.L/arm.L/hand.L/finger2.L/finger2.L_end","_position":{"__id__":178},"_rotation":{"__id__":180},"_scale":{"__id__":182}},{"__type__":"cc.animation.ExoticTrack","times":{"__type__":"TypedArrayRef","ctor":"Float32Array","offset":7028,"length":1},"values":{"__id__":179}},{"__type__":"cc.animation.ExoticVec3TrackValues","_values":{"__type__":"TypedArrayRef","ctor":"Float32Array","offset":7032,"length":3},"_isQuantized":null},{"__type__":"cc.animation.ExoticTrack","times":{"__type__":"TypedArrayRef","ctor":"Float32Array","offset":7044,"length":1},"values":{"__id__":181}},{"__type__":"cc.animation.ExoticQuatTrackValues","_values":{"__type__":"TypedArrayRef","ctor":"Float32Array","offset":7048,"length":4},"_isQuantized":null},{"__type__":"cc.animation.ExoticTrack","times":{"__type__":"TypedArrayRef","ctor":"Float32Array","offset":7064,"length":1},"values":{"__id__":183}},{"__type__":"cc.animation.ExoticVec3TrackValues","_values":{"__type__":"TypedArrayRef","ctor":"Float32Array","offset":7068,"length":3},"_isQuantized":null},{"__type__":"cc.animation.ExoticNodeAnimation","_path":"Armature/Root/chest/shoulder.L/arm.L/hand.L/finger3.L/finger3.L_end","_position":{"__id__":185},"_rotation":{"__id__":187},"_scale":{"__id__":189}},{"__type__":"cc.animation.ExoticTrack","times":{"__type__":"TypedArrayRef","ctor":"Float32Array","offset":7080,"length":1},"values":{"__id__":186}},{"__type__":"cc.animation.ExoticVec3TrackValues","_values":{"__type__":"TypedArrayRef","ctor":"Float32Array","offset":7084,"length":3},"_isQuantized":null},{"__type__":"cc.animation.ExoticTrack","times":{"__type__":"TypedArrayRef","ctor":"Float32Array","offset":7096,"length":1},"values":{"__id__":188}},{"__type__":"cc.animation.ExoticQuatTrackValues","_values":{"__type__":"TypedArrayRef","ctor":"Float32Array","offset":7100,"length":4},"_isQuantized":null},{"__type__":"cc.animation.ExoticTrack","times":{"__type__":"TypedArrayRef","ctor":"Float32Array","offset":7116,"length":1},"values":{"__id__":190}},{"__type__":"cc.animation.ExoticVec3TrackValues","_values":{"__type__":"TypedArrayRef","ctor":"Float32Array","offset":7120,"length":3},"_isQuantized":null},{"__type__":"cc.animation.ExoticNodeAnimation","_path":"Armature/Root/chest/shoulder.L/arm.L/hand.L/finger4.L/finger4.L_end","_position":{"__id__":192},"_rotation":{"__id__":194},"_scale":{"__id__":196}},{"__type__":"cc.animation.ExoticTrack","times":{"__type__":"TypedArrayRef","ctor":"Float32Array","offset":7132,"length":1},"values":{"__id__":193}},{"__type__":"cc.animation.ExoticVec3TrackValues","_values":{"__type__":"TypedArrayRef","ctor":"Float32Array","offset":7136,"length":3},"_isQuantized":null},{"__type__":"cc.animation.ExoticTrack","times":{"__type__":"TypedArrayRef","ctor":"Float32Array","offset":7148,"length":1},"values":{"__id__":195}},{"__type__":"cc.animation.ExoticQuatTrackValues","_values":{"__type__":"TypedArrayRef","ctor":"Float32Array","offset":7152,"length":4},"_isQuantized":null},{"__type__":"cc.animation.ExoticTrack","times":{"__type__":"TypedArrayRef","ctor":"Float32Array","offset":7168,"length":1},"values":{"__id__":197}},{"__type__":"cc.animation.ExoticVec3TrackValues","_values":{"__type__":"TypedArrayRef","ctor":"Float32Array","offset":7172,"length":3},"_isQuantized":null},{"__type__":"cc.animation.ExoticNodeAnimation","_path":"Armature/Root/chest/head/head_end","_position":{"__id__":199},"_rotation":{"__id__":201},"_scale":{"__id__":203}},{"__type__":"cc.animation.ExoticTrack","times":{"__type__":"TypedArrayRef","ctor":"Float32Array","offset":7184,"length":1},"values":{"__id__":200}},{"__type__":"cc.animation.ExoticVec3TrackValues","_values":{"__type__":"TypedArrayRef","ctor":"Float32Array","offset":7188,"length":3},"_isQuantized":null},{"__type__":"cc.animation.ExoticTrack","times":{"__type__":"TypedArrayRef","ctor":"Float32Array","offset":7200,"length":1},"values":{"__id__":202}},{"__type__":"cc.animation.ExoticQuatTrackValues","_values":{"__type__":"TypedArrayRef","ctor":"Float32Array","offset":7204,"length":4},"_isQuantized":null},{"__type__":"cc.animation.ExoticTrack","times":{"__type__":"TypedArrayRef","ctor":"Float32Array","offset":7220,"length":1},"values":{"__id__":204}},{"__type__":"cc.animation.ExoticVec3TrackValues","_values":{"__type__":"TypedArrayRef","ctor":"Float32Array","offset":7224,"length":3},"_isQuantized":null},{"__type__":"cc.animation.ExoticNodeAnimation","_path":"Armature/Root/chest/shoulder.R/arm.R/hand.R/finger1.R/finger1.R_end","_position":{"__id__":206},"_rotation":{"__id__":208},"_scale":{"__id__":210}},{"__type__":"cc.animation.ExoticTrack","times":{"__type__":"TypedArrayRef","ctor":"Float32Array","offset":7236,"length":1},"values":{"__id__":207}},{"__type__":"cc.animation.ExoticVec3TrackValues","_values":{"__type__":"TypedArrayRef","ctor":"Float32Array","offset":7240,"length":3},"_isQuantized":null},{"__type__":"cc.animation.ExoticTrack","times":{"__type__":"TypedArrayRef","ctor":"Float32Array","offset":7252,"length":1},"values":{"__id__":209}},{"__type__":"cc.animation.ExoticQuatTrackValues","_values":{"__type__":"TypedArrayRef","ctor":"Float32Array","offset":7256,"length":4},"_isQuantized":null},{"__type__":"cc.animation.ExoticTrack","times":{"__type__":"TypedArrayRef","ctor":"Float32Array","offset":7272,"length":1},"values":{"__id__":211}},{"__type__":"cc.animation.ExoticVec3TrackValues","_values":{"__type__":"TypedArrayRef","ctor":"Float32Array","offset":7276,"length":3},"_isQuantized":null},{"__type__":"cc.animation.ExoticNodeAnimation","_path":"Armature/Root/chest/shoulder.R/arm.R/hand.R/finger2.R/finger2.R_end","_position":{"__id__":213},"_rotation":{"__id__":215},"_scale":{"__id__":217}},{"__type__":"cc.animation.ExoticTrack","times":{"__type__":"TypedArrayRef","ctor":"Float32Array","offset":7288,"length":1},"values":{"__id__":214}},{"__type__":"cc.animation.ExoticVec3TrackValues","_values":{"__type__":"TypedArrayRef","ctor":"Float32Array","offset":7292,"length":3},"_isQuantized":null},{"__type__":"cc.animation.ExoticTrack","times":{"__type__":"TypedArrayRef","ctor":"Float32Array","offset":7304,"length":1},"values":{"__id__":216}},{"__type__":"cc.animation.ExoticQuatTrackValues","_values":{"__type__":"TypedArrayRef","ctor":"Float32Array","offset":7308,"length":4},"_isQuantized":null},{"__type__":"cc.animation.ExoticTrack","times":{"__type__":"TypedArrayRef","ctor":"Float32Array","offset":7324,"length":1},"values":{"__id__":218}},{"__type__":"cc.animation.ExoticVec3TrackValues","_values":{"__type__":"TypedArrayRef","ctor":"Float32Array","offset":7328,"length":3},"_isQuantized":null},{"__type__":"cc.animation.ExoticNodeAnimation","_path":"Armature/Root/chest/shoulder.R/arm.R/hand.R/finger3.R/finger3.R_end","_position":{"__id__":220},"_rotation":{"__id__":222},"_scale":{"__id__":224}},{"__type__":"cc.animation.ExoticTrack","times":{"__type__":"TypedArrayRef","ctor":"Float32Array","offset":7340,"length":1},"values":{"__id__":221}},{"__type__":"cc.animation.ExoticVec3TrackValues","_values":{"__type__":"TypedArrayRef","ctor":"Float32Array","offset":7344,"length":3},"_isQuantized":null},{"__type__":"cc.animation.ExoticTrack","times":{"__type__":"TypedArrayRef","ctor":"Float32Array","offset":7356,"length":1},"values":{"__id__":223}},{"__type__":"cc.animation.ExoticQuatTrackValues","_values":{"__type__":"TypedArrayRef","ctor":"Float32Array","offset":7360,"length":4},"_isQuantized":null},{"__type__":"cc.animation.ExoticTrack","times":{"__type__":"TypedArrayRef","ctor":"Float32Array","offset":7376,"length":1},"values":{"__id__":225}},{"__type__":"cc.animation.ExoticVec3TrackValues","_values":{"__type__":"TypedArrayRef","ctor":"Float32Array","offset":7380,"length":3},"_isQuantized":null},{"__type__":"cc.animation.ExoticNodeAnimation","_path":"Armature/Root/chest/shoulder.R/arm.R/hand.R/finger4.R/finger4.R_end","_position":{"__id__":227},"_rotation":{"__id__":229},"_scale":{"__id__":231}},{"__type__":"cc.animation.ExoticTrack","times":{"__type__":"TypedArrayRef","ctor":"Float32Array","offset":7392,"length":1},"values":{"__id__":228}},{"__type__":"cc.animation.ExoticVec3TrackValues","_values":{"__type__":"TypedArrayRef","ctor":"Float32Array","offset":7396,"length":3},"_isQuantized":null},{"__type__":"cc.animation.ExoticTrack","times":{"__type__":"TypedArrayRef","ctor":"Float32Array","offset":7408,"length":1},"values":{"__id__":230}},{"__type__":"cc.animation.ExoticQuatTrackValues","_values":{"__type__":"TypedArrayRef","ctor":"Float32Array","offset":7412,"length":4},"_isQuantized":null},{"__type__":"cc.animation.ExoticTrack","times":{"__type__":"TypedArrayRef","ctor":"Float32Array","offset":7428,"length":1},"values":{"__id__":232}},{"__type__":"cc.animation.ExoticVec3TrackValues","_values":{"__type__":"TypedArrayRef","ctor":"Float32Array","offset":7432,"length":3},"_isQuantized":null},{"__type__":"cc.animation.ExoticNodeAnimation","_path":"Armature/Root/thug.L/leg..L/foot.L/foot.L_end","_position":{"__id__":234},"_rotation":{"__id__":236},"_scale":{"__id__":238}},{"__type__":"cc.animation.ExoticTrack","times":{"__type__":"TypedArrayRef","ctor":"Float32Array","offset":7444,"length":1},"values":{"__id__":235}},{"__type__":"cc.animation.ExoticVec3TrackValues","_values":{"__type__":"TypedArrayRef","ctor":"Float32Array","offset":7448,"length":3},"_isQuantized":null},{"__type__":"cc.animation.ExoticTrack","times":{"__type__":"TypedArrayRef","ctor":"Float32Array","offset":7460,"length":1},"values":{"__id__":237}},{"__type__":"cc.animation.ExoticQuatTrackValues","_values":{"__type__":"TypedArrayRef","ctor":"Float32Array","offset":7464,"length":4},"_isQuantized":null},{"__type__":"cc.animation.ExoticTrack","times":{"__type__":"TypedArrayRef","ctor":"Float32Array","offset":7480,"length":1},"values":{"__id__":239}},{"__type__":"cc.animation.ExoticVec3TrackValues","_values":{"__type__":"TypedArrayRef","ctor":"Float32Array","offset":7484,"length":3},"_isQuantized":null},{"__type__":"cc.animation.ExoticNodeAnimation","_path":"Armature/Root/thug.R/leg.R/foot.R/foot.R_end","_position":{"__id__":241},"_rotation":{"__id__":243},"_scale":{"__id__":245}},{"__type__":"cc.animation.ExoticTrack","times":{"__type__":"TypedArrayRef","ctor":"Float32Array","offset":7496,"length":1},"values":{"__id__":242}},{"__type__":"cc.animation.ExoticVec3TrackValues","_values":{"__type__":"TypedArrayRef","ctor":"Float32Array","offset":7500,"length":3},"_isQuantized":null},{"__type__":"cc.animation.ExoticTrack","times":{"__type__":"TypedArrayRef","ctor":"Float32Array","offset":7512,"length":1},"values":{"__id__":244}},{"__type__":"cc.animation.ExoticQuatTrackValues","_values":{"__type__":"TypedArrayRef","ctor":"Float32Array","offset":7516,"length":4},"_isQuantized":null},{"__type__":"cc.animation.ExoticTrack","times":{"__type__":"TypedArrayRef","ctor":"Float32Array","offset":7532,"length":1},"values":{"__id__":246}},{"__type__":"cc.animation.ExoticVec3TrackValues","_values":{"__type__":"TypedArrayRef","ctor":"Float32Array","offset":7536,"length":3},"_isQuantized":null}],"chunks":[".bin"]}
