{"version":1,"document":[{"__type__":"cc.AnimationClip","_name":"lv5-push","_objFlags":0,"_native":"","sample":60,"speed":1,"wrapMode":2,"enableTrsBlending":false,"_duration":0.85,"_hash":500763545,"_tracks":[{"__id__":1}],"_exoticAnimation":null,"_events":[]},{"__type__":"cc.animation.ObjectTrack","_binding":{"__type__":"cc.animation.TrackBinding","path":{"__id__":2}},"_channel":{"__id__":4}},{"__type__":"cc.animation.TrackPath","_paths":[{"__id__":3},"spriteFrame"]},{"__type__":"cc.animation.ComponentPath","component":"cc.Sprite"},{"__type__":"cc.animation.Channel","_curve":{"__id__":5}},{"__type__":"cc.ObjectCurve","_times":[0,0.16666666666666666,0.3333333333333333,0.5,0.6666666666666666,0.8333333333333334],"_values":[{"__uuid__":"b360ad86-3da4-4c26-b6a1-1c935416a025@f9941","__expectedType__":"cc.Asset"},{"__uuid__":"04c14df3-b5fe-413f-bc0b-df1e06435d23@f9941","__expectedType__":"cc.Asset"},{"__uuid__":"4794310b-c58e-48d7-ae94-d7260c2261c5@f9941","__expectedType__":"cc.Asset"},{"__uuid__":"8bb6ca4f-26f4-4879-9fc1-c92e7c03be10@f9941","__expectedType__":"cc.Asset"},{"__uuid__":"1816f55d-5965-4216-acb9-f9ddc06ecd79@f9941","__expectedType__":"cc.Asset"},{"__uuid__":"dc00c2ab-e574-40cd-a4ba-4a46e6febad8@f9941","__expectedType__":"cc.Asset"}]}],"chunks":[]}
