[1,["1d1529b5-a1d9-4ae4-83c2-ea12072c72d2","3ccc7606-1760-4468-8926-fddfcdb96bfa","058433cc-69eb-4654-83ac-d89ad34510f4@6c48a","0af5d15c-1b9e-43d8-8c07-04582c3e895d@6c48a","ab6763cd-60c0-418f-9ab7-8ada18f9ace6@f9941","0af5d15c-1b9e-43d8-8c07-04582c3e895d@f9941","1f8c3924-202b-4b5a-a46b-9072ce67c077@6c48a","264e8944-df42-4cf9-ad76-567f4941850a@6c48a","2cb2ebc1-99eb-43d1-85a6-0a43403119f8@6c48a","6a93c5ad-1f69-4e50-8bc4-ee9c8e87741a@6c48a","72c1fb76-57f9-4a82-98c3-42b58dcdea8f@6c48a","8346b890-8ae1-4f18-b441-bb39eaf0b601@6c48a","ab6763cd-60c0-418f-9ab7-8ada18f9ace6@6c48a","b34cfc33-f504-47be-b442-3b43308b4dea@6c48a","c1cca741-1a8d-402e-a0de-2f12c92b2a2f@6c48a","eb77641c-623d-4bed-83cf-f7e4520198f4@6c48a","f25b357d-af6e-4b78-9d69-40cb7b21ca15@6c48a"],["_textureSource","node","asset","root","aniBoom","ndRewardParent","data","_spriteFrame","imgGold","_defaultClip"],["cc.SpriteFrame",["cc.Node",["_name","_layer","_components","_prefab","_children","_lpos","_parent"],1,9,4,2,5,1],["cc.UITransform",["_name","node","__prefab","_contentSize"],2,1,4,5],["cc.Prefab",["_name"],2],["cc.Node",["_name","_layer","_parent","_components","_prefab","_lscale"],1,1,12,4,5],["cc.CompPrefabInfo",["fileId"],2],["cc.Widget",["_alignFlags","_originalWidth","_originalHeight","_alignMode","node","__prefab"],-1,1,4],["d14d4EewSBFtIn6B/rRUvjM",["node","__prefab","ndRewardParent","aniBoom","imgGold"],3,1,4,1,1,6],["cc.PrefabInfo",["fileId","root","asset"],2,1,6],["cc.Sprite",["_name","_sizeMode","_isTrimmedMode","node","__prefab","_spriteFrame"],0,1,4,6],["cc.Animation",["_name","node","__prefab","_clips"],2,1,4,3]],[[5,0,2],[8,0,1,2,2],[2,1,2,3,1],[6,0,1,2,3,4,5,5],[3,0,2],[1,0,1,4,2,3,5,3],[1,0,1,6,2,3,3],[4,0,1,2,3,4,5,3],[2,0,1,2,3,2],[7,0,1,2,3,4,1],[9,0,1,2,3,4,5,4],[10,0,1,2,3,2]],[[[{"name":"00007","rect":{"x":64,"y":65,"width":127,"height":126},"offset":{"x":-0.5,"y":0},"originalSize":{"width":256,"height":256},"rotated":false,"capInsets":[0,0,0,0],"packable":true}],[0],0,[0],[0],[2]],[[{"name":"commonIconCoin","rect":{"x":0,"y":0,"width":42,"height":46},"offset":{"x":0,"y":0},"originalSize":{"width":42,"height":46},"rotated":false,"capInsets":[0,0,0,0],"packable":true}],[0],0,[0],[0],[3]],[[[4,"flyReward"],[5,"flyReward",33554432,[-7,-8],[[2,-2,[0,"c77JZEu8ZMgpyV7WDsVffM"],[5,720,1280]],[3,45,100,100,1,-3,[0,"0bnmcxEt1JBb3AyL5nVrBk"]],[9,-6,[0,"a8EZLq9z1FVLtvclLLuf3J"],-5,-4,4]],[1,"68GD3vioNNYrFQrco8ZbO5",-1,5],[1,0,0,-1]],[7,"boom",33554432,1,[[[8,"boom<UITransform>",-9,[0,"24N6Jw5jJKsLFIIwouCn7I"],[5,256,256]],[10,"boom<Sprite>",2,false,-10,[0,"54Vqps3PtL3Z0TbgUi5RPB"],0],-11],4,4,1],[1,"62+wdjfdBOPrZsOaSd9DHD",1,2],[1,3,3,3]],[6,"reward",33554432,1,[[2,-12,[0,"61dgpa88BGAp4V0d09Htts"],[5,720,1280]],[3,45,100,100,1,-13,[0,"9dT7yClW9NBZv39qck2l0c"]]],[1,"a3sVIJ86VGkLpVSqXCwNaD",1,3]],[11,"boom<Animation>",2,[0,"956TJKo29Or40jG2WMyW1M"],[1]]],0,[0,3,1,0,1,1,0,1,1,0,4,4,0,5,3,0,1,1,0,-1,2,0,-2,3,0,1,2,0,1,2,0,-3,4,0,1,3,0,1,3,0,6,1,13],[0,0,0,0,0,0,4],[7,-1,2,2,8,2,9],[4,1,0,0,5,0,1]],[[{"name":"00006","rect":{"x":54,"y":54,"width":148,"height":148},"offset":{"x":0,"y":0},"originalSize":{"width":256,"height":256},"rotated":false,"capInsets":[0,0,0,0],"packable":true}],[0],0,[0],[0],[6]],[[{"name":"00009","rect":{"x":58,"y":59,"width":139,"height":139},"offset":{"x":-0.5,"y":-0.5},"originalSize":{"width":256,"height":256},"rotated":false,"capInsets":[0,0,0,0],"packable":true}],[0],0,[0],[0],[7]],[[{"name":"00002","rect":{"x":31,"y":30,"width":195,"height":196},"offset":{"x":0.5,"y":0},"originalSize":{"width":256,"height":256},"rotated":false,"capInsets":[0,0,0,0],"packable":true}],[0],0,[0],[0],[8]],[[{"name":"00011","rect":{"x":52,"y":52,"width":152,"height":152},"offset":{"x":0,"y":0},"originalSize":{"width":256,"height":256},"rotated":false,"capInsets":[0,0,0,0],"packable":true}],[0],0,[0],[0],[9]],[[{"name":"00008","rect":{"x":61,"y":62,"width":133,"height":132},"offset":{"x":-0.5,"y":0},"originalSize":{"width":256,"height":256},"rotated":false,"capInsets":[0,0,0,0],"packable":true}],[0],0,[0],[0],[10]],[[{"name":"00004","rect":{"x":0,"y":0,"width":256,"height":256},"offset":{"x":0,"y":0},"originalSize":{"width":256,"height":256},"rotated":false,"capInsets":[0,0,0,0],"packable":true}],[0],0,[0],[0],[11]],[[{"name":"00001","rect":{"x":64,"y":63,"width":129,"height":130},"offset":{"x":0.5,"y":0},"originalSize":{"width":256,"height":256},"rotated":false,"capInsets":[0,0,0,0],"packable":true}],[0],0,[0],[0],[12]],[[{"name":"00003","rect":{"x":0,"y":0,"width":256,"height":256},"offset":{"x":0,"y":0},"originalSize":{"width":256,"height":256},"rotated":false,"capInsets":[0,0,0,0],"packable":true}],[0],0,[0],[0],[13]],[[{"name":"00010","rect":{"x":57,"y":57,"width":142,"height":142},"offset":{"x":0,"y":0},"originalSize":{"width":256,"height":256},"rotated":false,"capInsets":[0,0,0,0],"packable":true}],[0],0,[0],[0],[14]],[[{"name":"00005","rect":{"x":0,"y":0,"width":256,"height":256},"offset":{"x":0,"y":0},"originalSize":{"width":256,"height":256},"rotated":false,"capInsets":[0,0,0,0],"packable":true}],[0],0,[0],[0],[15]],[[{"name":"00012","rect":{"x":49,"y":49,"width":158,"height":158},"offset":{"x":0,"y":0},"originalSize":{"width":256,"height":256},"rotated":false,"capInsets":[0,0,0,0],"packable":true}],[0],0,[0],[0],[16]]]]
