[1,["9363ef2c-80db-41e6-8276-5a00e5671242@f9941","97243e5b-17bc-46f4-9764-8d015bff1975@f9941","94ff69c0-12ce-433f-979e-7eee45b9958e","747f852a-7693-4fbc-b2ed-983862453c5e@f9941","6e908a59-c057-448a-bc55-6484827f3a82@f9941","20835ba4-6145-4fbc-a58a-051ce700aa3e@f9941","544e49d6-3f05-4fa8-9a9e-091f98fc2ce8@f9941","951249e0-9f16-456d-8b85-a6ca954da16b@f9941","e48dfece-d72f-4959-95aa-22ca9b626608@f9941","482f5100-5c1e-4655-acbc-2548fdaf56b5@6c48a","b792c277-3756-4387-a37a-2cbd8fc13698@f9941","fa3d84eb-124d-4987-9cc5-10a9cb499f9f@f9941","da959189-c8de-49ba-97a7-caab04ed371e@f9941","6cfc706b-f748-4b66-9436-2338899a4c42@f9941","482f5100-5c1e-4655-acbc-2548fdaf56b5@f9941","a5589727-4ac6-4bad-a6b3-8265979b5300@f9941","ace6a348-b6ff-45af-a5a4-56088b784c11","e74d4d8a-b5ff-431d-bf6b-a25b0597e960@f9941","e48dfece-d72f-4959-95aa-22ca9b626608@6c48a"],["node","_spriteFrame","_target","_normalSprite","_textureSource","_parent","_hoverSprite","_pressedSprite","_disabledSprite","root","lbPage","spCarBlack","nodePages","nodeCarParent","lbGo","lbPrice","lbDesc","nodeGo","nodeBuy","nodeGold","nodeGet","lbGold","data","_defaultClip","pfPage"],[["cc.Node",["_name","_layer","_active","_components","_prefab","_parent","_children","_lpos","_lscale","_lrot","_euler"],0,9,4,1,2,5,5,5,5],["cc.Widget",["_alignFlags","_alignMode","_left","_originalWidth","_originalHeight","_name","_bottom","_top","_right","node","__prefab","_target"],-6,1,4,1],["cc.Sprite",["_sizeMode","_isTrimmedMode","_type","_name","node","__prefab","_spriteFrame","_color"],-1,1,4,6,5],["cc.Label",["_string","_actualFontSize","_fontSize","_name","_enableWrapText","_horizontalAlign","_overflow","_lineHeight","node","__prefab","_color"],-5,1,4,5],["cc.UITransform",["_name","node","__prefab","_contentSize"],2,1,4,5],["cc.Button",["_transition","_zoomScale","_name","node","__prefab","_normalColor","_target","clickEvents","_normalSprite","_hoverSprite","_pressedSprite","_disabledSprite"],0,1,4,5,1,9,6,6,6,6],"cc.SpriteFrame",["cc.Node",["_name","_layer","_active","_parent","_components","_prefab","_lpos"],0,1,12,4,5],["f130br9GwZGkJEkRGonhXxR",["_name","node","__prefab"],2,1,4],["cc.Layout",["_resizeMode","_layoutType","_spacingX","node","__prefab"],0,1,4],["cc.Prefab",["_name"],2],["cc.CompPrefabInfo",["fileId"],2],["15effXNtKpGeLctODlTRqhl",["node","__prefab","lbGold","nodeGet","nodeGold","nodeBuy","nodeGo","lbDesc","lbPrice","lbGo","nodeCarParent","nodePages","spCarBlack","lbPage","pfPage"],3,1,4,1,1,1,1,1,1,1,1,1,1,1,1,6],["cc.PrefabInfo",["fileId","root","asset"],2,1,1],["cc.ClickEvent",["_componentId","handler","target"],1,1],["c4c1axXN+NL4oYQEr2M4qn2",["_dataID","node","__prefab"],2,1,4],["cc.Animation",["node","__prefab","_clips","_defaultClip"],3,1,4,3,6]],[[11,0,2],[13,0,1,2,2],[4,1,2,3,1],[0,0,1,5,6,3,4,7,3],[0,0,1,5,3,4,7,3],[4,0,1,2,3,2],[7,0,1,3,4,5,6,3],[2,0,1,4,5,6,3],[14,0,1,2,3],[0,0,1,5,3,4,3],[8,0,1,2,2],[1,5,0,1,9,10,11,4],[1,0,3,4,1,9,10,11,5],[2,2,0,4,5,6,3],[2,3,2,0,1,4,5,6,5],[2,0,4,5,6,2],[5,2,0,1,3,4,7,5,6,8,9,10,11,4],[5,0,1,3,4,7,5,6,3],[8,1,2,1],[3,0,1,2,6,4,8,9,10,6],[10,0,2],[0,0,1,6,3,4,7,3],[0,0,1,6,3,4,3],[0,0,2,1,6,3,4,7,4],[0,0,2,1,5,6,3,4,4],[0,0,1,5,6,3,4,3],[0,0,1,5,3,4,7,9,8,10,3],[0,0,1,5,3,4,8,3],[0,0,2,1,5,3,4,7,4],[7,0,2,1,3,4,5,6,4],[4,0,1,2,2],[4,1,2,1],[1,0,3,4,1,9,10,5],[1,0,6,1,9,10,11,4],[1,5,0,2,6,1,9,10,11,6],[1,0,2,7,1,9,10,11,5],[1,0,2,8,7,3,1,9,10,11,7],[1,0,2,1,9,10,11,4],[12,0,1,2,3,4,5,6,7,8,9,10,11,12,13,14,1],[2,0,1,4,5,7,6,3],[2,3,0,4,5,6,3],[2,4,5,6,1],[2,0,1,4,5,3],[5,2,0,1,3,4,7,5,6,4],[5,3,4,5,6,8,1],[9,0,1,2,3,4,4],[9,0,1,3,4,3],[3,3,0,5,1,2,8,9,10,6],[3,0,1,2,8,9,10,4],[3,3,0,1,2,8,9,10,5],[3,0,1,2,7,4,8,9,10,6],[3,0,1,2,8,9,4],[15,0,1,2,2],[16,0,1,2,3,1]],[[[{"name":"rankBoxNumber","rect":{"x":0,"y":0,"width":203,"height":53},"offset":{"x":0,"y":0},"originalSize":{"width":203,"height":53},"rotated":false,"capInsets":[0,0,0,0],"packable":true}],[6],0,[0],[4],[9]],[[[20,"shop"],[21,"shop",33554432,[-17,-18,-19,-20],[[2,-2,[0,"1e40Elh5xKf6HhYGhKwjuQ"],[5,720,1280]],[32,45,100,100,1,-3,[0,"7aNHSK9h1LqYj/qxNFsuP3"]],[38,-16,[0,"0fLIu0zURORq9o0s1LYj85"],-15,-14,-13,-12,-11,-10,-9,-8,-7,-6,-5,-4,25]],[1,"7fwXe6yflG1ZPW0yxGWWRN",-1,0],[1,0,0,-2]],[3,"frame",33554432,1,[-23,-24,-25,-26,-27],[[2,-21,[0,"ba+ip2OOFGq4vNwbVjoD7t"],[5,666,800]],[13,1,0,-22,[0,"27JRMzYMlJgoX0Zp4/K5rS"],24]],[1,"3beUCls7JD46lqI/vdpGq1",1,0],[1,0,-10,0]],[22,"btnGet",33554432,[-35,-36],[[5,"btnGet<UITransform>",-28,[0,"e4BDI0AABAJbUgq7N7WtHt"],[5,200,88]],[14,"btnGet<Sprite>",1,0,false,-29,[0,"d39vKkfJhCk7209BIkBwfB"],9],[16,"btnGet<Button>",3,0.85,-31,[0,"2051qeqEBGY7xGoQjiF13W"],[[8,"15effXNtKpGeLctODlTRqhl","onBtnGetClick",1]],[4,4292269782],-30,10,11,12,13],[11,"btnGet<Widget>",4,1,-33,[0,"47USBbvipJ4rDxsyBX1gKo"],-32],[10,"btnGet<btnAdapter>",-34,[0,"88HpQOlVhGBInPcy+zJwAv"]]],[1,"8d9UfQt4VIZblI6x9RksMW",1,0]],[23,"btnGold",false,33554432,[-44,-45],[[5,"btnGet<UITransform>",-37,[0,"9fJQznNlJFYLLUKkikTs+P"],[5,200,88]],[14,"btnGet<Sprite>",1,0,false,-38,[0,"79dglaCQlKXLWAtL46YwNP"],16],[16,"btnGet<Button>",3,0.85,-40,[0,"40YaheenZLbaWvVkpcs6tP"],[[8,"15effXNtKpGeLctODlTRqhl","onBtnGoldClick",1]],[4,4292269782],-39,17,18,19,20],[11,"btnGet<Widget>",4,1,-42,[0,"9bE/Owzr9HIqHnMy9kLu+Y"],-41],[10,"btnGet<btnAdapter>",-43,[0,"c6ZAz0zTZCza4Uo+IY8lxE"]]],[1,"83sWmV55hNeZMEMntuyLPS",1,0],[1,125,0,0]],[3,"layout",33554432,2,[3,4],[[2,-46,[0,"963nrcadxF3q7DcjZteFjV"],[5,200,88]],[45,1,1,50,-47,[0,"64otLCQrhHprfWZC1RHzRl"]],[33,4,6.454999999999984,1,-48,[0,"72JPao/r9LBK3xN/AQ5HFW"],2]],[1,"6f9FXaDE5F54Wrzb4wSUMU",1,0],[1,0,-349.545,0]],[4,"btnClose",33554432,2,[[5,"btnNormal<UITransform>",-49,[0,"c1Pj/qWY5Ia5DV+0BZ8HXk"],[5,60,50.4]],[47,"btnNormal<Label>","关闭",0,30,30,-50,[0,"68b7L3lABIToyQGPmvdbRs"],[4,4289374632]],[43,"btnNormal<Button>",3,0.85,-52,[0,"adqthG5TJImbF+Qi5t6rTX"],[[8,"15effXNtKpGeLctODlTRqhl","onBtnCloseClick",1]],[4,4292269782],-51],[34,"btnNormal<Widget>",4,300,-70,1,-53,[0,"4002pNV9dEgLS3jAkuo23Z"],2],[10,"btnClose<btnAdapter>",-54,[0,"0a2q7EzUlBn6qbPGc4+2RO"]],[52,"shop.btnClose",-55,[0,"e81qwOT3VKwKh/VYC2tilK"]]],[1,"0fsx2OCatCKZhojmVhilGj",1,0],[1,0,-444.8,2]],[3,"gold",33554432,1,[-59,-60],[[2,-56,[0,"c24oOW3HpK+pvhulOzVTcp"],[5,175,42]],[15,2,-57,[0,"e5eR55aC5FWpPtknDlzg1n"],3],[35,9,50,50,1,-58,[0,"eadnlsTM9PNYSfpi1olT0o"],1]],[1,"fbHHXKlSZA8pd7Zc9Xk+vo",1,0],[1,-222.5,569,0]],[3,"carShow",33554432,1,[-63,-64,-65,-66],[[2,-61,[0,"fe/rD4MkhLCbPh/4LgDooW"],[5,320,320]],[53,-62,[0,"8bmxUOuAhDtqM7d3tjx+ry"],[5],6]],[1,"33RgwVPsVByL7IrmKvB7GW",1,0],[1,0,466.903,0]],[9,"bg",33554432,1,[[2,-67,[0,"9aLnjT44hFe6Jq9FyBiojn"],[5,720,1280]],[39,0,false,-68,[0,"54NarVXSJCgIcMMIDqmMfi"],[4,3372220415],0],[12,45,100,100,1,-69,[0,"7cskQxGiRC06sHYPSmr46t"],1],[44,-71,[0,"36Ni6Sr5xBy4ZzegX7CgFQ"],[4,4292269782],-70,1]],[1,"d1gBIo95BJc7sykAp/KItl",1,0]],[3,"contain",33554432,2,[-75],[[2,-72,[0,"7fvzvFP9JG3rzasJLR8dqZ"],[5,634,560]],[13,1,0,-73,[0,"a4oXhJImVIfJ5xJ3mYUcbe"],7],[36,41,16,16,12,100,1,-74,[0,"18vGWTNu5M3a5tooyz3fbT"],2]],[1,"8eHVpUIhpK/5MweFqFwJan",1,0],[1,0,108,0]],[3,"pages",33554432,2,[-78,-79,-80],[[2,-76,[0,"81rKazMqNB2p7Svi3nNby8"],[5,383,100]],[46,1,1,-77,[0,"89iebzPExC0oEOdMIm+/qB"]]],[1,"b4EzRuI0FCb5WfS3HTCEZr",1,0],[1,0,-219.164,0]],[3,"btnLeft",33554432,11,[-85],[[2,-81,[0,"f9H5pWPRpBuaA9WLOa5rqn"],[5,90,90]],[17,3,0.85,-83,[0,"18kV/exxZGrqHq3I9CRyPT"],[[8,"15effXNtKpGeLctODlTRqhl","onBtnLeftClick",1]],[4,4292269782],-82],[18,-84,[0,"4e/eqtDyxENqrmarbx1wZI"]]],[1,"55dXYFCONExbyPgfhEQuQn",1,0],[1,-146.5,0,0]],[3,"btnRight",33554432,11,[-90],[[2,-86,[0,"50nYKvvx1P9qK6WRtdarWW"],[5,90,90]],[17,3,0.85,-88,[0,"25Lr3mJylFp5beAK4GAVnc"],[[8,"15effXNtKpGeLctODlTRqhl","onBtnRightClick",1]],[4,4292269782],-87],[18,-89,[0,"bdAPdwg8JJzrqPWzi+gvIQ"]]],[1,"e1wzcvlEtJFoJFkzHRhowJ",1,0],[1,146.5,0,0]],[24,"buy",false,33554432,3,[-92,-93],[[5,"buy<UITransform>",-91,[0,"35tvc1hrlHAKulEh+ocdEG"],[5,200,100]]],[1,"47ozLRT2xHl7Mc0jl0vXkV",1,0]],[4,"icon",33554432,7,[[2,-94,[0,"5fZCJuNCZOKKCGMY32F0z/"],[5,49,52]],[15,2,-95,[0,"be69CodjtBCo0joDs4ka8u"],2],[37,8,-10,1,-96,[0,"6fEqzLESBDnaM7uPp8vF7N"],7]],[1,"c1H1m/jlZDQLPcs/biKQQz",1,0],[1,-73,0,0]],[9,"pages",33554432,10,[[2,-97,[0,"f0XyyJu5tIhosdKA0Gi/16"],[5,634,560]],[12,45,100,100,1,-98,[0,"1co1tK4qBNyYBIAeqfP4gn"],10]],[1,"e6maMcx5FC7bLceYj58wv7",1,0]],[6,"go",33554432,3,[[[2,-99,[0,"d56WziFexPerypCu2njYUS"],[5,68,75.6]],-100],4,1],[1,"6daGP9NlhNhpHMGswPZ/dX",1,0],[1,0,4,0]],[3,"buy",33554432,4,[-102,-103],[[30,"buy<UITransform>",-101,[0,"0e555dCohPopQJ8LHgsCSg"]]],[1,"0el1ORhThBybqEjBNxsmRR",1,0],[1,33.154,0,0]],[25,"pageCnt",33554432,11,[-106],[[2,-104,[0,"3e5eRXvGVIlb4PgkJql51F"],[5,203,53]],[7,2,false,-105,[0,"2bIX5UivBFw5CmPAclf8pR"],22]],[1,"994ff2t+lKMZKDvo2ER3J2",1,0]],[6,"txt",33554432,7,[[[2,-107,[0,"fe91P3d+RF3pqp0EtFNnbv"],[5,80.09,50.4]],-108],4,1],[1,"c2lahHTwlJYIhDAdkm9WfQ",1,0],[1,8.005,0,0]],[9,"light",33554432,8,[[5,"light<UITransform>",-109,[0,"37xSEKB4JL4pcEtLGFn7r8"],[5,320,320]],[40,"light<Sprite>",2,-110,[0,"65iscXKOBAFYT/d7PKsVP/"],4]],[1,"4bCNida55FdYQ5fKlpRoQs",1,0]],[26,"car",33554432,8,[[2,-111,[0,"04KHMiJsBO/IN1ZUOixcG7"],[5,320,320]]],[1,"66RvPYr6JPPptPZ4agaEyt",1,0],[1,0,-33,40],[3,0.022441021635427605,0.9525423816496932,0.14982690691616027,0.2640289940007063],[1,2,2,2],[1,-16,150,7]],[29,"carIcon",false,33554432,8,[[[2,-112,[0,"627W3+9UtJv5K3Zdt3lkwq"],[5,160,160]],-113],4,1],[1,"c5Ev8c7mBDMJ+1mDEt30wp",1,0],[1,0,3,0]],[6,"txt",33554432,2,[[[5,"txt<UITransform>",-114,[0,"dbXDSih9dAwqDvWAPgdiKg"],[5,0,50.4]],-115],4,1],[1,"efwSdjyrFBoafuXCYJAaaX",1,0],[1,0,-282.15,0]],[4,"icon",33554432,14,[[2,-116,[0,"17BqXT7r1Jl6Gt0vuUZcZo"],[5,49,52]],[7,2,false,-117,[0,"28DSBXb71Pv4hEtE5W30e5"],8]],[1,"88ok0oe65Gq6k9swfjkY+Q",1,0],[1,-55,2,0]],[6,"gold",33554432,14,[[[2,-118,[0,"8dLdRZIh9IAJLAlOlp2+Qf"],[5,110,40]],-119],4,1],[1,"c1VRMv93hMmqu1RtpI/Jyb",1,0],[1,34,0,0]],[4,"video",33554432,4,[[2,-120,[0,"f2PTKAPPZLhaUjY2wLfXji"],[5,58,40]],[41,-121,[0,"d8oLmC9kxGibfjvZXv4FMj"],14]],[1,"c5h9tfp+RN34ZpvsWQDQ8p",1,0],[1,-56.775,4,0]],[4,"icon",33554432,18,[[2,-122,[0,"c2WSpHXa5I87uoexwqAetJ"],[5,49,52]],[7,2,false,-123,[0,"a0xnAHI1xNGLX7aaWXZh/u"],15]],[1,"e6IbmVRsRDv4h7lydG1I/G",1,0],[1,-28,2,0]],[4,"gold",33554432,18,[[2,-124,[0,"1e+j2+lbhP1ri5IMK0cpWf"],[5,110,40]],[19,"500",32,32,1,false,-125,[0,"42K/d2lZdGQb+Xg9xQNo6o"],[4,4278650243]]],[1,"01GWTbH7BIu7taLbihRhW/",1,0],[1,28,0,0]],[27,"New Sprite",33554432,12,[[2,-126,[0,"8cwJtzDoZA24XhYEng/UEq"],[5,82.8,89.1]],[7,0,false,-127,[0,"65YwLJxy5GA57jt4uke7m7"],21]],[1,"79f//a2cxA0bI7L1cHclzA",1,0],[1,-1,1,1]],[6,"lbPage",33554432,19,[[[2,-128,[0,"d1/s2ZcGtOWLGWd5mcQ/Sf"],[5,44.48,50.4]],-129],4,1],[1,"6bgL0xV+FMLo6uv1phTxC5",1,0],[1,0,-2.525,0]],[9,"New Sprite",33554432,13,[[2,-130,[0,"6e9MhUO5BChI71cGg1y8yE"],[5,82.8,89.1]],[7,0,false,-131,[0,"96BcQYGvFCipPoyAgTPldJ"],23]],[1,"b7qRNy3r5IUYfBu26tDnP6",1,0]],[48,"999999",24,24,20,[0,"cc24ej9O5FOa13/fspk6uv"],[4,4281677120]],[42,2,false,23,[0,"52bvk/bQtA6LUNOyFBsAmd"]],[28,"star",false,33554432,8,[[31,-132,[0,"f2H5ZLSxRPmaZQXBhnCj52"]]],[1,"25ydx6e3BLMaoPGrVSd3bV",1,0],[1,-360,-1106.903,1]],[49,"txt<Label>","",28,28,24,[0,"fb/NRkh1FHz52Wy2oc3Gct"],[4,4280766866]],[19,"999999",32,32,1,false,26,[0,"f2YWPdjfBBIIDaZjmwyhwc"],[4,4278650243]],[50,"前往",34,34,60,false,17,[0,"e5W6/XQBxAjJvh6z7Wk0rZ"],[4,4278650243]],[51,"1/1",32,32,31,[0,"8cfZ36PMxFBIKNo51ZQwoE"]]],0,[0,9,1,0,0,1,0,0,1,0,10,39,0,11,34,0,12,16,0,13,22,0,14,38,0,15,37,0,16,36,0,17,17,0,18,14,0,19,4,0,20,3,0,21,33,0,0,1,0,-1,9,0,-2,7,0,-3,8,0,-4,2,0,0,2,0,0,2,0,-1,24,0,-2,10,0,-3,5,0,-4,11,0,-5,6,0,0,3,0,0,3,0,2,3,0,0,3,0,2,5,0,0,3,0,0,3,0,-1,14,0,-2,17,0,0,4,0,0,4,0,2,4,0,0,4,0,2,5,0,0,4,0,0,4,0,-1,27,0,-2,18,0,0,5,0,0,5,0,0,5,0,0,6,0,0,6,0,2,6,0,0,6,0,0,6,0,0,6,0,0,6,0,0,7,0,0,7,0,0,7,0,-1,15,0,-2,20,0,0,8,0,0,8,0,-1,21,0,-2,22,0,-3,23,0,-4,35,0,0,9,0,0,9,0,0,9,0,2,9,0,0,9,0,0,10,0,0,10,0,0,10,0,-1,16,0,0,11,0,0,11,0,-1,12,0,-2,19,0,-3,13,0,0,12,0,2,12,0,0,12,0,0,12,0,-1,30,0,0,13,0,2,13,0,0,13,0,0,13,0,-1,32,0,0,14,0,-1,25,0,-2,26,0,0,15,0,0,15,0,0,15,0,0,16,0,0,16,0,0,17,0,-2,38,0,0,18,0,-1,28,0,-2,29,0,0,19,0,0,19,0,-1,31,0,0,20,0,-2,33,0,0,21,0,0,21,0,0,22,0,0,23,0,-2,34,0,0,24,0,-2,36,0,0,25,0,0,25,0,0,26,0,-2,37,0,0,27,0,0,27,0,0,28,0,0,28,0,0,29,0,0,29,0,0,30,0,0,30,0,0,31,0,-2,39,0,0,32,0,0,32,0,0,35,0,22,1,3,5,5,4,5,5,132],[0,0,0,0,0,0,0,0,0,0,0,0,0,0,0,0,0,0,0,0,0,0,0,0,0,0,34],[1,3,1,1,1,-1,23,1,1,1,3,6,7,8,1,1,1,3,6,7,8,1,1,1,1,24,1],[1,1,0,10,11,2,2,12,0,3,4,5,6,7,13,0,3,4,5,6,7,8,14,8,15,16,17]],[[{"name":"rankIconArrow","rect":{"x":0,"y":0,"width":92,"height":99},"offset":{"x":0,"y":0},"originalSize":{"width":92,"height":99},"rotated":false,"capInsets":[0,0,0,0],"packable":true}],[6],0,[0],[4],[18]]]]
