[1,["94ff69c0-12ce-433f-979e-7eee45b9958e","4f2f6688-7d56-4073-8bfd-f2947e86a7ec@f9941","0bc921f5-ad30-4fd6-827e-4fe91d99c159@6c48a","8ee3702e-618e-4a0c-8f88-3efc50be6430@6c48a","97243e5b-17bc-46f4-9764-8d015bff1975@f9941","da959189-c8de-49ba-97a7-caab04ed371e@f9941","0bc921f5-ad30-4fd6-827e-4fe91d99c159@f9941","8ee3702e-618e-4a0c-8f88-3efc50be6430@f9941","f2e4fc4b-2a47-4f18-859d-d4a8643fbedf@f9941","a5589727-4ac6-4bad-a6b3-8265979b5300@f9941","20835ba4-6145-4fbc-a58a-051ce700aa3e@f9941","544e49d6-3f05-4fa8-9a9e-091f98fc2ce8@f9941","951249e0-9f16-456d-8b85-a6ca954da16b@f9941","6cfc706b-f748-4b66-9436-2338899a4c42@f9941"],["node","_spriteFrame","_textureSource","_target","_parent","root","spIcon","wgMenu","nodeCarParent","data","_defaultClip","_normalSprite","_hoverSprite","_pressedSprite","_disabledSprite"],[["cc.Node",["_name","_layer","_components","_prefab","_parent","_lpos","_children","_euler","_lscale","_lrot"],1,9,4,1,5,2,5,5,5],["cc.Widget",["_alignFlags","_alignMode","_originalWidth","_bottom","_left","_originalHeight","_name","_right","_top","node","__prefab"],-6,1,4],["cc.Sprite",["_sizeMode","_isTrimmedMode","_name","_type","_enabled","node","__prefab","_spriteFrame","_color"],-2,1,4,6,5],["cc.Button",["_name","_transition","_zoomScale","node","__prefab","_normalColor","clickEvents","_target","_normalSprite","_hoverSprite","_pressedSprite","_disabledSprite"],0,1,4,5,9,1,6,6,6,6],["cc.Layout",["_layoutType","_name","_spacingX","_resizeMode","_paddingLeft","_paddingRight","_spacingY","node","__prefab"],-4,1,4],["cc.Label",["_string","_actualFontSize","_name","_fontSize","_horizontalAlign","_lineHeight","_enableWrapText","_isBold","node","__prefab","_color"],-5,1,4,5],"cc.SpriteFrame",["cc.Node",["_name","_layer","_active","_parent","_components","_prefab","_lpos","_children"],0,1,12,4,5,2],["cc.UITransform",["_name","node","__prefab","_contentSize"],2,1,4,5],["cc.Prefab",["_name"],2],["cc.CompPrefabInfo",["fileId"],2],["5bf756By5JOmoKbG0aoUzq6",["node","__prefab","nodeCarParent","wgMenu","spIcon"],3,1,4,1,1,1],["cc.PrefabInfo",["fileId","root","asset"],2,1,1],["cc.ClickEvent",["_componentId","handler","target"],1,1],["f130br9GwZGkJEkRGonhXxR",["_name","node","__prefab"],2,1,4],["c4c1axXN+NL4oYQEr2M4qn2",["_dataID","node","__prefab"],2,1,4],["cc.Animation",["_name","playOnLoad","node","__prefab","_clips","_defaultClip"],1,1,4,3,6]],[[10,0,2],[12,0,1,2,2],[8,1,2,3,1],[8,0,1,2,3,2],[15,0,1,2,2],[0,0,1,4,6,2,3,5,3],[0,0,1,4,2,3,3],[0,0,1,4,2,3,5,3],[1,0,2,5,1,9,10,5],[2,0,1,5,6,7,3],[13,0,1,2,3],[14,0,1,2,2],[9,0,2],[0,0,1,6,2,3,3],[0,0,1,6,2,3,5,3],[0,0,1,2,3,5,3],[0,0,1,4,6,2,3,7,3],[0,0,1,4,2,3,8,3],[0,0,1,4,2,3,5,9,8,7,3],[0,0,1,4,2,3,9,7,3],[7,0,1,3,7,4,5,6,3],[7,0,2,1,3,4,5,6,4],[1,6,0,3,1,9,10,5],[1,6,0,4,1,9,10,5],[1,0,4,7,2,1,9,10,6],[1,0,8,1,9,10,4],[1,0,4,7,8,3,2,5,1,9,10,9],[1,0,3,1,9,10,4],[11,0,1,2,3,4,1],[3,3,4,5,1],[3,0,1,2,3,4,6,5,7,8,9,10,11,4],[3,0,1,2,3,4,6,5,7,4],[2,2,3,0,1,5,6,7,5],[2,4,3,0,5,6,7,4],[2,0,1,5,6,8,7,3],[2,4,3,0,1,5,6,7,5],[2,2,0,1,5,6,7,4],[2,2,0,1,5,6,4],[4,1,0,2,7,8,4],[4,1,3,0,4,5,2,7,8,7],[4,3,0,6,7,8,4],[5,2,0,4,1,3,8,9,10,6],[5,0,1,5,8,9,10,4],[5,2,0,1,3,6,7,8,9,10,7],[16,0,1,2,3,4,5,3]],[[[{"name":"fightImgLight","rect":{"x":0,"y":0,"width":482,"height":482},"offset":{"x":0,"y":0},"originalSize":{"width":482,"height":482},"rotated":false,"capInsets":[0,0,0,0],"packable":true}],[6],0,[0],[2],[2]],[[{"name":"fightImgStar","rect":{"x":0,"y":0,"width":349,"height":282},"offset":{"x":0,"y":0},"originalSize":{"width":349,"height":282},"rotated":false,"capInsets":[0,0,0,0],"packable":true}],[6],0,[0],[2],[3]],[[[12,"trial"],[13,"trial",33554432,[-9,-10,-11],[[2,-2,[0,"3cyGCaJGFIAJ3A9L8T5fxQ"],[5,720,1280]],[8,45,100,100,1,-3,[0,"b493d5TjtMnKnlIA93EnwO"]],[28,-7,[0,"9dAkgnYWFCK7OIRvF8liMn"],-6,-5,-4],[29,-8,[0,"8bnI2rw+dHZLrR5GCfYXs7"],[4,4292269782]]],[1,"3eeCHJYJxOu6puQ0hGBZr6",-1,0]],[14,"btnTrial",33554432,[-20,-21],[[3,"btnTrial<UITransform>",-12,[0,"c3M2oM3lxKopR1Z8FB+wyl"],[5,132,88]],[32,"btnTrial<Sprite>",1,0,false,-13,[0,"be7lWabbNMFpCk9XBDbDjh"],8],[30,"btnTrial<Button>",3,0.85,-15,[0,"3aRHjHZW1KoI9WOWmWD2Cr"],[[10,"5bf756By5JOmoKbG0aoUzq6","onBtnTrialClick",1]],[4,4292269782],-14,9,10,11,12],[22,"btnTrial<Widget>",4,70.4,1,-16,[0,"c4MLZxGSNFCr14M/hlJ5fK"]],[38,"btnTrial<Layout>",1,10,-17,[0,"97++q4J2lEMrLWGNEtupK9"]],[11,"btnTrial<btnAdapter>",-18,[0,"0eb0RZcPdDuqjBoaS5b1ai"]],[39,"btnTrial<Layout>",1,1,10,10,20,-19,[0,"3fH2nmIiNOWLiZdJCAeE10"]]],[1,"2d2fcCMEdPHYln6oCVHKop",1,0],[1,0,35.2,0]],[15,"btnClose",33554432,[[3,"btnNormal<UITransform>",-22,[0,"b6gByhaOtDBYHZKvctYOZc"],[5,270,50.4]],[41,"btnNormal<Label>","放弃使用，开始游戏",0,30,30,-23,[0,"82HD7ObcRK7rxCov4ej8KE"],[4,4289374632]],[31,"btnNormal<Button>",3,0.85,-25,[0,"7bmDi5XQ9LlIFUsc2OXhzG"],[[10,"5bf756By5JOmoKbG0aoUzq6","onBtnCloseClick",1]],[4,4292269782],-24],[23,"btnNormal<Widget>",4,300,1,-26,[0,"21YTthzyVJTLCeegLyWP+2"]],[11,"btnClose<btnAdapter>",-27,[0,"caG5bX3y5NE6l1AY6Awd97"]],[4,"trial.giveUp",-28,[0,"5aCkC3r9ZOLrWke9k3P8n/"]]],[1,"fb7YGkU35EdL64/ca6YrVF",1,0],[1,0,-54,0]],[5,"frame",33554432,1,[-32,-33,-34],[[2,-29,[0,"c2/sN4I3VI+ae+NClcNHkG"],[5,580,415]],[33,false,1,0,-30,[0,"53EizSoWJP97NLCwRX530N"],7],[24,40,70,70,100,1,-31,[0,"6bxJweiuxJfISWOvcLfwHf"]]],[1,"3bz6BVNchOd5541UJfYIYW",1,0],[1,0,137,0]],[16,"carShow",33554432,4,[-37,-38,-39],[[2,-35,[0,"6dyoNqvCNJ5pRw92fz05qb"],[5,320,320]],[44,"carShow<Animation>",true,-36,[0,"e205ZlBCBFwZdiJVVHDckz"],[4],5]],[1,"a24gbwkdFKB6QENAPfgAia",1,0],[1,0,0,720]],[20,"menu",33554432,1,[2,3],[[[2,-40,[0,"90GeuK2BZI9IsyA1Kb9KBf"],[5,200,158.4]],[40,1,2,20,-41,[0,"02z4xuqBlOvIyPex6YLap3"]],-42],4,4,1],[1,"4caLINAWpGIY2di93ralii",1,0],[1,0,-302,0]],[5,"title",33554432,4,[-46],[[2,-43,[0,"108X+6jsNEaIBYmwjglvdK"],[5,482,124]],[9,2,false,-44,[0,"79zyqXbkpL1oNU5xVtSAKf"],6],[25,1,-97,1,-45,[0,"e8xu49DLdI35xBgFPu7VLX"]]],[1,"494aLCIjZJlLDvt/30mnoT",1,0],[1,-1.556,242.5,0]],[6,"bg",33554432,1,[[2,-47,[0,"8cVl8o9mFKiKf4ZBkIFNoH"],[5,720,1280]],[34,0,false,-48,[0,"98CsECngNNBZhGPnDrZL/l"],[4,3707764735],0],[8,45,100,100,1,-49,[0,"d9Jon/o5hLI669egI0qJWu"]]],[1,"5bN8QAi59IZrbJJcaeUPBW",1,0]],[6,"bg",33554432,4,[[2,-50,[0,"91HvI18vNDWrQjmqW4zGaL"],[5,540,375]],[35,false,1,0,false,-51,[0,"7b0lXpQ5xOi7J3qQ8ckGrm"],1],[26,45,20,20,20,20,100,100,1,-52,[0,"78R0+cfnJIJ6KN+gUY0vIo"]]],[1,"04JlOhVgxLwpqN1mdK6+kR",1,0]],[7,"txt",33554432,7,[[2,-53,[0,"9ftLM4GkhMjZk9ipQyd5eJ"],[5,160,60.48]],[42,"免费试用",40,48,-54,[0,"4fxtoJzG1GW680wsPBmZEX"],[4,4293327615]],[4,"trial.title",-55,[0,"e7oClAeVxPyIG2w6lcyvyn"]]],[1,"09OTTCS1RHLqOrA+cjIjol",1,0],[1,0,15,0]],[7,"txt",33554432,2,[[3,"txt<UITransform>",-56,[0,"61w1kWc7hCH6Vj8oTEVXkC"],[5,112,50.4]],[43,"txt<Label>","立即试用",28,28,false,true,-57,[0,"3dnVHLTVFG6oGtbcMMJ0FG"],[4,4279976099]],[4,"trial.tryItNow",-58,[0,"ffWqYiwj9ANYw6Yk3bmlnC"]]],[1,"7c9dJJe39ED7QNYgKkSON1",1,0],[1,1.99,0,0]],[17,"light",33554432,5,[[3,"light<UITransform>",-59,[0,"8eU33ruG1PJoUl+R/3DLmP"],[5,482,482]],[36,"light<Sprite>",2,false,-60,[0,"b8Xh/ZYXNIL6RmEUao19GE"],2]],[1,"09rXLh+TpI/53JG/UiNkB/",1,0],[1,1.2,1.2,1]],[18,"car",33554432,5,[[2,-61,[0,"894u30SWVI/aEYsaoju2wB"],[5,320,320]]],[1,"16KpemNklHXYWhmNtF5P8e",1,0],[1,0,-33,40],[3,0.022441021635427605,0.9525423816496932,0.14982690691616027,0.2640289940007063],[1,2,2,2],[1,-16,150,7]],[19,"star",33554432,5,[[2,-62,[0,"efMCPtT+dPbY6UTbCrTvEA"],[5,349,282]],[9,2,false,-63,[0,"f3FjT952BHtpv2FwHpVuBj"],3]],[1,"7b8Za9HiJJkrquR7Z9R7+r",1,0],[3,0,0,-0.9972160348736335,0.07456661311141893],[1,0,0,-171.44735732525993]],[21,"icon",false,33554432,2,[[[3,"icon<UITransform>",-64,[0,"08VDZrNHZH4Zzq6Gz2S0HR"],[5,58,40]],-65],4,1],[1,"d3jRc/LnlGboaKNnIjBMGW",1,0],[1,-66,0,0]],[37,"icon<Sprite>",2,false,15,[0,"73MA95SRhI/5lgB0puODQ3"]],[27,4,258.8,1,6,[0,"3dwJ/XFk5FFISiNIwiqsNj"]]],0,[0,5,1,0,0,1,0,0,1,0,6,16,0,7,17,0,8,13,0,0,1,0,0,1,0,-1,8,0,-2,4,0,-3,6,0,0,2,0,0,2,0,3,2,0,0,2,0,0,2,0,0,2,0,0,2,0,0,2,0,-1,15,0,-2,11,0,0,3,0,0,3,0,3,3,0,0,3,0,0,3,0,0,3,0,0,3,0,0,4,0,0,4,0,0,4,0,-1,9,0,-2,5,0,-3,7,0,0,5,0,0,5,0,-1,12,0,-2,13,0,-3,14,0,0,6,0,0,6,0,-3,17,0,0,7,0,0,7,0,0,7,0,-1,10,0,0,8,0,0,8,0,0,8,0,0,9,0,0,9,0,0,9,0,0,10,0,0,10,0,0,10,0,0,11,0,0,11,0,0,11,0,0,12,0,0,12,0,0,13,0,0,14,0,0,14,0,0,15,0,-2,16,0,9,1,2,4,6,3,4,6,65],[0,0,0,0,0,0,0,0,0,0,0,0,0,16],[1,1,1,1,-1,10,1,1,1,11,12,13,14,1],[4,5,6,7,0,0,8,9,1,1,10,11,12,13]]]]
