{"version":1,"document":[{"__type__":"cc.AnimationClip","_name":"neutral-spawn","_objFlags":0,"_native":"","sample":60,"speed":1,"wrapMode":1,"enableTrsBlending":false,"_duration":0.48333333333333334,"_hash":500763545,"_tracks":[{"__id__":1}],"_exoticAnimation":null,"_events":[]},{"__type__":"cc.animation.ObjectTrack","_binding":{"__type__":"cc.animation.TrackBinding","path":{"__id__":2}},"_channel":{"__id__":4}},{"__type__":"cc.animation.TrackPath","_paths":[{"__id__":3},"spriteFrame"]},{"__type__":"cc.animation.ComponentPath","component":"cc.Sprite"},{"__type__":"cc.animation.Channel","_curve":{"__id__":5}},{"__type__":"cc.ObjectCurve","_times":[0,0.11666666666666667,0.23333333333333334,0.35,0.4666666666666667],"_values":[{"__uuid__":"aa0412b1-6540-4d18-b11a-a55129e35fa5@f9941","__expectedType__":"cc.Asset"},{"__uuid__":"5b756cd2-d0cd-4063-992c-10616223f076@f9941","__expectedType__":"cc.Asset"},{"__uuid__":"ddddba7f-2168-401b-8436-41b6fdf96d8e@f9941","__expectedType__":"cc.Asset"},{"__uuid__":"e119f0ba-49a5-4f28-b460-97f8728fe58b@f9941","__expectedType__":"cc.Asset"},{"__uuid__":"3f535f46-f4d5-405e-897d-e1f2e21926e4@f9941","__expectedType__":"cc.Asset"}]}],"chunks":[]}
