[1,["3d0c975f-ba58-4552-bedc-198eb0b4199b@6c48a","3d0c975f-ba58-4552-bedc-198eb0b4199b@f9941"],["_textureSource","spriteFrame"],["cc.SpriteFrame",["cc.BitmapFont",["_name","fontSize","fntConfig"],0]],[[1,0,1,2,4]],[[[{"name":"number","rect":{"x":0,"y":0,"width":253,"height":160},"offset":{"x":-1.5,"y":48},"originalSize":{"width":256,"height":256},"rotated":false,"capInsets":[0,0,0,0],"packable":true}],[0],0,[0],[0],[0]],[[[0,"number",64,{"commonHeight":80,"fontSize":64,"atlasName":"number.png","fontDefDictionary":{"0":{"xOffset":4,"yOffset":11,"xAdvance":66,"rect":{"x":171,"y":104,"width":56,"height":56}},"10":{"xOffset":-2,"yOffset":0,"xAdvance":2,"rect":{"x":0,"y":0,"width":0,"height":0}},"32":{"xOffset":-2,"yOffset":0,"xAdvance":16,"rect":{"x":0,"y":0,"width":0,"height":0}},"42":{"xOffset":1,"yOffset":13,"xAdvance":48,"rect":{"x":0,"y":104,"width":44,"height":43}},"43":{"xOffset":2,"yOffset":17,"xAdvance":49,"rect":{"x":183,"y":53,"width":43,"height":43}},"45":{"xOffset":0,"yOffset":30,"xAdvance":29,"rect":{"x":226,"y":53,"width":27,"height":18}},"48":{"xOffset":1,"yOffset":12,"xAdvance":49,"rect":{"x":44,"y":0,"width":44,"height":53}},"49":{"xOffset":1,"yOffset":13,"xAdvance":40,"rect":{"x":173,"y":0,"width":37,"height":51}},"50":{"xOffset":0,"yOffset":13,"xAdvance":43,"rect":{"x":210,"y":0,"width":40,"height":51}},"51":{"xOffset":1,"yOffset":13,"xAdvance":43,"rect":{"x":0,"y":53,"width":40,"height":51}},"52":{"xOffset":2,"yOffset":13,"xAdvance":47,"rect":{"x":40,"y":53,"width":41,"height":51}},"53":{"xOffset":1,"yOffset":13,"xAdvance":43,"rect":{"x":81,"y":53,"width":40,"height":51}},"54":{"xOffset":1,"yOffset":13,"xAdvance":46,"rect":{"x":88,"y":0,"width":43,"height":52}},"55":{"xOffset":0,"yOffset":13,"xAdvance":42,"rect":{"x":121,"y":53,"width":39,"height":51}},"56":{"xOffset":1,"yOffset":12,"xAdvance":48,"rect":{"x":0,"y":0,"width":44,"height":53}},"57":{"xOffset":1,"yOffset":12,"xAdvance":46,"rect":{"x":131,"y":0,"width":42,"height":52}},"58":{"xOffset":1,"yOffset":18,"xAdvance":27,"rect":{"x":160,"y":53,"width":23,"height":46}},"61":{"xOffset":2,"yOffset":21,"xAdvance":49,"rect":{"x":85,"y":104,"width":43,"height":36}},"126":{"xOffset":2,"yOffset":28,"xAdvance":49,"rect":{"x":128,"y":104,"width":43,"height":19}},"215":{"xOffset":3,"yOffset":19,"xAdvance":49,"rect":{"x":44,"y":104,"width":41,"height":40}}},"kerningDict":{"2818097":-1,"2818099":-1,"2818103":-1,"2818104":-1,"2949169":-1,"2949171":-1,"2949175":-1,"3211306":-1,"3211307":-1,"3211309":-3,"3211316":-2,"3211325":-1,"3211479":-1,"3342388":-1,"3342391":-1,"3473463":-1,"3538996":-1,"3538999":-1,"3670059":-1,"3670067":-1,"3670068":-1,"3670071":-1,"3670077":-1,"3670231":-1,"3997745":-1,"3997747":-1,"3997751":-1,"3997752":-1,"14090289":-1,"14090291":-1,"14090295":-1,"14090296":-1}}]],0,0,[0],[1],[1]]]]
