{"version":1,"document":[{"__type__":"cc.AnimationClip","_name":"lv5-walk","_objFlags":0,"_native":"","sample":60,"speed":1,"wrapMode":2,"enableTrsBlending":false,"_duration":1.2666666666666666,"_hash":500763545,"_tracks":[{"__id__":1},{"__id__":6}],"_exoticAnimation":null,"_events":[]},{"__type__":"cc.animation.ObjectTrack","_binding":{"__type__":"cc.animation.TrackBinding","path":{"__id__":2}},"_channel":{"__id__":4}},{"__type__":"cc.animation.TrackPath","_paths":[{"__id__":3},"spriteFrame"]},{"__type__":"cc.animation.ComponentPath","component":"cc.Sprite"},{"__type__":"cc.animation.Channel","_curve":{"__id__":5}},{"__type__":"cc.ObjectCurve","_times":[0,0.25,0.5,0.75,1,1.25],"_values":[{"__uuid__":"18d9b63f-9e7d-468b-a406-007aa9b30c84@f9941","__expectedType__":"cc.Asset"},{"__uuid__":"268f2caa-28cc-4a66-9327-42865c2719e8@f9941","__expectedType__":"cc.Asset"},{"__uuid__":"ca956309-04c3-4add-8ca5-7b7dd0201f76@f9941","__expectedType__":"cc.Asset"},{"__uuid__":"6a656494-3a0a-492a-8ea7-572ccf23d6ba@f9941","__expectedType__":"cc.Asset"},{"__uuid__":"76975b80-8ab1-4670-8982-c4e30a8c30bb@f9941","__expectedType__":"cc.Asset"},{"__uuid__":"f38cdb03-6890-41cc-a8b2-965985cc737b@f9941","__expectedType__":"cc.Asset"}]},{"__type__":"cc.animation.SizeTrack","_binding":{"__type__":"cc.animation.TrackBinding","path":{"__id__":7}},"_channels":[{"__id__":9},{"__id__":11}]},{"__type__":"cc.animation.TrackPath","_paths":[{"__id__":8},"contentSize"]},{"__type__":"cc.animation.ComponentPath","component":"cc.UITransform"},{"__type__":"cc.animation.Channel","_curve":{"__id__":10}},{"__type__":"cc.RealCurve","bytes":{"__type__":"TypedArrayRef","ctor":"Uint8Array","offset":0,"length":26}},{"__type__":"cc.animation.Channel","_curve":{"__id__":12}},{"__type__":"cc.RealCurve","bytes":{"__type__":"TypedArrayRef","ctor":"Uint8Array","offset":26,"length":26}}],"chunks":[".bin"]}
