[1,["251e75b3-04a5-48f7-8810-bef4064f424f","2b3b6d76-63ab-42cd-9b96-12f3380dd51f","24a704da-2867-446d-8d1a-5e920c75e09d@6c48a","f9869f56-3214-42b5-b5a8-bdb3d7419086@f9941","23335c91-875e-4ffd-89d7-110c4c5c134b@f9941","c3538103-e6a7-45f3-ae68-136db22df609@f9941","9fd900dd-221b-4f89-8f2c-fba34243c835@f9941","fb81e113-6d43-4901-9ee7-8131cf4c4048@f9941","0b81c192-4fc3-4882-a049-1f1343946237@f9941","c2cd0fa1-cbb3-4989-a4e7-98c96da263d8@f9941","6ebffdfe-9f7e-4ac2-9a18-5a2df661b1c1","24ba2be1-8743-427f-a43a-7438e2191ecc","24a704da-2867-446d-8d1a-5e920c75e09d@f9941","9fd900dd-221b-4f89-8f2c-fba34243c835@6c48a"],["node","_spriteFrame","_font","_textureSource","root","labelTime","progressBar","data","_parent","asset","value"],[["cc.Node",["_name","_layer","_active","_objFlags","__editorExtras__","_prefab","_components","_parent","_lpos","_children"],-2,4,9,1,5,2],["cc.Widget",["_alignFlags","_originalHeight","_bottom","_top","_left","_originalWidth","node","__prefab"],-3,1,4],["cc.Sprite",["_sizeMode","_type","node","__prefab","_spriteFrame","_color"],1,1,4,6,5],["cc.Label",["_string","_actualFontSize","_fontSize","_lineHeight","_isSystemFontUsed","_horizontalAlign","_overflow","node","__prefab","_color","_font"],-4,1,4,5,6],"cc.SpriteFrame",["cc.Node",["_name","_layer","_parent","_components","_prefab","_lpos","_children"],1,1,12,4,5,2],["cc.UITransform",["node","__prefab","_contentSize","_anchorPoint"],3,1,4,5,5],["cc.PrefabInfo",["fileId","root","asset","nestedPrefabInstanceRoots"],2,1,1,2],["cc.Prefab",["_name"],2],["cc.CompPrefabInfo",["fileId"],2],["2405fX3EmhOqLxXcFJAVU2Z",["node","__prefab","progressBar","labelTime"],3,1,4,1,1],["cc.PrefabInfo",["fileId","root","instance","asset"],2,1,4,6],["cc.TargetInfo",["localID"],2],["cc.PrefabInstance",["fileId","prefabRootNode","propertyOverrides"],2,1,9],["CCPropertyOverrideInfo",["value","propertyPath","targetInfo"],1,1],["CCPropertyOverrideInfo",["propertyPath","targetInfo","value"],2,1,8],["CCPropertyOverrideInfo",["propertyPath","targetInfo","value"],2,4,8],["CCPropertyOverrideInfo",["propertyPath","targetInfo","value"],2,1,6],["cc.ProgressBar",["_totalLength","_progress","node","__prefab","_barSprite"],1,1,4,1]],[[9,0,2],[6,0,1,2,1],[7,0,1,2,2],[0,0,1,7,6,5,8,3],[14,0,1,2,3],[12,0,2],[2,0,2,3,4,2],[3,0,1,2,3,4,7,8,9,10,6],[15,0,1,2,2],[0,0,2,1,7,6,5,8,4],[1,0,5,1,6,7,4],[2,1,0,2,3,4,3],[0,0,1,7,9,6,5,8,3],[0,0,1,7,6,5,3],[5,0,1,2,3,4,5,3],[3,0,5,1,2,3,6,4,7,8,9,10,8],[16,0,1,2,2],[8,0,2],[0,0,9,6,5,2],[0,0,1,9,6,5,8,3],[0,0,2,1,7,9,6,5,8,4],[0,3,4,7,5,3],[5,0,1,2,6,3,4,5,3],[6,0,1,2,3,1],[10,0,1,2,3,1],[1,0,2,6,7,3],[1,0,3,2,1,6,7,5],[1,0,4,6,7,3],[1,0,4,3,6,7,4],[1,0,4,3,2,5,1,6,7,7],[7,0,1,2,3,2],[11,0,1,2,3,2],[2,1,0,2,3,5,3],[3,0,5,1,2,3,6,4,7,8,9,8],[13,0,1,2,2],[17,0,1,2,2],[18,0,1,2,3,4,3]],[[[{"name":"default_progressbar","rect":{"x":0,"y":0,"width":30,"height":15},"offset":{"x":0,"y":0},"originalSize":{"width":30,"height":15},"rotated":false,"capInsets":[10,4,10,4],"packable":true}],[4],0,[0],[3],[2]],[[[17,"Lobby"],[18,"Lobby",[-8,-9,-10,-11],[[1,-3,[0,"bcxmL9vrdPGKb3CpiAMr4n"],[5,750,1334]],[24,-6,[0,"6089tDFUZCzo7gWGIZktNs"],-5,-4],[10,45,100,100,-7,[0,"cdOjPg7Z1Iq6SO5bflg7AV"]]],[30,"9aZ+osvU1FI4WgsemFTGmV",-2,0,[-1]]],[19,"content",33554432,[-13,-14,-15,-16,-17],[[1,-12,[0,"4cXKQzMX1Gz7WX1vSJv/Vv"],[5,690,100]]],[2,"4fGyL8UfFJI4bHYOK7N5Gm",1,0],[1,0,-65.803,0]],[12,"bottom-panel",33554432,1,[-20,-21,-22,-23],[[1,-18,[0,"157eVHLsJK3K1ZhfP18sSI"],[5,700,114]],[25,4,84,-19,[0,"42sZKbumlOpYeKrxe9CMLc"]]],[2,"0aobS95hxC8IixMB0+V+//",1,0],[1,0,-526,0]],[5,["77UjVtOa9Gd6571CwtMlRi"]],[20,"player-counter",false,33554432,2,[-25,-26,-27,-28],[[1,-24,[0,"9392ToxHJCoq4eeqb8XU46"],[5,360.63,200]]],[2,"42Y7nkjhNHzLuc50XLU+9+",1,0],[1,0,-56.84,0]],[12,"panel",33554432,1,[2],[[1,-29,[0,"2aTvg/WLBISrK+/Ha3neln"],[5,722,806.685]],[11,1,0,-30,[0,"04f1JqF3NBpJPtip906Ifo"],8],[26,21,270.932,256.38300000000004,1088,-31,[0,"d4r7d3h+9NOpYBUjcePmqj"]]],[2,"3fgzvoRXlJk5VMnygk2H45",1,0],[1,0,-7.274499999999989,0]],[22,"ProgressBar",33554432,5,[-35],[[[1,-32,[0,"234YuhY+xAp5K9DkRbLxkE"],[5,300,30]],[11,1,0,-33,[0,"eeB8zmLx1NhrsotNZ8fYH3"],6],-34],4,4,1],[2,"e2yo9H2OtI4qlR4HDeJ+52",1,0],[1,72.50299999999999,-17.341000000000008,0]],[13,"background",33554432,1,[[1,-36,[0,"7cxhscZYpJb4uQA6jB/ErX"],[5,750,1334]],[6,0,-37,[0,"fasRl6MitB/rgCXvUKzhL3"],0],[10,45,100,100,-38,[0,"85OlSji1hEWrs/x/kRbpLx"]]],[2,"3bVZNST31IQKFizuofZIfZ",1,0]],[13,"bg",33554432,3,[[1,-39,[0,"38IKjfvaZFL4ZVUIY/NMx3"],[5,700,114]],[11,1,0,-40,[0,"2dpJTTYTVAb6Fm2Q6zItKG"],9],[10,45,20,20,-41,[0,"d36OaX1/5EiaCIdwztNiRW"]]],[2,"2abMN+EPdMh7gOgut+v8Sf",1,0]],[3,"momo-standing",33554432,3,[[1,-42,[0,"48ALcQ7s9AG4yg2PsC7kC+"],[5,72,92]],[6,0,-43,[0,"845YNDVZRPYLoq7twF0fPD"],10],[27,10,36,-44,[0,"3aKkaRyMdDcaHHyrnBkV1N"]]],[2,"39XxhiCK1GpbWinjMRq9j+",1,0],[1,-278,0,0]],[9,"title",false,33554432,3,[[1,-45,[0,"a9MoWQSgNOWLMSSQc1nrZ2"],[5,72.63,28]],[7,"Gợi ý:",28,28,28,false,-46,[0,"edE522x3dDN740QOody0sg"],[4,4280624531],11],[28,9,158.42000000000002,15.754999999999995,-47,[0,"58WkuChZJATK0x3C/MY1o/"]]],[2,"43F+0104ZLZJOEh1aGMaoX",1,0],[1,-155.265,27.245000000000005,0]],[3,"sub-title",33554432,3,[[1,-48,[0,"d7SNuDzlZMH5yiBZ1BLHbP"],[5,552,109.927]],[15,"Gợi ý: Thời gian hồi của kỹ năng là 10 giây. \nHãy sử dụng một cách thông minh!",0,24,24,30,1,false,-49,[0,"bfo4rY8zpBzaNpyMBRO8Cg"],[4,4278190218],12],[29,45,148,2.0364999999999966,2.0364999999999966,521.625,109.927,-50,[0,"a93qJaeE1LWLYuoe80fw2q"]]],[2,"bdpMkhmsVEJ5fVisrA/Y8m",1,0],[1,74,0,0]],[5,["7eQvXzTHdLyaGI92vMSlct"]],[3,"momo-sit-down",33554432,2,[[1,-51,[0,"6fZTHzLVBDz4o7SAZvUjGV"],[5,268,238]],[6,0,-52,[0,"89Xs4zJn9O8o1Z8udJhcPF"],1]],[2,"b830ElxttGsLpX8fQnsm8L",1,0],[1,0,182.264,0]],[3,"title",33554432,2,[[1,-53,[0,"57VC6YDyVKGIHyWxGMhAYx"],[5,266.93,28]],[7,"Đang tìm trận đấu ... ",28,28,28,false,-54,[0,"bdFtU91TVEzpBVUlmgmjOr"],[4,4278190218],2]],[2,"ffrEWiGblLJqqJxQgipk1x",1,0],[1,0,29.16,0]],[3,"icon",33554432,5,[[1,-55,[0,"c6Mc8vdhJAnpDE3bLFqX6V"],[5,80,80]],[6,0,-56,[0,"82rKVjBXxM2J7/Ej22RJaR"],3]],[2,"17hjqNoTtCsr9pDxwyskBe",1,0],[1,-140.315,-10,0]],[9,"label",false,33554432,5,[[1,-57,[0,"b2ldGKEQ9I5L4du3gZdaGu"],[5,212.5,50]],[7,"Đang chờ",50,50,50,false,-58,[0,"4chW7e5cVBdqQ5QaGsWIdT"],[4,4280624531],4]],[2,"ef7wx6VctJz4lc9hDw84JU",1,0],[1,25.935000000000002,-4.648,0]],[9,"time",false,33554432,5,[[1,-59,[0,"32cwaE3CpEZKxhSlkefO+u"],[5,118.75,50]],[15,"5",0,50,50,50,1,false,-60,[0,"66jhoqXGxP/qkATQaduPuV"],[4,4280624531],5]],[2,"1e60M7TlFK/KR+AFOnZcQC",1,0],[1,206.53,-4.648,0]],[14,"Bar",33554432,7,[[[23,-61,[0,"1d2Ay6a21Nwb3qNGvsQIPA"],[5,0,30],[0,0,0.5]],-62],4,1],[2,"0eAHxnAdFHprY6hWUe2jxX",1,0],[1,-150,0,0]],[14,"title-001",33554432,2,[[[1,-63,[0,"7bVYaDgvpLs6tRFyr7QrvB"],[5,113.451,28]],-64],4,1],[2,"f7Ihg/2a9G1ZtueVHPXoXJ",1,0],[1,194.27450000000002,29.16,0]],[3,"title-002",33554432,2,[[1,-65,[0,"4cj8usb5lFP6qxc9xwLcfl"],[5,502,28]],[7,"Vui lòng chờ đủ người chơi để bắt đầu",28,28,28,false,-66,[0,"3ek4P+vKtPAKgxZwVOg+jT"],[4,4278190218],7]],[2,"97sPNv+ihEd6CiOWW6d8jO",1,0],[1,0,-16.696,0]],[21,0,null,1,[31,"7eQvXzTHdLyaGI92vMSlct",-67,[34,"e8D4/89V9JK6S6cYyTJObl",1,[[4,"TopbarNormal",["_name"],13],[8,["_lpos"],13,[1,0,545,0]],[8,["_lrot"],13,[3,0,0,0,1]],[8,["_euler"],13,[1,0,0,0]],[4,"Trò chơi sinh tồn",["_string"],4],[16,["_contentSize"],[5,["f9h34Hk5dC4asFQKTCQmJz"]],[5,385.94,50]],[4,50,["_fontSize"],4],[4,50,["_actualFontSize"],4],[4,50,["_lineHeight"],4],[4,1,["_horizontalAlign"],4],[8,["_color"],4,[4,4289388031]],[35,["_font"],4,14],[16,["_lpos"],[5,["f4wmkd8JZCroqNk+eFLAhn"]],[1,0,8,0]]]],13]],[32,1,0,19,[0,"6dBrhSGZtCz43KqmlUw96c"],[4,4282203550]],[36,300,0,7,[0,"6d6Pu6gghBI5Jj7xqwh80V"],23],[33,"7s",0,28,28,28,1,false,20,[0,"2clEluISJDAIm/s4yQJWlK"],[4,4278190218]]],0,[0,-1,22,0,4,1,0,0,1,0,5,25,0,6,24,0,0,1,0,0,1,0,-1,8,0,-2,6,0,-3,3,0,-4,22,0,0,2,0,-1,14,0,-2,15,0,-3,5,0,-4,20,0,-5,21,0,0,3,0,0,3,0,-1,9,0,-2,10,0,-3,11,0,-4,12,0,0,5,0,-1,16,0,-2,17,0,-3,18,0,-4,7,0,0,6,0,0,6,0,0,6,0,0,7,0,0,7,0,-3,24,0,-1,19,0,0,8,0,0,8,0,0,8,0,0,9,0,0,9,0,0,9,0,0,10,0,0,10,0,0,10,0,0,11,0,0,11,0,0,11,0,0,12,0,0,12,0,0,12,0,0,14,0,0,14,0,0,15,0,0,15,0,0,16,0,0,16,0,0,17,0,0,17,0,0,18,0,0,18,0,0,19,0,-2,23,0,0,20,0,-2,25,0,0,21,0,0,21,0,4,22,0,7,1,2,8,6,67],[0,0,0,0,0,0,0,0,0,0,0,0,0,0,0,23,25],[1,1,2,1,2,2,1,2,1,1,1,2,2,9,10,1,2],[3,4,1,5,0,0,6,1,7,8,9,0,10,11,0,12,1]],[[{"name":"default_progressbar_bg","rect":{"x":0,"y":0,"width":60,"height":15},"offset":{"x":0,"y":0},"originalSize":{"width":60,"height":15},"rotated":false,"capInsets":[10,4,10,4],"packable":true}],[4],0,[0],[3],[13]]]]
