[1,["1733e30df@6c48a"],["_textureSource"],["cc.SpriteFrame"],0,[[[{"name":"suggest-bg","rect":{"x":3,"y":655,"width":686,"height":114},"offset":{"x":0,"y":0},"originalSize":{"width":686,"height":114},"rotated":false,"capInsets":[27,21,20,17],"packable":true}],[0],0,[0],[0],[0]],[[{"name":"topBar","rect":{"x":3,"y":3,"width":750,"height":244},"offset":{"x":0,"y":0},"originalSize":{"width":750,"height":244},"rotated":false,"capInsets":[0,0,0,0],"packable":true}],[0],0,[0],[0],[0]],[[{"name":"btn-bg-3","rect":{"x":320,"y":535,"width":329,"height":94},"offset":{"x":-0.5,"y":0},"originalSize":{"width":332,"height":96},"rotated":false,"capInsets":[41,0,40,0],"packable":true}],[0],0,[0],[0],[0]],[[{"name":"endgame-icon","rect":{"x":3,"y":253,"width":311,"height":317},"offset":{"x":-5.5,"y":9.5},"originalSize":{"width":336,"height":336},"rotated":false,"capInsets":[0,0,0,0],"packable":true}],[0],0,[0],[0],[0]],[[{"name":"border","rect":{"x":695,"y":655,"width":188,"height":104},"offset":{"x":0,"y":0},"originalSize":{"width":188,"height":104},"rotated":true,"capInsets":[29,29,34,22],"packable":true}],[0],0,[0],[0],[0]],[[{"name":"coin","rect":{"x":805,"y":715,"width":52,"height":54},"offset":{"x":0,"y":1},"originalSize":{"width":56,"height":56},"rotated":true,"capInsets":[0,0,0,0],"packable":true}],[0],0,[0],[0],[0]],[[{"name":"btn-bg","rect":{"x":3,"y":775,"width":583,"height":74},"offset":{"x":0.5,"y":0},"originalSize":{"width":584,"height":76},"rotated":false,"capInsets":[20,10,20,10],"packable":true}],[0],0,[0],[0],[0]],[[{"name":"BGtooltip","rect":{"x":759,"y":3,"width":646,"height":104},"offset":{"x":0,"y":0},"originalSize":{"width":646,"height":104},"rotated":true,"capInsets":[0,0,0,0],"packable":true}],[0],0,[0],[0],[0]],[[{"name":"man-icon","rect":{"x":805,"y":655,"width":54,"height":54},"offset":{"x":0,"y":0},"originalSize":{"width":80,"height":80},"rotated":false,"capInsets":[0,0,0,0],"packable":true}],[0],0,[0],[0],[0]],[[{"name":"btn-bg-2","rect":{"x":655,"y":253,"width":329,"height":92},"offset":{"x":-0.5,"y":0},"originalSize":{"width":332,"height":96},"rotated":true,"capInsets":[44,0,44,0],"packable":true}],[0],0,[0],[0],[0]],[[{"name":"btnBack","rect":{"x":592,"y":775,"width":64,"height":64},"offset":{"x":0,"y":0},"originalSize":{"width":64,"height":64},"rotated":false,"capInsets":[0,0,0,0],"packable":true}],[0],0,[0],[0],[0]],[[{"name":"candy","rect":{"x":805,"y":773,"width":48,"height":47},"offset":{"x":0,"y":-0.5},"originalSize":{"width":48,"height":48},"rotated":false,"capInsets":[0,0,0,0],"packable":true}],[0],0,[0],[0],[0]],[[{"name":"joystick-bg","rect":{"x":320,"y":253,"width":276,"height":276},"offset":{"x":0,"y":0},"originalSize":{"width":276,"height":276},"rotated":false,"capInsets":[0,0,0,0],"packable":true}],[0],0,[0],[0],[0]]]]
