[1,["14355394-1062-4f54-b0be-586aa096aea5@6c48a","14355394-1062-4f54-b0be-586aa096aea5@f9941"],["_textureSource","spriteFrame"],["cc.SpriteFrame",["cc.BitmapFont",["_name","fontSize","fntConfig"],0]],[[1,0,1,2,4]],[[[{"name":"Bungee-Regular","rect":{"x":0,"y":0,"width":255,"height":405},"offset":{"x":-0.5,"y":53.5},"originalSize":{"width":256,"height":512},"rotated":false,"capInsets":[0,0,0,0],"packable":true}],[0],0,[0],[0],[0]],[[[0,"Bungee-Regular",30,{"commonHeight":37,"fontSize":30,"atlasName":"Bungee-Regular.png","fontDefDictionary":{"0":{"xOffset":2,"yOffset":2,"xAdvance":30,"rect":{"x":20,"y":379,"width":26,"height":27}},"10":{"xOffset":-1,"yOffset":0,"xAdvance":0,"rect":{"x":0,"y":0,"width":0,"height":0}},"32":{"xOffset":-1,"yOffset":0,"xAdvance":7,"rect":{"x":0,"y":0,"width":0,"height":0}},"33":{"xOffset":1,"yOffset":3,"xAdvance":13,"rect":{"x":124,"y":331,"width":11,"height":24}},"34":{"xOffset":0,"yOffset":3,"xAdvance":19,"rect":{"x":144,"y":355,"width":20,"height":13}},"35":{"xOffset":0,"yOffset":3,"xAdvance":23,"rect":{"x":197,"y":331,"width":23,"height":24}},"36":{"xOffset":0,"yOffset":0,"xAdvance":20,"rect":{"x":178,"y":176,"width":20,"height":30}},"37":{"xOffset":0,"yOffset":3,"xAdvance":31,"rect":{"x":166,"y":331,"width":31,"height":24}},"38":{"xOffset":0,"yOffset":3,"xAdvance":23,"rect":{"x":220,"y":331,"width":24,"height":24}},"39":{"xOffset":0,"yOffset":3,"xAdvance":11,"rect":{"x":164,"y":355,"width":11,"height":13}},"40":{"xOffset":0,"yOffset":1,"xAdvance":13,"rect":{"x":238,"y":0,"width":13,"height":28}},"41":{"xOffset":0,"yOffset":1,"xAdvance":13,"rect":{"x":224,"y":176,"width":13,"height":28}},"42":{"xOffset":0,"yOffset":3,"xAdvance":21,"rect":{"x":82,"y":355,"width":21,"height":20}},"43":{"xOffset":1,"yOffset":5,"xAdvance":22,"rect":{"x":62,"y":355,"width":20,"height":20}},"44":{"xOffset":0,"yOffset":17,"xAdvance":12,"rect":{"x":175,"y":355,"width":11,"height":13}},"45":{"xOffset":0,"yOffset":11,"xAdvance":13,"rect":{"x":232,"y":355,"width":13,"height":8}},"46":{"xOffset":0,"yOffset":17,"xAdvance":12,"rect":{"x":186,"y":355,"width":11,"height":10}},"47":{"xOffset":-1,"yOffset":1,"xAdvance":10,"rect":{"x":242,"y":113,"width":13,"height":29}},"48":{"xOffset":0,"yOffset":3,"xAdvance":22,"rect":{"x":102,"y":331,"width":22,"height":24}},"49":{"xOffset":0,"yOffset":3,"xAdvance":18,"rect":{"x":173,"y":307,"width":18,"height":24}},"50":{"xOffset":0,"yOffset":3,"xAdvance":19,"rect":{"x":191,"y":307,"width":19,"height":24}},"51":{"xOffset":0,"yOffset":3,"xAdvance":19,"rect":{"x":210,"y":307,"width":19,"height":24}},"52":{"xOffset":0,"yOffset":3,"xAdvance":21,"rect":{"x":229,"y":307,"width":21,"height":24}},"53":{"xOffset":0,"yOffset":3,"xAdvance":19,"rect":{"x":0,"y":331,"width":20,"height":24}},"54":{"xOffset":0,"yOffset":3,"xAdvance":21,"rect":{"x":20,"y":331,"width":21,"height":24}},"55":{"xOffset":0,"yOffset":3,"xAdvance":19,"rect":{"x":41,"y":331,"width":19,"height":24}},"56":{"xOffset":0,"yOffset":3,"xAdvance":21,"rect":{"x":60,"y":331,"width":21,"height":24}},"57":{"xOffset":0,"yOffset":3,"xAdvance":21,"rect":{"x":81,"y":331,"width":21,"height":24}},"58":{"xOffset":0,"yOffset":6,"xAdvance":12,"rect":{"x":244,"y":331,"width":11,"height":21}},"59":{"xOffset":0,"yOffset":6,"xAdvance":12,"rect":{"x":155,"y":331,"width":11,"height":24}},"60":{"xOffset":1,"yOffset":5,"xAdvance":21,"rect":{"x":23,"y":355,"width":19,"height":21}},"61":{"xOffset":1,"yOffset":6,"xAdvance":22,"rect":{"x":124,"y":355,"width":20,"height":17}},"62":{"xOffset":1,"yOffset":5,"xAdvance":21,"rect":{"x":42,"y":355,"width":20,"height":21}},"63":{"xOffset":0,"yOffset":3,"xAdvance":20,"rect":{"x":135,"y":331,"width":20,"height":24}},"64":{"xOffset":0,"yOffset":1,"xAdvance":26,"rect":{"x":198,"y":176,"width":26,"height":29}},"65":{"xOffset":0,"yOffset":3,"xAdvance":22,"rect":{"x":135,"y":207,"width":22,"height":24}},"66":{"xOffset":1,"yOffset":3,"xAdvance":22,"rect":{"x":157,"y":207,"width":21,"height":24}},"67":{"xOffset":0,"yOffset":3,"xAdvance":19,"rect":{"x":178,"y":207,"width":19,"height":24}},"68":{"xOffset":1,"yOffset":3,"xAdvance":22,"rect":{"x":197,"y":207,"width":21,"height":24}},"69":{"xOffset":1,"yOffset":3,"xAdvance":20,"rect":{"x":218,"y":207,"width":19,"height":24}},"70":{"xOffset":1,"yOffset":3,"xAdvance":19,"rect":{"x":237,"y":207,"width":18,"height":24}},"71":{"xOffset":0,"yOffset":3,"xAdvance":21,"rect":{"x":0,"y":235,"width":21,"height":24}},"72":{"xOffset":1,"yOffset":3,"xAdvance":23,"rect":{"x":21,"y":235,"width":21,"height":24}},"73":{"xOffset":0,"yOffset":3,"xAdvance":18,"rect":{"x":42,"y":235,"width":18,"height":24}},"74":{"xOffset":0,"yOffset":3,"xAdvance":21,"rect":{"x":60,"y":235,"width":20,"height":24}},"75":{"xOffset":1,"yOffset":3,"xAdvance":22,"rect":{"x":80,"y":235,"width":21,"height":24}},"76":{"xOffset":1,"yOffset":3,"xAdvance":21,"rect":{"x":101,"y":235,"width":20,"height":24}},"77":{"xOffset":1,"yOffset":3,"xAdvance":25,"rect":{"x":121,"y":235,"width":24,"height":24}},"78":{"xOffset":1,"yOffset":3,"xAdvance":23,"rect":{"x":145,"y":235,"width":21,"height":24}},"79":{"xOffset":0,"yOffset":3,"xAdvance":22,"rect":{"x":166,"y":235,"width":22,"height":24}},"80":{"xOffset":1,"yOffset":3,"xAdvance":20,"rect":{"x":188,"y":235,"width":20,"height":24}},"81":{"xOffset":0,"yOffset":3,"xAdvance":22,"rect":{"x":43,"y":207,"width":22,"height":27}},"82":{"xOffset":1,"yOffset":3,"xAdvance":22,"rect":{"x":208,"y":235,"width":21,"height":24}},"83":{"xOffset":0,"yOffset":3,"xAdvance":20,"rect":{"x":229,"y":235,"width":20,"height":24}},"84":{"xOffset":-1,"yOffset":3,"xAdvance":20,"rect":{"x":0,"y":259,"width":21,"height":24}},"85":{"xOffset":0,"yOffset":3,"xAdvance":22,"rect":{"x":21,"y":259,"width":22,"height":24}},"86":{"xOffset":0,"yOffset":3,"xAdvance":22,"rect":{"x":43,"y":259,"width":22,"height":24}},"87":{"xOffset":0,"yOffset":3,"xAdvance":25,"rect":{"x":65,"y":259,"width":25,"height":24}},"88":{"xOffset":0,"yOffset":3,"xAdvance":22,"rect":{"x":90,"y":259,"width":22,"height":24}},"89":{"xOffset":0,"yOffset":3,"xAdvance":21,"rect":{"x":112,"y":259,"width":21,"height":24}},"90":{"xOffset":0,"yOffset":3,"xAdvance":20,"rect":{"x":133,"y":259,"width":20,"height":24}},"91":{"xOffset":0,"yOffset":1,"xAdvance":13,"rect":{"x":237,"y":176,"width":13,"height":28}},"92":{"xOffset":-1,"yOffset":1,"xAdvance":10,"rect":{"x":238,"y":40,"width":13,"height":29}},"93":{"xOffset":0,"yOffset":1,"xAdvance":13,"rect":{"x":0,"y":207,"width":13,"height":28}},"94":{"xOffset":0,"yOffset":3,"xAdvance":21,"rect":{"x":103,"y":355,"width":21,"height":19}},"95":{"xOffset":1,"yOffset":22,"xAdvance":22,"rect":{"x":0,"y":379,"width":20,"height":8}},"96":{"xOffset":0,"yOffset":-4,"xAdvance":15,"rect":{"x":197,"y":355,"width":15,"height":9}},"97":{"xOffset":0,"yOffset":3,"xAdvance":22,"rect":{"x":153,"y":259,"width":22,"height":24}},"98":{"xOffset":1,"yOffset":3,"xAdvance":22,"rect":{"x":175,"y":259,"width":21,"height":24}},"99":{"xOffset":0,"yOffset":3,"xAdvance":19,"rect":{"x":196,"y":259,"width":19,"height":24}},"100":{"xOffset":1,"yOffset":3,"xAdvance":22,"rect":{"x":215,"y":259,"width":21,"height":24}},"101":{"xOffset":1,"yOffset":3,"xAdvance":20,"rect":{"x":236,"y":259,"width":19,"height":24}},"102":{"xOffset":1,"yOffset":3,"xAdvance":19,"rect":{"x":0,"y":283,"width":18,"height":24}},"103":{"xOffset":0,"yOffset":3,"xAdvance":21,"rect":{"x":18,"y":283,"width":21,"height":24}},"104":{"xOffset":1,"yOffset":3,"xAdvance":23,"rect":{"x":39,"y":283,"width":21,"height":24}},"105":{"xOffset":0,"yOffset":3,"xAdvance":18,"rect":{"x":60,"y":283,"width":18,"height":24}},"106":{"xOffset":0,"yOffset":3,"xAdvance":21,"rect":{"x":78,"y":283,"width":20,"height":24}},"107":{"xOffset":1,"yOffset":3,"xAdvance":22,"rect":{"x":98,"y":283,"width":21,"height":24}},"108":{"xOffset":1,"yOffset":3,"xAdvance":21,"rect":{"x":119,"y":283,"width":20,"height":24}},"109":{"xOffset":1,"yOffset":3,"xAdvance":25,"rect":{"x":139,"y":283,"width":24,"height":24}},"110":{"xOffset":1,"yOffset":3,"xAdvance":23,"rect":{"x":163,"y":283,"width":21,"height":24}},"111":{"xOffset":0,"yOffset":3,"xAdvance":22,"rect":{"x":184,"y":283,"width":22,"height":24}},"112":{"xOffset":1,"yOffset":3,"xAdvance":20,"rect":{"x":206,"y":283,"width":20,"height":24}},"113":{"xOffset":0,"yOffset":3,"xAdvance":22,"rect":{"x":65,"y":207,"width":22,"height":27}},"114":{"xOffset":1,"yOffset":3,"xAdvance":22,"rect":{"x":226,"y":283,"width":21,"height":24}},"115":{"xOffset":0,"yOffset":3,"xAdvance":20,"rect":{"x":0,"y":307,"width":20,"height":24}},"116":{"xOffset":-1,"yOffset":3,"xAdvance":20,"rect":{"x":20,"y":307,"width":21,"height":24}},"117":{"xOffset":0,"yOffset":3,"xAdvance":22,"rect":{"x":41,"y":307,"width":22,"height":24}},"118":{"xOffset":0,"yOffset":3,"xAdvance":22,"rect":{"x":63,"y":307,"width":22,"height":24}},"119":{"xOffset":0,"yOffset":3,"xAdvance":25,"rect":{"x":85,"y":307,"width":25,"height":24}},"120":{"xOffset":0,"yOffset":3,"xAdvance":22,"rect":{"x":110,"y":307,"width":22,"height":24}},"121":{"xOffset":0,"yOffset":3,"xAdvance":21,"rect":{"x":132,"y":307,"width":21,"height":24}},"122":{"xOffset":0,"yOffset":3,"xAdvance":20,"rect":{"x":153,"y":307,"width":20,"height":24}},"123":{"xOffset":-1,"yOffset":1,"xAdvance":14,"rect":{"x":13,"y":207,"width":15,"height":28}},"124":{"xOffset":0,"yOffset":1,"xAdvance":10,"rect":{"x":244,"y":145,"width":10,"height":29}},"125":{"xOffset":0,"yOffset":1,"xAdvance":14,"rect":{"x":28,"y":207,"width":15,"height":28}},"126":{"xOffset":1,"yOffset":10,"xAdvance":22,"rect":{"x":212,"y":355,"width":20,"height":9}},"192":{"xOffset":0,"yOffset":-4,"xAdvance":22,"rect":{"x":21,"y":113,"width":22,"height":31}},"193":{"xOffset":0,"yOffset":-4,"xAdvance":22,"rect":{"x":87,"y":113,"width":22,"height":31}},"194":{"xOffset":0,"yOffset":-5,"xAdvance":22,"rect":{"x":44,"y":79,"width":22,"height":32}},"195":{"xOffset":0,"yOffset":-4,"xAdvance":22,"rect":{"x":43,"y":113,"width":22,"height":31}},"200":{"xOffset":1,"yOffset":-4,"xAdvance":20,"rect":{"x":236,"y":79,"width":19,"height":31}},"201":{"xOffset":1,"yOffset":-4,"xAdvance":20,"rect":{"x":150,"y":113,"width":19,"height":31}},"202":{"xOffset":1,"yOffset":-5,"xAdvance":20,"rect":{"x":85,"y":79,"width":19,"height":32}},"204":{"xOffset":0,"yOffset":-4,"xAdvance":18,"rect":{"x":188,"y":113,"width":18,"height":31}},"205":{"xOffset":0,"yOffset":-4,"xAdvance":18,"rect":{"x":224,"y":113,"width":18,"height":31}},"210":{"xOffset":0,"yOffset":-4,"xAdvance":22,"rect":{"x":18,"y":145,"width":22,"height":31}},"211":{"xOffset":0,"yOffset":-4,"xAdvance":22,"rect":{"x":62,"y":145,"width":22,"height":31}},"212":{"xOffset":0,"yOffset":-5,"xAdvance":22,"rect":{"x":144,"y":79,"width":22,"height":32}},"213":{"xOffset":0,"yOffset":-4,"xAdvance":22,"rect":{"x":40,"y":145,"width":22,"height":31}},"217":{"xOffset":0,"yOffset":-4,"xAdvance":22,"rect":{"x":178,"y":145,"width":22,"height":31}},"218":{"xOffset":0,"yOffset":-4,"xAdvance":22,"rect":{"x":222,"y":145,"width":22,"height":31}},"221":{"xOffset":0,"yOffset":-4,"xAdvance":21,"rect":{"x":136,"y":176,"width":21,"height":31}},"224":{"xOffset":0,"yOffset":-4,"xAdvance":22,"rect":{"x":21,"y":113,"width":22,"height":31}},"225":{"xOffset":0,"yOffset":-4,"xAdvance":22,"rect":{"x":65,"y":113,"width":22,"height":31}},"226":{"xOffset":0,"yOffset":-5,"xAdvance":22,"rect":{"x":44,"y":79,"width":22,"height":32}},"227":{"xOffset":0,"yOffset":-4,"xAdvance":22,"rect":{"x":43,"y":113,"width":22,"height":31}},"232":{"xOffset":1,"yOffset":-4,"xAdvance":20,"rect":{"x":236,"y":79,"width":19,"height":31}},"233":{"xOffset":1,"yOffset":-4,"xAdvance":20,"rect":{"x":150,"y":113,"width":19,"height":31}},"234":{"xOffset":1,"yOffset":-5,"xAdvance":20,"rect":{"x":85,"y":79,"width":19,"height":32}},"236":{"xOffset":0,"yOffset":-4,"xAdvance":18,"rect":{"x":188,"y":113,"width":18,"height":31}},"237":{"xOffset":0,"yOffset":-4,"xAdvance":18,"rect":{"x":224,"y":113,"width":18,"height":31}},"242":{"xOffset":0,"yOffset":-4,"xAdvance":22,"rect":{"x":18,"y":145,"width":22,"height":31}},"243":{"xOffset":0,"yOffset":-4,"xAdvance":22,"rect":{"x":62,"y":145,"width":22,"height":31}},"244":{"xOffset":0,"yOffset":-5,"xAdvance":22,"rect":{"x":144,"y":79,"width":22,"height":32}},"245":{"xOffset":0,"yOffset":-4,"xAdvance":22,"rect":{"x":40,"y":145,"width":22,"height":31}},"249":{"xOffset":0,"yOffset":-4,"xAdvance":22,"rect":{"x":178,"y":145,"width":22,"height":31}},"250":{"xOffset":0,"yOffset":-4,"xAdvance":22,"rect":{"x":222,"y":145,"width":22,"height":31}},"253":{"xOffset":0,"yOffset":-4,"xAdvance":21,"rect":{"x":136,"y":176,"width":21,"height":31}},"258":{"xOffset":0,"yOffset":-5,"xAdvance":22,"rect":{"x":22,"y":79,"width":22,"height":32}},"259":{"xOffset":0,"yOffset":-5,"xAdvance":22,"rect":{"x":22,"y":79,"width":22,"height":32}},"272":{"xOffset":-1,"yOffset":3,"xAdvance":23,"rect":{"x":0,"y":355,"width":23,"height":24}},"273":{"xOffset":-1,"yOffset":3,"xAdvance":23,"rect":{"x":0,"y":355,"width":23,"height":24}},"296":{"xOffset":0,"yOffset":-4,"xAdvance":18,"rect":{"x":206,"y":113,"width":18,"height":31}},"297":{"xOffset":0,"yOffset":-4,"xAdvance":18,"rect":{"x":206,"y":113,"width":18,"height":31}},"360":{"xOffset":0,"yOffset":-4,"xAdvance":22,"rect":{"x":200,"y":145,"width":22,"height":31}},"361":{"xOffset":0,"yOffset":-4,"xAdvance":22,"rect":{"x":200,"y":145,"width":22,"height":31}},"416":{"xOffset":0,"yOffset":0,"xAdvance":22,"rect":{"x":87,"y":207,"width":24,"height":27}},"417":{"xOffset":0,"yOffset":0,"xAdvance":22,"rect":{"x":87,"y":207,"width":24,"height":27}},"431":{"xOffset":0,"yOffset":0,"xAdvance":23,"rect":{"x":111,"y":207,"width":24,"height":27}},"432":{"xOffset":0,"yOffset":0,"xAdvance":23,"rect":{"x":111,"y":207,"width":24,"height":27}},"7840":{"xOffset":0,"yOffset":3,"xAdvance":22,"rect":{"x":109,"y":113,"width":22,"height":31}},"7841":{"xOffset":0,"yOffset":3,"xAdvance":22,"rect":{"x":109,"y":113,"width":22,"height":31}},"7842":{"xOffset":0,"yOffset":-5,"xAdvance":22,"rect":{"x":0,"y":79,"width":22,"height":32}},"7843":{"xOffset":0,"yOffset":-5,"xAdvance":22,"rect":{"x":0,"y":79,"width":22,"height":32}},"7844":{"xOffset":0,"yOffset":-12,"xAdvance":22,"rect":{"x":154,"y":0,"width":22,"height":39}},"7845":{"xOffset":0,"yOffset":-12,"xAdvance":22,"rect":{"x":154,"y":0,"width":22,"height":39}},"7846":{"xOffset":0,"yOffset":-11,"xAdvance":22,"rect":{"x":127,"y":40,"width":22,"height":38}},"7847":{"xOffset":0,"yOffset":-11,"xAdvance":22,"rect":{"x":127,"y":40,"width":22,"height":38}},"7848":{"xOffset":0,"yOffset":-12,"xAdvance":22,"rect":{"x":110,"y":0,"width":22,"height":39}},"7849":{"xOffset":0,"yOffset":-12,"xAdvance":22,"rect":{"x":110,"y":0,"width":22,"height":39}},"7850":{"xOffset":0,"yOffset":-12,"xAdvance":22,"rect":{"x":132,"y":0,"width":22,"height":39}},"7851":{"xOffset":0,"yOffset":-12,"xAdvance":22,"rect":{"x":132,"y":0,"width":22,"height":39}},"7852":{"xOffset":0,"yOffset":-5,"xAdvance":22,"rect":{"x":176,"y":0,"width":22,"height":39}},"7853":{"xOffset":0,"yOffset":-5,"xAdvance":22,"rect":{"x":176,"y":0,"width":22,"height":39}},"7854":{"xOffset":0,"yOffset":-12,"xAdvance":22,"rect":{"x":66,"y":0,"width":22,"height":39}},"7855":{"xOffset":0,"yOffset":-12,"xAdvance":22,"rect":{"x":66,"y":0,"width":22,"height":39}},"7856":{"xOffset":0,"yOffset":-12,"xAdvance":22,"rect":{"x":22,"y":0,"width":22,"height":39}},"7857":{"xOffset":0,"yOffset":-12,"xAdvance":22,"rect":{"x":22,"y":0,"width":22,"height":39}},"7858":{"xOffset":0,"yOffset":-13,"xAdvance":22,"rect":{"x":0,"y":0,"width":22,"height":40}},"7859":{"xOffset":0,"yOffset":-13,"xAdvance":22,"rect":{"x":0,"y":0,"width":22,"height":40}},"7860":{"xOffset":0,"yOffset":-12,"xAdvance":22,"rect":{"x":44,"y":0,"width":22,"height":39}},"7861":{"xOffset":0,"yOffset":-12,"xAdvance":22,"rect":{"x":44,"y":0,"width":22,"height":39}},"7862":{"xOffset":0,"yOffset":-5,"xAdvance":22,"rect":{"x":88,"y":0,"width":22,"height":39}},"7863":{"xOffset":0,"yOffset":-5,"xAdvance":22,"rect":{"x":88,"y":0,"width":22,"height":39}},"7864":{"xOffset":1,"yOffset":3,"xAdvance":20,"rect":{"x":169,"y":113,"width":19,"height":31}},"7865":{"xOffset":1,"yOffset":3,"xAdvance":20,"rect":{"x":169,"y":113,"width":19,"height":31}},"7866":{"xOffset":1,"yOffset":-5,"xAdvance":20,"rect":{"x":66,"y":79,"width":19,"height":32}},"7867":{"xOffset":1,"yOffset":-5,"xAdvance":20,"rect":{"x":66,"y":79,"width":19,"height":32}},"7868":{"xOffset":1,"yOffset":-4,"xAdvance":20,"rect":{"x":131,"y":113,"width":19,"height":31}},"7869":{"xOffset":1,"yOffset":-4,"xAdvance":20,"rect":{"x":131,"y":113,"width":19,"height":31}},"7870":{"xOffset":1,"yOffset":-12,"xAdvance":20,"rect":{"x":0,"y":40,"width":19,"height":39}},"7871":{"xOffset":1,"yOffset":-12,"xAdvance":20,"rect":{"x":0,"y":40,"width":19,"height":39}},"7872":{"xOffset":1,"yOffset":-11,"xAdvance":20,"rect":{"x":149,"y":40,"width":19,"height":38}},"7873":{"xOffset":1,"yOffset":-11,"xAdvance":20,"rect":{"x":149,"y":40,"width":19,"height":38}},"7874":{"xOffset":1,"yOffset":-12,"xAdvance":20,"rect":{"x":198,"y":0,"width":21,"height":39}},"7875":{"xOffset":1,"yOffset":-12,"xAdvance":20,"rect":{"x":198,"y":0,"width":21,"height":39}},"7876":{"xOffset":1,"yOffset":-12,"xAdvance":20,"rect":{"x":219,"y":0,"width":19,"height":39}},"7877":{"xOffset":1,"yOffset":-12,"xAdvance":20,"rect":{"x":219,"y":0,"width":19,"height":39}},"7878":{"xOffset":1,"yOffset":-5,"xAdvance":20,"rect":{"x":19,"y":40,"width":19,"height":39}},"7879":{"xOffset":1,"yOffset":-5,"xAdvance":20,"rect":{"x":19,"y":40,"width":19,"height":39}},"7880":{"xOffset":0,"yOffset":-5,"xAdvance":18,"rect":{"x":104,"y":79,"width":18,"height":32}},"7881":{"xOffset":0,"yOffset":-5,"xAdvance":18,"rect":{"x":104,"y":79,"width":18,"height":32}},"7882":{"xOffset":0,"yOffset":3,"xAdvance":18,"rect":{"x":0,"y":145,"width":18,"height":31}},"7883":{"xOffset":0,"yOffset":3,"xAdvance":18,"rect":{"x":0,"y":145,"width":18,"height":31}},"7884":{"xOffset":0,"yOffset":3,"xAdvance":22,"rect":{"x":84,"y":145,"width":22,"height":31}},"7885":{"xOffset":0,"yOffset":3,"xAdvance":22,"rect":{"x":84,"y":145,"width":22,"height":31}},"7886":{"xOffset":0,"yOffset":-5,"xAdvance":22,"rect":{"x":122,"y":79,"width":22,"height":32}},"7887":{"xOffset":0,"yOffset":-5,"xAdvance":22,"rect":{"x":122,"y":79,"width":22,"height":32}},"7888":{"xOffset":0,"yOffset":-12,"xAdvance":22,"rect":{"x":83,"y":40,"width":22,"height":39}},"7889":{"xOffset":0,"yOffset":-12,"xAdvance":22,"rect":{"x":83,"y":40,"width":22,"height":39}},"7890":{"xOffset":0,"yOffset":-11,"xAdvance":22,"rect":{"x":168,"y":40,"width":22,"height":38}},"7891":{"xOffset":0,"yOffset":-11,"xAdvance":22,"rect":{"x":168,"y":40,"width":22,"height":38}},"7892":{"xOffset":0,"yOffset":-12,"xAdvance":22,"rect":{"x":38,"y":40,"width":23,"height":39}},"7893":{"xOffset":0,"yOffset":-12,"xAdvance":22,"rect":{"x":38,"y":40,"width":23,"height":39}},"7894":{"xOffset":0,"yOffset":-12,"xAdvance":22,"rect":{"x":61,"y":40,"width":22,"height":39}},"7895":{"xOffset":0,"yOffset":-12,"xAdvance":22,"rect":{"x":61,"y":40,"width":22,"height":39}},"7896":{"xOffset":0,"yOffset":-5,"xAdvance":22,"rect":{"x":105,"y":40,"width":22,"height":39}},"7897":{"xOffset":0,"yOffset":-5,"xAdvance":22,"rect":{"x":105,"y":40,"width":22,"height":39}},"7898":{"xOffset":0,"yOffset":-4,"xAdvance":22,"rect":{"x":154,"y":145,"width":24,"height":31}},"7899":{"xOffset":0,"yOffset":-4,"xAdvance":22,"rect":{"x":154,"y":145,"width":24,"height":31}},"7900":{"xOffset":0,"yOffset":-4,"xAdvance":22,"rect":{"x":106,"y":145,"width":24,"height":31}},"7901":{"xOffset":0,"yOffset":-4,"xAdvance":22,"rect":{"x":106,"y":145,"width":24,"height":31}},"7902":{"xOffset":0,"yOffset":-5,"xAdvance":22,"rect":{"x":166,"y":79,"width":24,"height":32}},"7903":{"xOffset":0,"yOffset":-5,"xAdvance":22,"rect":{"x":166,"y":79,"width":24,"height":32}},"7904":{"xOffset":0,"yOffset":-4,"xAdvance":22,"rect":{"x":130,"y":145,"width":24,"height":31}},"7905":{"xOffset":0,"yOffset":-4,"xAdvance":22,"rect":{"x":130,"y":145,"width":24,"height":31}},"7906":{"xOffset":0,"yOffset":0,"xAdvance":22,"rect":{"x":190,"y":40,"width":24,"height":34}},"7907":{"xOffset":0,"yOffset":0,"xAdvance":22,"rect":{"x":190,"y":40,"width":24,"height":34}},"7908":{"xOffset":0,"yOffset":3,"xAdvance":22,"rect":{"x":0,"y":176,"width":22,"height":31}},"7909":{"xOffset":0,"yOffset":3,"xAdvance":22,"rect":{"x":0,"y":176,"width":22,"height":31}},"7910":{"xOffset":0,"yOffset":-5,"xAdvance":22,"rect":{"x":190,"y":79,"width":22,"height":32}},"7911":{"xOffset":0,"yOffset":-5,"xAdvance":22,"rect":{"x":190,"y":79,"width":22,"height":32}},"7912":{"xOffset":0,"yOffset":-4,"xAdvance":23,"rect":{"x":70,"y":176,"width":24,"height":31}},"7913":{"xOffset":0,"yOffset":-4,"xAdvance":23,"rect":{"x":70,"y":176,"width":24,"height":31}},"7914":{"xOffset":0,"yOffset":-4,"xAdvance":23,"rect":{"x":22,"y":176,"width":24,"height":31}},"7915":{"xOffset":0,"yOffset":-4,"xAdvance":23,"rect":{"x":22,"y":176,"width":24,"height":31}},"7916":{"xOffset":0,"yOffset":-5,"xAdvance":23,"rect":{"x":212,"y":79,"width":24,"height":32}},"7917":{"xOffset":0,"yOffset":-5,"xAdvance":23,"rect":{"x":212,"y":79,"width":24,"height":32}},"7918":{"xOffset":0,"yOffset":-4,"xAdvance":23,"rect":{"x":46,"y":176,"width":24,"height":31}},"7919":{"xOffset":0,"yOffset":-4,"xAdvance":23,"rect":{"x":46,"y":176,"width":24,"height":31}},"7920":{"xOffset":0,"yOffset":0,"xAdvance":23,"rect":{"x":214,"y":40,"width":24,"height":34}},"7921":{"xOffset":0,"yOffset":0,"xAdvance":23,"rect":{"x":214,"y":40,"width":24,"height":34}},"7922":{"xOffset":0,"yOffset":-4,"xAdvance":21,"rect":{"x":94,"y":176,"width":21,"height":31}},"7923":{"xOffset":0,"yOffset":-4,"xAdvance":21,"rect":{"x":94,"y":176,"width":21,"height":31}},"7924":{"xOffset":0,"yOffset":3,"xAdvance":21,"rect":{"x":157,"y":176,"width":21,"height":31}},"7925":{"xOffset":0,"yOffset":3,"xAdvance":21,"rect":{"x":157,"y":176,"width":21,"height":31}},"7926":{"xOffset":0,"yOffset":-5,"xAdvance":21,"rect":{"x":0,"y":113,"width":21,"height":32}},"7927":{"xOffset":0,"yOffset":-5,"xAdvance":21,"rect":{"x":0,"y":113,"width":21,"height":32}},"7928":{"xOffset":0,"yOffset":-4,"xAdvance":21,"rect":{"x":115,"y":176,"width":21,"height":31}},"7929":{"xOffset":0,"yOffset":-4,"xAdvance":21,"rect":{"x":115,"y":176,"width":21,"height":31}}},"kerningDict":{"2228298":-1,"2228330":-1,"2490452":-1,"2490457":-1,"2490484":-1,"2490489":-1,"2490589":-1,"2490621":-1,"2498290":-1,"2498291":-1,"2498292":-1,"2498293":-1,"2498294":-1,"2498295":-1,"2498296":-1,"2498297":-1,"2555978":-1,"2556010":-1,"2752556":-1,"2752558":-1,"2818097":-1,"2818103":-1,"2883636":-1,"2883639":-1,"2883641":-1,"2883668":-2,"2883670":-1,"2883673":-1,"2883700":-2,"2883702":-1,"2883705":-1,"2883805":-1,"2883837":-1,"2891506":-1,"2891507":-1,"2891508":-1,"2891509":-1,"2891510":-1,"2891511":-1,"2891512":-1,"2891513":-1,"2949169":-1,"2949171":-1,"2949175":-1,"2949193":-1,"2949204":-1,"2949210":-1,"2949225":-1,"2949236":-1,"2949242":-1,"2949324":-1,"2949325":-1,"2949356":-1,"2949357":-1,"2949416":-1,"2949417":-1,"2957000":-1,"2957001":-1,"2957002":-1,"2957003":-1,"3014708":-1,"3014711":-1,"3014713":-1,"3014740":-2,"3014742":-1,"3014745":-1,"3014772":-2,"3014774":-1,"3014777":-1,"3014877":-1,"3014909":-1,"3022578":-1,"3022579":-1,"3022580":-1,"3022581":-1,"3022582":-1,"3022583":-1,"3022584":-1,"3022585":-1,"3080248":-1,"3080266":-1,"3080298":-1,"3211298":-1,"3211301":-2,"3211303":-1,"3211306":-1,"3211307":-1,"3211309":-1,"3211316":-1,"3211324":-1,"3211325":-1,"3342370":-1,"3342373":-1,"3342375":-1,"3342396":-1,"3538981":-1,"3604524":-1,"3604526":-1,"3604527":-1,"3670053":-1,"3670108":-1,"3997745":-1,"3997751":-1,"4063281":-1,"4063287":-1,"4259924":-1,"4259929":-1,"4259956":-1,"4259961":-1,"4260061":-1,"4260093":-1,"4267762":-1,"4267763":-1,"4267764":-1,"4267765":-1,"4267766":-1,"4267767":-1,"4267768":-1,"4267769":-1,"4325460":-1,"4325465":-1,"4325468":-1,"4325492":-1,"4325497":-1,"4325597":-1,"4325629":-1,"4333298":-1,"4333299":-1,"4333300":-1,"4333301":-1,"4333302":-1,"4333303":-1,"4333304":-1,"4333305":-1,"4390957":-1,"4522029":-1,"4587558":-1,"4587564":-1,"4587565":-1,"4587566":-1,"4587567":-1,"4587585":-1,"4587594":-2,"4587608":-1,"4587617":-1,"4587626":-2,"4587640":-1,"4587712":-1,"4587713":-1,"4587714":-1,"4587715":-1,"4587744":-1,"4587745":-1,"4587746":-1,"4587747":-1,"4587778":-1,"4587779":-1,"4595360":-1,"4595361":-1,"4595362":-1,"4595363":-1,"4595364":-1,"4595365":-1,"4595366":-1,"4595367":-1,"4595368":-1,"4595369":-1,"4595370":-1,"4595371":-1,"4595372":-1,"4595373":-1,"4595374":-1,"4595375":-1,"4595376":-1,"4595377":-1,"4595378":-1,"4595379":-1,"4595380":-1,"4595381":-1,"4595382":-1,"4595383":-1,"4653119":-1,"4653145":-1,"4653177":-1,"4653277":-1,"4653309":-1,"4660978":-1,"4660979":-1,"4660980":-1,"4660981":-1,"4660982":-1,"4660983":-1,"4660984":-1,"4660985":-1,"4784173":-1,"4915284":-1,"4915289":-1,"4915316":-1,"4915321":-1,"4915421":-1,"4915453":-1,"4923122":-1,"4923123":-1,"4923124":-1,"4923125":-1,"4923126":-1,"4923127":-1,"4923128":-1,"4923129":-1,"4980770":-1,"4980775":-1,"4980799":-1,"4980820":-2,"4980822":-1,"4980825":-1,"4980828":-1,"4980852":-2,"4980854":-1,"4980857":-1,"4980957":-1,"4980989":-1,"4988658":-1,"4988659":-1,"4988660":-1,"4988661":-1,"4988662":-1,"4988663":-1,"4988664":-1,"4988665":-1,"5242924":-1,"5242926":-1,"5374036":-1,"5374041":-1,"5374044":-1,"5374068":-1,"5374073":-1,"5374173":-1,"5374205":-1,"5381874":-1,"5381875":-1,"5381876":-1,"5381877":-1,"5381878":-1,"5381879":-1,"5381880":-1,"5381881":-1,"5505062":-1,"5505068":-2,"5505069":-1,"5505070":-2,"5505071":-1,"5505089":-1,"5505098":-3,"5505121":-1,"5505130":-3,"5505216":-1,"5505217":-1,"5505218":-1,"5505219":-1,"5505248":-1,"5505249":-1,"5505250":-1,"5505251":-1,"5505282":-1,"5505283":-1,"5512864":-1,"5512865":-1,"5512866":-1,"5512867":-1,"5512868":-1,"5512869":-1,"5512870":-1,"5512871":-1,"5512872":-1,"5512873":-1,"5512874":-1,"5512875":-1,"5512876":-1,"5512877":-1,"5512878":-1,"5512879":-1,"5512880":-1,"5512881":-1,"5512882":-1,"5512883":-1,"5512884":-1,"5512885":-1,"5512886":-1,"5512887":-1,"5636140":-1,"5636142":-1,"5636170":-1,"5636202":-1,"5767257":-1,"5767289":-1,"5767389":-1,"5767421":-1,"5775090":-1,"5775091":-1,"5775092":-1,"5775093":-1,"5775094":-1,"5775095":-1,"5775096":-1,"5775097":-1,"5832742":-1,"5832748":-1,"5832750":-1,"5832769":-1,"5832778":-1,"5832792":-1,"5832801":-1,"5832810":-1,"5832824":-1,"5832896":-1,"5832897":-1,"5832898":-1,"5832899":-1,"5832928":-1,"5832929":-1,"5832930":-1,"5832931":-1,"5832962":-1,"5832963":-1,"5840544":-1,"5840545":-1,"5840546":-1,"5840547":-1,"5840548":-1,"5840549":-1,"5840550":-1,"5840551":-1,"5840552":-1,"5840553":-1,"5840554":-1,"5840555":-1,"5840556":-1,"5840557":-1,"5840558":-1,"5840559":-1,"5840560":-1,"5840561":-1,"5840562":-1,"5840563":-1,"5840564":-1,"5840565":-1,"5840566":-1,"5840567":-1,"5898285":-1,"6029364":-1,"6029367":-1,"6029369":-1,"6029396":-1,"6029428":-1,"6357076":-1,"6357081":-1,"6357108":-1,"6357113":-1,"6357213":-1,"6357245":-1,"6364914":-1,"6364915":-1,"6364916":-1,"6364917":-1,"6364918":-1,"6364919":-1,"6364920":-1,"6364921":-1,"6422612":-1,"6422617":-1,"6422620":-1,"6422644":-1,"6422649":-1,"6422749":-1,"6422781":-1,"6430450":-1,"6430451":-1,"6430452":-1,"6430453":-1,"6430454":-1,"6430455":-1,"6430456":-1,"6430457":-1,"6488109":-1,"6619181":-1,"6684710":-1,"6684716":-1,"6684717":-1,"6684718":-1,"6684719":-1,"6684737":-1,"6684746":-2,"6684760":-1,"6684769":-1,"6684778":-2,"6684792":-1,"6684864":-1,"6684865":-1,"6684866":-1,"6684867":-1,"6684896":-1,"6684897":-1,"6684898":-1,"6684899":-1,"6684930":-1,"6684931":-1,"6692512":-1,"6692513":-1,"6692514":-1,"6692515":-1,"6692516":-1,"6692517":-1,"6692518":-1,"6692519":-1,"6692520":-1,"6692521":-1,"6692522":-1,"6692523":-1,"6692524":-1,"6692525":-1,"6692526":-1,"6692527":-1,"6692528":-1,"6692529":-1,"6692530":-1,"6692531":-1,"6692532":-1,"6692533":-1,"6692534":-1,"6692535":-1,"6750271":-1,"6750297":-1,"6750329":-1,"6750429":-1,"6750461":-1,"6758130":-1,"6758131":-1,"6758132":-1,"6758133":-1,"6758134":-1,"6758135":-1,"6758136":-1,"6758137":-1,"6881325":-1,"7012436":-1,"7012441":-1,"7012468":-1,"7012473":-1,"7012573":-1,"7012605":-1,"7020274":-1,"7020275":-1,"7020276":-1,"7020277":-1,"7020278":-1,"7020279":-1,"7020280":-1,"7020281":-1,"7077922":-1,"7077927":-1,"7077951":-1,"7077972":-2,"7077974":-1,"7077977":-1,"7077980":-1,"7078004":-2,"7078006":-1,"7078009":-1,"7078109":-1,"7078141":-1,"7085810":-1,"7085811":-1,"7085812":-1,"7085813":-1,"7085814":-1,"7085815":-1,"7085816":-1,"7085817":-1,"7340076":-1,"7340078":-1,"7471188":-1,"7471193":-1,"7471196":-1,"7471220":-1,"7471225":-1,"7471325":-1,"7471357":-1,"7479026":-1,"7479027":-1,"7479028":-1,"7479029":-1,"7479030":-1,"7479031":-1,"7479032":-1,"7479033":-1,"7602214":-1,"7602220":-2,"7602221":-1,"7602222":-2,"7602223":-1,"7602241":-1,"7602250":-3,"7602273":-1,"7602282":-3,"7602368":-1,"7602369":-1,"7602370":-1,"7602371":-1,"7602400":-1,"7602401":-1,"7602402":-1,"7602403":-1,"7602434":-1,"7602435":-1,"7610016":-1,"7610017":-1,"7610018":-1,"7610019":-1,"7610020":-1,"7610021":-1,"7610022":-1,"7610023":-1,"7610024":-1,"7610025":-1,"7610026":-1,"7610027":-1,"7610028":-1,"7610029":-1,"7610030":-1,"7610031":-1,"7610032":-1,"7610033":-1,"7610034":-1,"7610035":-1,"7610036":-1,"7610037":-1,"7610038":-1,"7610039":-1,"7733292":-1,"7733294":-1,"7733322":-1,"7733354":-1,"7864409":-1,"7864441":-1,"7864541":-1,"7864573":-1,"7872242":-1,"7872243":-1,"7872244":-1,"7872245":-1,"7872246":-1,"7872247":-1,"7872248":-1,"7872249":-1,"7929894":-1,"7929900":-1,"7929902":-1,"7929921":-1,"7929930":-1,"7929944":-1,"7929953":-1,"7929962":-1,"7929976":-1,"7930048":-1,"7930049":-1,"7930050":-1,"7930051":-1,"7930080":-1,"7930081":-1,"7930082":-1,"7930083":-1,"7930114":-1,"7930115":-1,"7937696":-1,"7937697":-1,"7937698":-1,"7937699":-1,"7937700":-1,"7937701":-1,"7937702":-1,"7937703":-1,"7937704":-1,"7937705":-1,"7937706":-1,"7937707":-1,"7937708":-1,"7937709":-1,"7937710":-1,"7937711":-1,"7937712":-1,"7937713":-1,"7937714":-1,"7937715":-1,"7937716":-1,"7937717":-1,"7937718":-1,"7937719":-1,"7995437":-1,"12582996":-1,"12583001":-1,"12583028":-1,"12583033":-1,"12583133":-1,"12583165":-1,"12590834":-1,"12590835":-1,"12590836":-1,"12590837":-1,"12590838":-1,"12590839":-1,"12590840":-1,"12590841":-1,"12648532":-1,"12648537":-1,"12648564":-1,"12648569":-1,"12648669":-1,"12648701":-1,"12656370":-1,"12656371":-1,"12656372":-1,"12656373":-1,"12656374":-1,"12656375":-1,"12656376":-1,"12656377":-1,"12714068":-1,"12714073":-1,"12714100":-1,"12714105":-1,"12714205":-1,"12714237":-1,"12721906":-1,"12721907":-1,"12721908":-1,"12721909":-1,"12721910":-1,"12721911":-1,"12721912":-1,"12721913":-1,"12779604":-1,"12779609":-1,"12779636":-1,"12779641":-1,"12779741":-1,"12779773":-1,"12787442":-1,"12787443":-1,"12787444":-1,"12787445":-1,"12787446":-1,"12787447":-1,"12787448":-1,"12787449":-1,"13107245":-1,"13172781":-1,"13238317":-1,"13369389":-1,"13434925":-1,"14483494":-1,"14483500":-1,"14483502":-1,"14483521":-1,"14483530":-1,"14483544":-1,"14483553":-1,"14483562":-1,"14483576":-1,"14483648":-1,"14483649":-1,"14483650":-1,"14483651":-1,"14483680":-1,"14483681":-1,"14483682":-1,"14483683":-1,"14483714":-1,"14483715":-1,"14491296":-1,"14491297":-1,"14491298":-1,"14491299":-1,"14491300":-1,"14491301":-1,"14491302":-1,"14491303":-1,"14491304":-1,"14491305":-1,"14491306":-1,"14491307":-1,"14491308":-1,"14491309":-1,"14491310":-1,"14491311":-1,"14491312":-1,"14491313":-1,"14491314":-1,"14491315":-1,"14491316":-1,"14491317":-1,"14491318":-1,"14491319":-1,"14680148":-1,"14680153":-1,"14680180":-1,"14680185":-1,"14680285":-1,"14680317":-1,"14687986":-1,"14687987":-1,"14687988":-1,"14687989":-1,"14687990":-1,"14687991":-1,"14687992":-1,"14687993":-1,"14745684":-1,"14745689":-1,"14745716":-1,"14745721":-1,"14745821":-1,"14745853":-1,"14753522":-1,"14753523":-1,"14753524":-1,"14753525":-1,"14753526":-1,"14753527":-1,"14753528":-1,"14753529":-1,"14811220":-1,"14811225":-1,"14811252":-1,"14811257":-1,"14811357":-1,"14811389":-1,"14819058":-1,"14819059":-1,"14819060":-1,"14819061":-1,"14819062":-1,"14819063":-1,"14819064":-1,"14819065":-1,"14876756":-1,"14876761":-1,"14876788":-1,"14876793":-1,"14876893":-1,"14876925":-1,"14884594":-1,"14884595":-1,"14884596":-1,"14884597":-1,"14884598":-1,"14884599":-1,"14884600":-1,"14884601":-1,"15204397":-1,"15269933":-1,"15335469":-1,"15466541":-1,"15532077":-1,"16580646":-1,"16580652":-1,"16580654":-1,"16580673":-1,"16580682":-1,"16580696":-1,"16580705":-1,"16580714":-1,"16580728":-1,"16580800":-1,"16580801":-1,"16580802":-1,"16580803":-1,"16580832":-1,"16580833":-1,"16580834":-1,"16580835":-1,"16580866":-1,"16580867":-1,"16588448":-1,"16588449":-1,"16588450":-1,"16588451":-1,"16588452":-1,"16588453":-1,"16588454":-1,"16588455":-1,"16588456":-1,"16588457":-1,"16588458":-1,"16588459":-1,"16588460":-1,"16588461":-1,"16588462":-1,"16588463":-1,"16588464":-1,"16588465":-1,"16588466":-1,"16588467":-1,"16588468":-1,"16588469":-1,"16588470":-1,"16588471":-1,"16908372":-1,"16908377":-1,"16908404":-1,"16908409":-1,"16908509":-1,"16908541":-1,"16916210":-1,"16916211":-1,"16916212":-1,"16916213":-1,"16916214":-1,"16916215":-1,"16916216":-1,"16916217":-1,"16973908":-1,"16973913":-1,"16973940":-1,"16973945":-1,"16974045":-1,"16974077":-1,"16981746":-1,"16981747":-1,"16981748":-1,"16981749":-1,"16981750":-1,"16981751":-1,"16981752":-1,"16981753":-1,"19398701":-1,"19464237":-1,"513802324":-1,"513802329":-1,"513802356":-1,"513802361":-1,"513802461":-1,"513802493":-1,"513810162":-1,"513810163":-1,"513810164":-1,"513810165":-1,"513810166":-1,"513810167":-1,"513810168":-1,"513810169":-1,"513867860":-1,"513867865":-1,"513867892":-1,"513867897":-1,"513867997":-1,"513868029":-1,"513875698":-1,"513875699":-1,"513875700":-1,"513875701":-1,"513875702":-1,"513875703":-1,"513875704":-1,"513875705":-1,"513933396":-1,"513933401":-1,"513933428":-1,"513933433":-1,"513933533":-1,"513933565":-1,"513941234":-1,"513941235":-1,"513941236":-1,"513941237":-1,"513941238":-1,"513941239":-1,"513941240":-1,"513941241":-1,"513998932":-1,"513998937":-1,"513998964":-1,"513998969":-1,"513999069":-1,"513999101":-1,"514006770":-1,"514006771":-1,"514006772":-1,"514006773":-1,"514006774":-1,"514006775":-1,"514006776":-1,"514006777":-1,"514064468":-1,"514064473":-1,"514064500":-1,"514064505":-1,"514064605":-1,"514064637":-1,"514072306":-1,"514072307":-1,"514072308":-1,"514072309":-1,"514072310":-1,"514072311":-1,"514072312":-1,"514072313":-1,"514130004":-1,"514130009":-1,"514130036":-1,"514130041":-1,"514130141":-1,"514130173":-1,"514137842":-1,"514137843":-1,"514137844":-1,"514137845":-1,"514137846":-1,"514137847":-1,"514137848":-1,"514137849":-1,"514195540":-1,"514195545":-1,"514195572":-1,"514195577":-1,"514195677":-1,"514195709":-1,"514203378":-1,"514203379":-1,"514203380":-1,"514203381":-1,"514203382":-1,"514203383":-1,"514203384":-1,"514203385":-1,"514261076":-1,"514261081":-1,"514261108":-1,"514261113":-1,"514261213":-1,"514261245":-1,"514268914":-1,"514268915":-1,"514268916":-1,"514268917":-1,"514268918":-1,"514268919":-1,"514268920":-1,"514268921":-1,"514326612":-1,"514326617":-1,"514326644":-1,"514326649":-1,"514326749":-1,"514326781":-1,"514334450":-1,"514334451":-1,"514334452":-1,"514334453":-1,"514334454":-1,"514334455":-1,"514334456":-1,"514334457":-1,"514392148":-1,"514392153":-1,"514392180":-1,"514392185":-1,"514392285":-1,"514392317":-1,"514399986":-1,"514399987":-1,"514399988":-1,"514399989":-1,"514399990":-1,"514399991":-1,"514399992":-1,"514399993":-1,"514457684":-1,"514457689":-1,"514457716":-1,"514457721":-1,"514457821":-1,"514457853":-1,"514465522":-1,"514465523":-1,"514465524":-1,"514465525":-1,"514465526":-1,"514465527":-1,"514465528":-1,"514465529":-1,"514523220":-1,"514523225":-1,"514523252":-1,"514523257":-1,"514523357":-1,"514523389":-1,"514531058":-1,"514531059":-1,"514531060":-1,"514531061":-1,"514531062":-1,"514531063":-1,"514531064":-1,"514531065":-1,"514588756":-1,"514588761":-1,"514588788":-1,"514588793":-1,"514588893":-1,"514588925":-1,"514596594":-1,"514596595":-1,"514596596":-1,"514596597":-1,"514596598":-1,"514596599":-1,"514596600":-1,"514596601":-1,"514654292":-1,"514654297":-1,"514654324":-1,"514654329":-1,"514654429":-1,"514654461":-1,"514662130":-1,"514662131":-1,"514662132":-1,"514662133":-1,"514662134":-1,"514662135":-1,"514662136":-1,"514662137":-1,"514719828":-1,"514719833":-1,"514719860":-1,"514719865":-1,"514719965":-1,"514719997":-1,"514727666":-1,"514727667":-1,"514727668":-1,"514727669":-1,"514727670":-1,"514727671":-1,"514727672":-1,"514727673":-1,"514785364":-1,"514785369":-1,"514785396":-1,"514785401":-1,"514785501":-1,"514785533":-1,"514793202":-1,"514793203":-1,"514793204":-1,"514793205":-1,"514793206":-1,"514793207":-1,"514793208":-1,"514793209":-1,"514850900":-1,"514850905":-1,"514850932":-1,"514850937":-1,"514851037":-1,"514851069":-1,"514858738":-1,"514858739":-1,"514858740":-1,"514858741":-1,"514858742":-1,"514858743":-1,"514858744":-1,"514858745":-1,"514916436":-1,"514916441":-1,"514916468":-1,"514916473":-1,"514916573":-1,"514916605":-1,"514924274":-1,"514924275":-1,"514924276":-1,"514924277":-1,"514924278":-1,"514924279":-1,"514924280":-1,"514924281":-1,"514981972":-1,"514981977":-1,"514982004":-1,"514982009":-1,"514982109":-1,"514982141":-1,"514989810":-1,"514989811":-1,"514989812":-1,"514989813":-1,"514989814":-1,"514989815":-1,"514989816":-1,"514989817":-1,"515047508":-1,"515047513":-1,"515047540":-1,"515047545":-1,"515047645":-1,"515047677":-1,"515055346":-1,"515055347":-1,"515055348":-1,"515055349":-1,"515055350":-1,"515055351":-1,"515055352":-1,"515055353":-1,"515113044":-1,"515113049":-1,"515113076":-1,"515113081":-1,"515113181":-1,"515113213":-1,"515120882":-1,"515120883":-1,"515120884":-1,"515120885":-1,"515120886":-1,"515120887":-1,"515120888":-1,"515120889":-1,"515178580":-1,"515178585":-1,"515178612":-1,"515178617":-1,"515178717":-1,"515178749":-1,"515186418":-1,"515186419":-1,"515186420":-1,"515186421":-1,"515186422":-1,"515186423":-1,"515186424":-1,"515186425":-1,"515244116":-1,"515244121":-1,"515244148":-1,"515244153":-1,"515244253":-1,"515244285":-1,"515251954":-1,"515251955":-1,"515251956":-1,"515251957":-1,"515251958":-1,"515251959":-1,"515251960":-1,"515251961":-1,"515309652":-1,"515309657":-1,"515309684":-1,"515309689":-1,"515309789":-1,"515309821":-1,"515317490":-1,"515317491":-1,"515317492":-1,"515317493":-1,"515317494":-1,"515317495":-1,"515317496":-1,"515317497":-1,"515375149":-1,"515440685":-1,"515506221":-1,"515571757":-1,"515637293":-1,"515702829":-1,"515768365":-1,"515833901":-1,"515899437":-1,"515964973":-1,"516030509":-1,"516096045":-1,"516161581":-1,"516227117":-1,"516292653":-1,"516358189":-1,"516423725":-1,"516489261":-1,"516554797":-1,"516620333":-1,"519176230":-1,"519176236":-1,"519176238":-1,"519176257":-1,"519176266":-1,"519176280":-1,"519176289":-1,"519176298":-1,"519176312":-1,"519176384":-1,"519176385":-1,"519176386":-1,"519176387":-1,"519176416":-1,"519176417":-1,"519176418":-1,"519176419":-1,"519176450":-1,"519176451":-1,"519184032":-1,"519184033":-1,"519184034":-1,"519184035":-1,"519184036":-1,"519184037":-1,"519184038":-1,"519184039":-1,"519184040":-1,"519184041":-1,"519184042":-1,"519184043":-1,"519184044":-1,"519184045":-1,"519184046":-1,"519184047":-1,"519184048":-1,"519184049":-1,"519184050":-1,"519184051":-1,"519184052":-1,"519184053":-1,"519184054":-1,"519184055":-1,"519241766":-1,"519241772":-1,"519241774":-1,"519241793":-1,"519241802":-1,"519241816":-1,"519241825":-1,"519241834":-1,"519241848":-1,"519241920":-1,"519241921":-1,"519241922":-1,"519241923":-1,"519241952":-1,"519241953":-1,"519241954":-1,"519241955":-1,"519241986":-1,"519241987":-1,"519249568":-1,"519249569":-1,"519249570":-1,"519249571":-1,"519249572":-1,"519249573":-1,"519249574":-1,"519249575":-1,"519249576":-1,"519249577":-1,"519249578":-1,"519249579":-1,"519249580":-1,"519249581":-1,"519249582":-1,"519249583":-1,"519249584":-1,"519249585":-1,"519249586":-1,"519249587":-1,"519249588":-1,"519249589":-1,"519249590":-1,"519249591":-1,"519307302":-1,"519307308":-1,"519307310":-1,"519307329":-1,"519307338":-1,"519307352":-1,"519307361":-1,"519307370":-1,"519307384":-1,"519307456":-1,"519307457":-1,"519307458":-1,"519307459":-1,"519307488":-1,"519307489":-1,"519307490":-1,"519307491":-1,"519307522":-1,"519307523":-1,"519315104":-1,"519315105":-1,"519315106":-1,"519315107":-1,"519315108":-1,"519315109":-1,"519315110":-1,"519315111":-1,"519315112":-1,"519315113":-1,"519315114":-1,"519315115":-1,"519315116":-1,"519315117":-1,"519315118":-1,"519315119":-1,"519315120":-1,"519315121":-1,"519315122":-1,"519315123":-1,"519315124":-1,"519315125":-1,"519315126":-1,"519315127":-1,"519372838":-1,"519372844":-1,"519372846":-1,"519372865":-1,"519372874":-1,"519372888":-1,"519372897":-1,"519372906":-1,"519372920":-1,"519372992":-1,"519372993":-1,"519372994":-1,"519372995":-1,"519373024":-1,"519373025":-1,"519373026":-1,"519373027":-1,"519373058":-1,"519373059":-1,"519380640":-1,"519380641":-1,"519380642":-1,"519380643":-1,"519380644":-1,"519380645":-1,"519380646":-1,"519380647":-1,"519380648":-1,"519380649":-1,"519380650":-1,"519380651":-1,"519380652":-1,"519380653":-1,"519380654":-1,"519380655":-1,"519380656":-1,"519380657":-1,"519380658":-1,"519380659":-1,"519380660":-1,"519380661":-1,"519380662":-1,"519380663":-1,"519438374":-1,"519438380":-1,"519438382":-1,"519438401":-1,"519438410":-1,"519438424":-1,"519438433":-1,"519438442":-1,"519438456":-1,"519438528":-1,"519438529":-1,"519438530":-1,"519438531":-1,"519438560":-1,"519438561":-1,"519438562":-1,"519438563":-1,"519438594":-1,"519438595":-1,"519446176":-1,"519446177":-1,"519446178":-1,"519446179":-1,"519446180":-1,"519446181":-1,"519446182":-1,"519446183":-1,"519446184":-1,"519446185":-1,"519446186":-1,"519446187":-1,"519446188":-1,"519446189":-1,"519446190":-1,"519446191":-1,"519446192":-1,"519446193":-1,"519446194":-1,"519446195":-1,"519446196":-1,"519446197":-1,"519446198":-1,"519446199":-1,"519503910":-1,"519503916":-1,"519503918":-1,"519503937":-1,"519503946":-1,"519503960":-1,"519503969":-1,"519503978":-1,"519503992":-1,"519504064":-1,"519504065":-1,"519504066":-1,"519504067":-1,"519504096":-1,"519504097":-1,"519504098":-1,"519504099":-1,"519504130":-1,"519504131":-1,"519511712":-1,"519511713":-1,"519511714":-1,"519511715":-1,"519511716":-1,"519511717":-1,"519511718":-1,"519511719":-1,"519511720":-1,"519511721":-1,"519511722":-1,"519511723":-1,"519511724":-1,"519511725":-1,"519511726":-1,"519511727":-1,"519511728":-1,"519511729":-1,"519511730":-1,"519511731":-1,"519511732":-1,"519511733":-1,"519511734":-1,"519511735":-1,"519569446":-1,"519569452":-1,"519569454":-1,"519569473":-1,"519569482":-1,"519569496":-1,"519569505":-1,"519569514":-1,"519569528":-1,"519569600":-1,"519569601":-1,"519569602":-1,"519569603":-1,"519569632":-1,"519569633":-1,"519569634":-1,"519569635":-1,"519569666":-1,"519569667":-1,"519577248":-1,"519577249":-1,"519577250":-1,"519577251":-1,"519577252":-1,"519577253":-1,"519577254":-1,"519577255":-1,"519577256":-1,"519577257":-1,"519577258":-1,"519577259":-1,"519577260":-1,"519577261":-1,"519577262":-1,"519577263":-1,"519577264":-1,"519577265":-1,"519577266":-1,"519577267":-1,"519577268":-1,"519577269":-1,"519577270":-1,"519577271":-1,"519634982":-1,"519634988":-1,"519634990":-1,"519635009":-1,"519635018":-1,"519635032":-1,"519635041":-1,"519635050":-1,"519635064":-1,"519635136":-1,"519635137":-1,"519635138":-1,"519635139":-1,"519635168":-1,"519635169":-1,"519635170":-1,"519635171":-1,"519635202":-1,"519635203":-1,"519642784":-1,"519642785":-1,"519642786":-1,"519642787":-1,"519642788":-1,"519642789":-1,"519642790":-1,"519642791":-1,"519642792":-1,"519642793":-1,"519642794":-1,"519642795":-1,"519642796":-1,"519642797":-1,"519642798":-1,"519642799":-1,"519642800":-1,"519642801":-1,"519642802":-1,"519642803":-1,"519642804":-1,"519642805":-1,"519642806":-1,"519642807":-1}}]],0,0,[0],[1],[1]]]]
