[1,["42uKhe1QBE36b/ZVBEMdxm","81vhsxyJ5CdpQQk9EmBRpi","28xsasa19Cd5go1FyaFF4S@b608f","28xsasa19Cd5go1FyaFF4S@87c9a","28xsasa19Cd5go1FyaFF4S@595e7","28xsasa19Cd5go1FyaFF4S@7d2a5","28xsasa19Cd5go1FyaFF4S@32996","28xsasa19Cd5go1FyaFF4S@6bca3","67hduPMHBGeZ1Gp/Nchq79","28xsasa19Cd5go1FyaFF4S@9570c","28xsasa19Cd5go1FyaFF4S@5bd31","28xsasa19Cd5go1FyaFF4S@b2dbb","28xsasa19Cd5go1FyaFF4S@477d8","28xsasa19Cd5go1FyaFF4S@fa215","28xsasa19Cd5go1FyaFF4S@71ed8","28xsasa19Cd5go1FyaFF4S@a4d81","28xsasa19Cd5go1FyaFF4S@eafeb","28xsasa19Cd5go1FyaFF4S@80d7b","28xsasa19Cd5go1FyaFF4S@64655"],["node","_mesh","root","_parent","data"],[["cc.Node",["_name","_layer","_prefab","_parent","_lrot","_lscale","_euler","_components","_lpos","_children"],1,4,1,5,5,5,9,5,12],["cc.Mesh",["_native","_hash","_struct"],1,11],["cc.Prefab",["_name"],2],["cc.PrefabInfo",["fileId","root","asset"],2,1,1],["cc.MeshRenderer",["node","__prefab","_materials","lightmapSettings","_mesh"],3,1,4,3,4,6],["cc.CompPrefabInfo",["fileId"],2],["cc.ModelLightmapSettings",[],3],["cc.MeshCollider",["node","__prefab","_mesh"],3,1,4,6],["cc.RigidBody",["_type","node","__prefab"],2,1,4]],[[5,0,2],[3,0,1,2,2],[1,0,1,2,3],[4,0,1,2,3,4,1],[6,1],[0,0,3,7,2,8,4,5,6,2],[7,0,1,2,1],[8,0,1,2,2],[0,0,1,3,7,2,4,5,6,3],[0,0,3,2,8,4,5,6,2],[2,0,2],[0,0,9,2,2],[0,0,3,7,2,4,5,6,2]],[[[[2,".bin",1008188921,[{"primitives":[{"primitiveMode":7,"vertexBundelIndices":[0],"indexView":{"offset":768,"length":72,"count":18,"stride":4}}],"vertexBundles":[{"view":{"offset":0,"length":768,"count":16,"stride":48},"attributes":[{"name":"a_position","format":32,"isNormalized":false},{"name":"a_normal","format":32,"isNormalized":false},{"name":"a_texCoord","format":21,"isNormalized":false},{"name":"a_tangent","format":44,"isNormalized":false}]}]},"minPosition",8,[1,-0.029999999329447746,0,0.00699999975040555],"maxPosition",8,[1,-0.014070659875869751,0.019999999552965164,0.009999999776482582]]],-1],0,0,[],[],[]],[[[2,".bin",4237958539,[{"primitives":[{"primitiveMode":7,"vertexBundelIndices":[0],"indexView":{"offset":13920,"length":1488,"count":372,"stride":4}}],"vertexBundles":[{"view":{"offset":0,"length":13920,"count":290,"stride":48},"attributes":[{"name":"a_position","format":32,"isNormalized":false},{"name":"a_normal","format":32,"isNormalized":false},{"name":"a_texCoord","format":21,"isNormalized":false},{"name":"a_tangent","format":44,"isNormalized":false}]}]},"minPosition",8,[1,-0.0020000000949949026,-0.0020000000949949026,-0.00009999989561038092],"maxPosition",8,[1,0.0020000000949949026,0.0020000000949949026,0.00009999989561038092]]],-1],0,0,[],[],[]],[[[2,".bin",300476343,[{"primitives":[{"primitiveMode":7,"vertexBundelIndices":[0],"indexView":{"offset":576,"length":72,"count":18,"stride":4}}],"vertexBundles":[{"view":{"offset":0,"length":576,"count":12,"stride":48},"attributes":[{"name":"a_position","format":32,"isNormalized":false},{"name":"a_normal","format":32,"isNormalized":false},{"name":"a_texCoord","format":21,"isNormalized":false},{"name":"a_tangent","format":44,"isNormalized":false}]}]},"minPosition",8,[1,-0.01513553038239479,-0.019999999552965164,0.00699999975040555],"maxPosition",8,[1,0.029999999329447746,-0.017881790176033974,0.009999999776482582]]],-1],0,0,[],[],[]],[[[2,".bin",4237958539,[{"primitives":[{"primitiveMode":7,"vertexBundelIndices":[0],"indexView":{"offset":13920,"length":1488,"count":372,"stride":4}}],"vertexBundles":[{"view":{"offset":0,"length":13920,"count":290,"stride":48},"attributes":[{"name":"a_position","format":32,"isNormalized":false},{"name":"a_normal","format":32,"isNormalized":false},{"name":"a_texCoord","format":21,"isNormalized":false},{"name":"a_tangent","format":44,"isNormalized":false}]}]},"minPosition",8,[1,-0.0020000000949949026,-0.0020000000949949026,-0.00009999989561038092],"maxPosition",8,[1,0.0020000000949949026,0.0020000000949949026,0.00009999989561038092]]],-1],0,0,[],[],[]],[[[2,".bin",4237958539,[{"primitives":[{"primitiveMode":7,"vertexBundelIndices":[0],"indexView":{"offset":13920,"length":1488,"count":372,"stride":4}}],"vertexBundles":[{"view":{"offset":0,"length":13920,"count":290,"stride":48},"attributes":[{"name":"a_position","format":32,"isNormalized":false},{"name":"a_normal","format":32,"isNormalized":false},{"name":"a_texCoord","format":21,"isNormalized":false},{"name":"a_tangent","format":44,"isNormalized":false}]}]},"minPosition",8,[1,-0.0020000000949949026,-0.0020000000949949026,-0.00009999989561038092],"maxPosition",8,[1,0.0020000000949949026,0.0020000000949949026,0.00009999989561038092]]],-1],0,0,[],[],[]],[[[2,".bin",3377817589,[{"primitives":[{"primitiveMode":7,"vertexBundelIndices":[0],"indexView":{"offset":1632,"length":192,"count":48,"stride":4}}],"vertexBundles":[{"view":{"offset":0,"length":1632,"count":34,"stride":48},"attributes":[{"name":"a_position","format":32,"isNormalized":false},{"name":"a_normal","format":32,"isNormalized":false},{"name":"a_texCoord","format":21,"isNormalized":false},{"name":"a_tangent","format":44,"isNormalized":false}]}]},"minPosition",8,[1,-0.029999999329447746,-0.019999999552965164,-0.0019999989308416843],"maxPosition",8,[1,0.029999999329447746,0.019999999552965164,0.007000001147389412]]],-1],0,0,[],[],[]],[[[2,".bin",4237958539,[{"primitives":[{"primitiveMode":7,"vertexBundelIndices":[0],"indexView":{"offset":13920,"length":1488,"count":372,"stride":4}}],"vertexBundles":[{"view":{"offset":0,"length":13920,"count":290,"stride":48},"attributes":[{"name":"a_position","format":32,"isNormalized":false},{"name":"a_normal","format":32,"isNormalized":false},{"name":"a_texCoord","format":21,"isNormalized":false},{"name":"a_tangent","format":44,"isNormalized":false}]}]},"minPosition",8,[1,-0.0020000000949949026,-0.0020000000949949026,-0.00009999989561038092],"maxPosition",8,[1,0.0020000000949949026,0.0020000000949949026,0.00009999989561038092]]],-1],0,0,[],[],[]],[[[2,".bin",2051534968,[{"primitives":[{"primitiveMode":7,"vertexBundelIndices":[0],"indexView":{"offset":768,"length":72,"count":18,"stride":4}}],"vertexBundles":[{"view":{"offset":0,"length":768,"count":16,"stride":48},"attributes":[{"name":"a_position","format":32,"isNormalized":false},{"name":"a_normal","format":32,"isNormalized":false},{"name":"a_texCoord","format":21,"isNormalized":false},{"name":"a_tangent","format":44,"isNormalized":false}]}]},"minPosition",8,[1,-0.029999999329447746,-0.019999999552965164,0.00699999975040555],"maxPosition",8,[1,-0.014070659875869751,0,0.009999999776482582]]],-1],0,0,[],[],[]],[[[2,".bin",4237958539,[{"primitives":[{"primitiveMode":7,"vertexBundelIndices":[0],"indexView":{"offset":13920,"length":1488,"count":372,"stride":4}}],"vertexBundles":[{"view":{"offset":0,"length":13920,"count":290,"stride":48},"attributes":[{"name":"a_position","format":32,"isNormalized":false},{"name":"a_normal","format":32,"isNormalized":false},{"name":"a_texCoord","format":21,"isNormalized":false},{"name":"a_tangent","format":44,"isNormalized":false}]}]},"minPosition",8,[1,-0.0020000000949949026,-0.0020000000949949026,-0.00009999989561038092],"maxPosition",8,[1,0.0020000000949949026,0.0020000000949949026,0.00009999989561038092]]],-1],0,0,[],[],[]],[[[2,".bin",2055624961,[{"primitives":[{"primitiveMode":7,"vertexBundelIndices":[0],"indexView":{"offset":672,"length":72,"count":18,"stride":4}}],"vertexBundles":[{"view":{"offset":0,"length":672,"count":14,"stride":48},"attributes":[{"name":"a_position","format":32,"isNormalized":false},{"name":"a_normal","format":32,"isNormalized":false},{"name":"a_texCoord","format":21,"isNormalized":false},{"name":"a_tangent","format":44,"isNormalized":false}]}]},"minPosition",8,[1,0.027881789952516556,-0.019999999552965164,0.00699999975040555],"maxPosition",8,[1,0.029999999329447746,0.019999999552965164,0.009999999776482582]]],-1],0,0,[],[],[]],[[[2,".bin",4237958539,[{"primitives":[{"primitiveMode":7,"vertexBundelIndices":[0],"indexView":{"offset":13920,"length":1488,"count":372,"stride":4}}],"vertexBundles":[{"view":{"offset":0,"length":13920,"count":290,"stride":48},"attributes":[{"name":"a_position","format":32,"isNormalized":false},{"name":"a_normal","format":32,"isNormalized":false},{"name":"a_texCoord","format":21,"isNormalized":false},{"name":"a_tangent","format":44,"isNormalized":false}]}]},"minPosition",8,[1,-0.0020000000949949026,-0.0020000000949949026,-0.00009999989561038092],"maxPosition",8,[1,0.0020000000949949026,0.0020000000949949026,0.00009999989561038092]]],-1],0,0,[],[],[]],[[[2,".bin",4237958539,[{"primitives":[{"primitiveMode":7,"vertexBundelIndices":[0],"indexView":{"offset":13920,"length":1488,"count":372,"stride":4}}],"vertexBundles":[{"view":{"offset":0,"length":13920,"count":290,"stride":48},"attributes":[{"name":"a_position","format":32,"isNormalized":false},{"name":"a_normal","format":32,"isNormalized":false},{"name":"a_texCoord","format":21,"isNormalized":false},{"name":"a_tangent","format":44,"isNormalized":false}]}]},"minPosition",8,[1,-0.0020000000949949026,-0.0020000000949949026,-0.00009999989561038092],"maxPosition",8,[1,0.0020000000949949026,0.0020000000949949026,0.00009999989561038092]]],-1],0,0,[],[],[]],[[[2,".bin",4237958539,[{"primitives":[{"primitiveMode":7,"vertexBundelIndices":[0],"indexView":{"offset":13920,"length":1488,"count":372,"stride":4}}],"vertexBundles":[{"view":{"offset":0,"length":13920,"count":290,"stride":48},"attributes":[{"name":"a_position","format":32,"isNormalized":false},{"name":"a_normal","format":32,"isNormalized":false},{"name":"a_texCoord","format":21,"isNormalized":false},{"name":"a_tangent","format":44,"isNormalized":false}]}]},"minPosition",8,[1,-0.0020000000949949026,-0.0020000000949949026,-0.00009999989561038092],"maxPosition",8,[1,0.0020000000949949026,0.0020000000949949026,0.00009999989561038092]]],-1],0,0,[],[],[]],[[[2,".bin",2190052246,[{"primitives":[{"primitiveMode":7,"vertexBundelIndices":[0],"indexView":{"offset":576,"length":72,"count":18,"stride":4}}],"vertexBundles":[{"view":{"offset":0,"length":576,"count":12,"stride":48},"attributes":[{"name":"a_position","format":32,"isNormalized":false},{"name":"a_normal","format":32,"isNormalized":false},{"name":"a_texCoord","format":21,"isNormalized":false},{"name":"a_tangent","format":44,"isNormalized":false}]}]},"minPosition",8,[1,-0.01513553038239479,0.017881790176033974,0.00699999975040555],"maxPosition",8,[1,0.029999999329447746,0.019999999552965164,0.009999999776482582]]],-1],0,0,[],[],[]],[[[2,".bin",4237958539,[{"primitives":[{"primitiveMode":7,"vertexBundelIndices":[0],"indexView":{"offset":13920,"length":1488,"count":372,"stride":4}}],"vertexBundles":[{"view":{"offset":0,"length":13920,"count":290,"stride":48},"attributes":[{"name":"a_position","format":32,"isNormalized":false},{"name":"a_normal","format":32,"isNormalized":false},{"name":"a_texCoord","format":21,"isNormalized":false},{"name":"a_tangent","format":44,"isNormalized":false}]}]},"minPosition",8,[1,-0.0020000000949949026,-0.0020000000949949026,-0.00009999989561038092],"maxPosition",8,[1,0.0020000000949949026,0.0020000000949949026,0.00009999989561038092]]],-1],0,0,[],[],[]],[[[2,".bin",4237958539,[{"primitives":[{"primitiveMode":7,"vertexBundelIndices":[0],"indexView":{"offset":13920,"length":1488,"count":372,"stride":4}}],"vertexBundles":[{"view":{"offset":0,"length":13920,"count":290,"stride":48},"attributes":[{"name":"a_position","format":32,"isNormalized":false},{"name":"a_normal","format":32,"isNormalized":false},{"name":"a_texCoord","format":21,"isNormalized":false},{"name":"a_tangent","format":44,"isNormalized":false}]}]},"minPosition",8,[1,-0.0020000000949949026,-0.0020000000949949026,-0.00009999989561038092],"maxPosition",8,[1,0.0020000000949949026,0.0020000000949949026,0.00009999989561038092]]],-1],0,0,[],[],[]],[[[10,"map_009"],[11,"map_009",[[-2,-3,-4,-5,-6,-7,-8,-9,-10,-11,-12,-13,-14,-15,-16,-17,[9,"Camera",-19,[1,"9at61fXEdXfZ8agTz3x5+o",-18,0],[1,-5.5,7,0],[3,-4.4971273106791125e-8,-6.092074868835776e-9,-0.422618062986199,0.9063078797173681],[1,99.99999237060547,99.99999237060547,100],[1,-0.000007724992193907352,-0.000004372489397016428,-49.999974869920194]],[9,"char",-21,[1,"d1UjZ4qBdc8ZY/Tzh5xXZH",-20,0],[1,-2,0.8999999761581421,0],[3,-0.7071068407911908,0,0,0.7071067215818992],[1,100,100,100],[1,-90.00000965934633,0,0]]],1,1,1,1,1,1,1,1,1,1,1,1,1,1,1,1,4,4],[1,"12/8aAiKxeY6y8ENAquXq7",-1,0]],[8,"0.Cube.001",2,1,[[3,-22,[0,"4994lSVNVRlYci1UiHHUEI"],[0],[4],1],[6,-23,[0,"97HqAPYrFH/LzOwfAFoyra"],2],[7,2,-24,[0,"26edMA9EBBCYIM7AaoFdGl"]]],[1,"41W+fShota5KWcUJssZg0i",1,0],[3,-0.7071068407911908,0,0,0.7071067215818992],[1,100,100,100],[1,-90.00000965934633,0,0]],[8,"0.Cube.002",2,1,[[3,-25,[0,"5bRp4MQ+hW+LaBP4DzQvDm"],[3],[4],4],[6,-26,[0,"fdQfogCxhPC6kN2kzXWNms"],5],[7,2,-27,[0,"d4xNyIUxxI1Lo+G76AE1X4"]]],[1,"d5nUMyCi5YeK94hZfprnby",1,0],[3,-0.7071068407911908,0,0,0.7071067215818992],[1,100,100,100],[1,-90.00000965934633,0,0]],[8,"0.Cube.003",2,1,[[3,-28,[0,"fdSnPQEI9c+K41zTjngD/X"],[6],[4],7],[6,-29,[0,"0fzf27nKhCepDdBdM9CzIw"],8],[7,2,-30,[0,"56YVWHvglKubgrcFcqW/+v"]]],[1,"da2wPwry5UML7DJKombypL",1,0],[3,-0.7071068407911908,0,0,0.7071067215818992],[1,100,100,100],[1,-90.00000965934633,0,0]],[8,"0.Cube.004",2,1,[[3,-31,[0,"51vTFYQydX3puI9N5a+4uZ"],[9],[4],10],[6,-32,[0,"f1C+Mv9yFA9K22zIYuyYPu"],11],[7,2,-33,[0,"99oMVWOJNBI6qFasJ35dbo"]]],[1,"0ar0qOEh5Qc5gLsywXIz9U",1,0],[3,-0.7071068407911908,0,0,0.7071067215818992],[1,100,100,100],[1,-90.00000965934633,0,0]],[8,"0.Cube.005",2,1,[[3,-34,[0,"0fCsurAOxXtLNcY1mlSd8f"],[12],[4],13],[6,-35,[0,"615jAbkd1JbYiEMH0FP9Dp"],14],[7,2,-36,[0,"8bqAAG7tZHQYoiE7cYHSCd"]]],[1,"46+LjM9xhXwIlRqrfhLnxV",1,0],[3,-0.7071068407911908,0,0,0.7071067215818992],[1,100,100,100],[1,-90.00000965934633,0,0]],[12,"0.ground",1,[[3,-37,[0,"75R4AfJThdWI6Ztl+q2Ybi"],[15],[4],16],[6,-38,[0,"62p4FUGx9HEbAJ/HKXNr6r"],17],[7,2,-39,[0,"32nMReR7lKn456lgIuUPmS"]]],[1,"95H29dGxxbU41DfZdoOKLz",1,0],[3,-0.7071068407911908,0,0,0.7071067215818992],[1,100,100,100],[1,-90.00000965934633,0,0]],[5,"1.disc",1,[[3,-40,[0,"47A+2iqj1WH5J38e5XNDG1"],[18],[4],19]],[1,"6cujlxkOJW2JQuMXzbPibG",1,0],[1,2.200000047683716,0.699999988079071,-0.4000000059604645],[3,-0.7071068407911908,0,0,0.7071067215818992],[1,100,100,100],[1,-90.00000965934633,0,0]],[5,"1.disc.001",1,[[3,-41,[0,"5em3FRZYtR+7Tm0nXK7P3J"],[20],[4],21]],[1,"85VEn8bIVaMa0CiSZay0vV",1,0],[1,2.200000047683716,0.699999988079071,0.4000000059604645],[3,-0.7071068407911908,0,0,0.7071067215818992],[1,100,100,100],[1,-90.00000965934633,0,0]],[5,"1.disc.002",1,[[3,-42,[0,"24nigZIv9SQYFSnMcMaleU"],[22],[4],23]],[1,"1fxqehcnRZS6+U8vI87ulx",1,0],[1,1.600000023841858,0.699999988079071,0.800000011920929],[3,-0.7071068407911908,0,0,0.7071067215818992],[1,100,100,100],[1,-90.00000965934633,0,0]],[5,"1.disc.003",1,[[3,-43,[0,"46xhBitWdXd7KXPH488jZe"],[24],[4],25]],[1,"92VPfrXUpe0rCfnYrMTV96",1,0],[1,1.600000023841858,0.699999988079071,-0.800000011920929],[3,-0.7071068407911908,0,0,0.7071067215818992],[1,100,100,100],[1,-90.00000965934633,0,0]],[5,"1.disc.004",1,[[3,-44,[0,"0bdQgMt+lSwIpdmvODDdCl"],[26],[4],27]],[1,"3eezQh5ohcn43TPubeqFu+",1,0],[1,1,0.699999988079071,0],[3,-0.7071068407911908,0,0,0.7071067215818992],[1,100,100,100],[1,-90.00000965934633,0,0]],[5,"1.disc.hard",1,[[3,-45,[0,"113kBXOOFc6ra8Il+naXvk"],[28],[4],29]],[1,"09zzM4+CRUpYiVtRKyfJAh",1,0],[1,0.800000011920929,0.699999988079071,-1.2000000476837158],[3,-0.7071068407911908,0,0,0.7071067215818992],[1,100,100,100],[1,-90.00000965934633,0,0]],[5,"1.disc.hard.001",1,[[3,-46,[0,"b71Ti3jf1bsIfdaDQ6ptZJ"],[30],[4],31]],[1,"30Oe1WEANZSYu/2mui7NqM",1,0],[1,0.800000011920929,0.699999988079071,1.2000000476837158],[3,-0.7071068407911908,0,0,0.7071067215818992],[1,100,100,100],[1,-90.00000965934633,0,0]],[5,"1.disc.move",1,[[3,-47,[0,"e8vhTkAE9e9agTOwnCtJJr"],[32],[4],33]],[1,"8fEFmXEGdTwr4k+V7h7sGj",1,0],[1,-0.800000011920929,0.699999988079071,0],[3,-0.7071068407911908,0,0,0.7071067215818992],[1,100,100,100],[1,-90.00000965934633,0,0]],[5,"1.disc.move.001",1,[[3,-48,[0,"c4e+EO/UBVw6FFIQn1eZ6T"],[34],[4],35]],[1,"49MGDQDkdd1aW4m/9LQBNu",1,0],[1,-0.20000000298023224,0.699999988079071,-0.800000011920929],[3,-0.7071068407911908,0,0,0.7071067215818992],[1,100,100,100],[1,-90.00000965934633,0,0]],[5,"1.disc.move.002",1,[[3,-49,[0,"616f/R81VVe7hNy/6/szJw"],[36],[4],37]],[1,"65QKcASvdVJ5/edQIVoD0n",1,0],[1,-0.20000000298023224,0.699999988079071,0.800000011920929],[3,-0.7071068407911908,0,0,0.7071067215818992],[1,100,100,100],[1,-90.00000965934633,0,0]]],0,[0,2,1,0,-1,2,0,-2,3,0,-3,4,0,-4,5,0,-5,6,0,-6,7,0,-7,8,0,-8,9,0,-9,10,0,-10,11,0,-11,12,0,-12,13,0,-13,14,0,-14,15,0,-15,16,0,-16,17,0,2,1,0,3,1,0,2,1,0,3,1,0,0,2,0,0,2,0,0,2,0,0,3,0,0,3,0,0,3,0,0,4,0,0,4,0,0,4,0,0,5,0,0,5,0,0,5,0,0,6,0,0,6,0,0,6,0,0,7,0,0,7,0,0,7,0,0,8,0,0,9,0,0,10,0,0,11,0,0,12,0,0,13,0,0,14,0,0,15,0,0,16,0,0,17,0,4,1,49],[0,0,0,0,0,0,0,0,0,0,0,0,0,0,0,0,0,0,0,0,0,0,0,0,0,0,0,0,0,0,0,0,0,0,0,0,0,0],[-1,1,1,-1,1,1,-1,1,1,-1,1,1,-1,1,1,-1,1,1,-1,1,-1,1,-1,1,-1,1,-1,1,-1,1,-1,1,-1,1,-1,1,-1,1],[1,2,2,1,3,3,1,4,4,1,5,5,1,6,6,8,7,7,0,9,0,10,0,11,0,12,0,13,0,14,0,15,0,16,0,17,0,18]]]]
