[1,0,0,[["cc.Mesh",["_native","_hash","_struct"],1,11]],[[0,0,1,2,3]],[[[[0,".bin",3303262645,[{"primitives":[{"primitiveMode":7,"vertexBundelIndices":[0],"indexView":{"offset":704,"length":96,"count":48,"stride":2}}],"vertexBundles":[{"view":{"offset":0,"length":704,"count":22,"stride":32},"attributes":[{"name":"a_position","format":32,"isNormalized":false},{"name":"a_normal","format":32,"isNormalized":false},{"name":"a_texCoord","format":21,"isNormalized":false}]}]},"minPosition",8,[1,-0.0038482164964079857,-0.0003216904297005385,-0.0002208939113188535],"maxPosition",8,[1,0.0038510735612362623,0.00029586494201794267,0.0002208942169090733]]],-1],0,0,[],[],[]],[[[0,".bin",2677419336,[{"primitives":[{"primitiveMode":7,"vertexBundelIndices":[0],"indexView":{"offset":4544,"length":1200,"count":600,"stride":2}}],"vertexBundles":[{"view":{"offset":0,"length":4544,"count":142,"stride":32},"attributes":[{"name":"a_position","format":32,"isNormalized":false},{"name":"a_normal","format":32,"isNormalized":false},{"name":"a_texCoord","format":21,"isNormalized":false}]}]},"minPosition",8,[1,-0.0005961960414424539,-0.0016422881744801998,-0.0016422872431576252],"maxPosition",8,[1,0.0005961954593658447,0.0016422875924035907,0.0016422870103269815]]],-1],0,0,[],[],[]],[[[0,".bin",2971667131,[{"primitives":[{"primitiveMode":7,"vertexBundelIndices":[0],"indexView":{"offset":4544,"length":1200,"count":600,"stride":2}}],"vertexBundles":[{"view":{"offset":0,"length":4544,"count":142,"stride":32},"attributes":[{"name":"a_position","format":32,"isNormalized":false},{"name":"a_normal","format":32,"isNormalized":false},{"name":"a_texCoord","format":21,"isNormalized":false}]}]},"minPosition",8,[1,-0.0005961957504041493,-0.0016422881744801998,-0.0016422868939116597],"maxPosition",8,[1,0.0005961954593658447,0.0016422875924035907,0.0016422868939116597]]],-1],0,0,[],[],[]],[[[0,".bin",2887372088,[{"primitives":[{"primitiveMode":7,"vertexBundelIndices":[0],"indexView":{"offset":4544,"length":1200,"count":600,"stride":2}}],"vertexBundles":[{"view":{"offset":0,"length":4544,"count":142,"stride":32},"attributes":[{"name":"a_position","format":32,"isNormalized":false},{"name":"a_normal","format":32,"isNormalized":false},{"name":"a_texCoord","format":21,"isNormalized":false}]}]},"minPosition",8,[1,-0.0005961957504041493,-0.0016422885237261653,-0.0016422868939116597],"maxPosition",8,[1,0.0005961954593658447,0.001642287359572947,0.0016422868939116597]]],-1],0,0,[],[],[]],[[[0,".bin",3306819331,[{"primitives":[{"primitiveMode":7,"vertexBundelIndices":[0],"indexView":{"offset":4544,"length":1200,"count":600,"stride":2}}],"vertexBundles":[{"view":{"offset":0,"length":4544,"count":142,"stride":32},"attributes":[{"name":"a_position","format":32,"isNormalized":false},{"name":"a_normal","format":32,"isNormalized":false},{"name":"a_texCoord","format":21,"isNormalized":false}]}]},"minPosition",8,[1,-0.0005961957504041493,-0.0016422879416495562,-0.0016422872431576252],"maxPosition",8,[1,0.0005961957504041493,0.0016422879416495562,0.0016422870103269815]]],-1],0,0,[],[],[]],[[[0,".bin",3744184713,[{"primitives":[{"primitiveMode":7,"vertexBundelIndices":[0],"indexView":{"offset":65504,"length":9612,"count":4806,"stride":2}}],"vertexBundles":[{"view":{"offset":0,"length":65504,"count":2047,"stride":32},"attributes":[{"name":"a_position","format":32,"isNormalized":false},{"name":"a_normal","format":32,"isNormalized":false},{"name":"a_texCoord","format":21,"isNormalized":false}]}]},"minPosition",8,[1,-0.004820297937840223,-0.009761273860931396,0.001296043861657381],"maxPosition",8,[1,0.004820297937840223,0.009761274792253971,0.009968132711946964]]],-1],0,0,[],[],[]]]]
