[1,["81vhsxyJ5CdpQQk9EmBRpi","42uKhe1QBE36b/ZVBEMdxm","6fc7semchKyJWCs4rQpUH4@9ff07","6fc7semchKyJWCs4rQpUH4@2048a","6fc7semchKyJWCs4rQpUH4@323cf","6fc7semchKyJWCs4rQpUH4@6fb1c","6fc7semchKyJWCs4rQpUH4@b958d","6fc7semchKyJWCs4rQpUH4@5acf1","6fc7semchKyJWCs4rQpUH4@a804d","67hduPMHBGeZ1Gp/Nchq79","6fc7semchKyJWCs4rQpUH4@33532","6fc7semchKyJWCs4rQpUH4@db9ab","6fc7semchKyJWCs4rQpUH4@96da3","6fc7semchKyJWCs4rQpUH4@1550f","6fc7semchKyJWCs4rQpUH4@ca6da","6fc7semchKyJWCs4rQpUH4@3166c"],["node","_mesh","root","_parent","data"],[["cc.Node",["_name","_layer","_prefab","_parent","_lrot","_lscale","_euler","_components","_lpos","_children"],1,4,1,5,5,5,9,5,12],["cc.Mesh",["_native","_hash","_struct"],1,11],["cc.Prefab",["_name"],2],["cc.PrefabInfo",["fileId","root","asset"],2,1,1],["cc.MeshRenderer",["node","__prefab","_materials","lightmapSettings","_mesh"],3,1,4,3,4,6],["cc.CompPrefabInfo",["fileId"],2],["cc.ModelLightmapSettings",[],3],["cc.MeshCollider",["node","__prefab","_mesh"],3,1,4,6],["cc.RigidBody",["_type","node","__prefab"],2,1,4]],[[5,0,2],[3,0,1,2,2],[1,0,1,2,3],[4,0,1,2,3,4,1],[6,1],[7,0,1,2,1],[8,0,1,2,2],[0,0,1,3,7,2,4,5,6,3],[0,0,3,7,2,8,4,5,6,2],[0,0,3,2,8,4,5,6,2],[2,0,2],[0,0,9,2,2],[0,0,3,7,2,4,5,6,2]],[[[[2,".bin",1090302293,[{"primitives":[{"primitiveMode":7,"vertexBundelIndices":[0],"indexView":{"offset":9216,"length":1488,"count":372,"stride":4}}],"vertexBundles":[{"view":{"offset":0,"length":9216,"count":192,"stride":48},"attributes":[{"name":"a_position","format":32,"isNormalized":false},{"name":"a_normal","format":32,"isNormalized":false},{"name":"a_texCoord","format":21,"isNormalized":false},{"name":"a_tangent","format":44,"isNormalized":false}]}]},"minPosition",8,[1,-0.0020000000949949026,-0.0020000000949949026,-0.00009999989561038092],"maxPosition",8,[1,0.0020000000949949026,0.0020000000949949026,0.00009999989561038092]]],-1],0,0,[],[],[]],[[[2,".bin",565533688,[{"primitives":[{"primitiveMode":7,"vertexBundelIndices":[0],"indexView":{"offset":576,"length":72,"count":18,"stride":4}}],"vertexBundles":[{"view":{"offset":0,"length":576,"count":12,"stride":48},"attributes":[{"name":"a_position","format":32,"isNormalized":false},{"name":"a_normal","format":32,"isNormalized":false},{"name":"a_texCoord","format":21,"isNormalized":false},{"name":"a_tangent","format":44,"isNormalized":false}]}]},"minPosition",8,[1,0.026677830144762993,-0.009999999776482582,0.00699999975040555],"maxPosition",8,[1,0.028660260140895844,0.009999999776482582,0.009999999776482582]]],-1],0,0,[],[],[]],[[[2,".bin",1090302293,[{"primitives":[{"primitiveMode":7,"vertexBundelIndices":[0],"indexView":{"offset":9216,"length":1488,"count":372,"stride":4}}],"vertexBundles":[{"view":{"offset":0,"length":9216,"count":192,"stride":48},"attributes":[{"name":"a_position","format":32,"isNormalized":false},{"name":"a_normal","format":32,"isNormalized":false},{"name":"a_texCoord","format":21,"isNormalized":false},{"name":"a_tangent","format":44,"isNormalized":false}]}]},"minPosition",8,[1,-0.0020000000949949026,-0.0020000000949949026,-0.00009999989561038092],"maxPosition",8,[1,0.0020000000949949026,0.0020000000949949026,0.00009999989561038092]]],-1],0,0,[],[],[]],[[[2,".bin",809369660,[{"primitives":[{"primitiveMode":7,"vertexBundelIndices":[0],"indexView":{"offset":576,"length":72,"count":18,"stride":4}}],"vertexBundles":[{"view":{"offset":0,"length":576,"count":12,"stride":48},"attributes":[{"name":"a_position","format":32,"isNormalized":false},{"name":"a_normal","format":32,"isNormalized":false},{"name":"a_texCoord","format":21,"isNormalized":false},{"name":"a_tangent","format":44,"isNormalized":false}]}]},"minPosition",8,[1,0,-0.021000001579523087,0.00699999975040555],"maxPosition",8,[1,0.028660260140895844,-0.008637440390884876,0.009999999776482582]]],-1],0,0,[],[],[]],[[[2,".bin",1090302293,[{"primitives":[{"primitiveMode":7,"vertexBundelIndices":[0],"indexView":{"offset":9216,"length":1488,"count":372,"stride":4}}],"vertexBundles":[{"view":{"offset":0,"length":9216,"count":192,"stride":48},"attributes":[{"name":"a_position","format":32,"isNormalized":false},{"name":"a_normal","format":32,"isNormalized":false},{"name":"a_texCoord","format":21,"isNormalized":false},{"name":"a_tangent","format":44,"isNormalized":false}]}]},"minPosition",8,[1,-0.0020000000949949026,-0.0020000000949949026,-0.00009999989561038092],"maxPosition",8,[1,0.0020000000949949026,0.0020000000949949026,0.00009999989561038092]]],-1],0,0,[],[],[]],[[[2,".bin",3066831429,[{"primitives":[{"primitiveMode":7,"vertexBundelIndices":[0],"indexView":{"offset":576,"length":72,"count":18,"stride":4}}],"vertexBundles":[{"view":{"offset":0,"length":576,"count":12,"stride":48},"attributes":[{"name":"a_position","format":32,"isNormalized":false},{"name":"a_normal","format":32,"isNormalized":false},{"name":"a_texCoord","format":21,"isNormalized":false},{"name":"a_tangent","format":44,"isNormalized":false}]}]},"minPosition",8,[1,-0.028660248965024948,0.008637439459562302,0.00699999975040555],"maxPosition",8,[1,0,0.021000001579523087,0.009999999776482582]]],-1],0,0,[],[],[]],[[[2,".bin",2208768007,[{"primitives":[{"primitiveMode":7,"vertexBundelIndices":[0],"indexView":{"offset":576,"length":72,"count":18,"stride":4}}],"vertexBundles":[{"view":{"offset":0,"length":576,"count":12,"stride":48},"attributes":[{"name":"a_position","format":32,"isNormalized":false},{"name":"a_normal","format":32,"isNormalized":false},{"name":"a_texCoord","format":21,"isNormalized":false},{"name":"a_tangent","format":44,"isNormalized":false}]}]},"minPosition",8,[1,-0.028660248965024948,-0.021000001579523087,0.00699999975040555],"maxPosition",8,[1,0,-0.008637439459562302,0.009999999776482582]]],-1],0,0,[],[],[]],[[[2,".bin",1090302293,[{"primitives":[{"primitiveMode":7,"vertexBundelIndices":[0],"indexView":{"offset":9216,"length":1488,"count":372,"stride":4}}],"vertexBundles":[{"view":{"offset":0,"length":9216,"count":192,"stride":48},"attributes":[{"name":"a_position","format":32,"isNormalized":false},{"name":"a_normal","format":32,"isNormalized":false},{"name":"a_texCoord","format":21,"isNormalized":false},{"name":"a_tangent","format":44,"isNormalized":false}]}]},"minPosition",8,[1,-0.0020000000949949026,-0.0020000000949949026,-0.00009999989561038092],"maxPosition",8,[1,0.0020000000949949026,0.0020000000949949026,0.00009999989561038092]]],-1],0,0,[],[],[]],[[[2,".bin",525014269,[{"primitives":[{"primitiveMode":7,"vertexBundelIndices":[0],"indexView":{"offset":576,"length":72,"count":18,"stride":4}}],"vertexBundles":[{"view":{"offset":0,"length":576,"count":12,"stride":48},"attributes":[{"name":"a_position","format":32,"isNormalized":false},{"name":"a_normal","format":32,"isNormalized":false},{"name":"a_texCoord","format":21,"isNormalized":false},{"name":"a_tangent","format":44,"isNormalized":false}]}]},"minPosition",8,[1,0,0.008637440390884876,0.00699999975040555],"maxPosition",8,[1,0.028660260140895844,0.021000001579523087,0.009999999776482582]]],-1],0,0,[],[],[]],[[[2,".bin",2784253870,[{"primitives":[{"primitiveMode":7,"vertexBundelIndices":[0],"indexView":{"offset":1728,"length":240,"count":60,"stride":4}}],"vertexBundles":[{"view":{"offset":0,"length":1728,"count":36,"stride":48},"attributes":[{"name":"a_position","format":32,"isNormalized":false},{"name":"a_normal","format":32,"isNormalized":false},{"name":"a_texCoord","format":21,"isNormalized":false},{"name":"a_tangent","format":44,"isNormalized":false}]}]},"minPosition",8,[1,-0.028660248965024948,-0.021000001579523087,-0.0019999989308416843],"maxPosition",8,[1,0.028660260140895844,0.021000001579523087,0.007000001147389412]]],-1],0,0,[],[],[]],[[[2,".bin",2976137733,[{"primitives":[{"primitiveMode":7,"vertexBundelIndices":[0],"indexView":{"offset":576,"length":72,"count":18,"stride":4}}],"vertexBundles":[{"view":{"offset":0,"length":576,"count":12,"stride":48},"attributes":[{"name":"a_position","format":32,"isNormalized":false},{"name":"a_normal","format":32,"isNormalized":false},{"name":"a_texCoord","format":21,"isNormalized":false},{"name":"a_tangent","format":44,"isNormalized":false}]}]},"minPosition",8,[1,-0.028660248965024948,-0.009999999776482582,0.00699999975040555],"maxPosition",8,[1,-0.026677820831537247,0.009999999776482582,0.009999999776482582]]],-1],0,0,[],[],[]],[[[2,".bin",1090302293,[{"primitives":[{"primitiveMode":7,"vertexBundelIndices":[0],"indexView":{"offset":9216,"length":1488,"count":372,"stride":4}}],"vertexBundles":[{"view":{"offset":0,"length":9216,"count":192,"stride":48},"attributes":[{"name":"a_position","format":32,"isNormalized":false},{"name":"a_normal","format":32,"isNormalized":false},{"name":"a_texCoord","format":21,"isNormalized":false},{"name":"a_tangent","format":44,"isNormalized":false}]}]},"minPosition",8,[1,-0.0020000000949949026,-0.0020000000949949026,-0.00009999989561038092],"maxPosition",8,[1,0.0020000000949949026,0.0020000000949949026,0.00009999989561038092]]],-1],0,0,[],[],[]],[[[2,".bin",1090302293,[{"primitives":[{"primitiveMode":7,"vertexBundelIndices":[0],"indexView":{"offset":9216,"length":1488,"count":372,"stride":4}}],"vertexBundles":[{"view":{"offset":0,"length":9216,"count":192,"stride":48},"attributes":[{"name":"a_position","format":32,"isNormalized":false},{"name":"a_normal","format":32,"isNormalized":false},{"name":"a_texCoord","format":21,"isNormalized":false},{"name":"a_tangent","format":44,"isNormalized":false}]}]},"minPosition",8,[1,-0.0020000000949949026,-0.0020000000949949026,-0.00009999989561038092],"maxPosition",8,[1,0.0020000000949949026,0.0020000000949949026,0.00009999989561038092]]],-1],0,0,[],[],[]],[[[10,"map_003"],[11,"map_003",[[-2,-3,-4,-5,-6,-7,-8,-9,-10,-11,-12,-13,-14,[9,"Camera",-16,[1,"8cOVSCwxhTppO4PTwvxYKN",-15,0],[1,-5.5,6.699999809265137,0],[3,-4.4971273106791125e-8,-6.092074868835776e-9,-0.422618062986199,0.9063078797173681],[1,99.99999237060547,99.99999237060547,100],[1,-0.000007724992193907352,-0.000004372489397016428,-49.999974869920194]],[9,"char",-18,[1,"29nqdDeyVez6Ymw+2Ve1XT",-17,0],[1,-2.299999952316284,0.8999999761581421,0],[3,-0.7071068407911908,0,0,0.7071067215818992],[1,100,100,100],[1,-90.00000965934633,0,0]]],1,1,1,1,1,1,1,1,1,1,1,1,1,4,4],[1,"03hTAXM2tcfKemiqmkF3bv",-1,0]],[7,"0.Cylinder.001",2,1,[[3,-19,[0,"edolSamWFU1aLEmJE2GsuQ"],[0],[4],1],[5,-20,[0,"35bhAZgVhE56T0X8KnkwbB"],2],[6,2,-21,[0,"3dUUfp8RFElK85jK0NMHzC"]]],[1,"db6q1GfF1YwoaTYwa3lAEi",1,0],[3,-0.7071068407911908,0,0,0.7071067215818992],[1,100,100,100],[1,-90.00000965934633,0,0]],[7,"0.Cylinder.002",2,1,[[3,-22,[0,"7fNYgu8BZWRqnP7kz7P4VJ"],[3],[4],4],[5,-23,[0,"b2eZ78/glLaIgikOY2leqI"],5],[6,2,-24,[0,"528LAQzUVLfoxvN0oESk8Y"]]],[1,"5dh1hL+yVZnYwkXhmmiUvc",1,0],[3,-0.7071068407911908,0,0,0.7071067215818992],[1,100,100,100],[1,-90.00000965934633,0,0]],[7,"0.Cylinder.003",2,1,[[3,-25,[0,"98ytO+bjxer446G81PX+cd"],[6],[4],7],[5,-26,[0,"edz6laqqRBAIbXl1nhhBEG"],8],[6,2,-27,[0,"67W3ciFcJPIJLUBa1gvjJN"]]],[1,"303nKtdLddIYA1u/6cYo6d",1,0],[3,-0.7071068407911908,0,0,0.7071067215818992],[1,100,100,100],[1,-90.00000965934633,0,0]],[7,"0.Cylinder.004",2,1,[[3,-28,[0,"ebhg0aM4xXT7dxPzljaXdE"],[9],[4],10],[5,-29,[0,"668qqVam9ND48ec7pds3g4"],11],[6,2,-30,[0,"3ezjZN1A1HIaFjwKexUtbw"]]],[1,"8ceFhGWxlXNZ7UpLRcuCUM",1,0],[3,-0.7071068407911908,0,0,0.7071067215818992],[1,100,100,100],[1,-90.00000965934633,0,0]],[7,"0.Cylinder.005",2,1,[[3,-31,[0,"26ndfRJ1Je7LrrD1RNweie"],[12],[4],13],[5,-32,[0,"03tJ2bqrpPQK5VsWGrhNzp"],14],[6,2,-33,[0,"f4hybku9dK+Yn8G3bfQ0Uf"]]],[1,"b7I+mg0zVXFJMM/WBAMo9Z",1,0],[3,-0.7071068407911908,0,0,0.7071067215818992],[1,100,100,100],[1,-90.00000965934633,0,0]],[7,"0.Cylinder.006",2,1,[[3,-34,[0,"f3p6iGIGRZ4o39u6DobNeR"],[15],[4],16],[5,-35,[0,"829LilYFJOfZVw9TuTr7e/"],17],[6,2,-36,[0,"ednLi4+8JNt4DitJWQpJFL"]]],[1,"b6kUhKglxToLwHFZYhAuEk",1,0],[3,-0.7071068407911908,0,0,0.7071067215818992],[1,100,100,100],[1,-90.00000965934633,0,0]],[12,"0.ground",1,[[3,-37,[0,"a7RD2j7cxZxpU3Mv9hY0pQ"],[18],[4],19],[5,-38,[0,"6fV1E51FJMALtmcrRipws1"],20],[6,2,-39,[0,"dbCStsBZlHw74IFLnkVBE5"]]],[1,"0b0Je+CsteiLK/r1MMv/Zs",1,0],[3,-0.7071068407911908,0,0,0.7071067215818992],[1,100,100,100],[1,-90.00000965934633,0,0]],[8,"1.disc",1,[[3,-40,[0,"1eO+xBWgRZw6khxzY3Zsae"],[21],[4],22]],[1,"9bWYX/yC1XRKFp6Em1KEQl",1,0],[1,2.200000047683716,0.699999988079071,0.6000000238418579],[3,-0.7071068407911908,0,0,0.7071067215818992],[1,100,100,100],[1,-90.00000965934633,0,0]],[8,"1.disc.001",1,[[3,-41,[0,"b8NEc1r5BegqoJ3r+jnWgL"],[23],[4],24]],[1,"b3jyHVyUxUBJ1AVtBApY/e",1,0],[1,1.7999999523162842,0.699999988079071,-0.699999988079071],[3,-0.7071068407911908,0,0,0.7071067215818992],[1,100,100,100],[1,-90.00000965934633,0,0]],[8,"1.disc.002",1,[[3,-42,[0,"0a1DUVadhRpKsrKqnFLtQM"],[25],[4],26]],[1,"c1Djr5MpVWCrZwHXFu23kD",1,0],[1,0,0.699999988079071,-1.2999999523162842],[3,-0.7071068407911908,0,0,0.7071067215818992],[1,100,100,100],[1,-90.00000965934633,0,0]],[8,"1.disc.003",1,[[3,-43,[0,"08ML+jix1cNL9C2nlia1r9"],[27],[4],28]],[1,"42Y2rZkuJet4fuw/un6hp8",1,0],[1,-0.20000000298023224,0.699999988079071,0],[3,-0.7071068407911908,0,0,0.7071067215818992],[1,100,100,100],[1,-90.00000965934633,0,0]],[8,"1.disc.004",1,[[3,-44,[0,"d8SSXpnIRf46osVD9VI8rv"],[29],[4],30]],[1,"f7vGqpqs1acZZ27l61WgVd",1,0],[1,0,0.699999988079071,1.2999999523162842],[3,-0.7071068407911908,0,0,0.7071067215818992],[1,100,100,100],[1,-90.00000965934633,0,0]],[8,"1.disc.005",1,[[3,-45,[0,"2cZmkSZN1VB6xvcZn8vV0o"],[31],[4],32]],[1,"1d7cOIuQpYK7YCfrmVpvef",1,0],[1,-1.7999999523162842,0.699999988079071,-0.699999988079071],[3,-0.7071068407911908,0,0,0.7071067215818992],[1,100,100,100],[1,-90.00000965934633,0,0]]],0,[0,2,1,0,-1,2,0,-2,3,0,-3,4,0,-4,5,0,-5,6,0,-6,7,0,-7,8,0,-8,9,0,-9,10,0,-10,11,0,-11,12,0,-12,13,0,-13,14,0,2,1,0,3,1,0,2,1,0,3,1,0,0,2,0,0,2,0,0,2,0,0,3,0,0,3,0,0,3,0,0,4,0,0,4,0,0,4,0,0,5,0,0,5,0,0,5,0,0,6,0,0,6,0,0,6,0,0,7,0,0,7,0,0,7,0,0,8,0,0,8,0,0,8,0,0,9,0,0,10,0,0,11,0,0,12,0,0,13,0,0,14,0,4,1,45],[0,0,0,0,0,0,0,0,0,0,0,0,0,0,0,0,0,0,0,0,0,0,0,0,0,0,0,0,0,0,0,0,0],[-1,1,1,-1,1,1,-1,1,1,-1,1,1,-1,1,1,-1,1,1,-1,1,1,-1,1,-1,1,-1,1,-1,1,-1,1,-1,1],[0,2,2,0,3,3,0,4,4,0,5,5,0,6,6,0,7,7,9,8,8,1,10,1,11,1,12,1,13,1,14,1,15]]]]
