[1,["5e7d21fa-f648-4881-8cf3-65f94f876717@f9941","5e7d21fa-f648-4881-8cf3-65f94f876717@6c48a"],["spriteFrame","_textureSource"],["cc.SpriteFrame",["cc.BitmapFont",["_name","fontSize","fntConfig"],0]],[[1,0,1,2,4]],[[[[0,"UTM_Colossalis_outLine",80,{"commonHeight":106,"fontSize":80,"atlasName":"UTM_Colossalis_outLine.png","fontDefDictionary":{"0":{"xOffset":0,"yOffset":3,"xAdvance":197,"rect":{"x":0,"y":119,"width":195,"height":97}},"32":{"xOffset":-1,"yOffset":0,"xAdvance":22,"rect":{"x":0,"y":0,"width":0,"height":0}},"48":{"xOffset":2,"yOffset":26,"xAdvance":47,"rect":{"x":127,"y":60,"width":43,"height":59}},"49":{"xOffset":8,"yOffset":25,"xAdvance":47,"rect":{"x":0,"y":0,"width":29,"height":60}},"50":{"xOffset":4,"yOffset":26,"xAdvance":47,"rect":{"x":29,"y":0,"width":39,"height":59}},"51":{"xOffset":3,"yOffset":26,"xAdvance":47,"rect":{"x":68,"y":0,"width":41,"height":59}},"52":{"xOffset":0,"yOffset":26,"xAdvance":47,"rect":{"x":109,"y":0,"width":46,"height":59}},"53":{"xOffset":3,"yOffset":26,"xAdvance":47,"rect":{"x":155,"y":0,"width":41,"height":59}},"54":{"xOffset":3,"yOffset":26,"xAdvance":47,"rect":{"x":196,"y":0,"width":42,"height":59}},"55":{"xOffset":3,"yOffset":26,"xAdvance":47,"rect":{"x":0,"y":60,"width":42,"height":59}},"56":{"xOffset":2,"yOffset":26,"xAdvance":47,"rect":{"x":42,"y":60,"width":43,"height":59}},"57":{"xOffset":2,"yOffset":26,"xAdvance":47,"rect":{"x":85,"y":60,"width":42,"height":59}},"58":{"xOffset":5,"yOffset":43,"xAdvance":23,"rect":{"x":238,"y":0,"width":16,"height":42}}},"kerningDict":{}}]],0,0,[0],[0],[0]],[[{"name":"UTM_Colossalis_outLine","rect":{"x":0,"y":0,"width":254,"height":216},"offset":{"x":-1,"y":20},"originalSize":{"width":256,"height":256},"rotated":false,"capInsets":[0,0,0,0],"packable":true}],[0],0,[0],[1],[1]]]]
