[1,["19f255d78@6c48a"],["_textureSource"],["cc.SpriteFrame"],0,[[[{"name":"momo-sit-down","rect":{"x":841,"y":888,"width":134,"height":119},"offset":{"x":3,"y":-8.5},"originalSize":{"width":168,"height":168},"rotated":false,"capInsets":[0,0,0,0],"packable":true}],[0],0,[0],[0],[0]],[[{"name":"avatar-frame","rect":{"x":499,"y":935,"width":80,"height":80},"offset":{"x":0,"y":0},"originalSize":{"width":80,"height":80},"rotated":false,"capInsets":[0,0,0,0],"packable":true}],[0],0,[0],[0],[0]],[[{"name":"enegy","rect":{"x":449,"y":804,"width":42,"height":48},"offset":{"x":0,"y":0},"originalSize":{"width":48,"height":48},"rotated":true,"capInsets":[0,0,0,0],"packable":true}],[0],0,[0],[0],[0]],[[{"name":"menu_line","rect":{"x":384,"y":3,"width":332,"height":20},"offset":{"x":0,"y":0},"originalSize":{"width":332,"height":24},"rotated":true,"capInsets":[73,0,12,0],"packable":true}],[0],0,[0],[0],[0]],[[{"name":"legendary-2","rect":{"x":838,"y":854,"width":182,"height":28},"offset":{"x":0,"y":0},"originalSize":{"width":182,"height":28},"rotated":false,"capInsets":[0,0,0,0],"packable":true}],[0],0,[0],[0],[0]],[[{"name":"1-icon-24@2x","rect":{"x":981,"y":888,"width":33,"height":33},"offset":{"x":0.5,"y":-0.5},"originalSize":{"width":50,"height":48},"rotated":false,"capInsets":[0,0,0,0],"packable":true}],[0],0,[0],[0],[0]],[[{"name":"loading","rect":{"x":981,"y":927,"width":30,"height":30},"offset":{"x":0,"y":0},"originalSize":{"width":30,"height":30},"rotated":false,"capInsets":[0,0,0,0],"packable":true}],[0],0,[0],[0],[0]],[[{"name":"banner-2","rect":{"x":415,"y":3,"width":594,"height":274},"offset":{"x":0,"y":-1},"originalSize":{"width":598,"height":276},"rotated":false,"capInsets":[0,0,0,0],"packable":true}],[0],0,[0],[0],[0]],[[{"name":"candy","rect":{"x":764,"y":932,"width":68,"height":70},"offset":{"x":3,"y":-2},"originalSize":{"width":74,"height":74},"rotated":false,"capInsets":[0,0,0,0],"packable":true}],[0],0,[0],[0],[0]],[[{"name":"hand","rect":{"x":503,"y":804,"width":125,"height":141},"offset":{"x":0,"y":0},"originalSize":{"width":125,"height":141},"rotated":true,"capInsets":[0,0,0,0],"packable":true}],[0],0,[0],[0],[0]],[[{"name":"14-avatar-image@2x","rect":{"x":686,"y":932,"width":72,"height":72},"offset":{"x":0,"y":0},"originalSize":{"width":80,"height":80},"rotated":false,"capInsets":[0,0,0,0],"packable":true}],[0],0,[0],[0],[0]],[[{"name":"banner-1","rect":{"x":415,"y":283,"width":594,"height":273},"offset":{"x":0,"y":-0.5},"originalSize":{"width":598,"height":274},"rotated":false,"capInsets":[0,0,0,0],"packable":true}],[0],0,[0],[0],[0]],[[{"name":"Freeze","rect":{"x":3,"y":821,"width":188,"height":406},"offset":{"x":0,"y":0},"originalSize":{"width":188,"height":406},"rotated":true,"capInsets":[0,0,0,0],"packable":true}],[0],0,[0],[0],[0]],[[{"name":"1-icon-16@2x","rect":{"x":789,"y":854,"width":28,"height":28},"offset":{"x":0,"y":0},"originalSize":{"width":28,"height":28},"rotated":false,"capInsets":[0,0,0,0],"packable":true}],[0],0,[0],[0],[0]],[[{"name":"legendary-1","rect":{"x":415,"y":804,"width":208,"height":28},"offset":{"x":0,"y":0},"originalSize":{"width":208,"height":28},"rotated":true,"capInsets":[0,0,0,0],"packable":true}],[0],0,[0],[0],[0]],[[{"name":"momo-standing","rect":{"x":585,"y":935,"width":75,"height":95},"offset":{"x":-2.5,"y":0.5},"originalSize":{"width":104,"height":104},"rotated":true,"capInsets":[0,0,0,0],"packable":true}],[0],0,[0],[0],[0]],[[{"name":"momo-standing-1","rect":{"x":789,"y":888,"width":36,"height":46},"offset":{"x":0,"y":0},"originalSize":{"width":52,"height":52},"rotated":true,"capInsets":[0,0,0,0],"packable":true}],[0],0,[0],[0],[0]],[[{"name":"btn-bg-4","rect":{"x":449,"y":854,"width":160,"height":44},"offset":{"x":0,"y":0},"originalSize":{"width":160,"height":44},"rotated":true,"capInsets":[24,20,24,20],"packable":true}],[0],0,[0],[0],[0]],[[{"name":"tiger","rect":{"x":650,"y":854,"width":133,"height":72},"offset":{"x":-16,"y":7},"originalSize":{"width":343,"height":88},"rotated":false,"capInsets":[0,0,0,0],"packable":true}],[0],0,[0],[0],[0]],[[{"name":"btn-x","rect":{"x":981,"y":963,"width":28,"height":28},"offset":{"x":0,"y":0},"originalSize":{"width":28,"height":28},"rotated":false,"capInsets":[0,0,0,0],"packable":true}],[0],0,[0],[0],[0]],[[{"name":"momo-with-tea","rect":{"x":384,"y":562,"width":236,"height":275},"offset":{"x":11,"y":-9.5},"originalSize":{"width":336,"height":336},"rotated":true,"capInsets":[0,0,0,0],"packable":true}],[0],0,[0],[0],[0]],[[{"name":"bg","rect":{"x":3,"y":3,"width":375,"height":812},"offset":{"x":-0.5,"y":13},"originalSize":{"width":376,"height":868},"rotated":false,"capInsets":[0,0,0,0],"packable":true}],[0],0,[0],[0],[0]],[[{"name":"bg-popup","rect":{"x":665,"y":562,"width":343,"height":286},"offset":{"x":0,"y":0},"originalSize":{"width":343,"height":286},"rotated":false,"capInsets":[12,12,12,12],"packable":true}],[0],0,[0],[0],[0]]]]
