{"version":1,"document":[{"__type__":"cc.AnimationClip","_name":"lv3-walk","_objFlags":0,"_native":"","sample":60,"speed":1,"wrapMode":2,"enableTrsBlending":false,"_duration":1.2666666666666666,"_hash":500763545,"_tracks":[{"__id__":1},{"__id__":6}],"_exoticAnimation":null,"_events":[]},{"__type__":"cc.animation.ObjectTrack","_binding":{"__type__":"cc.animation.TrackBinding","path":{"__id__":2}},"_channel":{"__id__":4}},{"__type__":"cc.animation.TrackPath","_paths":[{"__id__":3},"spriteFrame"]},{"__type__":"cc.animation.ComponentPath","component":"cc.Sprite"},{"__type__":"cc.animation.Channel","_curve":{"__id__":5}},{"__type__":"cc.ObjectCurve","_times":[0,0.25,0.5,0.75,1,1.25],"_values":[{"__uuid__":"9503ab4a-6980-4a1f-bafa-2478422a29bd@f9941","__expectedType__":"cc.Asset"},{"__uuid__":"d9668789-41b7-4fc8-9da4-b35db5d4ae9e@f9941","__expectedType__":"cc.Asset"},{"__uuid__":"7229efdf-833b-4d82-9473-5c6cc4d9d666@f9941","__expectedType__":"cc.Asset"},{"__uuid__":"2cb5da28-c0ff-4b6c-b33f-2050ce2b5908@f9941","__expectedType__":"cc.Asset"},{"__uuid__":"75447bf8-7303-424e-a12d-b2deddf7537f@f9941","__expectedType__":"cc.Asset"},{"__uuid__":"d06fabd1-e82b-4be9-9a04-c8d1e93b25f2@f9941","__expectedType__":"cc.Asset"}]},{"__type__":"cc.animation.SizeTrack","_binding":{"__type__":"cc.animation.TrackBinding","path":{"__id__":7}},"_channels":[{"__id__":9},{"__id__":11}]},{"__type__":"cc.animation.TrackPath","_paths":[{"__id__":8},"contentSize"]},{"__type__":"cc.animation.ComponentPath","component":"cc.UITransform"},{"__type__":"cc.animation.Channel","_curve":{"__id__":10}},{"__type__":"cc.RealCurve","bytes":{"__type__":"TypedArrayRef","ctor":"Uint8Array","offset":0,"length":46}},{"__type__":"cc.animation.Channel","_curve":{"__id__":12}},{"__type__":"cc.RealCurve","bytes":{"__type__":"TypedArrayRef","ctor":"Uint8Array","offset":46,"length":46}}],"chunks":[".bin"]}
