[1,["81be1b31-c89e-4276-9410-93d126051a62","42b8a85e-d500-44df-a6ff-65504431dc66","b30a3072-6c32-49b8-b42e-275267c526e6@d664e","b30a3072-6c32-49b8-b42e-275267c526e6@cce37","b30a3072-6c32-49b8-b42e-275267c526e6@a4d51","b30a3072-6c32-49b8-b42e-275267c526e6@9a1ef","b30a3072-6c32-49b8-b42e-275267c526e6@bc06f","b30a3072-6c32-49b8-b42e-275267c526e6@d2464","b30a3072-6c32-49b8-b42e-275267c526e6@4271d","b30a3072-6c32-49b8-b42e-275267c526e6@00870","b30a3072-6c32-49b8-b42e-275267c526e6@bf48e","b30a3072-6c32-49b8-b42e-275267c526e6@d7dae","b30a3072-6c32-49b8-b42e-275267c526e6@4e629","b30a3072-6c32-49b8-b42e-275267c526e6@19531","b30a3072-6c32-49b8-b42e-275267c526e6@d8a69","b30a3072-6c32-49b8-b42e-275267c526e6@c44f0","b30a3072-6c32-49b8-b42e-275267c526e6@c43cd","6785db8f-3070-4679-9d46-a7f35c86aefd","b30a3072-6c32-49b8-b42e-275267c526e6@9abbd","b30a3072-6c32-49b8-b42e-275267c526e6@53e93","b30a3072-6c32-49b8-b42e-275267c526e6@d10bc","b30a3072-6c32-49b8-b42e-275267c526e6@c6593","b30a3072-6c32-49b8-b42e-275267c526e6@48290"],["node","_mesh","root","_parent","data"],[["cc.Node",["_name","_layer","_prefab","_parent","_lrot","_lscale","_euler","_components","_lpos","_children"],1,4,1,5,5,5,9,5,12],["cc.Mesh",["_native","_hash","_struct"],1,11],["cc.Prefab",["_name"],2],["cc.PrefabInfo",["fileId","root","asset"],2,1,1],["cc.MeshRenderer",["node","__prefab","_materials","lightmapSettings","_mesh"],3,1,4,3,4,6],["cc.CompPrefabInfo",["fileId"],2],["cc.ModelLightmapSettings",[],3],["cc.MeshCollider",["node","__prefab","_mesh"],3,1,4,6],["cc.RigidBody",["_type","node","__prefab"],2,1,4]],[[5,0,2],[3,0,1,2,2],[1,0,1,2,3],[4,0,1,2,3,4,1],[6,1],[7,0,1,2,1],[8,0,1,2,2],[0,0,1,3,7,2,4,5,6,3],[0,0,3,7,2,8,4,5,6,2],[0,0,3,2,8,4,5,6,2],[2,0,2],[0,0,9,2,2],[0,0,3,7,2,4,5,6,2]],[[[[2,".bin",2688464119,[{"primitives":[{"primitiveMode":7,"vertexBundelIndices":[0],"indexView":{"offset":576,"length":72,"count":18,"stride":4}}],"vertexBundles":[{"view":{"offset":0,"length":576,"count":12,"stride":48},"attributes":[{"name":"a_position","format":32,"isNormalized":false},{"name":"a_normal","format":32,"isNormalized":false},{"name":"a_texCoord","format":21,"isNormalized":false},{"name":"a_tangent","format":44,"isNormalized":false}]}]},"minPosition",8,[1,-0.008917193859815598,-0.01899999938905239,0.00699999975040555],"maxPosition",8,[1,0.008991491049528122,-0.016934379935264587,0.009999999776482582]]],-1],0,0,[],[],[]],[[[2,".bin",664402920,[{"primitives":[{"primitiveMode":7,"vertexBundelIndices":[0],"indexView":{"offset":576,"length":72,"count":18,"stride":4}}],"vertexBundles":[{"view":{"offset":0,"length":576,"count":12,"stride":48},"attributes":[{"name":"a_position","format":32,"isNormalized":false},{"name":"a_normal","format":32,"isNormalized":false},{"name":"a_texCoord","format":21,"isNormalized":false},{"name":"a_tangent","format":44,"isNormalized":false}]}]},"minPosition",8,[1,-0.027066029608249664,-0.01113378070294857,0.00699999975040555],"maxPosition",8,[1,-0.022663559764623642,-0.005167833995074034,0.009999999776482582]]],-1],0,0,[],[],[]],[[[2,".bin",3382141317,[{"primitives":[{"primitiveMode":7,"vertexBundelIndices":[0],"indexView":{"offset":576,"length":72,"count":18,"stride":4}}],"vertexBundles":[{"view":{"offset":0,"length":576,"count":12,"stride":48},"attributes":[{"name":"a_position","format":32,"isNormalized":false},{"name":"a_normal","format":32,"isNormalized":false},{"name":"a_texCoord","format":21,"isNormalized":false},{"name":"a_tangent","format":44,"isNormalized":false}]}]},"minPosition",8,[1,0.008828923106193542,-0.01899999938905239,0.00699999975040555],"maxPosition",8,[1,0.01486544031649828,-0.016080649569630623,0.009999999776482582]]],-1],0,0,[],[],[]],[[[2,".bin",1136784983,[{"primitives":[{"primitiveMode":7,"vertexBundelIndices":[0],"indexView":{"offset":9216,"length":1488,"count":372,"stride":4}}],"vertexBundles":[{"view":{"offset":0,"length":9216,"count":192,"stride":48},"attributes":[{"name":"a_position","format":32,"isNormalized":false},{"name":"a_normal","format":32,"isNormalized":false},{"name":"a_texCoord","format":21,"isNormalized":false},{"name":"a_tangent","format":44,"isNormalized":false}]}]},"minPosition",8,[1,-0.0020000000949949026,-0.0020000000949949026,-0.00009999989561038092],"maxPosition",8,[1,0.0020000000949949026,0.0020000000949949026,0.00009999989561038092]]],-1],0,0,[],[],[]],[[[2,".bin",1360344550,[{"primitives":[{"primitiveMode":7,"vertexBundelIndices":[0],"indexView":{"offset":576,"length":72,"count":18,"stride":4}}],"vertexBundles":[{"view":{"offset":0,"length":576,"count":12,"stride":48},"attributes":[{"name":"a_position","format":32,"isNormalized":false},{"name":"a_normal","format":32,"isNormalized":false},{"name":"a_texCoord","format":21,"isNormalized":false},{"name":"a_tangent","format":44,"isNormalized":false}]}]},"minPosition",8,[1,-0.024355508387088776,-0.015355509705841541,0.00699999975040555],"maxPosition",8,[1,-0.018904509022831917,-0.009904507547616959,0.009999999776482582]]],-1],0,0,[],[],[]],[[[2,".bin",1136784983,[{"primitives":[{"primitiveMode":7,"vertexBundelIndices":[0],"indexView":{"offset":9216,"length":1488,"count":372,"stride":4}}],"vertexBundles":[{"view":{"offset":0,"length":9216,"count":192,"stride":48},"attributes":[{"name":"a_position","format":32,"isNormalized":false},{"name":"a_normal","format":32,"isNormalized":false},{"name":"a_texCoord","format":21,"isNormalized":false},{"name":"a_tangent","format":44,"isNormalized":false}]}]},"minPosition",8,[1,-0.0020000000949949026,-0.0020000000949949026,-0.00009999989561038092],"maxPosition",8,[1,0.0020000000949949026,0.0020000000949949026,0.00009999989561038092]]],-1],0,0,[],[],[]],[[[2,".bin",921557519,[{"primitives":[{"primitiveMode":7,"vertexBundelIndices":[0],"indexView":{"offset":576,"length":72,"count":18,"stride":4}}],"vertexBundles":[{"view":{"offset":0,"length":576,"count":12,"stride":48},"attributes":[{"name":"a_position","format":32,"isNormalized":false},{"name":"a_normal","format":32,"isNormalized":false},{"name":"a_texCoord","format":21,"isNormalized":false},{"name":"a_tangent","format":44,"isNormalized":false}]}]},"minPosition",8,[1,0.022677751258015633,-0.011164410039782524,0.00699999975040555],"maxPosition",8,[1,0.027069659903645515,-0.005219175014644861,0.009999999776482582]]],-1],0,0,[],[],[]],[[[2,".bin",1136784983,[{"primitives":[{"primitiveMode":7,"vertexBundelIndices":[0],"indexView":{"offset":9216,"length":1488,"count":372,"stride":4}}],"vertexBundles":[{"view":{"offset":0,"length":9216,"count":192,"stride":48},"attributes":[{"name":"a_position","format":32,"isNormalized":false},{"name":"a_normal","format":32,"isNormalized":false},{"name":"a_texCoord","format":21,"isNormalized":false},{"name":"a_tangent","format":44,"isNormalized":false}]}]},"minPosition",8,[1,-0.0020000000949949026,-0.0020000000949949026,-0.00009999989561038092],"maxPosition",8,[1,0.0020000000949949026,0.0020000000949949026,0.00009999989561038092]]],-1],0,0,[],[],[]],[[[2,".bin",3776349472,[{"primitives":[{"primitiveMode":7,"vertexBundelIndices":[0],"indexView":{"offset":576,"length":72,"count":18,"stride":4}}],"vertexBundles":[{"view":{"offset":0,"length":576,"count":12,"stride":48},"attributes":[{"name":"a_position","format":32,"isNormalized":false},{"name":"a_normal","format":32,"isNormalized":false},{"name":"a_texCoord","format":21,"isNormalized":false},{"name":"a_tangent","format":44,"isNormalized":false}]}]},"minPosition",8,[1,0.025080649182200432,-0.005865443963557482,0.00699999975040555],"maxPosition",8,[1,0.0279999990016222,0.0001710759970592335,0.009999999776482582]]],-1],0,0,[],[],[]],[[[2,".bin",2363757838,[{"primitives":[{"primitiveMode":7,"vertexBundelIndices":[0],"indexView":{"offset":576,"length":72,"count":18,"stride":4}}],"vertexBundles":[{"view":{"offset":0,"length":576,"count":12,"stride":48},"attributes":[{"name":"a_position","format":32,"isNormalized":false},{"name":"a_normal","format":32,"isNormalized":false},{"name":"a_texCoord","format":21,"isNormalized":false},{"name":"a_tangent","format":44,"isNormalized":false}]}]},"minPosition",8,[1,0.01893514022231102,-0.015369700267910957,0.00699999975040555],"maxPosition",8,[1,0.024369699880480766,-0.009935136884450912,0.009999999776482582]]],-1],0,0,[],[],[]],[[[2,".bin",2830280574,[{"primitives":[{"primitiveMode":7,"vertexBundelIndices":[0],"indexView":{"offset":576,"length":72,"count":18,"stride":4}}],"vertexBundles":[{"view":{"offset":0,"length":576,"count":12,"stride":48},"attributes":[{"name":"a_position","format":32,"isNormalized":false},{"name":"a_normal","format":32,"isNormalized":false},{"name":"a_texCoord","format":21,"isNormalized":false},{"name":"a_tangent","format":44,"isNormalized":false}]}]},"minPosition",8,[1,-0.014814109541475773,-0.01899999938905239,0.00699999975040555],"maxPosition",8,[1,-0.008754624985158443,-0.016077009961009026,0.009999999776482582]]],-1],0,0,[],[],[]],[[[2,".bin",586294901,[{"primitives":[{"primitiveMode":7,"vertexBundelIndices":[0],"indexView":{"offset":4032,"length":624,"count":156,"stride":4}}],"vertexBundles":[{"view":{"offset":0,"length":4032,"count":84,"stride":48},"attributes":[{"name":"a_position","format":32,"isNormalized":false},{"name":"a_normal","format":32,"isNormalized":false},{"name":"a_texCoord","format":21,"isNormalized":false},{"name":"a_tangent","format":44,"isNormalized":false}]}]},"minPosition",8,[1,-0.0279999990016222,-0.01899999938905239,-0.0019999989308416843],"maxPosition",8,[1,0.0279999990016222,0.017000000923871994,0.007000001147389412]]],-1],0,0,[],[],[]],[[[2,".bin",1223514323,[{"primitives":[{"primitiveMode":7,"vertexBundelIndices":[0],"indexView":{"offset":576,"length":72,"count":18,"stride":4}}],"vertexBundles":[{"view":{"offset":0,"length":576,"count":12,"stride":48},"attributes":[{"name":"a_position","format":32,"isNormalized":false},{"name":"a_normal","format":32,"isNormalized":false},{"name":"a_texCoord","format":21,"isNormalized":false},{"name":"a_tangent","format":44,"isNormalized":false}]}]},"minPosition",8,[1,-0.0279999990016222,0.00008280991460196674,0.00699999975040555],"maxPosition",8,[1,-0.025934379547834396,0.017000000923871994,0.009999999776482582]]],-1],0,0,[],[],[]],[[[2,".bin",1136784983,[{"primitives":[{"primitiveMode":7,"vertexBundelIndices":[0],"indexView":{"offset":9216,"length":1488,"count":372,"stride":4}}],"vertexBundles":[{"view":{"offset":0,"length":9216,"count":192,"stride":48},"attributes":[{"name":"a_position","format":32,"isNormalized":false},{"name":"a_normal","format":32,"isNormalized":false},{"name":"a_texCoord","format":21,"isNormalized":false},{"name":"a_tangent","format":44,"isNormalized":false}]}]},"minPosition",8,[1,-0.0020000000949949026,-0.0020000000949949026,-0.00009999989561038092],"maxPosition",8,[1,0.0020000000949949026,0.0020000000949949026,0.00009999989561038092]]],-1],0,0,[],[],[]],[[[2,".bin",308015173,[{"primitives":[{"primitiveMode":7,"vertexBundelIndices":[0],"indexView":{"offset":576,"length":72,"count":18,"stride":4}}],"vertexBundles":[{"view":{"offset":0,"length":576,"count":12,"stride":48},"attributes":[{"name":"a_position","format":32,"isNormalized":false},{"name":"a_normal","format":32,"isNormalized":false},{"name":"a_texCoord","format":21,"isNormalized":false},{"name":"a_tangent","format":44,"isNormalized":false}]}]},"minPosition",8,[1,0.025934379547834396,0.000008507970051141456,0.00699999975040555],"maxPosition",8,[1,0.0279999990016222,0.017000000923871994,0.009999999776482582]]],-1],0,0,[],[],[]],[[[2,".bin",1136784983,[{"primitives":[{"primitiveMode":7,"vertexBundelIndices":[0],"indexView":{"offset":9216,"length":1488,"count":372,"stride":4}}],"vertexBundles":[{"view":{"offset":0,"length":9216,"count":192,"stride":48},"attributes":[{"name":"a_position","format":32,"isNormalized":false},{"name":"a_normal","format":32,"isNormalized":false},{"name":"a_texCoord","format":21,"isNormalized":false},{"name":"a_tangent","format":44,"isNormalized":false}]}]},"minPosition",8,[1,-0.0020000000949949026,-0.0020000000949949026,-0.00009999989561038092],"maxPosition",8,[1,0.0020000000949949026,0.0020000000949949026,0.00009999989561038092]]],-1],0,0,[],[],[]],[[[2,".bin",2224480013,[{"primitives":[{"primitiveMode":7,"vertexBundelIndices":[0],"indexView":{"offset":576,"length":72,"count":18,"stride":4}}],"vertexBundles":[{"view":{"offset":0,"length":576,"count":12,"stride":48},"attributes":[{"name":"a_position","format":32,"isNormalized":false},{"name":"a_normal","format":32,"isNormalized":false},{"name":"a_texCoord","format":21,"isNormalized":false},{"name":"a_tangent","format":44,"isNormalized":false}]}]},"minPosition",8,[1,0.014219180680811405,-0.018069660291075706,0.00699999975040555],"maxPosition",8,[1,0.020164411514997482,-0.013677749782800674,0.009999999776482582]]],-1],0,0,[],[],[]],[[[2,".bin",2526098197,[{"primitives":[{"primitiveMode":7,"vertexBundelIndices":[0],"indexView":{"offset":576,"length":72,"count":18,"stride":4}}],"vertexBundles":[{"view":{"offset":0,"length":576,"count":12,"stride":48},"attributes":[{"name":"a_position","format":32,"isNormalized":false},{"name":"a_normal","format":32,"isNormalized":false},{"name":"a_texCoord","format":21,"isNormalized":false},{"name":"a_tangent","format":44,"isNormalized":false}]}]},"minPosition",8,[1,-0.0279999990016222,0.014934379607439041,0.00699999975040555],"maxPosition",8,[1,0.0279999990016222,0.017000000923871994,0.009999999776482582]]],-1],0,0,[],[],[]],[[[2,".bin",4111172963,[{"primitives":[{"primitiveMode":7,"vertexBundelIndices":[0],"indexView":{"offset":576,"length":72,"count":18,"stride":4}}],"vertexBundles":[{"view":{"offset":0,"length":576,"count":12,"stride":48},"attributes":[{"name":"a_position","format":32,"isNormalized":false},{"name":"a_normal","format":32,"isNormalized":false},{"name":"a_texCoord","format":21,"isNormalized":false},{"name":"a_tangent","format":44,"isNormalized":false}]}]},"minPosition",8,[1,-0.020133791491389275,-0.01806602068245411,0.00699999975040555],"maxPosition",8,[1,-0.014167840592563152,-0.013663560152053833,0.009999999776482582]]],-1],0,0,[],[],[]],[[[2,".bin",2403775988,[{"primitives":[{"primitiveMode":7,"vertexBundelIndices":[0],"indexView":{"offset":576,"length":72,"count":18,"stride":4}}],"vertexBundles":[{"view":{"offset":0,"length":576,"count":12,"stride":48},"attributes":[{"name":"a_position","format":32,"isNormalized":false},{"name":"a_normal","format":32,"isNormalized":false},{"name":"a_texCoord","format":21,"isNormalized":false},{"name":"a_tangent","format":44,"isNormalized":false}]}]},"minPosition",8,[1,-0.0279999990016222,-0.005814102943986654,0.00699999975040555],"maxPosition",8,[1,-0.02507702074944973,0.0002453791967127472,0.009999999776482582]]],-1],0,0,[],[],[]],[[[10,"map_006"],[11,"map_006",[[-2,-3,-4,-5,-6,-7,-8,-9,-10,-11,-12,-13,-14,-15,-16,-17,-18,-19,-20,-21,[9,"Camera",-23,[1,"0feu+HizRXJ57yAzgcpmcn",-22,0],[1,-6.5,7,0],[3,-4.4971273106791125e-8,-6.092074868835776e-9,-0.422618062986199,0.9063078797173681],[1,99.99999237060547,99.99999237060547,100],[1,-0.000007724992193907352,-0.000004372489397016428,-49.999974869920194]],[9,"char",-25,[1,"26cq08jbRTNpIv7Of6OXxw",-24,0],[1,-2,0.8999999761581421,-1],[3,-0.7071068407911908,0,0,0.7071067215818992],[1,100,100,100],[1,-90.00000965934633,0,0]]],1,1,1,1,1,1,1,1,1,1,1,1,1,1,1,1,1,1,1,1,4,4],[1,"efw2oOCxxfV4ldXB7WX1IS",-1,0]],[7,"0.Cube.001",2,1,[[3,-26,[0,"8eLziHeZ1Wk6O+dnMRD6lA"],[0],[4],1],[5,-27,[0,"2fGOFeVadJu5ZgvE91s7eb"],2],[6,2,-28,[0,"3ehBchxl1ELqAeBu6dvCo5"]]],[1,"b1cw0y6/xcpK4MoWmwJM7R",1,0],[3,-0.7071068407911908,0,0,0.7071067215818992],[1,100,100,100],[1,-90.00000965934633,0,0]],[7,"0.Cube.002",2,1,[[3,-29,[0,"abFE6Eeidcw6WBxEGNuY6U"],[3],[4],4],[5,-30,[0,"8cR/ab+pxMxJp1Pfyw0+4e"],5],[6,2,-31,[0,"e6jPkNz/VEnJF+p1xuhcZM"]]],[1,"e7y7C4sn1eNr9etAPO11yV",1,0],[3,-0.7071068407911908,0,0,0.7071067215818992],[1,100,100,100],[1,-90.00000965934633,0,0]],[7,"0.Cube.003",2,1,[[3,-32,[0,"2e70GrSN9YroEe3BD3xXku"],[6],[4],7],[5,-33,[0,"96VukHbshAQZZiOAsgDxQv"],8],[6,2,-34,[0,"526t8VVZ1MmYwGa2v5x+pm"]]],[1,"47JrI34fRWwJNqfFoTvkE7",1,0],[3,-0.7071068407911908,0,0,0.7071067215818992],[1,100,100,100],[1,-90.00000965934633,0,0]],[7,"0.Cube.004",2,1,[[3,-35,[0,"01IP2XulZeTLu2qQ2rOnSo"],[9],[4],10],[5,-36,[0,"7apW5W4odLRY+7wv2t/XTV"],11],[6,2,-37,[0,"f6edye9vNGVpt52ejjjOJF"]]],[1,"ad74rjuYxearp3YP+e8F16",1,0],[3,-0.7071068407911908,0,0,0.7071067215818992],[1,100,100,100],[1,-90.00000965934633,0,0]],[7,"0.Cube.005",2,1,[[3,-38,[0,"4bszgz2ZRZYI2+FECYqO0K"],[12],[4],13],[5,-39,[0,"c0Hz2PkHVB4qSv4WTGnzkL"],14],[6,2,-40,[0,"6cFX/oSF1FDpKDV5IajSe1"]]],[1,"84wVTWYnVTn5r9UlctcQ1H",1,0],[3,-0.7071068407911908,0,0,0.7071067215818992],[1,100,100,100],[1,-90.00000965934633,0,0]],[7,"0.Cube.006",2,1,[[3,-41,[0,"74GFkauGdeXrhy64GHVg1c"],[15],[4],16],[5,-42,[0,"24SBhJdrxDzbLEF43N1K0U"],17],[6,2,-43,[0,"e83d45ms9IZJiUeGSnDET1"]]],[1,"5dc6im2vFWw7FGuZQYDgVw",1,0],[3,-0.7071068407911908,0,0,0.7071067215818992],[1,100,100,100],[1,-90.00000965934633,0,0]],[7,"0.Cube.007",2,1,[[3,-44,[0,"7bUiZrDe9QNZv2cNG3+Trq"],[18],[4],19],[5,-45,[0,"fcwUqBL5dInqs1PFOAdTRX"],20],[6,2,-46,[0,"7dz2bVq9NLBqCmoccArBpU"]]],[1,"aeLR1PLHJW6rCbGbT1KNDk",1,0],[3,-0.7071068407911908,0,0,0.7071067215818992],[1,100,100,100],[1,-90.00000965934633,0,0]],[7,"0.Cube.008",2,1,[[3,-47,[0,"c19RDevUZT/oNFmlwPPqP8"],[21],[4],22],[5,-48,[0,"98IhxnjWZCLbvbdj/+I/8j"],23],[6,2,-49,[0,"150l9bHT1D+a3cm7d1owqq"]]],[1,"e0TORSerJRG6sP687mDEum",1,0],[3,-0.7071068407911908,0,0,0.7071067215818992],[1,100,100,100],[1,-90.00000965934633,0,0]],[7,"0.Cube.009",2,1,[[3,-50,[0,"78wq2r1M1aPoxRci+5C2vd"],[24],[4],25],[5,-51,[0,"25RgdAid9GFIZQ/q4Jk/Cn"],26],[6,2,-52,[0,"11hkwOvNpBKa0g2kcTbPy2"]]],[1,"67m3DZPHxVp4yVbGsGJjkd",1,0],[3,-0.7071068407911908,0,0,0.7071067215818992],[1,100,100,100],[1,-90.00000965934633,0,0]],[7,"0.Cube.010",2,1,[[3,-53,[0,"a2jRRS2WFYka3z3XEAtMZq"],[27],[4],28],[5,-54,[0,"4ee0e2TrBOsZaCnx/Bf79Y"],29],[6,2,-55,[0,"d2KZYImxFIP5q09WnhjNtl"]]],[1,"acGWSunWFVWLm9+QKXVdqw",1,0],[3,-0.7071068407911908,0,0,0.7071067215818992],[1,100,100,100],[1,-90.00000965934633,0,0]],[7,"0.Cube.011",2,1,[[3,-56,[0,"75yylURtBWUZxeJwOFDcfy"],[30],[4],31],[5,-57,[0,"1fIvvhYcJLoYIzGA4zcDB3"],32],[6,2,-58,[0,"e7tn6ZmjhASqqRwx39vEYS"]]],[1,"b4qnPB7EZcNoe0TDopE2f8",1,0],[3,-0.7071068407911908,0,0,0.7071067215818992],[1,100,100,100],[1,-90.00000965934633,0,0]],[7,"0.Cube.012",2,1,[[3,-59,[0,"93bdyBKp5dMqse0GUWKyU0"],[33],[4],34],[5,-60,[0,"26dr00jjxK35Ukns3VQbc/"],35],[6,2,-61,[0,"81WBZBZ/1BnLyYdqkjNvd5"]]],[1,"4bk/U99WRRrJqEN1JQAk9j",1,0],[3,-0.7071068407911908,0,0,0.7071067215818992],[1,100,100,100],[1,-90.00000965934633,0,0]],[7,"0.Cube.013",2,1,[[3,-62,[0,"4cVt+ESEJdYK8Bvx3ZBC7x"],[36],[4],37],[5,-63,[0,"5cT4eTCJlImLYHdh+sniTA"],38],[6,2,-64,[0,"bfHRtUyW5ED7mf1Q2zuLiR"]]],[1,"0dOS9k4E9USpvtSCv4Fu2+",1,0],[3,-0.7071068407911908,0,0,0.7071067215818992],[1,100,100,100],[1,-90.00000965934633,0,0]],[7,"0.Cube.014",2,1,[[3,-65,[0,"2fAbQS/JdUuq7DWLLe/XCg"],[39],[4],40],[5,-66,[0,"a2miXs9p9E9q6lr1BzyXJj"],41],[6,2,-67,[0,"4cKKjDu4hDg6zKdTgxLsgY"]]],[1,"0cNWENtKla+4vEDvGri0CS",1,0],[3,-0.7071068407911908,0,0,0.7071067215818992],[1,100,100,100],[1,-90.00000965934633,0,0]],[12,"0.ground",1,[[3,-68,[0,"fdGEOAHkJdTL9q4zMnqUs0"],[42],[4],43],[5,-69,[0,"a43RaKZtNKvpuuquuSpF6p"],44],[6,2,-70,[0,"55Rn87UApDMrSs+FL3p1pR"]]],[1,"e65XHHrb1Xo4TrK52zn4JX",1,0],[3,-0.7071068407911908,0,0,0.7071067215818992],[1,100,100,100],[1,-90.00000965934633,0,0]],[8,"1.disc",1,[[3,-71,[0,"81itrJpjFRg6JATrg1Xl+a"],[45],[4],46]],[1,"a4jaB6N/tW5L4XifHHXQNh",1,0],[1,2,0.699999988079071,-1],[3,-0.7071068407911908,0,0,0.7071067215818992],[1,100,100,100],[1,-90.00000965934633,0,0]],[8,"1.disc.001",1,[[3,-72,[0,"5cTHoQ5+ZRQ64Y/451IE/8"],[47],[4],48]],[1,"9aT7G7Faxac7igcHA8Eu3e",1,0],[1,2,0.699999988079071,0],[3,-0.7071068407911908,0,0,0.7071067215818992],[1,100,100,100],[1,-90.00000965934633,0,0]],[8,"1.disc.move",1,[[3,-73,[0,"2amxDgPodfQ5NYL/vFGXn/"],[49],[4],50]],[1,"bb9RNW5jxYqKrDtRALZYGb",1,0],[1,-1,0.699999988079071,0],[3,-0.7071068407911908,0,0,0.7071067215818992],[1,100,100,100],[1,-90.00000965934633,0,0]],[8,"1.disc.move.001",1,[[3,-74,[0,"5biRFh4Bham7YIItEDUtUN"],[51],[4],52]],[1,"0c+xPTq/VQ15tHy39ZF7Zk",1,0],[1,0,0.699999988079071,-1],[3,-0.7071068407911908,0,0,0.7071067215818992],[1,100,100,100],[1,-90.00000965934633,0,0]],[8,"1.disc.move.002",1,[[3,-75,[0,"99joC2cu1RK7IP6P05od5A"],[53],[4],54]],[1,"41ZxNKIsRQFIbMvL5AWF5w",1,0],[1,0,0.699999988079071,1],[3,-0.7071068407911908,0,0,0.7071067215818992],[1,100,100,100],[1,-90.00000965934633,0,0]]],0,[0,2,1,0,-1,2,0,-2,3,0,-3,4,0,-4,5,0,-5,6,0,-6,7,0,-7,8,0,-8,9,0,-9,10,0,-10,11,0,-11,12,0,-12,13,0,-13,14,0,-14,15,0,-15,16,0,-16,17,0,-17,18,0,-18,19,0,-19,20,0,-20,21,0,2,1,0,3,1,0,2,1,0,3,1,0,0,2,0,0,2,0,0,2,0,0,3,0,0,3,0,0,3,0,0,4,0,0,4,0,0,4,0,0,5,0,0,5,0,0,5,0,0,6,0,0,6,0,0,6,0,0,7,0,0,7,0,0,7,0,0,8,0,0,8,0,0,8,0,0,9,0,0,9,0,0,9,0,0,10,0,0,10,0,0,10,0,0,11,0,0,11,0,0,11,0,0,12,0,0,12,0,0,12,0,0,13,0,0,13,0,0,13,0,0,14,0,0,14,0,0,14,0,0,15,0,0,15,0,0,15,0,0,16,0,0,16,0,0,16,0,0,17,0,0,18,0,0,19,0,0,20,0,0,21,0,4,1,75],[0,0,0,0,0,0,0,0,0,0,0,0,0,0,0,0,0,0,0,0,0,0,0,0,0,0,0,0,0,0,0,0,0,0,0,0,0,0,0,0,0,0,0,0,0,0,0,0,0,0,0,0,0,0,0],[-1,1,1,-1,1,1,-1,1,1,-1,1,1,-1,1,1,-1,1,1,-1,1,1,-1,1,1,-1,1,1,-1,1,1,-1,1,1,-1,1,1,-1,1,1,-1,1,1,-1,1,1,-1,1,-1,1,-1,1,-1,1,-1,1],[0,2,2,0,3,3,0,4,4,0,5,5,0,6,6,0,7,7,0,8,8,0,9,9,0,10,10,0,11,11,0,12,12,0,13,13,0,14,14,0,15,15,17,16,16,1,18,1,19,1,20,1,21,1,22]]]]
