[1,["c0c6810b-faa9-44c7-8bca-7a584d9626f0@6c48a","c0c6810b-faa9-44c7-8bca-7a584d9626f0@f9941","f98f9a89-72c0-4f3a-8a6c-4c08133f392c@f9941","f98f9a89-72c0-4f3a-8a6c-4c08133f392c@6c48a"],["node","_textureSource","_spriteFrame","root","_target","data","_parent"],[["cc.Node",["_name","_layer","_components","_prefab","_children","_lpos","_parent"],1,9,4,2,5,1],["cc.Widget",["_alignFlags","_alignMode","_originalWidth","_left","_originalHeight","_name","_bottom","_right","_top","_verticalCenter","node","__prefab"],-7,1,4],["cc.Sprite",["_sizeMode","_isTrimmedMode","_type","node","__prefab","_spriteFrame","_color"],0,1,4,6,5],"cc.SpriteFrame",["cc.UITransform",["_name","node","__prefab","_contentSize"],2,1,4,5],["cc.Button",["_name","_transition","_zoomScale","node","__prefab","_normalColor","clickEvents","_target"],0,1,4,5,9,1],["cc.Prefab",["_name"],2],["cc.CompPrefabInfo",["fileId"],2],["cc.PrefabInfo",["fileId","root","asset"],2,1,1],["cc.Label",["_name","_string","_horizontalAlign","_actualFontSize","_fontSize","node","__prefab","_color"],-2,1,4,5],["cc.ClickEvent",["_componentId","handler","target"],1,1],["f130br9GwZGkJEkRGonhXxR",["_name","node","__prefab"],2,1,4]],[[7,0,2],[8,0,1,2,2],[4,1,2,3,1],[1,0,2,4,1,10,11,5],[0,0,1,6,2,3,3],[6,0,2],[0,0,1,4,2,3,3],[0,0,1,2,3,5,3],[0,0,1,6,4,2,3,5,3],[4,0,1,2,3,2],[1,5,0,3,6,1,10,11,6],[1,0,3,7,8,9,2,1,10,11,8],[5,3,4,5,1],[5,0,1,2,3,4,6,5,7,4],[9,0,1,2,3,4,5,6,7,6],[10,0,1,2,3],[11,0,1,2,2],[2,2,0,1,3,4,5,4],[2,0,3,4,6,5,2],[2,0,1,3,4,3]],[[[{"name":"singleColor","rect":{"x":0,"y":0,"width":2,"height":2},"offset":{"x":0,"y":0},"originalSize":{"width":2,"height":2},"rotated":false,"capInsets":[0,0,0,0],"packable":true}],[3],0,[0],[1],[0]],[[[5,"rank"],[6,"rank",33554432,[-5,-6,-7],[[2,-2,[0,"99VfEQUvlL7pJ5O1Qkv7+U"],[5,720,1280]],[3,45,100,100,1,-3,[0,"34C8nXMtpJUZ+ZhPk7520R"]],[12,-4,[0,"1892LJ2XdGNZ3UGxkUlkVX"],[4,4292269782]]],[1,"92E0Kn3ydKC7MfE6oZvS0t",-1,0]],[7,"btnClose",33554432,[[9,"btnNormal<UITransform>",-8,[0,"bfAeKVmbJKraC2UGqn2TrW"],[5,60,50.4]],[14,"btnNormal<Label>","关闭",0,30,30,-9,[0,"f2S6Wo5PBAaIYcQ7oGq6Gy"],[4,4289374632]],[13,"btnNormal<Button>",3,0.85,-11,[0,"39LHWXIypKcKbOjZPaHviA"],[[15,"18809Ltnk9OqqGA63XR2qGM","onBtnCloseClick",1]],[4,4292269782],-10],[10,"btnNormal<Widget>",4,300,-80.20100000000002,1,-12,[0,"e3jPGEFElAjoFU5QUCwEnZ"]],[16,"btnClose<btnAdapter>",-13,[0,"7df1927gZMS6mPF2HkzcEg"]]],[1,"38qGFkF99KzoRNbj7l4jcf",1,0],[1,0,-503.185,0]],[8,"main",33554432,1,[2],[[2,-14,[0,"c8v4PYCwVOTp+EwrrCZ16U"],[5,665.9050000000001,896.368]],[17,1,0,false,-15,[0,"13cJTxe+RDc60KYSiyjsxi"],1],[11,18,26.67799999999994,27.416999999999973,115.053,60,665.9050000000001,1,-16,[0,"58huyafTpHxaYImpFVIXEF"]]],[1,"61lR9c6YlBbrbU2ZK2EBPH",1,0],[1,0,60,0]],[4,"bg",33554432,1,[[2,-17,[0,"fdFZtfMNBLG5WYiuGN83Um"],[5,720,1280]],[18,0,-18,[0,"211BYYcd5PDZmB2gRQXOCS"],[4,3355443200],0],[3,45,720,1280,1,-19,[0,"ebM7U5UNJO9pus4UWti06z"]]],[1,"b0hxPJGgxMp7HFxHU+TgiY",1,0]],[4,"subContext",33554432,1,[[2,-20,[0,"62LHc+jTVH9IwKuPIpRa5r"],[5,720,1280]],[19,0,false,-21,[0,"2a0uCcFo9GAKBJJ1ir9jZH"]],[3,45,100,100,1,-22,[0,"0aVIURO3FGUqlrPm+9RmD9"]]],[1,"85XphlxOVMuKVd96Z1Pxzn",1,0]]],0,[0,3,1,0,0,1,0,0,1,0,0,1,0,-1,4,0,-2,3,0,-3,5,0,0,2,0,0,2,0,4,2,0,0,2,0,0,2,0,0,2,0,0,3,0,0,3,0,0,3,0,0,4,0,0,4,0,0,4,0,0,5,0,0,5,0,0,5,0,5,1,2,6,3,22],[0,0],[2,2],[1,2]],[[{"name":"rankxImg03","rect":{"x":0,"y":1,"width":665,"height":893},"offset":{"x":0,"y":-0.5},"originalSize":{"width":665,"height":894},"rotated":false,"capInsets":[0,0,0,0],"packable":true}],[3],0,[0],[1],[3]]]]
