[1,0,0,[["cc.Mesh",["_native","_hash","_struct"],1,11]],[[0,0,1,2,3]],[[0,".bin",3190505768,[{"primitives":[{"primitiveMode":7,"vertexBundelIndices":[0],"indexView":{"offset":92576,"length":14412,"count":7206,"stride":2}}],"vertexBundles":[{"view":{"offset":0,"length":92576,"count":2893,"stride":32},"attributes":[{"name":"a_position","format":32,"isNormalized":false},{"name":"a_normal","format":32,"isNormalized":false},{"name":"a_texCoord","format":21,"isNormalized":false}]}]},"minPosition",8,[1,-0.004807741846889257,-0.009065194986760616,-0.000009350203981739469],"maxPosition",8,[1,0.004807741846889257,0.009213550947606564,0.01022884901612997]]],-1],0,0,[],[],[]]
