[1,["afc47931-f066-46b0-90be-9fe61f213428@6c48a","ffb88a8f-af62-48f4-8f1d-3cb606443a43@6c48a"],["_textureSource"],["cc.SpriteFrame"],0,[[[{"name":"default_scrollbar_vertical","rect":{"x":0,"y":0,"width":15,"height":30},"offset":{"x":0,"y":0},"originalSize":{"width":15,"height":30},"rotated":false,"capInsets":[4,10,4,10],"packable":true}],[0],0,[0],[0],[0]],[[{"name":"default_scrollbar_vertical_bg","rect":{"x":0,"y":0,"width":15,"height":30},"offset":{"x":0,"y":0},"originalSize":{"width":15,"height":30},"rotated":false,"capInsets":[4,10,4,10],"packable":true}],[0],0,[0],[0],[1]]]]
