[1,["1936709fb@6c48a"],["_textureSource"],["cc.SpriteFrame"],0,[[[{"name":"combined-shape@2x","rect":{"x":134,"y":406,"width":122,"height":124},"offset":{"x":0,"y":0},"originalSize":{"width":122,"height":124},"rotated":false,"capInsets":[0,0,0,0],"packable":true}],[0],0,[0],[0],[0]],[[{"name":"close","rect":{"x":262,"y":432,"width":72,"height":71},"offset":{"x":0,"y":-0.5},"originalSize":{"width":72,"height":72},"rotated":false,"capInsets":[0,0,0,0],"packable":true}],[0],0,[0],[0],[0]],[[{"name":"hand@2x","rect":{"x":3,"y":406,"width":125,"height":141},"offset":{"x":-2.5,"y":0.5},"originalSize":{"width":130,"height":142},"rotated":false,"capInsets":[0,0,0,0],"packable":true}],[0],0,[0],[0],[0]],[[{"name":"RecRound","rect":{"x":3,"y":212,"width":188,"height":260},"offset":{"x":0,"y":0},"originalSize":{"width":188,"height":260},"rotated":true,"capInsets":[33,33,33,33],"packable":true}],[0],0,[0],[0],[0]],[[{"name":"good","rect":{"x":212,"y":3,"width":238,"height":192},"offset":{"x":-12,"y":0},"originalSize":{"width":406,"height":250},"rotated":false,"capInsets":[0,0,0,0],"packable":true}],[0],0,[0],[0],[0]],[[{"name":"3@2x","rect":{"x":340,"y":432,"width":62,"height":72},"offset":{"x":0,"y":0},"originalSize":{"width":62,"height":72},"rotated":true,"capInsets":[0,0,0,0],"packable":true}],[0],0,[0],[0],[0]],[[{"name":"avatar","rect":{"x":269,"y":201,"width":225,"height":191},"offset":{"x":-2.5,"y":-0.5},"originalSize":{"width":232,"height":204},"rotated":true,"capInsets":[0,0,0,0],"packable":true}],[0],0,[0],[0],[0]],[[{"name":"gift","rect":{"x":456,"y":3,"width":184,"height":188},"offset":{"x":0,"y":0},"originalSize":{"width":184,"height":188},"rotated":true,"capInsets":[0,0,0,0],"packable":true}],[0],0,[0],[0],[0]],[[{"name":"circle_mask","rect":{"x":3,"y":3,"width":203,"height":203},"offset":{"x":0,"y":0},"originalSize":{"width":205,"height":205},"rotated":false,"capInsets":[0,0,0,0],"packable":true}],[0],0,[0],[0],[0]]]]
