[1,["42uKhe1QBE36b/ZVBEMdxm","81vhsxyJ5CdpQQk9EmBRpi","cbySlVwcVElIAbjbAK9g9E@023fc","cbySlVwcVElIAbjbAK9g9E@421b0","cbySlVwcVElIAbjbAK9g9E@0f778","cbySlVwcVElIAbjbAK9g9E@d403f","cbySlVwcVElIAbjbAK9g9E@f0989","cbySlVwcVElIAbjbAK9g9E@b037b","cbySlVwcVElIAbjbAK9g9E@d5a9c","cbySlVwcVElIAbjbAK9g9E@3301f","cbySlVwcVElIAbjbAK9g9E@62db5","cbySlVwcVElIAbjbAK9g9E@c9e9a","cbySlVwcVElIAbjbAK9g9E@f933e","cbySlVwcVElIAbjbAK9g9E@e9dba","cbySlVwcVElIAbjbAK9g9E@b9657","67hduPMHBGeZ1Gp/Nchq79","cbySlVwcVElIAbjbAK9g9E@11663","cbySlVwcVElIAbjbAK9g9E@c67d0","cbySlVwcVElIAbjbAK9g9E@ddbc4","cbySlVwcVElIAbjbAK9g9E@14870","cbySlVwcVElIAbjbAK9g9E@f5afc","cbySlVwcVElIAbjbAK9g9E@543e7","cbySlVwcVElIAbjbAK9g9E@f146b","cbySlVwcVElIAbjbAK9g9E@f3b34","cbySlVwcVElIAbjbAK9g9E@6e150","cbySlVwcVElIAbjbAK9g9E@8a9ee","cbySlVwcVElIAbjbAK9g9E@bbb21","cbySlVwcVElIAbjbAK9g9E@3f08f","cbySlVwcVElIAbjbAK9g9E@2772f","cbySlVwcVElIAbjbAK9g9E@b3af5","cbySlVwcVElIAbjbAK9g9E@c437e","cbySlVwcVElIAbjbAK9g9E@fbae5","cbySlVwcVElIAbjbAK9g9E@62c1c","cbySlVwcVElIAbjbAK9g9E@bfd64","cbySlVwcVElIAbjbAK9g9E@88d53"],["node","_mesh","root","_parent","data"],[["cc.Node",["_name","_layer","_prefab","_parent","_lrot","_lscale","_euler","_components","_lpos","_children"],1,4,1,5,5,5,9,5,12],["cc.Mesh",["_native","_hash","_struct"],1,11],["cc.Prefab",["_name"],2],["cc.PrefabInfo",["fileId","root","asset"],2,1,1],["cc.MeshRenderer",["node","__prefab","_materials","lightmapSettings","_mesh"],3,1,4,3,4,6],["cc.CompPrefabInfo",["fileId"],2],["cc.ModelLightmapSettings",[],3],["cc.MeshCollider",["node","__prefab","_mesh"],3,1,4,6]],[[5,0,2],[3,0,1,2,2],[1,0,1,2,3],[4,0,1,2,3,4,1],[6,1],[0,0,3,7,2,8,4,5,6,2],[7,0,1,2,1],[0,0,1,3,7,2,4,5,6,3],[0,0,3,2,8,4,5,6,2],[2,0,2],[0,0,9,2,2],[0,0,3,7,2,4,5,6,2]],[[[[2,".bin",3672939759,[{"primitives":[{"primitiveMode":7,"vertexBundelIndices":[0],"indexView":{"offset":768,"length":72,"count":18,"stride":4}}],"vertexBundles":[{"view":{"offset":0,"length":768,"count":16,"stride":48},"attributes":[{"name":"a_position","format":32,"isNormalized":false},{"name":"a_normal","format":32,"isNormalized":false},{"name":"a_texCoord","format":21,"isNormalized":false},{"name":"a_tangent","format":44,"isNormalized":false}]}]},"minPosition",8,[1,-0.01887618936598301,0.016799969598650932,0.00699999975040555],"maxPosition",8,[1,-0.011789210140705109,0.019999999552965164,0.009999999776482582]]],-1],0,0,[],[],[]],[[[2,".bin",3456283254,[{"primitives":[{"primitiveMode":7,"vertexBundelIndices":[0],"indexView":{"offset":576,"length":72,"count":18,"stride":4}}],"vertexBundles":[{"view":{"offset":0,"length":576,"count":12,"stride":48},"attributes":[{"name":"a_position","format":32,"isNormalized":false},{"name":"a_normal","format":32,"isNormalized":false},{"name":"a_texCoord","format":21,"isNormalized":false},{"name":"a_tangent","format":44,"isNormalized":false}]}]},"minPosition",8,[1,0.02805902063846588,-0.019999999552965164,0.00699999975040555],"maxPosition",8,[1,0.029999999329447746,0.019999999552965164,0.009999999776482582]]],-1],0,0,[],[],[]],[[[2,".bin",270798204,[{"primitives":[{"primitiveMode":7,"vertexBundelIndices":[0],"indexView":{"offset":13440,"length":1488,"count":372,"stride":4}}],"vertexBundles":[{"view":{"offset":0,"length":13440,"count":280,"stride":48},"attributes":[{"name":"a_position","format":32,"isNormalized":false},{"name":"a_normal","format":32,"isNormalized":false},{"name":"a_texCoord","format":21,"isNormalized":false},{"name":"a_tangent","format":44,"isNormalized":false}]}]},"minPosition",8,[1,-0.0020000000949949026,-0.0020000000949949026,-0.00009999989561038092],"maxPosition",8,[1,0.0020000000949949026,0.0020000000949949026,0.00009999989561038092]]],-1],0,0,[],[],[]],[[[2,".bin",270798204,[{"primitives":[{"primitiveMode":7,"vertexBundelIndices":[0],"indexView":{"offset":13440,"length":1488,"count":372,"stride":4}}],"vertexBundles":[{"view":{"offset":0,"length":13440,"count":280,"stride":48},"attributes":[{"name":"a_position","format":32,"isNormalized":false},{"name":"a_normal","format":32,"isNormalized":false},{"name":"a_texCoord","format":21,"isNormalized":false},{"name":"a_tangent","format":44,"isNormalized":false}]}]},"minPosition",8,[1,-0.0020000000949949026,-0.0020000000949949026,-0.00009999989561038092],"maxPosition",8,[1,0.0020000000949949026,0.0020000000949949026,0.00009999989561038092]]],-1],0,0,[],[],[]],[[[2,".bin",270798204,[{"primitives":[{"primitiveMode":7,"vertexBundelIndices":[0],"indexView":{"offset":13440,"length":1488,"count":372,"stride":4}}],"vertexBundles":[{"view":{"offset":0,"length":13440,"count":280,"stride":48},"attributes":[{"name":"a_position","format":32,"isNormalized":false},{"name":"a_normal","format":32,"isNormalized":false},{"name":"a_texCoord","format":21,"isNormalized":false},{"name":"a_tangent","format":44,"isNormalized":false}]}]},"minPosition",8,[1,-0.0020000000949949026,-0.0020000000949949026,-0.00009999989561038092],"maxPosition",8,[1,0.0020000000949949026,0.0020000000949949026,0.00009999989561038092]]],-1],0,0,[],[],[]],[[[2,".bin",3045601089,[{"primitives":[{"primitiveMode":7,"vertexBundelIndices":[0],"indexView":{"offset":768,"length":72,"count":18,"stride":4}}],"vertexBundles":[{"view":{"offset":0,"length":768,"count":16,"stride":48},"attributes":[{"name":"a_position","format":32,"isNormalized":false},{"name":"a_normal","format":32,"isNormalized":false},{"name":"a_texCoord","format":21,"isNormalized":false},{"name":"a_tangent","format":44,"isNormalized":false}]}]},"minPosition",8,[1,-0.029999999329447746,-0.008876192383468151,0.00699999975040555],"maxPosition",8,[1,-0.026799969375133514,-0.0017892129253596067,0.009999999776482582]]],-1],0,0,[],[],[]],[[[2,".bin",270798204,[{"primitives":[{"primitiveMode":7,"vertexBundelIndices":[0],"indexView":{"offset":13440,"length":1488,"count":372,"stride":4}}],"vertexBundles":[{"view":{"offset":0,"length":13440,"count":280,"stride":48},"attributes":[{"name":"a_position","format":32,"isNormalized":false},{"name":"a_normal","format":32,"isNormalized":false},{"name":"a_texCoord","format":21,"isNormalized":false},{"name":"a_tangent","format":44,"isNormalized":false}]}]},"minPosition",8,[1,-0.0020000000949949026,-0.0020000000949949026,-0.00009999989561038092],"maxPosition",8,[1,0.0020000000949949026,0.0020000000949949026,0.00009999989561038092]]],-1],0,0,[],[],[]],[[[2,".bin",3680796410,[{"primitives":[{"primitiveMode":7,"vertexBundelIndices":[0],"indexView":{"offset":672,"length":72,"count":18,"stride":4}}],"vertexBundles":[{"view":{"offset":0,"length":672,"count":14,"stride":48},"attributes":[{"name":"a_position","format":32,"isNormalized":false},{"name":"a_normal","format":32,"isNormalized":false},{"name":"a_texCoord","format":21,"isNormalized":false},{"name":"a_tangent","format":44,"isNormalized":false}]}]},"minPosition",8,[1,-0.011980379931628704,0.0180590208619833,0.00699999975040555],"maxPosition",8,[1,0.029999999329447746,0.019999999552965164,0.009999999776482582]]],-1],0,0,[],[],[]],[[[2,".bin",270798204,[{"primitives":[{"primitiveMode":7,"vertexBundelIndices":[0],"indexView":{"offset":13440,"length":1488,"count":372,"stride":4}}],"vertexBundles":[{"view":{"offset":0,"length":13440,"count":280,"stride":48},"attributes":[{"name":"a_position","format":32,"isNormalized":false},{"name":"a_normal","format":32,"isNormalized":false},{"name":"a_texCoord","format":21,"isNormalized":false},{"name":"a_tangent","format":44,"isNormalized":false}]}]},"minPosition",8,[1,-0.0020000000949949026,-0.0020000000949949026,-0.00009999989561038092],"maxPosition",8,[1,0.0020000000949949026,0.0020000000949949026,0.00009999989561038092]]],-1],0,0,[],[],[]],[[[2,".bin",270798204,[{"primitives":[{"primitiveMode":7,"vertexBundelIndices":[0],"indexView":{"offset":13440,"length":1488,"count":372,"stride":4}}],"vertexBundles":[{"view":{"offset":0,"length":13440,"count":280,"stride":48},"attributes":[{"name":"a_position","format":32,"isNormalized":false},{"name":"a_normal","format":32,"isNormalized":false},{"name":"a_texCoord","format":21,"isNormalized":false},{"name":"a_tangent","format":44,"isNormalized":false}]}]},"minPosition",8,[1,-0.0020000000949949026,-0.0020000000949949026,-0.00009999989561038092],"maxPosition",8,[1,0.0020000000949949026,0.0020000000949949026,0.00009999989561038092]]],-1],0,0,[],[],[]],[[[2,".bin",391329801,[{"primitives":[{"primitiveMode":7,"vertexBundelIndices":[0],"indexView":{"offset":768,"length":72,"count":18,"stride":4}}],"vertexBundles":[{"view":{"offset":0,"length":768,"count":16,"stride":48},"attributes":[{"name":"a_position","format":32,"isNormalized":false},{"name":"a_normal","format":32,"isNormalized":false},{"name":"a_texCoord","format":21,"isNormalized":false},{"name":"a_tangent","format":44,"isNormalized":false}]}]},"minPosition",8,[1,-0.029999999329447746,-0.001980382949113846,0.00699999975040555],"maxPosition",8,[1,-0.02805902063846588,0.001980382949113846,0.009999999776482582]]],-1],0,0,[],[],[]],[[[2,".bin",270798204,[{"primitives":[{"primitiveMode":7,"vertexBundelIndices":[0],"indexView":{"offset":13440,"length":1488,"count":372,"stride":4}}],"vertexBundles":[{"view":{"offset":0,"length":13440,"count":280,"stride":48},"attributes":[{"name":"a_position","format":32,"isNormalized":false},{"name":"a_normal","format":32,"isNormalized":false},{"name":"a_texCoord","format":21,"isNormalized":false},{"name":"a_tangent","format":44,"isNormalized":false}]}]},"minPosition",8,[1,-0.0020000000949949026,-0.0020000000949949026,-0.00009999989561038092],"maxPosition",8,[1,0.0020000000949949026,0.0020000000949949026,0.00009999989561038092]]],-1],0,0,[],[],[]],[[[2,".bin",270798204,[{"primitives":[{"primitiveMode":7,"vertexBundelIndices":[0],"indexView":{"offset":13440,"length":1488,"count":372,"stride":4}}],"vertexBundles":[{"view":{"offset":0,"length":13440,"count":280,"stride":48},"attributes":[{"name":"a_position","format":32,"isNormalized":false},{"name":"a_normal","format":32,"isNormalized":false},{"name":"a_texCoord","format":21,"isNormalized":false},{"name":"a_tangent","format":44,"isNormalized":false}]}]},"minPosition",8,[1,-0.0020000000949949026,-0.0020000000949949026,-0.00009999989561038092],"maxPosition",8,[1,0.0020000000949949026,0.0020000000949949026,0.00009999989561038092]]],-1],0,0,[],[],[]],[[[2,".bin",270798204,[{"primitives":[{"primitiveMode":7,"vertexBundelIndices":[0],"indexView":{"offset":13440,"length":1488,"count":372,"stride":4}}],"vertexBundles":[{"view":{"offset":0,"length":13440,"count":280,"stride":48},"attributes":[{"name":"a_position","format":32,"isNormalized":false},{"name":"a_normal","format":32,"isNormalized":false},{"name":"a_texCoord","format":21,"isNormalized":false},{"name":"a_tangent","format":44,"isNormalized":false}]}]},"minPosition",8,[1,-0.0020000000949949026,-0.0020000000949949026,-0.00009999989561038092],"maxPosition",8,[1,0.0020000000949949026,0.0020000000949949026,0.00009999989561038092]]],-1],0,0,[],[],[]],[[[2,".bin",1355260932,[{"primitives":[{"primitiveMode":7,"vertexBundelIndices":[0],"indexView":{"offset":768,"length":72,"count":18,"stride":4}}],"vertexBundles":[{"view":{"offset":0,"length":768,"count":16,"stride":48},"attributes":[{"name":"a_position","format":32,"isNormalized":false},{"name":"a_normal","format":32,"isNormalized":false},{"name":"a_texCoord","format":21,"isNormalized":false},{"name":"a_tangent","format":44,"isNormalized":false}]}]},"minPosition",8,[1,-0.024722181260585785,-0.01862834021449089,0.00699999975040555],"maxPosition",8,[1,-0.018118860200047493,-0.013322809711098671,0.009999999776482582]]],-1],0,0,[],[],[]],[[[2,".bin",270798204,[{"primitives":[{"primitiveMode":7,"vertexBundelIndices":[0],"indexView":{"offset":13440,"length":1488,"count":372,"stride":4}}],"vertexBundles":[{"view":{"offset":0,"length":13440,"count":280,"stride":48},"attributes":[{"name":"a_position","format":32,"isNormalized":false},{"name":"a_normal","format":32,"isNormalized":false},{"name":"a_texCoord","format":21,"isNormalized":false},{"name":"a_tangent","format":44,"isNormalized":false}]}]},"minPosition",8,[1,-0.0020000000949949026,-0.0020000000949949026,-0.00009999989561038092],"maxPosition",8,[1,0.0020000000949949026,0.0020000000949949026,0.00009999989561038092]]],-1],0,0,[],[],[]],[[[2,".bin",2690012781,[{"primitives":[{"primitiveMode":7,"vertexBundelIndices":[0],"indexView":{"offset":4944,"length":528,"count":132,"stride":4}}],"vertexBundles":[{"view":{"offset":0,"length":4944,"count":103,"stride":48},"attributes":[{"name":"a_position","format":32,"isNormalized":false},{"name":"a_normal","format":32,"isNormalized":false},{"name":"a_texCoord","format":21,"isNormalized":false},{"name":"a_tangent","format":44,"isNormalized":false}]}]},"minPosition",8,[1,-0.029999999329447746,-0.019999999552965164,-0.0019999989308416843],"maxPosition",8,[1,0.029999999329447746,0.019999999552965164,0.007000001147389412]]],-1],0,0,[],[],[]],[[[2,".bin",270798204,[{"primitives":[{"primitiveMode":7,"vertexBundelIndices":[0],"indexView":{"offset":13440,"length":1488,"count":372,"stride":4}}],"vertexBundles":[{"view":{"offset":0,"length":13440,"count":280,"stride":48},"attributes":[{"name":"a_position","format":32,"isNormalized":false},{"name":"a_normal","format":32,"isNormalized":false},{"name":"a_texCoord","format":21,"isNormalized":false},{"name":"a_tangent","format":44,"isNormalized":false}]}]},"minPosition",8,[1,-0.0020000000949949026,-0.0020000000949949026,-0.00009999989561038092],"maxPosition",8,[1,0.0020000000949949026,0.0020000000949949026,0.00009999989561038092]]],-1],0,0,[],[],[]],[[[2,".bin",270798204,[{"primitives":[{"primitiveMode":7,"vertexBundelIndices":[0],"indexView":{"offset":13440,"length":1488,"count":372,"stride":4}}],"vertexBundles":[{"view":{"offset":0,"length":13440,"count":280,"stride":48},"attributes":[{"name":"a_position","format":32,"isNormalized":false},{"name":"a_normal","format":32,"isNormalized":false},{"name":"a_texCoord","format":21,"isNormalized":false},{"name":"a_tangent","format":44,"isNormalized":false}]}]},"minPosition",8,[1,-0.0020000000949949026,-0.0020000000949949026,-0.00009999989561038092],"maxPosition",8,[1,0.0020000000949949026,0.0020000000949949026,0.00009999989561038092]]],-1],0,0,[],[],[]],[[[2,".bin",270798204,[{"primitives":[{"primitiveMode":7,"vertexBundelIndices":[0],"indexView":{"offset":13440,"length":1488,"count":372,"stride":4}}],"vertexBundles":[{"view":{"offset":0,"length":13440,"count":280,"stride":48},"attributes":[{"name":"a_position","format":32,"isNormalized":false},{"name":"a_normal","format":32,"isNormalized":false},{"name":"a_texCoord","format":21,"isNormalized":false},{"name":"a_tangent","format":44,"isNormalized":false}]}]},"minPosition",8,[1,-0.0020000000949949026,-0.0020000000949949026,-0.00009999989561038092],"maxPosition",8,[1,0.0020000000949949026,0.0020000000949949026,0.00009999989561038092]]],-1],0,0,[],[],[]],[[[2,".bin",270798204,[{"primitives":[{"primitiveMode":7,"vertexBundelIndices":[0],"indexView":{"offset":13440,"length":1488,"count":372,"stride":4}}],"vertexBundles":[{"view":{"offset":0,"length":13440,"count":280,"stride":48},"attributes":[{"name":"a_position","format":32,"isNormalized":false},{"name":"a_normal","format":32,"isNormalized":false},{"name":"a_texCoord","format":21,"isNormalized":false},{"name":"a_tangent","format":44,"isNormalized":false}]}]},"minPosition",8,[1,-0.0020000000949949026,-0.0020000000949949026,-0.00009999989561038092],"maxPosition",8,[1,0.0020000000949949026,0.0020000000949949026,0.00009999989561038092]]],-1],0,0,[],[],[]],[[[2,".bin",497966654,[{"primitives":[{"primitiveMode":7,"vertexBundelIndices":[0],"indexView":{"offset":768,"length":72,"count":18,"stride":4}}],"vertexBundles":[{"view":{"offset":0,"length":768,"count":16,"stride":48},"attributes":[{"name":"a_position","format":32,"isNormalized":false},{"name":"a_normal","format":32,"isNormalized":false},{"name":"a_texCoord","format":21,"isNormalized":false},{"name":"a_tangent","format":44,"isNormalized":false}]}]},"minPosition",8,[1,-0.029999999329447746,0.0017892129253596067,0.00699999975040555],"maxPosition",8,[1,-0.026799969375133514,0.008876192383468151,0.009999999776482582]]],-1],0,0,[],[],[]],[[[2,".bin",2727645300,[{"primitives":[{"primitiveMode":7,"vertexBundelIndices":[0],"indexView":{"offset":672,"length":72,"count":18,"stride":4}}],"vertexBundles":[{"view":{"offset":0,"length":672,"count":14,"stride":48},"attributes":[{"name":"a_position","format":32,"isNormalized":false},{"name":"a_normal","format":32,"isNormalized":false},{"name":"a_texCoord","format":21,"isNormalized":false},{"name":"a_tangent","format":44,"isNormalized":false}]}]},"minPosition",8,[1,-0.011980379931628704,-0.019999999552965164,0.00699999975040555],"maxPosition",8,[1,0.029999999329447746,-0.0180590208619833,0.009999999776482582]]],-1],0,0,[],[],[]],[[[2,".bin",3157440482,[{"primitives":[{"primitiveMode":7,"vertexBundelIndices":[0],"indexView":{"offset":768,"length":72,"count":18,"stride":4}}],"vertexBundles":[{"view":{"offset":0,"length":768,"count":16,"stride":48},"attributes":[{"name":"a_position","format":32,"isNormalized":false},{"name":"a_normal","format":32,"isNormalized":false},{"name":"a_texCoord","format":21,"isNormalized":false},{"name":"a_tangent","format":44,"isNormalized":false}]}]},"minPosition",8,[1,-0.028628330677747726,-0.014722180552780628,0.00699999975040555],"maxPosition",8,[1,-0.023322811350226402,-0.008118858560919762,0.009999999776482582]]],-1],0,0,[],[],[]],[[[2,".bin",270798204,[{"primitives":[{"primitiveMode":7,"vertexBundelIndices":[0],"indexView":{"offset":13440,"length":1488,"count":372,"stride":4}}],"vertexBundles":[{"view":{"offset":0,"length":13440,"count":280,"stride":48},"attributes":[{"name":"a_position","format":32,"isNormalized":false},{"name":"a_normal","format":32,"isNormalized":false},{"name":"a_texCoord","format":21,"isNormalized":false},{"name":"a_tangent","format":44,"isNormalized":false}]}]},"minPosition",8,[1,-0.0020000000949949026,-0.0020000000949949026,-0.00009999989561038092],"maxPosition",8,[1,0.0020000000949949026,0.0020000000949949026,0.00009999989561038092]]],-1],0,0,[],[],[]],[[[2,".bin",919762620,[{"primitives":[{"primitiveMode":7,"vertexBundelIndices":[0],"indexView":{"offset":768,"length":72,"count":18,"stride":4}}],"vertexBundles":[{"view":{"offset":0,"length":768,"count":16,"stride":48},"attributes":[{"name":"a_position","format":32,"isNormalized":false},{"name":"a_normal","format":32,"isNormalized":false},{"name":"a_texCoord","format":21,"isNormalized":false},{"name":"a_tangent","format":44,"isNormalized":false}]}]},"minPosition",8,[1,-0.024722181260585785,0.013322809711098671,0.00699999975040555],"maxPosition",8,[1,-0.018118860200047493,0.01862834021449089,0.009999999776482582]]],-1],0,0,[],[],[]],[[[2,".bin",1856885546,[{"primitives":[{"primitiveMode":7,"vertexBundelIndices":[0],"indexView":{"offset":768,"length":72,"count":18,"stride":4}}],"vertexBundles":[{"view":{"offset":0,"length":768,"count":16,"stride":48},"attributes":[{"name":"a_position","format":32,"isNormalized":false},{"name":"a_normal","format":32,"isNormalized":false},{"name":"a_texCoord","format":21,"isNormalized":false},{"name":"a_tangent","format":44,"isNormalized":false}]}]},"minPosition",8,[1,-0.01887618936598301,-0.019999999552965164,0.00699999975040555],"maxPosition",8,[1,-0.011789210140705109,-0.016799969598650932,0.009999999776482582]]],-1],0,0,[],[],[]],[[[2,".bin",270798204,[{"primitives":[{"primitiveMode":7,"vertexBundelIndices":[0],"indexView":{"offset":13440,"length":1488,"count":372,"stride":4}}],"vertexBundles":[{"view":{"offset":0,"length":13440,"count":280,"stride":48},"attributes":[{"name":"a_position","format":32,"isNormalized":false},{"name":"a_normal","format":32,"isNormalized":false},{"name":"a_texCoord","format":21,"isNormalized":false},{"name":"a_tangent","format":44,"isNormalized":false}]}]},"minPosition",8,[1,-0.0020000000949949026,-0.0020000000949949026,-0.00009999989561038092],"maxPosition",8,[1,0.0020000000949949026,0.0020000000949949026,0.00009999989561038092]]],-1],0,0,[],[],[]],[[[2,".bin",270798204,[{"primitives":[{"primitiveMode":7,"vertexBundelIndices":[0],"indexView":{"offset":13440,"length":1488,"count":372,"stride":4}}],"vertexBundles":[{"view":{"offset":0,"length":13440,"count":280,"stride":48},"attributes":[{"name":"a_position","format":32,"isNormalized":false},{"name":"a_normal","format":32,"isNormalized":false},{"name":"a_texCoord","format":21,"isNormalized":false},{"name":"a_tangent","format":44,"isNormalized":false}]}]},"minPosition",8,[1,-0.0020000000949949026,-0.0020000000949949026,-0.00009999989561038092],"maxPosition",8,[1,0.0020000000949949026,0.0020000000949949026,0.00009999989561038092]]],-1],0,0,[],[],[]],[[[2,".bin",270798204,[{"primitives":[{"primitiveMode":7,"vertexBundelIndices":[0],"indexView":{"offset":13440,"length":1488,"count":372,"stride":4}}],"vertexBundles":[{"view":{"offset":0,"length":13440,"count":280,"stride":48},"attributes":[{"name":"a_position","format":32,"isNormalized":false},{"name":"a_normal","format":32,"isNormalized":false},{"name":"a_texCoord","format":21,"isNormalized":false},{"name":"a_tangent","format":44,"isNormalized":false}]}]},"minPosition",8,[1,-0.0020000000949949026,-0.0020000000949949026,-0.00009999989561038092],"maxPosition",8,[1,0.0020000000949949026,0.0020000000949949026,0.00009999989561038092]]],-1],0,0,[],[],[]],[[[2,".bin",4012033131,[{"primitives":[{"primitiveMode":7,"vertexBundelIndices":[0],"indexView":{"offset":768,"length":72,"count":18,"stride":4}}],"vertexBundles":[{"view":{"offset":0,"length":768,"count":16,"stride":48},"attributes":[{"name":"a_position","format":32,"isNormalized":false},{"name":"a_normal","format":32,"isNormalized":false},{"name":"a_texCoord","format":21,"isNormalized":false},{"name":"a_tangent","format":44,"isNormalized":false}]}]},"minPosition",8,[1,-0.028628330677747726,0.008118858560919762,0.00699999975040555],"maxPosition",8,[1,-0.023322811350226402,0.014722180552780628,0.009999999776482582]]],-1],0,0,[],[],[]],[[[2,".bin",270798204,[{"primitives":[{"primitiveMode":7,"vertexBundelIndices":[0],"indexView":{"offset":13440,"length":1488,"count":372,"stride":4}}],"vertexBundles":[{"view":{"offset":0,"length":13440,"count":280,"stride":48},"attributes":[{"name":"a_position","format":32,"isNormalized":false},{"name":"a_normal","format":32,"isNormalized":false},{"name":"a_texCoord","format":21,"isNormalized":false},{"name":"a_tangent","format":44,"isNormalized":false}]}]},"minPosition",8,[1,-0.0020000000949949026,-0.0020000000949949026,-0.00009999989561038092],"maxPosition",8,[1,0.0020000000949949026,0.0020000000949949026,0.00009999989561038092]]],-1],0,0,[],[],[]],[[[9,"map_018"],[10,"map_018",[[-2,-3,-4,-5,-6,-7,-8,-9,-10,-11,-12,-13,-14,-15,-16,-17,-18,-19,-20,-21,-22,-23,-24,-25,-26,-27,-28,-29,-30,-31,-32,-33,[8,"Camera",-35,[1,"0bYoNc0aZW0bckNcLqy+Gg",-34,0],[1,-5.5,7,0],[3,-4.4971273106791125e-8,-6.092074868835776e-9,-0.422618062986199,0.9063078797173681],[1,99.99999237060547,99.99999237060547,100],[1,-0.000007724992193907352,-0.000004372489397016428,-49.999974869920194]],[8,"char",-37,[1,"74ueOx+4ZbtJSnZB1rGCTJ",-36,0],[1,0,0.8999999761581421,0],[3,-0.7071068407911908,0,0,0.7071067215818992],[1,100,100,100],[1,-90.00000965934633,0,0]]],1,1,1,1,1,1,1,1,1,1,1,1,1,1,1,1,1,1,1,1,1,1,1,1,1,1,1,1,1,1,1,1,4,4],[1,"b4zlpg9bBbLKOkCqCBqh+f",-1,0]],[7,"0.Cube.001",2,1,[[3,-38,[0,"e3r9jutS9VlpaKyvMBrmUv"],[0],[4],1],[6,-39,[0,"a4s1j8asRA7Y8HTih/q78Y"],2]],[1,"9dLligVa5ZeovplBiupjbN",1,0],[3,-0.7071068407911908,0,0,0.7071067215818992],[1,100,100,100],[1,-90.00000965934633,0,0]],[7,"0.Cube.002",2,1,[[3,-40,[0,"50tdKHptZdYI08eQAlQcX2"],[3],[4],4],[6,-41,[0,"fe3fC2JWhFrrLKIlyXK9me"],5]],[1,"4eWekseyhd1oiq71pxZ7YY",1,0],[3,-0.7071068407911908,0,0,0.7071067215818992],[1,100,100,100],[1,-90.00000965934633,0,0]],[7,"0.Cube.003",2,1,[[3,-42,[0,"06C7h25qZUjYxMcrZRMGJm"],[6],[4],7],[6,-43,[0,"fb0jfUbb5C+4CsT+GHWi6D"],8]],[1,"5bz6CK7JNbWZTe58lRmeqr",1,0],[3,-0.7071068407911908,0,0,0.7071067215818992],[1,100,100,100],[1,-90.00000965934633,0,0]],[7,"0.Cube.004",2,1,[[3,-44,[0,"10fZOvFthWcow85Wx/cOTf"],[9],[4],10],[6,-45,[0,"c1hIJvE+xA74v1Hc8Tn2qL"],11]],[1,"4afMGDcQVSYqfbzrgECzaK",1,0],[3,-0.7071068407911908,0,0,0.7071067215818992],[1,100,100,100],[1,-90.00000965934633,0,0]],[7,"0.Cube.005",2,1,[[3,-46,[0,"d33L4eYA5Tyq4bemv5hmbi"],[12],[4],13],[6,-47,[0,"daGdlXoCtHAbbU/yazr2PD"],14]],[1,"da+tnjXItUDoGfX6F4k1lP",1,0],[3,-0.7071068407911908,0,0,0.7071067215818992],[1,100,100,100],[1,-90.00000965934633,0,0]],[7,"0.Cube.006",2,1,[[3,-48,[0,"b4pK4lrf9SU43XlXLkqPP7"],[15],[4],16],[6,-49,[0,"48TRe+FYNEaqbbN9dzZXeY"],17]],[1,"55XnT6QThTRoBHDom+rAEh",1,0],[3,-0.7071068407911908,0,0,0.7071067215818992],[1,100,100,100],[1,-90.00000965934633,0,0]],[7,"0.Cube.007",2,1,[[3,-50,[0,"5fqkUfzJdYYJNB5g+sRecQ"],[18],[4],19],[6,-51,[0,"4423l0SopMUpNv4M58baHL"],20]],[1,"f9m7HiAhZfV61yPq40Gm6R",1,0],[3,-0.7071068407911908,0,0,0.7071067215818992],[1,100,100,100],[1,-90.00000965934633,0,0]],[7,"0.Cube.008",2,1,[[3,-52,[0,"fadbTTw+hZ+LXg0fYCWdeJ"],[21],[4],22],[6,-53,[0,"033zs2UANP6rCenUYsIHn/"],23]],[1,"3bxVquWpdaCYdvg1IHmyr6",1,0],[3,-0.7071068407911908,0,0,0.7071067215818992],[1,100,100,100],[1,-90.00000965934633,0,0]],[7,"0.Cube.009",2,1,[[3,-54,[0,"bexgiyLrlQU7otkPFzM8lX"],[24],[4],25],[6,-55,[0,"f84s+S8MZEA5uLfKBe9k7s"],26]],[1,"fcvBPasXVXZJPGSurmaliR",1,0],[3,-0.7071068407911908,0,0,0.7071067215818992],[1,100,100,100],[1,-90.00000965934633,0,0]],[7,"0.Cube.010",2,1,[[3,-56,[0,"db8z03h5dWQbE4DNSky8r0"],[27],[4],28],[6,-57,[0,"03F8a0gUxO56uryYDbByJX"],29]],[1,"46vZVRdl1VcadZDHJDQmeo",1,0],[3,-0.7071068407911908,0,0,0.7071067215818992],[1,100,100,100],[1,-90.00000965934633,0,0]],[7,"0.Cube.011",2,1,[[3,-58,[0,"ecn7uPjgRUspw1YL+XnajS"],[30],[4],31],[6,-59,[0,"ccmr3lk/NFhr7Ar4f9mGUt"],32]],[1,"6505QPAWhbgJAcn8PMU/7R",1,0],[3,-0.7071068407911908,0,0,0.7071067215818992],[1,100,100,100],[1,-90.00000965934633,0,0]],[7,"0.Cube.012",2,1,[[3,-60,[0,"999wpwMJZSU7A6Mv675+Fg"],[33],[4],34],[6,-61,[0,"cbW9SIzalMiK2Glk+kiTIq"],35]],[1,"2airVn07RfNoyE+oj6WgvY",1,0],[3,-0.7071068407911908,0,0,0.7071067215818992],[1,100,100,100],[1,-90.00000965934633,0,0]],[11,"0.ground",1,[[3,-62,[0,"80qGvuDTdTN6bBqXNRHWxj"],[36],[4],37],[6,-63,[0,"b9LvHJCYtAZ69cB5s26rPN"],38]],[1,"adVT8rrjlXSYPfRV9aK2nV",1,0],[3,-0.7071068407911908,0,0,0.7071067215818992],[1,100,100,100],[1,-90.00000965934633,0,0]],[5,"1.disc.007",1,[[3,-64,[0,"93t+moBkVVpJ4oDxr9MBH9"],[39],[4],40]],[1,"1e5Y1WZp5cjoXcJd/3Ec4T",1,0],[1,0.800000011920929,0.699999988079071,0],[3,-0.7071068407911908,0,0,0.7071067215818992],[1,100,100,100],[1,-90.00000965934633,0,0]],[5,"1.disc.012",1,[[3,-65,[0,"f833wcw9xfrJOIRI9KjhZ5"],[41],[4],42]],[1,"5bXh36X1FTpp6dWWMvpwJY",1,0],[1,-0.800000011920929,0.699999988079071,0],[3,-0.7071068407911908,0,0,0.7071067215818992],[1,100,100,100],[1,-90.00000965934633,0,0]],[5,"1.disc.hard",1,[[3,-66,[0,"bd0GJHP1dffZjgo2KPXh8q"],[43],[4],44]],[1,"85Jxv2+ytV7rIGT2JBwYm/",1,0],[1,2.4000000953674316,0.699999988079071,-1.399999976158142],[3,-0.7071068407911908,0,0,0.7071067215818992],[1,100,100,100],[1,-90.00000965934633,0,0]],[5,"1.disc.hard.001",1,[[3,-67,[0,"b9alXpZZhZdqO/8SntMzuf"],[45],[4],46]],[1,"8cnh4MeqdfDa7vl4RlqihG",1,0],[1,2.4000000953674316,0.699999988079071,1.399999976158142],[3,-0.7071068407911908,0,0,0.7071067215818992],[1,100,100,100],[1,-90.00000965934633,0,0]],[5,"1.disc.hard.002",1,[[3,-68,[0,"deGdRtC+9VqJ6gsIjKQKMy"],[47],[4],48]],[1,"38P2/mlOtf54LLrDg9gwKf",1,0],[1,0.800000011920929,0.699999988079071,-0.699999988079071],[3,-0.7071068407911908,0,0,0.7071067215818992],[1,100,100,100],[1,-90.00000965934633,0,0]],[5,"1.disc.hard.003",1,[[3,-69,[0,"65ijIGFkxeC7KTK+D7J7Vl"],[49],[4],50]],[1,"c9T1JbbQtVU5ZFeGB8vimb",1,0],[1,0.800000011920929,0.699999988079071,0.699999988079071],[3,-0.7071068407911908,0,0,0.7071067215818992],[1,100,100,100],[1,-90.00000965934633,0,0]],[5,"1.disc.hard.004",1,[[3,-70,[0,"1fQz9frmNTLLd1V7Rg7erW"],[51],[4],52]],[1,"8flOh9b6BXT7NUO9HOMR1S",1,0],[1,-0.800000011920929,0.699999988079071,-0.699999988079071],[3,-0.7071068407911908,0,0,0.7071067215818992],[1,100,100,100],[1,-90.00000965934633,0,0]],[5,"1.disc.hard.005",1,[[3,-71,[0,"9ftLeVbnhS2b2eBiAn6p7p"],[53],[4],54]],[1,"62y7FkvlRWpZCawNWuSNCa",1,0],[1,-0.800000011920929,0.699999988079071,0.699999988079071],[3,-0.7071068407911908,0,0,0.7071067215818992],[1,100,100,100],[1,-90.00000965934633,0,0]],[5,"1.disc.hard.006",1,[[3,-72,[0,"ba0nsW8Pxd2KisQkVy9ZQ2"],[55],[4],56]],[1,"f1ejTPqtVVOKluvCcDoxNW",1,0],[1,-2.200000047683716,0.699999988079071,-0.6000000238418579],[3,-0.7071068407911908,0,0,0.7071067215818992],[1,100,100,100],[1,-90.00000965934633,0,0]],[5,"1.disc.hard.007",1,[[3,-73,[0,"f5NZgAiUhUa6vnA3iyyEFK"],[57],[4],58]],[1,"c7qTy0hBhcAI9907PC87AR",1,0],[1,-2.200000047683716,0.699999988079071,0.6000000238418579],[3,-0.7071068407911908,0,0,0.7071067215818992],[1,100,100,100],[1,-90.00000965934633,0,0]],[5,"1.disc.move",1,[[3,-74,[0,"00XcBgz2pf2LpcYpjFD7gD"],[59],[4],60]],[1,"d7BHzyKlRYron4RzTZ9usv",1,0],[1,2.4000000953674316,0.699999988079071,0],[3,-0.7071068407911908,0,0,0.7071067215818992],[1,100,100,100],[1,-90.00000965934633,0,0]],[5,"1.disc.move.001",1,[[3,-75,[0,"aaRa7PaGlXBoziTEHeDugq"],[61],[4],62]],[1,"bbKeIgGA5Qy6t+3x/H+qMR",1,0],[1,2.1000001430511475,0.699999988079071,-0.699999988079071],[3,-0.7071068407911908,0,0,0.7071067215818992],[1,100,100,100],[1,-90.00000965934633,0,0]],[5,"1.disc.move.002",1,[[3,-76,[0,"29BJXNXZFaMo719kSapGaV"],[63],[4],64]],[1,"eaOnjwHp5ZpZGP2WMv2X8Q",1,0],[1,2.1000001430511475,0.699999988079071,0.699999988079071],[3,-0.7071068407911908,0,0,0.7071067215818992],[1,100,100,100],[1,-90.00000965934633,0,0]],[5,"1.disc.move.003",1,[[3,-77,[0,"1bWL1ZwvpRpazWvo0K1YGa"],[65],[4],66]],[1,"a4tsWsETtagI7zzkcIOR38",1,0],[1,1.5,0.699999988079071,1],[3,-0.7071068407911908,0,0,0.7071067215818992],[1,100,100,100],[1,-90.00000965934633,0,0]],[5,"1.disc.move.004",1,[[3,-78,[0,"b6MFOJGdxYC6FkQRTR42SM"],[67],[4],68]],[1,"1cy5LbWTlQta2Y+V4odG6F",1,0],[1,1.5,0.699999988079071,-1],[3,-0.7071068407911908,0,0,0.7071067215818992],[1,100,100,100],[1,-90.00000965934633,0,0]],[5,"1.disc.move.005",1,[[3,-79,[0,"41VACVNBxWV4VrsLp+CYF2"],[69],[4],70]],[1,"d4wxD/UdFTU6FcteuBRJPv",1,0],[1,0.20000000298023224,0.699999988079071,1.399999976158142],[3,-0.7071068407911908,0,0,0.7071067215818992],[1,100,100,100],[1,-90.00000965934633,0,0]],[5,"1.disc.move.006",1,[[3,-80,[0,"3bExjQZIlZb6ZZ3zInRIPU"],[71],[4],72]],[1,"025qEiFSlXM77YkuqCtHkG",1,0],[1,0.20000000298023224,0.699999988079071,-1.399999976158142],[3,-0.7071068407911908,0,0,0.7071067215818992],[1,100,100,100],[1,-90.00000965934633,0,0]],[5,"1.disc.move.007",1,[[3,-81,[0,"9dU0G9QGxQhYwis4d2InFw"],[73],[4],74]],[1,"4fugmgy+pa25REyBhlQo6Z",1,0],[1,-1.5,0.699999988079071,-1.2000000476837158],[3,-0.7071068407911908,0,0,0.7071067215818992],[1,100,100,100],[1,-90.00000965934633,0,0]],[5,"1.disc.move.008",1,[[3,-82,[0,"13MFMQE15bepj8MysgsC/f"],[75],[4],76]],[1,"6fwfvEkaZfL54JU3k1krL5",1,0],[1,-1.5,0.699999988079071,1.2000000476837158],[3,-0.7071068407911908,0,0,0.7071067215818992],[1,100,100,100],[1,-90.00000965934633,0,0]]],0,[0,2,1,0,-1,2,0,-2,3,0,-3,4,0,-4,5,0,-5,6,0,-6,7,0,-7,8,0,-8,9,0,-9,10,0,-10,11,0,-11,12,0,-12,13,0,-13,14,0,-14,15,0,-15,16,0,-16,17,0,-17,18,0,-18,19,0,-19,20,0,-20,21,0,-21,22,0,-22,23,0,-23,24,0,-24,25,0,-25,26,0,-26,27,0,-27,28,0,-28,29,0,-29,30,0,-30,31,0,-31,32,0,-32,33,0,2,1,0,3,1,0,2,1,0,3,1,0,0,2,0,0,2,0,0,3,0,0,3,0,0,4,0,0,4,0,0,5,0,0,5,0,0,6,0,0,6,0,0,7,0,0,7,0,0,8,0,0,8,0,0,9,0,0,9,0,0,10,0,0,10,0,0,11,0,0,11,0,0,12,0,0,12,0,0,13,0,0,13,0,0,14,0,0,14,0,0,15,0,0,16,0,0,17,0,0,18,0,0,19,0,0,20,0,0,21,0,0,22,0,0,23,0,0,24,0,0,25,0,0,26,0,0,27,0,0,28,0,0,29,0,0,30,0,0,31,0,0,32,0,0,33,0,4,1,82],[0,0,0,0,0,0,0,0,0,0,0,0,0,0,0,0,0,0,0,0,0,0,0,0,0,0,0,0,0,0,0,0,0,0,0,0,0,0,0,0,0,0,0,0,0,0,0,0,0,0,0,0,0,0,0,0,0,0,0,0,0,0,0,0,0,0,0,0,0,0,0,0,0,0,0,0,0],[-1,1,1,-1,1,1,-1,1,1,-1,1,1,-1,1,1,-1,1,1,-1,1,1,-1,1,1,-1,1,1,-1,1,1,-1,1,1,-1,1,1,-1,1,1,-1,1,-1,1,-1,1,-1,1,-1,1,-1,1,-1,1,-1,1,-1,1,-1,1,-1,1,-1,1,-1,1,-1,1,-1,1,-1,1,-1,1,-1,1,-1,1],[1,2,2,1,3,3,1,4,4,1,5,5,1,6,6,1,7,7,1,8,8,1,9,9,1,10,10,1,11,11,1,12,12,1,13,13,15,14,14,0,16,0,17,0,18,0,19,0,20,0,21,0,22,0,23,0,24,0,25,0,26,0,27,0,28,0,29,0,30,0,31,0,32,0,33,0,34]]]]
