[1,["6c0f0517-c761-4746-ae7d-25413034c68d@f9941","6c0f0517-c761-4746-ae7d-25413034c68d@6c48a"],["node","root","lbTips","data","_spriteFrame","_textureSource"],[["cc.UITransform",["_name","node","__prefab","_contentSize"],2,1,4,5],"cc.SpriteFrame",["cc.Prefab",["_name"],2],["cc.Node",["_name","_layer","_children","_components","_prefab"],1,2,9,4],["cc.Node",["_name","_layer","_children","_parent","_components","_prefab","_lpos"],0,1,12,4,5],["cc.CompPrefabInfo",["fileId"],2],["cc.Sprite",["_sizeMode","_isTrimmedMode","node","__prefab","_spriteFrame"],1,1,4,6],["60f49uw4/dA4rGh/C738U1T",["node","__prefab","lbTips"],3,1,4,1],["cc.PrefabInfo",["fileId","root","asset"],2,1,1],["cc.RichText",["_name","_string","_fontSize","node","__prefab"],0,1,4]],[[5,0,2],[8,0,1,2,2],[2,0,2],[3,0,1,2,3,4,3],[4,0,1,2,3,4,5,6,4],[0,1,2,3,1],[0,0,1,2,3,2],[6,0,1,2,3,4,3],[7,0,1,2,1],[9,0,1,2,3,4,4]],[[[[2,"tips"],[3,"tips",33554432,[-6],[[5,-2,[0,"edZ831sQdDgpGYLnYj5GTt"],[5,400,60]],[7,2,false,-3,[0,"e4JYlu89lHb67x9rWJNT6g"],0],[8,-5,[0,"f0zIiMJWxCtLGmHMqXOjSh"],-4]],[1,"08kuW8UDxHFa0fEjlKY3jO",-1,0]],[4,"txtValue",33554432,[],1,[[[6,"txtValue<UITransform>",-7,[0,"8cqUA0cKlMv6hDh6Q040zs"],[5,43.57,50.4]],-8],4,1],[1,"4cRvSRdJhCV7pBIdufSork",1,0],[1,0,3,0]],[9,"txtValue<RichText>","<color=#AC5931>tips</color>",28,2,[0,"a9X5yyRS1HI5JZlq1LU9/8"]]],0,[0,1,1,0,0,1,0,0,1,0,2,3,0,0,1,0,-1,2,0,0,2,0,-2,3,0,3,1,8],[0],[4],[0]],[[{"name":"commonRectangle8","rect":{"x":0,"y":1,"width":400,"height":53},"offset":{"x":0,"y":2.5},"originalSize":{"width":400,"height":60},"rotated":false,"capInsets":[0,0,0,0],"packable":true}],[1],0,[0],[5],[1]]]]
