{"version":1,"document":[{"__type__":"cc.AnimationClip","_name":"showFlyReward","_objFlags":0,"_native":"","sample":60,"speed":1,"wrapMode":1,"enableTrsBlending":false,"_duration":0.5666666666666667,"_hash":500763545,"_tracks":[{"__id__":1},{"__id__":7}],"_exoticAnimation":null,"_events":[]},{"__type__":"cc.animation.ObjectTrack","_binding":{"__type__":"cc.animation.TrackBinding","path":{"__id__":2}},"_channel":{"__id__":5}},{"__type__":"cc.animation.TrackPath","_paths":[{"__id__":3},{"__id__":4},"spriteFrame"]},{"__type__":"cc.animation.HierarchyPath","path":"/"},{"__type__":"cc.animation.ComponentPath","component":"cc.Sprite"},{"__type__":"cc.animation.Channel","_curve":{"__id__":6}},{"__type__":"cc.ObjectCurve","_times":[0,0.05,0.1,0.15,0.2,0.25,0.3,0.35,0.4,0.45,0.5,0.55],"_values":[{"__uuid__":"ab6763cd-60c0-418f-9ab7-8ada18f9ace6@f9941","__expectedType__":"cc.Asset"},{"__uuid__":"2cb2ebc1-99eb-43d1-85a6-0a43403119f8@f9941","__expectedType__":"cc.Asset"},{"__uuid__":"b34cfc33-f504-47be-b442-3b43308b4dea@f9941","__expectedType__":"cc.Asset"},{"__uuid__":"8346b890-8ae1-4f18-b441-bb39eaf0b601@f9941","__expectedType__":"cc.Asset"},{"__uuid__":"eb77641c-623d-4bed-83cf-f7e4520198f4@f9941","__expectedType__":"cc.Asset"},{"__uuid__":"1f8c3924-202b-4b5a-a46b-9072ce67c077@f9941","__expectedType__":"cc.Asset"},{"__uuid__":"058433cc-69eb-4654-83ac-d89ad34510f4@f9941","__expectedType__":"cc.Asset"},{"__uuid__":"72c1fb76-57f9-4a82-98c3-42b58dcdea8f@f9941","__expectedType__":"cc.Asset"},{"__uuid__":"264e8944-df42-4cf9-ad76-567f4941850a@f9941","__expectedType__":"cc.Asset"},{"__uuid__":"c1cca741-1a8d-402e-a0de-2f12c92b2a2f@f9941","__expectedType__":"cc.Asset"},{"__uuid__":"6a93c5ad-1f69-4e50-8bc4-ee9c8e87741a@f9941","__expectedType__":"cc.Asset"},{"__uuid__":"f25b357d-af6e-4b78-9d69-40cb7b21ca15@f9941","__expectedType__":"cc.Asset"}]},{"__type__":"cc.animation.ColorTrack","_binding":{"__type__":"cc.animation.TrackBinding","path":{"__id__":8}},"_channels":[{"__id__":11},{"__id__":13},{"__id__":15},{"__id__":17}]},{"__type__":"cc.animation.TrackPath","_paths":[{"__id__":9},{"__id__":10},"color"]},{"__type__":"cc.animation.HierarchyPath","path":"/"},{"__type__":"cc.animation.ComponentPath","component":"cc.Sprite"},{"__type__":"cc.animation.Channel","_curve":{"__id__":12}},{"__type__":"cc.RealCurve","bytes":{"__type__":"TypedArrayRef","ctor":"Uint8Array","offset":0,"length":54}},{"__type__":"cc.animation.Channel","_curve":{"__id__":14}},{"__type__":"cc.RealCurve","bytes":{"__type__":"TypedArrayRef","ctor":"Uint8Array","offset":54,"length":54}},{"__type__":"cc.animation.Channel","_curve":{"__id__":16}},{"__type__":"cc.RealCurve","bytes":{"__type__":"TypedArrayRef","ctor":"Uint8Array","offset":108,"length":54}},{"__type__":"cc.animation.Channel","_curve":{"__id__":18}},{"__type__":"cc.RealCurve","bytes":{"__type__":"TypedArrayRef","ctor":"Uint8Array","offset":162,"length":54}}],"chunks":[".bin"]}
