{"version":1,"document":[{"__type__":"cc.AnimationClip","_name":"Landing","_objFlags":0,"_native":"","sample":30,"speed":1,"wrapMode":0,"enableTrsBlending":true,"_duration":1.7999999523162842,"_hash":2026575180,"_tracks":[],"_exoticAnimation":{"__id__":1},"_events":[]},{"__type__":"cc.animation.ExoticAnimation","_nodeAnimations":[{"__id__":2},{"__id__":9},{"__id__":16},{"__id__":23},{"__id__":30},{"__id__":37},{"__id__":44},{"__id__":51},{"__id__":58},{"__id__":65},{"__id__":72},{"__id__":79},{"__id__":86},{"__id__":93},{"__id__":100},{"__id__":107},{"__id__":114},{"__id__":121},{"__id__":128},{"__id__":135},{"__id__":142},{"__id__":149},{"__id__":156},{"__id__":163},{"__id__":170},{"__id__":177},{"__id__":184},{"__id__":191},{"__id__":198},{"__id__":205},{"__id__":212},{"__id__":219},{"__id__":226},{"__id__":233},{"__id__":240},{"__id__":247},{"__id__":254},{"__id__":261},{"__id__":268},{"__id__":275},{"__id__":282},{"__id__":289},{"__id__":296},{"__id__":303},{"__id__":310},{"__id__":317},{"__id__":324},{"__id__":331},{"__id__":338},{"__id__":345},{"__id__":352},{"__id__":359},{"__id__":366},{"__id__":373},{"__id__":380},{"__id__":387},{"__id__":394}]},{"__type__":"cc.animation.ExoticNodeAnimation","_path":"mixamorig:Hips","_position":{"__id__":3},"_rotation":{"__id__":5},"_scale":{"__id__":7}},{"__type__":"cc.animation.ExoticTrack","times":{"__type__":"TypedArrayRef","ctor":"Float32Array","offset":0,"length":55},"values":{"__id__":4}},{"__type__":"cc.animation.ExoticVec3TrackValues","_values":{"__type__":"TypedArrayRef","ctor":"Float32Array","offset":220,"length":165},"_isQuantized":null},{"__type__":"cc.animation.ExoticTrack","times":{"__type__":"TypedArrayRef","ctor":"Float32Array","offset":880,"length":55},"values":{"__id__":6}},{"__type__":"cc.animation.ExoticQuatTrackValues","_values":{"__type__":"TypedArrayRef","ctor":"Float32Array","offset":1100,"length":220},"_isQuantized":null},{"__type__":"cc.animation.ExoticTrack","times":{"__type__":"TypedArrayRef","ctor":"Float32Array","offset":1980,"length":1},"values":{"__id__":8}},{"__type__":"cc.animation.ExoticVec3TrackValues","_values":{"__type__":"TypedArrayRef","ctor":"Float32Array","offset":1984,"length":3},"_isQuantized":null},{"__type__":"cc.animation.ExoticNodeAnimation","_path":"mixamorig:Hips/mixamorig:Spine","_position":{"__id__":10},"_rotation":{"__id__":12},"_scale":{"__id__":14}},{"__type__":"cc.animation.ExoticTrack","times":{"__type__":"TypedArrayRef","ctor":"Float32Array","offset":1996,"length":1},"values":{"__id__":11}},{"__type__":"cc.animation.ExoticVec3TrackValues","_values":{"__type__":"TypedArrayRef","ctor":"Float32Array","offset":2000,"length":3},"_isQuantized":null},{"__type__":"cc.animation.ExoticTrack","times":{"__type__":"TypedArrayRef","ctor":"Float32Array","offset":2012,"length":55},"values":{"__id__":13}},{"__type__":"cc.animation.ExoticQuatTrackValues","_values":{"__type__":"TypedArrayRef","ctor":"Float32Array","offset":2232,"length":220},"_isQuantized":null},{"__type__":"cc.animation.ExoticTrack","times":{"__type__":"TypedArrayRef","ctor":"Float32Array","offset":3112,"length":1},"values":{"__id__":15}},{"__type__":"cc.animation.ExoticVec3TrackValues","_values":{"__type__":"TypedArrayRef","ctor":"Float32Array","offset":3116,"length":3},"_isQuantized":null},{"__type__":"cc.animation.ExoticNodeAnimation","_path":"mixamorig:Hips/mixamorig:Spine/mixamorig:Spine1","_position":{"__id__":17},"_rotation":{"__id__":19},"_scale":{"__id__":21}},{"__type__":"cc.animation.ExoticTrack","times":{"__type__":"TypedArrayRef","ctor":"Float32Array","offset":3128,"length":1},"values":{"__id__":18}},{"__type__":"cc.animation.ExoticVec3TrackValues","_values":{"__type__":"TypedArrayRef","ctor":"Float32Array","offset":3132,"length":3},"_isQuantized":null},{"__type__":"cc.animation.ExoticTrack","times":{"__type__":"TypedArrayRef","ctor":"Float32Array","offset":3144,"length":55},"values":{"__id__":20}},{"__type__":"cc.animation.ExoticQuatTrackValues","_values":{"__type__":"TypedArrayRef","ctor":"Float32Array","offset":3364,"length":220},"_isQuantized":null},{"__type__":"cc.animation.ExoticTrack","times":{"__type__":"TypedArrayRef","ctor":"Float32Array","offset":4244,"length":1},"values":{"__id__":22}},{"__type__":"cc.animation.ExoticVec3TrackValues","_values":{"__type__":"TypedArrayRef","ctor":"Float32Array","offset":4248,"length":3},"_isQuantized":null},{"__type__":"cc.animation.ExoticNodeAnimation","_path":"mixamorig:Hips/mixamorig:Spine/mixamorig:Spine1/mixamorig:Spine2","_position":{"__id__":24},"_rotation":{"__id__":26},"_scale":{"__id__":28}},{"__type__":"cc.animation.ExoticTrack","times":{"__type__":"TypedArrayRef","ctor":"Float32Array","offset":4260,"length":1},"values":{"__id__":25}},{"__type__":"cc.animation.ExoticVec3TrackValues","_values":{"__type__":"TypedArrayRef","ctor":"Float32Array","offset":4264,"length":3},"_isQuantized":null},{"__type__":"cc.animation.ExoticTrack","times":{"__type__":"TypedArrayRef","ctor":"Float32Array","offset":4276,"length":55},"values":{"__id__":27}},{"__type__":"cc.animation.ExoticQuatTrackValues","_values":{"__type__":"TypedArrayRef","ctor":"Float32Array","offset":4496,"length":220},"_isQuantized":null},{"__type__":"cc.animation.ExoticTrack","times":{"__type__":"TypedArrayRef","ctor":"Float32Array","offset":5376,"length":1},"values":{"__id__":29}},{"__type__":"cc.animation.ExoticVec3TrackValues","_values":{"__type__":"TypedArrayRef","ctor":"Float32Array","offset":5380,"length":3},"_isQuantized":null},{"__type__":"cc.animation.ExoticNodeAnimation","_path":"mixamorig:Hips/mixamorig:Spine/mixamorig:Spine1/mixamorig:Spine2/mixamorig:Neck","_position":{"__id__":31},"_rotation":{"__id__":33},"_scale":{"__id__":35}},{"__type__":"cc.animation.ExoticTrack","times":{"__type__":"TypedArrayRef","ctor":"Float32Array","offset":5392,"length":1},"values":{"__id__":32}},{"__type__":"cc.animation.ExoticVec3TrackValues","_values":{"__type__":"TypedArrayRef","ctor":"Float32Array","offset":5396,"length":3},"_isQuantized":null},{"__type__":"cc.animation.ExoticTrack","times":{"__type__":"TypedArrayRef","ctor":"Float32Array","offset":5408,"length":55},"values":{"__id__":34}},{"__type__":"cc.animation.ExoticQuatTrackValues","_values":{"__type__":"TypedArrayRef","ctor":"Float32Array","offset":5628,"length":220},"_isQuantized":null},{"__type__":"cc.animation.ExoticTrack","times":{"__type__":"TypedArrayRef","ctor":"Float32Array","offset":6508,"length":1},"values":{"__id__":36}},{"__type__":"cc.animation.ExoticVec3TrackValues","_values":{"__type__":"TypedArrayRef","ctor":"Float32Array","offset":6512,"length":3},"_isQuantized":null},{"__type__":"cc.animation.ExoticNodeAnimation","_path":"mixamorig:Hips/mixamorig:Spine/mixamorig:Spine1/mixamorig:Spine2/mixamorig:Neck/mixamorig:Head","_position":{"__id__":38},"_rotation":{"__id__":40},"_scale":{"__id__":42}},{"__type__":"cc.animation.ExoticTrack","times":{"__type__":"TypedArrayRef","ctor":"Float32Array","offset":6524,"length":1},"values":{"__id__":39}},{"__type__":"cc.animation.ExoticVec3TrackValues","_values":{"__type__":"TypedArrayRef","ctor":"Float32Array","offset":6528,"length":3},"_isQuantized":null},{"__type__":"cc.animation.ExoticTrack","times":{"__type__":"TypedArrayRef","ctor":"Float32Array","offset":6540,"length":55},"values":{"__id__":41}},{"__type__":"cc.animation.ExoticQuatTrackValues","_values":{"__type__":"TypedArrayRef","ctor":"Float32Array","offset":6760,"length":220},"_isQuantized":null},{"__type__":"cc.animation.ExoticTrack","times":{"__type__":"TypedArrayRef","ctor":"Float32Array","offset":7640,"length":1},"values":{"__id__":43}},{"__type__":"cc.animation.ExoticVec3TrackValues","_values":{"__type__":"TypedArrayRef","ctor":"Float32Array","offset":7644,"length":3},"_isQuantized":null},{"__type__":"cc.animation.ExoticNodeAnimation","_path":"mixamorig:Hips/mixamorig:Spine/mixamorig:Spine1/mixamorig:Spine2/mixamorig:LeftShoulder","_position":{"__id__":45},"_rotation":{"__id__":47},"_scale":{"__id__":49}},{"__type__":"cc.animation.ExoticTrack","times":{"__type__":"TypedArrayRef","ctor":"Float32Array","offset":7656,"length":1},"values":{"__id__":46}},{"__type__":"cc.animation.ExoticVec3TrackValues","_values":{"__type__":"TypedArrayRef","ctor":"Float32Array","offset":7660,"length":3},"_isQuantized":null},{"__type__":"cc.animation.ExoticTrack","times":{"__type__":"TypedArrayRef","ctor":"Float32Array","offset":7672,"length":55},"values":{"__id__":48}},{"__type__":"cc.animation.ExoticQuatTrackValues","_values":{"__type__":"TypedArrayRef","ctor":"Float32Array","offset":7892,"length":220},"_isQuantized":null},{"__type__":"cc.animation.ExoticTrack","times":{"__type__":"TypedArrayRef","ctor":"Float32Array","offset":8772,"length":1},"values":{"__id__":50}},{"__type__":"cc.animation.ExoticVec3TrackValues","_values":{"__type__":"TypedArrayRef","ctor":"Float32Array","offset":8776,"length":3},"_isQuantized":null},{"__type__":"cc.animation.ExoticNodeAnimation","_path":"mixamorig:Hips/mixamorig:Spine/mixamorig:Spine1/mixamorig:Spine2/mixamorig:LeftShoulder/mixamorig:LeftArm","_position":{"__id__":52},"_rotation":{"__id__":54},"_scale":{"__id__":56}},{"__type__":"cc.animation.ExoticTrack","times":{"__type__":"TypedArrayRef","ctor":"Float32Array","offset":8788,"length":1},"values":{"__id__":53}},{"__type__":"cc.animation.ExoticVec3TrackValues","_values":{"__type__":"TypedArrayRef","ctor":"Float32Array","offset":8792,"length":3},"_isQuantized":null},{"__type__":"cc.animation.ExoticTrack","times":{"__type__":"TypedArrayRef","ctor":"Float32Array","offset":8804,"length":55},"values":{"__id__":55}},{"__type__":"cc.animation.ExoticQuatTrackValues","_values":{"__type__":"TypedArrayRef","ctor":"Float32Array","offset":9024,"length":220},"_isQuantized":null},{"__type__":"cc.animation.ExoticTrack","times":{"__type__":"TypedArrayRef","ctor":"Float32Array","offset":9904,"length":1},"values":{"__id__":57}},{"__type__":"cc.animation.ExoticVec3TrackValues","_values":{"__type__":"TypedArrayRef","ctor":"Float32Array","offset":9908,"length":3},"_isQuantized":null},{"__type__":"cc.animation.ExoticNodeAnimation","_path":"mixamorig:Hips/mixamorig:Spine/mixamorig:Spine1/mixamorig:Spine2/mixamorig:LeftShoulder/mixamorig:LeftArm/mixamorig:LeftForeArm","_position":{"__id__":59},"_rotation":{"__id__":61},"_scale":{"__id__":63}},{"__type__":"cc.animation.ExoticTrack","times":{"__type__":"TypedArrayRef","ctor":"Float32Array","offset":9920,"length":1},"values":{"__id__":60}},{"__type__":"cc.animation.ExoticVec3TrackValues","_values":{"__type__":"TypedArrayRef","ctor":"Float32Array","offset":9924,"length":3},"_isQuantized":null},{"__type__":"cc.animation.ExoticTrack","times":{"__type__":"TypedArrayRef","ctor":"Float32Array","offset":9936,"length":55},"values":{"__id__":62}},{"__type__":"cc.animation.ExoticQuatTrackValues","_values":{"__type__":"TypedArrayRef","ctor":"Float32Array","offset":10156,"length":220},"_isQuantized":null},{"__type__":"cc.animation.ExoticTrack","times":{"__type__":"TypedArrayRef","ctor":"Float32Array","offset":11036,"length":1},"values":{"__id__":64}},{"__type__":"cc.animation.ExoticVec3TrackValues","_values":{"__type__":"TypedArrayRef","ctor":"Float32Array","offset":11040,"length":3},"_isQuantized":null},{"__type__":"cc.animation.ExoticNodeAnimation","_path":"mixamorig:Hips/mixamorig:Spine/mixamorig:Spine1/mixamorig:Spine2/mixamorig:LeftShoulder/mixamorig:LeftArm/mixamorig:LeftForeArm/mixamorig:LeftHand","_position":{"__id__":66},"_rotation":{"__id__":68},"_scale":{"__id__":70}},{"__type__":"cc.animation.ExoticTrack","times":{"__type__":"TypedArrayRef","ctor":"Float32Array","offset":11052,"length":1},"values":{"__id__":67}},{"__type__":"cc.animation.ExoticVec3TrackValues","_values":{"__type__":"TypedArrayRef","ctor":"Float32Array","offset":11056,"length":3},"_isQuantized":null},{"__type__":"cc.animation.ExoticTrack","times":{"__type__":"TypedArrayRef","ctor":"Float32Array","offset":11068,"length":55},"values":{"__id__":69}},{"__type__":"cc.animation.ExoticQuatTrackValues","_values":{"__type__":"TypedArrayRef","ctor":"Float32Array","offset":11288,"length":220},"_isQuantized":null},{"__type__":"cc.animation.ExoticTrack","times":{"__type__":"TypedArrayRef","ctor":"Float32Array","offset":12168,"length":1},"values":{"__id__":71}},{"__type__":"cc.animation.ExoticVec3TrackValues","_values":{"__type__":"TypedArrayRef","ctor":"Float32Array","offset":12172,"length":3},"_isQuantized":null},{"__type__":"cc.animation.ExoticNodeAnimation","_path":"mixamorig:Hips/mixamorig:Spine/mixamorig:Spine1/mixamorig:Spine2/mixamorig:LeftShoulder/mixamorig:LeftArm/mixamorig:LeftForeArm/mixamorig:LeftHand/mixamorig:LeftHandThumb1","_position":{"__id__":73},"_rotation":{"__id__":75},"_scale":{"__id__":77}},{"__type__":"cc.animation.ExoticTrack","times":{"__type__":"TypedArrayRef","ctor":"Float32Array","offset":12184,"length":1},"values":{"__id__":74}},{"__type__":"cc.animation.ExoticVec3TrackValues","_values":{"__type__":"TypedArrayRef","ctor":"Float32Array","offset":12188,"length":3},"_isQuantized":null},{"__type__":"cc.animation.ExoticTrack","times":{"__type__":"TypedArrayRef","ctor":"Float32Array","offset":12200,"length":55},"values":{"__id__":76}},{"__type__":"cc.animation.ExoticQuatTrackValues","_values":{"__type__":"TypedArrayRef","ctor":"Float32Array","offset":12420,"length":220},"_isQuantized":null},{"__type__":"cc.animation.ExoticTrack","times":{"__type__":"TypedArrayRef","ctor":"Float32Array","offset":13300,"length":1},"values":{"__id__":78}},{"__type__":"cc.animation.ExoticVec3TrackValues","_values":{"__type__":"TypedArrayRef","ctor":"Float32Array","offset":13304,"length":3},"_isQuantized":null},{"__type__":"cc.animation.ExoticNodeAnimation","_path":"mixamorig:Hips/mixamorig:Spine/mixamorig:Spine1/mixamorig:Spine2/mixamorig:LeftShoulder/mixamorig:LeftArm/mixamorig:LeftForeArm/mixamorig:LeftHand/mixamorig:LeftHandThumb1/mixamorig:LeftHandThumb2","_position":{"__id__":80},"_rotation":{"__id__":82},"_scale":{"__id__":84}},{"__type__":"cc.animation.ExoticTrack","times":{"__type__":"TypedArrayRef","ctor":"Float32Array","offset":13316,"length":1},"values":{"__id__":81}},{"__type__":"cc.animation.ExoticVec3TrackValues","_values":{"__type__":"TypedArrayRef","ctor":"Float32Array","offset":13320,"length":3},"_isQuantized":null},{"__type__":"cc.animation.ExoticTrack","times":{"__type__":"TypedArrayRef","ctor":"Float32Array","offset":13332,"length":55},"values":{"__id__":83}},{"__type__":"cc.animation.ExoticQuatTrackValues","_values":{"__type__":"TypedArrayRef","ctor":"Float32Array","offset":13552,"length":220},"_isQuantized":null},{"__type__":"cc.animation.ExoticTrack","times":{"__type__":"TypedArrayRef","ctor":"Float32Array","offset":14432,"length":1},"values":{"__id__":85}},{"__type__":"cc.animation.ExoticVec3TrackValues","_values":{"__type__":"TypedArrayRef","ctor":"Float32Array","offset":14436,"length":3},"_isQuantized":null},{"__type__":"cc.animation.ExoticNodeAnimation","_path":"mixamorig:Hips/mixamorig:Spine/mixamorig:Spine1/mixamorig:Spine2/mixamorig:LeftShoulder/mixamorig:LeftArm/mixamorig:LeftForeArm/mixamorig:LeftHand/mixamorig:LeftHandThumb1/mixamorig:LeftHandThumb2/mixamorig:LeftHandThumb3","_position":{"__id__":87},"_rotation":{"__id__":89},"_scale":{"__id__":91}},{"__type__":"cc.animation.ExoticTrack","times":{"__type__":"TypedArrayRef","ctor":"Float32Array","offset":14448,"length":1},"values":{"__id__":88}},{"__type__":"cc.animation.ExoticVec3TrackValues","_values":{"__type__":"TypedArrayRef","ctor":"Float32Array","offset":14452,"length":3},"_isQuantized":null},{"__type__":"cc.animation.ExoticTrack","times":{"__type__":"TypedArrayRef","ctor":"Float32Array","offset":14464,"length":55},"values":{"__id__":90}},{"__type__":"cc.animation.ExoticQuatTrackValues","_values":{"__type__":"TypedArrayRef","ctor":"Float32Array","offset":14684,"length":220},"_isQuantized":null},{"__type__":"cc.animation.ExoticTrack","times":{"__type__":"TypedArrayRef","ctor":"Float32Array","offset":15564,"length":1},"values":{"__id__":92}},{"__type__":"cc.animation.ExoticVec3TrackValues","_values":{"__type__":"TypedArrayRef","ctor":"Float32Array","offset":15568,"length":3},"_isQuantized":null},{"__type__":"cc.animation.ExoticNodeAnimation","_path":"mixamorig:Hips/mixamorig:Spine/mixamorig:Spine1/mixamorig:Spine2/mixamorig:LeftShoulder/mixamorig:LeftArm/mixamorig:LeftForeArm/mixamorig:LeftHand/mixamorig:LeftHandIndex1","_position":{"__id__":94},"_rotation":{"__id__":96},"_scale":{"__id__":98}},{"__type__":"cc.animation.ExoticTrack","times":{"__type__":"TypedArrayRef","ctor":"Float32Array","offset":15580,"length":1},"values":{"__id__":95}},{"__type__":"cc.animation.ExoticVec3TrackValues","_values":{"__type__":"TypedArrayRef","ctor":"Float32Array","offset":15584,"length":3},"_isQuantized":null},{"__type__":"cc.animation.ExoticTrack","times":{"__type__":"TypedArrayRef","ctor":"Float32Array","offset":15596,"length":55},"values":{"__id__":97}},{"__type__":"cc.animation.ExoticQuatTrackValues","_values":{"__type__":"TypedArrayRef","ctor":"Float32Array","offset":15816,"length":220},"_isQuantized":null},{"__type__":"cc.animation.ExoticTrack","times":{"__type__":"TypedArrayRef","ctor":"Float32Array","offset":16696,"length":1},"values":{"__id__":99}},{"__type__":"cc.animation.ExoticVec3TrackValues","_values":{"__type__":"TypedArrayRef","ctor":"Float32Array","offset":16700,"length":3},"_isQuantized":null},{"__type__":"cc.animation.ExoticNodeAnimation","_path":"mixamorig:Hips/mixamorig:Spine/mixamorig:Spine1/mixamorig:Spine2/mixamorig:LeftShoulder/mixamorig:LeftArm/mixamorig:LeftForeArm/mixamorig:LeftHand/mixamorig:LeftHandIndex1/mixamorig:LeftHandIndex2","_position":{"__id__":101},"_rotation":{"__id__":103},"_scale":{"__id__":105}},{"__type__":"cc.animation.ExoticTrack","times":{"__type__":"TypedArrayRef","ctor":"Float32Array","offset":16712,"length":1},"values":{"__id__":102}},{"__type__":"cc.animation.ExoticVec3TrackValues","_values":{"__type__":"TypedArrayRef","ctor":"Float32Array","offset":16716,"length":3},"_isQuantized":null},{"__type__":"cc.animation.ExoticTrack","times":{"__type__":"TypedArrayRef","ctor":"Float32Array","offset":16728,"length":55},"values":{"__id__":104}},{"__type__":"cc.animation.ExoticQuatTrackValues","_values":{"__type__":"TypedArrayRef","ctor":"Float32Array","offset":16948,"length":220},"_isQuantized":null},{"__type__":"cc.animation.ExoticTrack","times":{"__type__":"TypedArrayRef","ctor":"Float32Array","offset":17828,"length":1},"values":{"__id__":106}},{"__type__":"cc.animation.ExoticVec3TrackValues","_values":{"__type__":"TypedArrayRef","ctor":"Float32Array","offset":17832,"length":3},"_isQuantized":null},{"__type__":"cc.animation.ExoticNodeAnimation","_path":"mixamorig:Hips/mixamorig:Spine/mixamorig:Spine1/mixamorig:Spine2/mixamorig:LeftShoulder/mixamorig:LeftArm/mixamorig:LeftForeArm/mixamorig:LeftHand/mixamorig:LeftHandIndex1/mixamorig:LeftHandIndex2/mixamorig:LeftHandIndex3","_position":{"__id__":108},"_rotation":{"__id__":110},"_scale":{"__id__":112}},{"__type__":"cc.animation.ExoticTrack","times":{"__type__":"TypedArrayRef","ctor":"Float32Array","offset":17844,"length":1},"values":{"__id__":109}},{"__type__":"cc.animation.ExoticVec3TrackValues","_values":{"__type__":"TypedArrayRef","ctor":"Float32Array","offset":17848,"length":3},"_isQuantized":null},{"__type__":"cc.animation.ExoticTrack","times":{"__type__":"TypedArrayRef","ctor":"Float32Array","offset":17860,"length":54},"values":{"__id__":111}},{"__type__":"cc.animation.ExoticQuatTrackValues","_values":{"__type__":"TypedArrayRef","ctor":"Float32Array","offset":18076,"length":216},"_isQuantized":null},{"__type__":"cc.animation.ExoticTrack","times":{"__type__":"TypedArrayRef","ctor":"Float32Array","offset":18940,"length":1},"values":{"__id__":113}},{"__type__":"cc.animation.ExoticVec3TrackValues","_values":{"__type__":"TypedArrayRef","ctor":"Float32Array","offset":18944,"length":3},"_isQuantized":null},{"__type__":"cc.animation.ExoticNodeAnimation","_path":"mixamorig:Hips/mixamorig:Spine/mixamorig:Spine1/mixamorig:Spine2/mixamorig:LeftShoulder/mixamorig:LeftArm/mixamorig:LeftForeArm/mixamorig:LeftHand/mixamorig:LeftHandMiddle1","_position":{"__id__":115},"_rotation":{"__id__":117},"_scale":{"__id__":119}},{"__type__":"cc.animation.ExoticTrack","times":{"__type__":"TypedArrayRef","ctor":"Float32Array","offset":18956,"length":1},"values":{"__id__":116}},{"__type__":"cc.animation.ExoticVec3TrackValues","_values":{"__type__":"TypedArrayRef","ctor":"Float32Array","offset":18960,"length":3},"_isQuantized":null},{"__type__":"cc.animation.ExoticTrack","times":{"__type__":"TypedArrayRef","ctor":"Float32Array","offset":18972,"length":55},"values":{"__id__":118}},{"__type__":"cc.animation.ExoticQuatTrackValues","_values":{"__type__":"TypedArrayRef","ctor":"Float32Array","offset":19192,"length":220},"_isQuantized":null},{"__type__":"cc.animation.ExoticTrack","times":{"__type__":"TypedArrayRef","ctor":"Float32Array","offset":20072,"length":1},"values":{"__id__":120}},{"__type__":"cc.animation.ExoticVec3TrackValues","_values":{"__type__":"TypedArrayRef","ctor":"Float32Array","offset":20076,"length":3},"_isQuantized":null},{"__type__":"cc.animation.ExoticNodeAnimation","_path":"mixamorig:Hips/mixamorig:Spine/mixamorig:Spine1/mixamorig:Spine2/mixamorig:LeftShoulder/mixamorig:LeftArm/mixamorig:LeftForeArm/mixamorig:LeftHand/mixamorig:LeftHandMiddle1/mixamorig:LeftHandMiddle2","_position":{"__id__":122},"_rotation":{"__id__":124},"_scale":{"__id__":126}},{"__type__":"cc.animation.ExoticTrack","times":{"__type__":"TypedArrayRef","ctor":"Float32Array","offset":20088,"length":1},"values":{"__id__":123}},{"__type__":"cc.animation.ExoticVec3TrackValues","_values":{"__type__":"TypedArrayRef","ctor":"Float32Array","offset":20092,"length":3},"_isQuantized":null},{"__type__":"cc.animation.ExoticTrack","times":{"__type__":"TypedArrayRef","ctor":"Float32Array","offset":20104,"length":55},"values":{"__id__":125}},{"__type__":"cc.animation.ExoticQuatTrackValues","_values":{"__type__":"TypedArrayRef","ctor":"Float32Array","offset":20324,"length":220},"_isQuantized":null},{"__type__":"cc.animation.ExoticTrack","times":{"__type__":"TypedArrayRef","ctor":"Float32Array","offset":21204,"length":1},"values":{"__id__":127}},{"__type__":"cc.animation.ExoticVec3TrackValues","_values":{"__type__":"TypedArrayRef","ctor":"Float32Array","offset":21208,"length":3},"_isQuantized":null},{"__type__":"cc.animation.ExoticNodeAnimation","_path":"mixamorig:Hips/mixamorig:Spine/mixamorig:Spine1/mixamorig:Spine2/mixamorig:LeftShoulder/mixamorig:LeftArm/mixamorig:LeftForeArm/mixamorig:LeftHand/mixamorig:LeftHandMiddle1/mixamorig:LeftHandMiddle2/mixamorig:LeftHandMiddle3","_position":{"__id__":129},"_rotation":{"__id__":131},"_scale":{"__id__":133}},{"__type__":"cc.animation.ExoticTrack","times":{"__type__":"TypedArrayRef","ctor":"Float32Array","offset":21220,"length":1},"values":{"__id__":130}},{"__type__":"cc.animation.ExoticVec3TrackValues","_values":{"__type__":"TypedArrayRef","ctor":"Float32Array","offset":21224,"length":3},"_isQuantized":null},{"__type__":"cc.animation.ExoticTrack","times":{"__type__":"TypedArrayRef","ctor":"Float32Array","offset":21236,"length":55},"values":{"__id__":132}},{"__type__":"cc.animation.ExoticQuatTrackValues","_values":{"__type__":"TypedArrayRef","ctor":"Float32Array","offset":21456,"length":220},"_isQuantized":null},{"__type__":"cc.animation.ExoticTrack","times":{"__type__":"TypedArrayRef","ctor":"Float32Array","offset":22336,"length":1},"values":{"__id__":134}},{"__type__":"cc.animation.ExoticVec3TrackValues","_values":{"__type__":"TypedArrayRef","ctor":"Float32Array","offset":22340,"length":3},"_isQuantized":null},{"__type__":"cc.animation.ExoticNodeAnimation","_path":"mixamorig:Hips/mixamorig:Spine/mixamorig:Spine1/mixamorig:Spine2/mixamorig:LeftShoulder/mixamorig:LeftArm/mixamorig:LeftForeArm/mixamorig:LeftHand/mixamorig:LeftHandRing1","_position":{"__id__":136},"_rotation":{"__id__":138},"_scale":{"__id__":140}},{"__type__":"cc.animation.ExoticTrack","times":{"__type__":"TypedArrayRef","ctor":"Float32Array","offset":22352,"length":1},"values":{"__id__":137}},{"__type__":"cc.animation.ExoticVec3TrackValues","_values":{"__type__":"TypedArrayRef","ctor":"Float32Array","offset":22356,"length":3},"_isQuantized":null},{"__type__":"cc.animation.ExoticTrack","times":{"__type__":"TypedArrayRef","ctor":"Float32Array","offset":22368,"length":55},"values":{"__id__":139}},{"__type__":"cc.animation.ExoticQuatTrackValues","_values":{"__type__":"TypedArrayRef","ctor":"Float32Array","offset":22588,"length":220},"_isQuantized":null},{"__type__":"cc.animation.ExoticTrack","times":{"__type__":"TypedArrayRef","ctor":"Float32Array","offset":23468,"length":1},"values":{"__id__":141}},{"__type__":"cc.animation.ExoticVec3TrackValues","_values":{"__type__":"TypedArrayRef","ctor":"Float32Array","offset":23472,"length":3},"_isQuantized":null},{"__type__":"cc.animation.ExoticNodeAnimation","_path":"mixamorig:Hips/mixamorig:Spine/mixamorig:Spine1/mixamorig:Spine2/mixamorig:LeftShoulder/mixamorig:LeftArm/mixamorig:LeftForeArm/mixamorig:LeftHand/mixamorig:LeftHandRing1/mixamorig:LeftHandRing2","_position":{"__id__":143},"_rotation":{"__id__":145},"_scale":{"__id__":147}},{"__type__":"cc.animation.ExoticTrack","times":{"__type__":"TypedArrayRef","ctor":"Float32Array","offset":23484,"length":1},"values":{"__id__":144}},{"__type__":"cc.animation.ExoticVec3TrackValues","_values":{"__type__":"TypedArrayRef","ctor":"Float32Array","offset":23488,"length":3},"_isQuantized":null},{"__type__":"cc.animation.ExoticTrack","times":{"__type__":"TypedArrayRef","ctor":"Float32Array","offset":23500,"length":55},"values":{"__id__":146}},{"__type__":"cc.animation.ExoticQuatTrackValues","_values":{"__type__":"TypedArrayRef","ctor":"Float32Array","offset":23720,"length":220},"_isQuantized":null},{"__type__":"cc.animation.ExoticTrack","times":{"__type__":"TypedArrayRef","ctor":"Float32Array","offset":24600,"length":1},"values":{"__id__":148}},{"__type__":"cc.animation.ExoticVec3TrackValues","_values":{"__type__":"TypedArrayRef","ctor":"Float32Array","offset":24604,"length":3},"_isQuantized":null},{"__type__":"cc.animation.ExoticNodeAnimation","_path":"mixamorig:Hips/mixamorig:Spine/mixamorig:Spine1/mixamorig:Spine2/mixamorig:LeftShoulder/mixamorig:LeftArm/mixamorig:LeftForeArm/mixamorig:LeftHand/mixamorig:LeftHandRing1/mixamorig:LeftHandRing2/mixamorig:LeftHandRing3","_position":{"__id__":150},"_rotation":{"__id__":152},"_scale":{"__id__":154}},{"__type__":"cc.animation.ExoticTrack","times":{"__type__":"TypedArrayRef","ctor":"Float32Array","offset":24616,"length":1},"values":{"__id__":151}},{"__type__":"cc.animation.ExoticVec3TrackValues","_values":{"__type__":"TypedArrayRef","ctor":"Float32Array","offset":24620,"length":3},"_isQuantized":null},{"__type__":"cc.animation.ExoticTrack","times":{"__type__":"TypedArrayRef","ctor":"Float32Array","offset":24632,"length":55},"values":{"__id__":153}},{"__type__":"cc.animation.ExoticQuatTrackValues","_values":{"__type__":"TypedArrayRef","ctor":"Float32Array","offset":24852,"length":220},"_isQuantized":null},{"__type__":"cc.animation.ExoticTrack","times":{"__type__":"TypedArrayRef","ctor":"Float32Array","offset":25732,"length":1},"values":{"__id__":155}},{"__type__":"cc.animation.ExoticVec3TrackValues","_values":{"__type__":"TypedArrayRef","ctor":"Float32Array","offset":25736,"length":3},"_isQuantized":null},{"__type__":"cc.animation.ExoticNodeAnimation","_path":"mixamorig:Hips/mixamorig:Spine/mixamorig:Spine1/mixamorig:Spine2/mixamorig:RightShoulder","_position":{"__id__":157},"_rotation":{"__id__":159},"_scale":{"__id__":161}},{"__type__":"cc.animation.ExoticTrack","times":{"__type__":"TypedArrayRef","ctor":"Float32Array","offset":25748,"length":1},"values":{"__id__":158}},{"__type__":"cc.animation.ExoticVec3TrackValues","_values":{"__type__":"TypedArrayRef","ctor":"Float32Array","offset":25752,"length":3},"_isQuantized":null},{"__type__":"cc.animation.ExoticTrack","times":{"__type__":"TypedArrayRef","ctor":"Float32Array","offset":25764,"length":55},"values":{"__id__":160}},{"__type__":"cc.animation.ExoticQuatTrackValues","_values":{"__type__":"TypedArrayRef","ctor":"Float32Array","offset":25984,"length":220},"_isQuantized":null},{"__type__":"cc.animation.ExoticTrack","times":{"__type__":"TypedArrayRef","ctor":"Float32Array","offset":26864,"length":1},"values":{"__id__":162}},{"__type__":"cc.animation.ExoticVec3TrackValues","_values":{"__type__":"TypedArrayRef","ctor":"Float32Array","offset":26868,"length":3},"_isQuantized":null},{"__type__":"cc.animation.ExoticNodeAnimation","_path":"mixamorig:Hips/mixamorig:Spine/mixamorig:Spine1/mixamorig:Spine2/mixamorig:RightShoulder/mixamorig:RightArm","_position":{"__id__":164},"_rotation":{"__id__":166},"_scale":{"__id__":168}},{"__type__":"cc.animation.ExoticTrack","times":{"__type__":"TypedArrayRef","ctor":"Float32Array","offset":26880,"length":1},"values":{"__id__":165}},{"__type__":"cc.animation.ExoticVec3TrackValues","_values":{"__type__":"TypedArrayRef","ctor":"Float32Array","offset":26884,"length":3},"_isQuantized":null},{"__type__":"cc.animation.ExoticTrack","times":{"__type__":"TypedArrayRef","ctor":"Float32Array","offset":26896,"length":55},"values":{"__id__":167}},{"__type__":"cc.animation.ExoticQuatTrackValues","_values":{"__type__":"TypedArrayRef","ctor":"Float32Array","offset":27116,"length":220},"_isQuantized":null},{"__type__":"cc.animation.ExoticTrack","times":{"__type__":"TypedArrayRef","ctor":"Float32Array","offset":27996,"length":1},"values":{"__id__":169}},{"__type__":"cc.animation.ExoticVec3TrackValues","_values":{"__type__":"TypedArrayRef","ctor":"Float32Array","offset":28000,"length":3},"_isQuantized":null},{"__type__":"cc.animation.ExoticNodeAnimation","_path":"mixamorig:Hips/mixamorig:Spine/mixamorig:Spine1/mixamorig:Spine2/mixamorig:RightShoulder/mixamorig:RightArm/mixamorig:RightForeArm","_position":{"__id__":171},"_rotation":{"__id__":173},"_scale":{"__id__":175}},{"__type__":"cc.animation.ExoticTrack","times":{"__type__":"TypedArrayRef","ctor":"Float32Array","offset":28012,"length":1},"values":{"__id__":172}},{"__type__":"cc.animation.ExoticVec3TrackValues","_values":{"__type__":"TypedArrayRef","ctor":"Float32Array","offset":28016,"length":3},"_isQuantized":null},{"__type__":"cc.animation.ExoticTrack","times":{"__type__":"TypedArrayRef","ctor":"Float32Array","offset":28028,"length":55},"values":{"__id__":174}},{"__type__":"cc.animation.ExoticQuatTrackValues","_values":{"__type__":"TypedArrayRef","ctor":"Float32Array","offset":28248,"length":220},"_isQuantized":null},{"__type__":"cc.animation.ExoticTrack","times":{"__type__":"TypedArrayRef","ctor":"Float32Array","offset":29128,"length":1},"values":{"__id__":176}},{"__type__":"cc.animation.ExoticVec3TrackValues","_values":{"__type__":"TypedArrayRef","ctor":"Float32Array","offset":29132,"length":3},"_isQuantized":null},{"__type__":"cc.animation.ExoticNodeAnimation","_path":"mixamorig:Hips/mixamorig:Spine/mixamorig:Spine1/mixamorig:Spine2/mixamorig:RightShoulder/mixamorig:RightArm/mixamorig:RightForeArm/mixamorig:RightHand","_position":{"__id__":178},"_rotation":{"__id__":180},"_scale":{"__id__":182}},{"__type__":"cc.animation.ExoticTrack","times":{"__type__":"TypedArrayRef","ctor":"Float32Array","offset":29144,"length":1},"values":{"__id__":179}},{"__type__":"cc.animation.ExoticVec3TrackValues","_values":{"__type__":"TypedArrayRef","ctor":"Float32Array","offset":29148,"length":3},"_isQuantized":null},{"__type__":"cc.animation.ExoticTrack","times":{"__type__":"TypedArrayRef","ctor":"Float32Array","offset":29160,"length":55},"values":{"__id__":181}},{"__type__":"cc.animation.ExoticQuatTrackValues","_values":{"__type__":"TypedArrayRef","ctor":"Float32Array","offset":29380,"length":220},"_isQuantized":null},{"__type__":"cc.animation.ExoticTrack","times":{"__type__":"TypedArrayRef","ctor":"Float32Array","offset":30260,"length":1},"values":{"__id__":183}},{"__type__":"cc.animation.ExoticVec3TrackValues","_values":{"__type__":"TypedArrayRef","ctor":"Float32Array","offset":30264,"length":3},"_isQuantized":null},{"__type__":"cc.animation.ExoticNodeAnimation","_path":"mixamorig:Hips/mixamorig:Spine/mixamorig:Spine1/mixamorig:Spine2/mixamorig:RightShoulder/mixamorig:RightArm/mixamorig:RightForeArm/mixamorig:RightHand/mixamorig:RightHandThumb1","_position":{"__id__":185},"_rotation":{"__id__":187},"_scale":{"__id__":189}},{"__type__":"cc.animation.ExoticTrack","times":{"__type__":"TypedArrayRef","ctor":"Float32Array","offset":30276,"length":1},"values":{"__id__":186}},{"__type__":"cc.animation.ExoticVec3TrackValues","_values":{"__type__":"TypedArrayRef","ctor":"Float32Array","offset":30280,"length":3},"_isQuantized":null},{"__type__":"cc.animation.ExoticTrack","times":{"__type__":"TypedArrayRef","ctor":"Float32Array","offset":30292,"length":55},"values":{"__id__":188}},{"__type__":"cc.animation.ExoticQuatTrackValues","_values":{"__type__":"TypedArrayRef","ctor":"Float32Array","offset":30512,"length":220},"_isQuantized":null},{"__type__":"cc.animation.ExoticTrack","times":{"__type__":"TypedArrayRef","ctor":"Float32Array","offset":31392,"length":1},"values":{"__id__":190}},{"__type__":"cc.animation.ExoticVec3TrackValues","_values":{"__type__":"TypedArrayRef","ctor":"Float32Array","offset":31396,"length":3},"_isQuantized":null},{"__type__":"cc.animation.ExoticNodeAnimation","_path":"mixamorig:Hips/mixamorig:Spine/mixamorig:Spine1/mixamorig:Spine2/mixamorig:RightShoulder/mixamorig:RightArm/mixamorig:RightForeArm/mixamorig:RightHand/mixamorig:RightHandThumb1/mixamorig:RightHandThumb2","_position":{"__id__":192},"_rotation":{"__id__":194},"_scale":{"__id__":196}},{"__type__":"cc.animation.ExoticTrack","times":{"__type__":"TypedArrayRef","ctor":"Float32Array","offset":31408,"length":1},"values":{"__id__":193}},{"__type__":"cc.animation.ExoticVec3TrackValues","_values":{"__type__":"TypedArrayRef","ctor":"Float32Array","offset":31412,"length":3},"_isQuantized":null},{"__type__":"cc.animation.ExoticTrack","times":{"__type__":"TypedArrayRef","ctor":"Float32Array","offset":31424,"length":55},"values":{"__id__":195}},{"__type__":"cc.animation.ExoticQuatTrackValues","_values":{"__type__":"TypedArrayRef","ctor":"Float32Array","offset":31644,"length":220},"_isQuantized":null},{"__type__":"cc.animation.ExoticTrack","times":{"__type__":"TypedArrayRef","ctor":"Float32Array","offset":32524,"length":1},"values":{"__id__":197}},{"__type__":"cc.animation.ExoticVec3TrackValues","_values":{"__type__":"TypedArrayRef","ctor":"Float32Array","offset":32528,"length":3},"_isQuantized":null},{"__type__":"cc.animation.ExoticNodeAnimation","_path":"mixamorig:Hips/mixamorig:Spine/mixamorig:Spine1/mixamorig:Spine2/mixamorig:RightShoulder/mixamorig:RightArm/mixamorig:RightForeArm/mixamorig:RightHand/mixamorig:RightHandThumb1/mixamorig:RightHandThumb2/mixamorig:RightHandThumb3","_position":{"__id__":199},"_rotation":{"__id__":201},"_scale":{"__id__":203}},{"__type__":"cc.animation.ExoticTrack","times":{"__type__":"TypedArrayRef","ctor":"Float32Array","offset":32540,"length":1},"values":{"__id__":200}},{"__type__":"cc.animation.ExoticVec3TrackValues","_values":{"__type__":"TypedArrayRef","ctor":"Float32Array","offset":32544,"length":3},"_isQuantized":null},{"__type__":"cc.animation.ExoticTrack","times":{"__type__":"TypedArrayRef","ctor":"Float32Array","offset":32556,"length":55},"values":{"__id__":202}},{"__type__":"cc.animation.ExoticQuatTrackValues","_values":{"__type__":"TypedArrayRef","ctor":"Float32Array","offset":32776,"length":220},"_isQuantized":null},{"__type__":"cc.animation.ExoticTrack","times":{"__type__":"TypedArrayRef","ctor":"Float32Array","offset":33656,"length":1},"values":{"__id__":204}},{"__type__":"cc.animation.ExoticVec3TrackValues","_values":{"__type__":"TypedArrayRef","ctor":"Float32Array","offset":33660,"length":3},"_isQuantized":null},{"__type__":"cc.animation.ExoticNodeAnimation","_path":"mixamorig:Hips/mixamorig:Spine/mixamorig:Spine1/mixamorig:Spine2/mixamorig:RightShoulder/mixamorig:RightArm/mixamorig:RightForeArm/mixamorig:RightHand/mixamorig:RightHandIndex1","_position":{"__id__":206},"_rotation":{"__id__":208},"_scale":{"__id__":210}},{"__type__":"cc.animation.ExoticTrack","times":{"__type__":"TypedArrayRef","ctor":"Float32Array","offset":33672,"length":1},"values":{"__id__":207}},{"__type__":"cc.animation.ExoticVec3TrackValues","_values":{"__type__":"TypedArrayRef","ctor":"Float32Array","offset":33676,"length":3},"_isQuantized":null},{"__type__":"cc.animation.ExoticTrack","times":{"__type__":"TypedArrayRef","ctor":"Float32Array","offset":33688,"length":55},"values":{"__id__":209}},{"__type__":"cc.animation.ExoticQuatTrackValues","_values":{"__type__":"TypedArrayRef","ctor":"Float32Array","offset":33908,"length":220},"_isQuantized":null},{"__type__":"cc.animation.ExoticTrack","times":{"__type__":"TypedArrayRef","ctor":"Float32Array","offset":34788,"length":1},"values":{"__id__":211}},{"__type__":"cc.animation.ExoticVec3TrackValues","_values":{"__type__":"TypedArrayRef","ctor":"Float32Array","offset":34792,"length":3},"_isQuantized":null},{"__type__":"cc.animation.ExoticNodeAnimation","_path":"mixamorig:Hips/mixamorig:Spine/mixamorig:Spine1/mixamorig:Spine2/mixamorig:RightShoulder/mixamorig:RightArm/mixamorig:RightForeArm/mixamorig:RightHand/mixamorig:RightHandIndex1/mixamorig:RightHandIndex2","_position":{"__id__":213},"_rotation":{"__id__":215},"_scale":{"__id__":217}},{"__type__":"cc.animation.ExoticTrack","times":{"__type__":"TypedArrayRef","ctor":"Float32Array","offset":34804,"length":1},"values":{"__id__":214}},{"__type__":"cc.animation.ExoticVec3TrackValues","_values":{"__type__":"TypedArrayRef","ctor":"Float32Array","offset":34808,"length":3},"_isQuantized":null},{"__type__":"cc.animation.ExoticTrack","times":{"__type__":"TypedArrayRef","ctor":"Float32Array","offset":34820,"length":55},"values":{"__id__":216}},{"__type__":"cc.animation.ExoticQuatTrackValues","_values":{"__type__":"TypedArrayRef","ctor":"Float32Array","offset":35040,"length":220},"_isQuantized":null},{"__type__":"cc.animation.ExoticTrack","times":{"__type__":"TypedArrayRef","ctor":"Float32Array","offset":35920,"length":1},"values":{"__id__":218}},{"__type__":"cc.animation.ExoticVec3TrackValues","_values":{"__type__":"TypedArrayRef","ctor":"Float32Array","offset":35924,"length":3},"_isQuantized":null},{"__type__":"cc.animation.ExoticNodeAnimation","_path":"mixamorig:Hips/mixamorig:Spine/mixamorig:Spine1/mixamorig:Spine2/mixamorig:RightShoulder/mixamorig:RightArm/mixamorig:RightForeArm/mixamorig:RightHand/mixamorig:RightHandIndex1/mixamorig:RightHandIndex2/mixamorig:RightHandIndex3","_position":{"__id__":220},"_rotation":{"__id__":222},"_scale":{"__id__":224}},{"__type__":"cc.animation.ExoticTrack","times":{"__type__":"TypedArrayRef","ctor":"Float32Array","offset":35936,"length":1},"values":{"__id__":221}},{"__type__":"cc.animation.ExoticVec3TrackValues","_values":{"__type__":"TypedArrayRef","ctor":"Float32Array","offset":35940,"length":3},"_isQuantized":null},{"__type__":"cc.animation.ExoticTrack","times":{"__type__":"TypedArrayRef","ctor":"Float32Array","offset":35952,"length":54},"values":{"__id__":223}},{"__type__":"cc.animation.ExoticQuatTrackValues","_values":{"__type__":"TypedArrayRef","ctor":"Float32Array","offset":36168,"length":216},"_isQuantized":null},{"__type__":"cc.animation.ExoticTrack","times":{"__type__":"TypedArrayRef","ctor":"Float32Array","offset":37032,"length":1},"values":{"__id__":225}},{"__type__":"cc.animation.ExoticVec3TrackValues","_values":{"__type__":"TypedArrayRef","ctor":"Float32Array","offset":37036,"length":3},"_isQuantized":null},{"__type__":"cc.animation.ExoticNodeAnimation","_path":"mixamorig:Hips/mixamorig:Spine/mixamorig:Spine1/mixamorig:Spine2/mixamorig:RightShoulder/mixamorig:RightArm/mixamorig:RightForeArm/mixamorig:RightHand/mixamorig:RightHandMiddle1","_position":{"__id__":227},"_rotation":{"__id__":229},"_scale":{"__id__":231}},{"__type__":"cc.animation.ExoticTrack","times":{"__type__":"TypedArrayRef","ctor":"Float32Array","offset":37048,"length":1},"values":{"__id__":228}},{"__type__":"cc.animation.ExoticVec3TrackValues","_values":{"__type__":"TypedArrayRef","ctor":"Float32Array","offset":37052,"length":3},"_isQuantized":null},{"__type__":"cc.animation.ExoticTrack","times":{"__type__":"TypedArrayRef","ctor":"Float32Array","offset":37064,"length":55},"values":{"__id__":230}},{"__type__":"cc.animation.ExoticQuatTrackValues","_values":{"__type__":"TypedArrayRef","ctor":"Float32Array","offset":37284,"length":220},"_isQuantized":null},{"__type__":"cc.animation.ExoticTrack","times":{"__type__":"TypedArrayRef","ctor":"Float32Array","offset":38164,"length":1},"values":{"__id__":232}},{"__type__":"cc.animation.ExoticVec3TrackValues","_values":{"__type__":"TypedArrayRef","ctor":"Float32Array","offset":38168,"length":3},"_isQuantized":null},{"__type__":"cc.animation.ExoticNodeAnimation","_path":"mixamorig:Hips/mixamorig:Spine/mixamorig:Spine1/mixamorig:Spine2/mixamorig:RightShoulder/mixamorig:RightArm/mixamorig:RightForeArm/mixamorig:RightHand/mixamorig:RightHandMiddle1/mixamorig:RightHandMiddle2","_position":{"__id__":234},"_rotation":{"__id__":236},"_scale":{"__id__":238}},{"__type__":"cc.animation.ExoticTrack","times":{"__type__":"TypedArrayRef","ctor":"Float32Array","offset":38180,"length":1},"values":{"__id__":235}},{"__type__":"cc.animation.ExoticVec3TrackValues","_values":{"__type__":"TypedArrayRef","ctor":"Float32Array","offset":38184,"length":3},"_isQuantized":null},{"__type__":"cc.animation.ExoticTrack","times":{"__type__":"TypedArrayRef","ctor":"Float32Array","offset":38196,"length":55},"values":{"__id__":237}},{"__type__":"cc.animation.ExoticQuatTrackValues","_values":{"__type__":"TypedArrayRef","ctor":"Float32Array","offset":38416,"length":220},"_isQuantized":null},{"__type__":"cc.animation.ExoticTrack","times":{"__type__":"TypedArrayRef","ctor":"Float32Array","offset":39296,"length":1},"values":{"__id__":239}},{"__type__":"cc.animation.ExoticVec3TrackValues","_values":{"__type__":"TypedArrayRef","ctor":"Float32Array","offset":39300,"length":3},"_isQuantized":null},{"__type__":"cc.animation.ExoticNodeAnimation","_path":"mixamorig:Hips/mixamorig:Spine/mixamorig:Spine1/mixamorig:Spine2/mixamorig:RightShoulder/mixamorig:RightArm/mixamorig:RightForeArm/mixamorig:RightHand/mixamorig:RightHandMiddle1/mixamorig:RightHandMiddle2/mixamorig:RightHandMiddle3","_position":{"__id__":241},"_rotation":{"__id__":243},"_scale":{"__id__":245}},{"__type__":"cc.animation.ExoticTrack","times":{"__type__":"TypedArrayRef","ctor":"Float32Array","offset":39312,"length":1},"values":{"__id__":242}},{"__type__":"cc.animation.ExoticVec3TrackValues","_values":{"__type__":"TypedArrayRef","ctor":"Float32Array","offset":39316,"length":3},"_isQuantized":null},{"__type__":"cc.animation.ExoticTrack","times":{"__type__":"TypedArrayRef","ctor":"Float32Array","offset":39328,"length":55},"values":{"__id__":244}},{"__type__":"cc.animation.ExoticQuatTrackValues","_values":{"__type__":"TypedArrayRef","ctor":"Float32Array","offset":39548,"length":220},"_isQuantized":null},{"__type__":"cc.animation.ExoticTrack","times":{"__type__":"TypedArrayRef","ctor":"Float32Array","offset":40428,"length":1},"values":{"__id__":246}},{"__type__":"cc.animation.ExoticVec3TrackValues","_values":{"__type__":"TypedArrayRef","ctor":"Float32Array","offset":40432,"length":3},"_isQuantized":null},{"__type__":"cc.animation.ExoticNodeAnimation","_path":"mixamorig:Hips/mixamorig:Spine/mixamorig:Spine1/mixamorig:Spine2/mixamorig:RightShoulder/mixamorig:RightArm/mixamorig:RightForeArm/mixamorig:RightHand/mixamorig:RightHandRing1","_position":{"__id__":248},"_rotation":{"__id__":250},"_scale":{"__id__":252}},{"__type__":"cc.animation.ExoticTrack","times":{"__type__":"TypedArrayRef","ctor":"Float32Array","offset":40444,"length":1},"values":{"__id__":249}},{"__type__":"cc.animation.ExoticVec3TrackValues","_values":{"__type__":"TypedArrayRef","ctor":"Float32Array","offset":40448,"length":3},"_isQuantized":null},{"__type__":"cc.animation.ExoticTrack","times":{"__type__":"TypedArrayRef","ctor":"Float32Array","offset":40460,"length":55},"values":{"__id__":251}},{"__type__":"cc.animation.ExoticQuatTrackValues","_values":{"__type__":"TypedArrayRef","ctor":"Float32Array","offset":40680,"length":220},"_isQuantized":null},{"__type__":"cc.animation.ExoticTrack","times":{"__type__":"TypedArrayRef","ctor":"Float32Array","offset":41560,"length":1},"values":{"__id__":253}},{"__type__":"cc.animation.ExoticVec3TrackValues","_values":{"__type__":"TypedArrayRef","ctor":"Float32Array","offset":41564,"length":3},"_isQuantized":null},{"__type__":"cc.animation.ExoticNodeAnimation","_path":"mixamorig:Hips/mixamorig:Spine/mixamorig:Spine1/mixamorig:Spine2/mixamorig:RightShoulder/mixamorig:RightArm/mixamorig:RightForeArm/mixamorig:RightHand/mixamorig:RightHandRing1/mixamorig:RightHandRing2","_position":{"__id__":255},"_rotation":{"__id__":257},"_scale":{"__id__":259}},{"__type__":"cc.animation.ExoticTrack","times":{"__type__":"TypedArrayRef","ctor":"Float32Array","offset":41576,"length":1},"values":{"__id__":256}},{"__type__":"cc.animation.ExoticVec3TrackValues","_values":{"__type__":"TypedArrayRef","ctor":"Float32Array","offset":41580,"length":3},"_isQuantized":null},{"__type__":"cc.animation.ExoticTrack","times":{"__type__":"TypedArrayRef","ctor":"Float32Array","offset":41592,"length":55},"values":{"__id__":258}},{"__type__":"cc.animation.ExoticQuatTrackValues","_values":{"__type__":"TypedArrayRef","ctor":"Float32Array","offset":41812,"length":220},"_isQuantized":null},{"__type__":"cc.animation.ExoticTrack","times":{"__type__":"TypedArrayRef","ctor":"Float32Array","offset":42692,"length":1},"values":{"__id__":260}},{"__type__":"cc.animation.ExoticVec3TrackValues","_values":{"__type__":"TypedArrayRef","ctor":"Float32Array","offset":42696,"length":3},"_isQuantized":null},{"__type__":"cc.animation.ExoticNodeAnimation","_path":"mixamorig:Hips/mixamorig:Spine/mixamorig:Spine1/mixamorig:Spine2/mixamorig:RightShoulder/mixamorig:RightArm/mixamorig:RightForeArm/mixamorig:RightHand/mixamorig:RightHandRing1/mixamorig:RightHandRing2/mixamorig:RightHandRing3","_position":{"__id__":262},"_rotation":{"__id__":264},"_scale":{"__id__":266}},{"__type__":"cc.animation.ExoticTrack","times":{"__type__":"TypedArrayRef","ctor":"Float32Array","offset":42708,"length":1},"values":{"__id__":263}},{"__type__":"cc.animation.ExoticVec3TrackValues","_values":{"__type__":"TypedArrayRef","ctor":"Float32Array","offset":42712,"length":3},"_isQuantized":null},{"__type__":"cc.animation.ExoticTrack","times":{"__type__":"TypedArrayRef","ctor":"Float32Array","offset":42724,"length":55},"values":{"__id__":265}},{"__type__":"cc.animation.ExoticQuatTrackValues","_values":{"__type__":"TypedArrayRef","ctor":"Float32Array","offset":42944,"length":220},"_isQuantized":null},{"__type__":"cc.animation.ExoticTrack","times":{"__type__":"TypedArrayRef","ctor":"Float32Array","offset":43824,"length":1},"values":{"__id__":267}},{"__type__":"cc.animation.ExoticVec3TrackValues","_values":{"__type__":"TypedArrayRef","ctor":"Float32Array","offset":43828,"length":3},"_isQuantized":null},{"__type__":"cc.animation.ExoticNodeAnimation","_path":"mixamorig:Hips/mixamorig:LeftUpLeg","_position":{"__id__":269},"_rotation":{"__id__":271},"_scale":{"__id__":273}},{"__type__":"cc.animation.ExoticTrack","times":{"__type__":"TypedArrayRef","ctor":"Float32Array","offset":43840,"length":1},"values":{"__id__":270}},{"__type__":"cc.animation.ExoticVec3TrackValues","_values":{"__type__":"TypedArrayRef","ctor":"Float32Array","offset":43844,"length":3},"_isQuantized":null},{"__type__":"cc.animation.ExoticTrack","times":{"__type__":"TypedArrayRef","ctor":"Float32Array","offset":43856,"length":55},"values":{"__id__":272}},{"__type__":"cc.animation.ExoticQuatTrackValues","_values":{"__type__":"TypedArrayRef","ctor":"Float32Array","offset":44076,"length":220},"_isQuantized":null},{"__type__":"cc.animation.ExoticTrack","times":{"__type__":"TypedArrayRef","ctor":"Float32Array","offset":44956,"length":1},"values":{"__id__":274}},{"__type__":"cc.animation.ExoticVec3TrackValues","_values":{"__type__":"TypedArrayRef","ctor":"Float32Array","offset":44960,"length":3},"_isQuantized":null},{"__type__":"cc.animation.ExoticNodeAnimation","_path":"mixamorig:Hips/mixamorig:LeftUpLeg/mixamorig:LeftLeg","_position":{"__id__":276},"_rotation":{"__id__":278},"_scale":{"__id__":280}},{"__type__":"cc.animation.ExoticTrack","times":{"__type__":"TypedArrayRef","ctor":"Float32Array","offset":44972,"length":1},"values":{"__id__":277}},{"__type__":"cc.animation.ExoticVec3TrackValues","_values":{"__type__":"TypedArrayRef","ctor":"Float32Array","offset":44976,"length":3},"_isQuantized":null},{"__type__":"cc.animation.ExoticTrack","times":{"__type__":"TypedArrayRef","ctor":"Float32Array","offset":44988,"length":55},"values":{"__id__":279}},{"__type__":"cc.animation.ExoticQuatTrackValues","_values":{"__type__":"TypedArrayRef","ctor":"Float32Array","offset":45208,"length":220},"_isQuantized":null},{"__type__":"cc.animation.ExoticTrack","times":{"__type__":"TypedArrayRef","ctor":"Float32Array","offset":46088,"length":1},"values":{"__id__":281}},{"__type__":"cc.animation.ExoticVec3TrackValues","_values":{"__type__":"TypedArrayRef","ctor":"Float32Array","offset":46092,"length":3},"_isQuantized":null},{"__type__":"cc.animation.ExoticNodeAnimation","_path":"mixamorig:Hips/mixamorig:LeftUpLeg/mixamorig:LeftLeg/mixamorig:LeftFoot","_position":{"__id__":283},"_rotation":{"__id__":285},"_scale":{"__id__":287}},{"__type__":"cc.animation.ExoticTrack","times":{"__type__":"TypedArrayRef","ctor":"Float32Array","offset":46104,"length":1},"values":{"__id__":284}},{"__type__":"cc.animation.ExoticVec3TrackValues","_values":{"__type__":"TypedArrayRef","ctor":"Float32Array","offset":46108,"length":3},"_isQuantized":null},{"__type__":"cc.animation.ExoticTrack","times":{"__type__":"TypedArrayRef","ctor":"Float32Array","offset":46120,"length":55},"values":{"__id__":286}},{"__type__":"cc.animation.ExoticQuatTrackValues","_values":{"__type__":"TypedArrayRef","ctor":"Float32Array","offset":46340,"length":220},"_isQuantized":null},{"__type__":"cc.animation.ExoticTrack","times":{"__type__":"TypedArrayRef","ctor":"Float32Array","offset":47220,"length":1},"values":{"__id__":288}},{"__type__":"cc.animation.ExoticVec3TrackValues","_values":{"__type__":"TypedArrayRef","ctor":"Float32Array","offset":47224,"length":3},"_isQuantized":null},{"__type__":"cc.animation.ExoticNodeAnimation","_path":"mixamorig:Hips/mixamorig:LeftUpLeg/mixamorig:LeftLeg/mixamorig:LeftFoot/mixamorig:LeftToeBase","_position":{"__id__":290},"_rotation":{"__id__":292},"_scale":{"__id__":294}},{"__type__":"cc.animation.ExoticTrack","times":{"__type__":"TypedArrayRef","ctor":"Float32Array","offset":47236,"length":1},"values":{"__id__":291}},{"__type__":"cc.animation.ExoticVec3TrackValues","_values":{"__type__":"TypedArrayRef","ctor":"Float32Array","offset":47240,"length":3},"_isQuantized":null},{"__type__":"cc.animation.ExoticTrack","times":{"__type__":"TypedArrayRef","ctor":"Float32Array","offset":47252,"length":45},"values":{"__id__":293}},{"__type__":"cc.animation.ExoticQuatTrackValues","_values":{"__type__":"TypedArrayRef","ctor":"Float32Array","offset":47432,"length":180},"_isQuantized":null},{"__type__":"cc.animation.ExoticTrack","times":{"__type__":"TypedArrayRef","ctor":"Float32Array","offset":48152,"length":1},"values":{"__id__":295}},{"__type__":"cc.animation.ExoticVec3TrackValues","_values":{"__type__":"TypedArrayRef","ctor":"Float32Array","offset":48156,"length":3},"_isQuantized":null},{"__type__":"cc.animation.ExoticNodeAnimation","_path":"mixamorig:Hips/mixamorig:RightUpLeg","_position":{"__id__":297},"_rotation":{"__id__":299},"_scale":{"__id__":301}},{"__type__":"cc.animation.ExoticTrack","times":{"__type__":"TypedArrayRef","ctor":"Float32Array","offset":48168,"length":1},"values":{"__id__":298}},{"__type__":"cc.animation.ExoticVec3TrackValues","_values":{"__type__":"TypedArrayRef","ctor":"Float32Array","offset":48172,"length":3},"_isQuantized":null},{"__type__":"cc.animation.ExoticTrack","times":{"__type__":"TypedArrayRef","ctor":"Float32Array","offset":48184,"length":55},"values":{"__id__":300}},{"__type__":"cc.animation.ExoticQuatTrackValues","_values":{"__type__":"TypedArrayRef","ctor":"Float32Array","offset":48404,"length":220},"_isQuantized":null},{"__type__":"cc.animation.ExoticTrack","times":{"__type__":"TypedArrayRef","ctor":"Float32Array","offset":49284,"length":1},"values":{"__id__":302}},{"__type__":"cc.animation.ExoticVec3TrackValues","_values":{"__type__":"TypedArrayRef","ctor":"Float32Array","offset":49288,"length":3},"_isQuantized":null},{"__type__":"cc.animation.ExoticNodeAnimation","_path":"mixamorig:Hips/mixamorig:RightUpLeg/mixamorig:RightLeg","_position":{"__id__":304},"_rotation":{"__id__":306},"_scale":{"__id__":308}},{"__type__":"cc.animation.ExoticTrack","times":{"__type__":"TypedArrayRef","ctor":"Float32Array","offset":49300,"length":1},"values":{"__id__":305}},{"__type__":"cc.animation.ExoticVec3TrackValues","_values":{"__type__":"TypedArrayRef","ctor":"Float32Array","offset":49304,"length":3},"_isQuantized":null},{"__type__":"cc.animation.ExoticTrack","times":{"__type__":"TypedArrayRef","ctor":"Float32Array","offset":49316,"length":55},"values":{"__id__":307}},{"__type__":"cc.animation.ExoticQuatTrackValues","_values":{"__type__":"TypedArrayRef","ctor":"Float32Array","offset":49536,"length":220},"_isQuantized":null},{"__type__":"cc.animation.ExoticTrack","times":{"__type__":"TypedArrayRef","ctor":"Float32Array","offset":50416,"length":1},"values":{"__id__":309}},{"__type__":"cc.animation.ExoticVec3TrackValues","_values":{"__type__":"TypedArrayRef","ctor":"Float32Array","offset":50420,"length":3},"_isQuantized":null},{"__type__":"cc.animation.ExoticNodeAnimation","_path":"mixamorig:Hips/mixamorig:RightUpLeg/mixamorig:RightLeg/mixamorig:RightFoot","_position":{"__id__":311},"_rotation":{"__id__":313},"_scale":{"__id__":315}},{"__type__":"cc.animation.ExoticTrack","times":{"__type__":"TypedArrayRef","ctor":"Float32Array","offset":50432,"length":1},"values":{"__id__":312}},{"__type__":"cc.animation.ExoticVec3TrackValues","_values":{"__type__":"TypedArrayRef","ctor":"Float32Array","offset":50436,"length":3},"_isQuantized":null},{"__type__":"cc.animation.ExoticTrack","times":{"__type__":"TypedArrayRef","ctor":"Float32Array","offset":50448,"length":55},"values":{"__id__":314}},{"__type__":"cc.animation.ExoticQuatTrackValues","_values":{"__type__":"TypedArrayRef","ctor":"Float32Array","offset":50668,"length":220},"_isQuantized":null},{"__type__":"cc.animation.ExoticTrack","times":{"__type__":"TypedArrayRef","ctor":"Float32Array","offset":51548,"length":1},"values":{"__id__":316}},{"__type__":"cc.animation.ExoticVec3TrackValues","_values":{"__type__":"TypedArrayRef","ctor":"Float32Array","offset":51552,"length":3},"_isQuantized":null},{"__type__":"cc.animation.ExoticNodeAnimation","_path":"mixamorig:Hips/mixamorig:RightUpLeg/mixamorig:RightLeg/mixamorig:RightFoot/mixamorig:RightToeBase","_position":{"__id__":318},"_rotation":{"__id__":320},"_scale":{"__id__":322}},{"__type__":"cc.animation.ExoticTrack","times":{"__type__":"TypedArrayRef","ctor":"Float32Array","offset":51564,"length":1},"values":{"__id__":319}},{"__type__":"cc.animation.ExoticVec3TrackValues","_values":{"__type__":"TypedArrayRef","ctor":"Float32Array","offset":51568,"length":3},"_isQuantized":null},{"__type__":"cc.animation.ExoticTrack","times":{"__type__":"TypedArrayRef","ctor":"Float32Array","offset":51580,"length":54},"values":{"__id__":321}},{"__type__":"cc.animation.ExoticQuatTrackValues","_values":{"__type__":"TypedArrayRef","ctor":"Float32Array","offset":51796,"length":216},"_isQuantized":null},{"__type__":"cc.animation.ExoticTrack","times":{"__type__":"TypedArrayRef","ctor":"Float32Array","offset":52660,"length":1},"values":{"__id__":323}},{"__type__":"cc.animation.ExoticVec3TrackValues","_values":{"__type__":"TypedArrayRef","ctor":"Float32Array","offset":52664,"length":3},"_isQuantized":null},{"__type__":"cc.animation.ExoticNodeAnimation","_path":"mixamorig:Hips/mixamorig:Spine/mixamorig:Spine1/mixamorig:Spine2/mixamorig:Neck/mixamorig:Head/mixamorig:HeadTop_End","_position":{"__id__":325},"_rotation":{"__id__":327},"_scale":{"__id__":329}},{"__type__":"cc.animation.ExoticTrack","times":{"__type__":"TypedArrayRef","ctor":"Float32Array","offset":52676,"length":1},"values":{"__id__":326}},{"__type__":"cc.animation.ExoticVec3TrackValues","_values":{"__type__":"TypedArrayRef","ctor":"Float32Array","offset":52680,"length":3},"_isQuantized":null},{"__type__":"cc.animation.ExoticTrack","times":{"__type__":"TypedArrayRef","ctor":"Float32Array","offset":52692,"length":1},"values":{"__id__":328}},{"__type__":"cc.animation.ExoticQuatTrackValues","_values":{"__type__":"TypedArrayRef","ctor":"Float32Array","offset":52696,"length":4},"_isQuantized":null},{"__type__":"cc.animation.ExoticTrack","times":{"__type__":"TypedArrayRef","ctor":"Float32Array","offset":52712,"length":1},"values":{"__id__":330}},{"__type__":"cc.animation.ExoticVec3TrackValues","_values":{"__type__":"TypedArrayRef","ctor":"Float32Array","offset":52716,"length":3},"_isQuantized":null},{"__type__":"cc.animation.ExoticNodeAnimation","_path":"mixamorig:Hips/mixamorig:Spine/mixamorig:Spine1/mixamorig:Spine2/mixamorig:LeftShoulder/mixamorig:LeftArm/mixamorig:LeftForeArm/mixamorig:LeftHand/mixamorig:LeftHandThumb1/mixamorig:LeftHandThumb2/mixamorig:LeftHandThumb3/mixamorig:LeftHandThumb4","_position":{"__id__":332},"_rotation":{"__id__":334},"_scale":{"__id__":336}},{"__type__":"cc.animation.ExoticTrack","times":{"__type__":"TypedArrayRef","ctor":"Float32Array","offset":52728,"length":1},"values":{"__id__":333}},{"__type__":"cc.animation.ExoticVec3TrackValues","_values":{"__type__":"TypedArrayRef","ctor":"Float32Array","offset":52732,"length":3},"_isQuantized":null},{"__type__":"cc.animation.ExoticTrack","times":{"__type__":"TypedArrayRef","ctor":"Float32Array","offset":52744,"length":1},"values":{"__id__":335}},{"__type__":"cc.animation.ExoticQuatTrackValues","_values":{"__type__":"TypedArrayRef","ctor":"Float32Array","offset":52748,"length":4},"_isQuantized":null},{"__type__":"cc.animation.ExoticTrack","times":{"__type__":"TypedArrayRef","ctor":"Float32Array","offset":52764,"length":1},"values":{"__id__":337}},{"__type__":"cc.animation.ExoticVec3TrackValues","_values":{"__type__":"TypedArrayRef","ctor":"Float32Array","offset":52768,"length":3},"_isQuantized":null},{"__type__":"cc.animation.ExoticNodeAnimation","_path":"mixamorig:Hips/mixamorig:Spine/mixamorig:Spine1/mixamorig:Spine2/mixamorig:LeftShoulder/mixamorig:LeftArm/mixamorig:LeftForeArm/mixamorig:LeftHand/mixamorig:LeftHandIndex1/mixamorig:LeftHandIndex2/mixamorig:LeftHandIndex3/mixamorig:LeftHandIndex4","_position":{"__id__":339},"_rotation":{"__id__":341},"_scale":{"__id__":343}},{"__type__":"cc.animation.ExoticTrack","times":{"__type__":"TypedArrayRef","ctor":"Float32Array","offset":52780,"length":1},"values":{"__id__":340}},{"__type__":"cc.animation.ExoticVec3TrackValues","_values":{"__type__":"TypedArrayRef","ctor":"Float32Array","offset":52784,"length":3},"_isQuantized":null},{"__type__":"cc.animation.ExoticTrack","times":{"__type__":"TypedArrayRef","ctor":"Float32Array","offset":52796,"length":1},"values":{"__id__":342}},{"__type__":"cc.animation.ExoticQuatTrackValues","_values":{"__type__":"TypedArrayRef","ctor":"Float32Array","offset":52800,"length":4},"_isQuantized":null},{"__type__":"cc.animation.ExoticTrack","times":{"__type__":"TypedArrayRef","ctor":"Float32Array","offset":52816,"length":1},"values":{"__id__":344}},{"__type__":"cc.animation.ExoticVec3TrackValues","_values":{"__type__":"TypedArrayRef","ctor":"Float32Array","offset":52820,"length":3},"_isQuantized":null},{"__type__":"cc.animation.ExoticNodeAnimation","_path":"mixamorig:Hips/mixamorig:Spine/mixamorig:Spine1/mixamorig:Spine2/mixamorig:LeftShoulder/mixamorig:LeftArm/mixamorig:LeftForeArm/mixamorig:LeftHand/mixamorig:LeftHandMiddle1/mixamorig:LeftHandMiddle2/mixamorig:LeftHandMiddle3/mixamorig:LeftHandMiddle4","_position":{"__id__":346},"_rotation":{"__id__":348},"_scale":{"__id__":350}},{"__type__":"cc.animation.ExoticTrack","times":{"__type__":"TypedArrayRef","ctor":"Float32Array","offset":52832,"length":1},"values":{"__id__":347}},{"__type__":"cc.animation.ExoticVec3TrackValues","_values":{"__type__":"TypedArrayRef","ctor":"Float32Array","offset":52836,"length":3},"_isQuantized":null},{"__type__":"cc.animation.ExoticTrack","times":{"__type__":"TypedArrayRef","ctor":"Float32Array","offset":52848,"length":1},"values":{"__id__":349}},{"__type__":"cc.animation.ExoticQuatTrackValues","_values":{"__type__":"TypedArrayRef","ctor":"Float32Array","offset":52852,"length":4},"_isQuantized":null},{"__type__":"cc.animation.ExoticTrack","times":{"__type__":"TypedArrayRef","ctor":"Float32Array","offset":52868,"length":1},"values":{"__id__":351}},{"__type__":"cc.animation.ExoticVec3TrackValues","_values":{"__type__":"TypedArrayRef","ctor":"Float32Array","offset":52872,"length":3},"_isQuantized":null},{"__type__":"cc.animation.ExoticNodeAnimation","_path":"mixamorig:Hips/mixamorig:Spine/mixamorig:Spine1/mixamorig:Spine2/mixamorig:LeftShoulder/mixamorig:LeftArm/mixamorig:LeftForeArm/mixamorig:LeftHand/mixamorig:LeftHandRing1/mixamorig:LeftHandRing2/mixamorig:LeftHandRing3/mixamorig:LeftHandRing4","_position":{"__id__":353},"_rotation":{"__id__":355},"_scale":{"__id__":357}},{"__type__":"cc.animation.ExoticTrack","times":{"__type__":"TypedArrayRef","ctor":"Float32Array","offset":52884,"length":1},"values":{"__id__":354}},{"__type__":"cc.animation.ExoticVec3TrackValues","_values":{"__type__":"TypedArrayRef","ctor":"Float32Array","offset":52888,"length":3},"_isQuantized":null},{"__type__":"cc.animation.ExoticTrack","times":{"__type__":"TypedArrayRef","ctor":"Float32Array","offset":52900,"length":1},"values":{"__id__":356}},{"__type__":"cc.animation.ExoticQuatTrackValues","_values":{"__type__":"TypedArrayRef","ctor":"Float32Array","offset":52904,"length":4},"_isQuantized":null},{"__type__":"cc.animation.ExoticTrack","times":{"__type__":"TypedArrayRef","ctor":"Float32Array","offset":52920,"length":1},"values":{"__id__":358}},{"__type__":"cc.animation.ExoticVec3TrackValues","_values":{"__type__":"TypedArrayRef","ctor":"Float32Array","offset":52924,"length":3},"_isQuantized":null},{"__type__":"cc.animation.ExoticNodeAnimation","_path":"mixamorig:Hips/mixamorig:Spine/mixamorig:Spine1/mixamorig:Spine2/mixamorig:RightShoulder/mixamorig:RightArm/mixamorig:RightForeArm/mixamorig:RightHand/mixamorig:RightHandThumb1/mixamorig:RightHandThumb2/mixamorig:RightHandThumb3/mixamorig:RightHandThumb4","_position":{"__id__":360},"_rotation":{"__id__":362},"_scale":{"__id__":364}},{"__type__":"cc.animation.ExoticTrack","times":{"__type__":"TypedArrayRef","ctor":"Float32Array","offset":52936,"length":1},"values":{"__id__":361}},{"__type__":"cc.animation.ExoticVec3TrackValues","_values":{"__type__":"TypedArrayRef","ctor":"Float32Array","offset":52940,"length":3},"_isQuantized":null},{"__type__":"cc.animation.ExoticTrack","times":{"__type__":"TypedArrayRef","ctor":"Float32Array","offset":52952,"length":1},"values":{"__id__":363}},{"__type__":"cc.animation.ExoticQuatTrackValues","_values":{"__type__":"TypedArrayRef","ctor":"Float32Array","offset":52956,"length":4},"_isQuantized":null},{"__type__":"cc.animation.ExoticTrack","times":{"__type__":"TypedArrayRef","ctor":"Float32Array","offset":52972,"length":1},"values":{"__id__":365}},{"__type__":"cc.animation.ExoticVec3TrackValues","_values":{"__type__":"TypedArrayRef","ctor":"Float32Array","offset":52976,"length":3},"_isQuantized":null},{"__type__":"cc.animation.ExoticNodeAnimation","_path":"mixamorig:Hips/mixamorig:Spine/mixamorig:Spine1/mixamorig:Spine2/mixamorig:RightShoulder/mixamorig:RightArm/mixamorig:RightForeArm/mixamorig:RightHand/mixamorig:RightHandIndex1/mixamorig:RightHandIndex2/mixamorig:RightHandIndex3/mixamorig:RightHandIndex4","_position":{"__id__":367},"_rotation":{"__id__":369},"_scale":{"__id__":371}},{"__type__":"cc.animation.ExoticTrack","times":{"__type__":"TypedArrayRef","ctor":"Float32Array","offset":52988,"length":1},"values":{"__id__":368}},{"__type__":"cc.animation.ExoticVec3TrackValues","_values":{"__type__":"TypedArrayRef","ctor":"Float32Array","offset":52992,"length":3},"_isQuantized":null},{"__type__":"cc.animation.ExoticTrack","times":{"__type__":"TypedArrayRef","ctor":"Float32Array","offset":53004,"length":1},"values":{"__id__":370}},{"__type__":"cc.animation.ExoticQuatTrackValues","_values":{"__type__":"TypedArrayRef","ctor":"Float32Array","offset":53008,"length":4},"_isQuantized":null},{"__type__":"cc.animation.ExoticTrack","times":{"__type__":"TypedArrayRef","ctor":"Float32Array","offset":53024,"length":1},"values":{"__id__":372}},{"__type__":"cc.animation.ExoticVec3TrackValues","_values":{"__type__":"TypedArrayRef","ctor":"Float32Array","offset":53028,"length":3},"_isQuantized":null},{"__type__":"cc.animation.ExoticNodeAnimation","_path":"mixamorig:Hips/mixamorig:Spine/mixamorig:Spine1/mixamorig:Spine2/mixamorig:RightShoulder/mixamorig:RightArm/mixamorig:RightForeArm/mixamorig:RightHand/mixamorig:RightHandMiddle1/mixamorig:RightHandMiddle2/mixamorig:RightHandMiddle3/mixamorig:RightHandMiddle4","_position":{"__id__":374},"_rotation":{"__id__":376},"_scale":{"__id__":378}},{"__type__":"cc.animation.ExoticTrack","times":{"__type__":"TypedArrayRef","ctor":"Float32Array","offset":53040,"length":1},"values":{"__id__":375}},{"__type__":"cc.animation.ExoticVec3TrackValues","_values":{"__type__":"TypedArrayRef","ctor":"Float32Array","offset":53044,"length":3},"_isQuantized":null},{"__type__":"cc.animation.ExoticTrack","times":{"__type__":"TypedArrayRef","ctor":"Float32Array","offset":53056,"length":1},"values":{"__id__":377}},{"__type__":"cc.animation.ExoticQuatTrackValues","_values":{"__type__":"TypedArrayRef","ctor":"Float32Array","offset":53060,"length":4},"_isQuantized":null},{"__type__":"cc.animation.ExoticTrack","times":{"__type__":"TypedArrayRef","ctor":"Float32Array","offset":53076,"length":1},"values":{"__id__":379}},{"__type__":"cc.animation.ExoticVec3TrackValues","_values":{"__type__":"TypedArrayRef","ctor":"Float32Array","offset":53080,"length":3},"_isQuantized":null},{"__type__":"cc.animation.ExoticNodeAnimation","_path":"mixamorig:Hips/mixamorig:Spine/mixamorig:Spine1/mixamorig:Spine2/mixamorig:RightShoulder/mixamorig:RightArm/mixamorig:RightForeArm/mixamorig:RightHand/mixamorig:RightHandRing1/mixamorig:RightHandRing2/mixamorig:RightHandRing3/mixamorig:RightHandRing4","_position":{"__id__":381},"_rotation":{"__id__":383},"_scale":{"__id__":385}},{"__type__":"cc.animation.ExoticTrack","times":{"__type__":"TypedArrayRef","ctor":"Float32Array","offset":53092,"length":1},"values":{"__id__":382}},{"__type__":"cc.animation.ExoticVec3TrackValues","_values":{"__type__":"TypedArrayRef","ctor":"Float32Array","offset":53096,"length":3},"_isQuantized":null},{"__type__":"cc.animation.ExoticTrack","times":{"__type__":"TypedArrayRef","ctor":"Float32Array","offset":53108,"length":1},"values":{"__id__":384}},{"__type__":"cc.animation.ExoticQuatTrackValues","_values":{"__type__":"TypedArrayRef","ctor":"Float32Array","offset":53112,"length":4},"_isQuantized":null},{"__type__":"cc.animation.ExoticTrack","times":{"__type__":"TypedArrayRef","ctor":"Float32Array","offset":53128,"length":1},"values":{"__id__":386}},{"__type__":"cc.animation.ExoticVec3TrackValues","_values":{"__type__":"TypedArrayRef","ctor":"Float32Array","offset":53132,"length":3},"_isQuantized":null},{"__type__":"cc.animation.ExoticNodeAnimation","_path":"mixamorig:Hips/mixamorig:LeftUpLeg/mixamorig:LeftLeg/mixamorig:LeftFoot/mixamorig:LeftToeBase/mixamorig:LeftToe_End","_position":{"__id__":388},"_rotation":{"__id__":390},"_scale":{"__id__":392}},{"__type__":"cc.animation.ExoticTrack","times":{"__type__":"TypedArrayRef","ctor":"Float32Array","offset":53144,"length":1},"values":{"__id__":389}},{"__type__":"cc.animation.ExoticVec3TrackValues","_values":{"__type__":"TypedArrayRef","ctor":"Float32Array","offset":53148,"length":3},"_isQuantized":null},{"__type__":"cc.animation.ExoticTrack","times":{"__type__":"TypedArrayRef","ctor":"Float32Array","offset":53160,"length":1},"values":{"__id__":391}},{"__type__":"cc.animation.ExoticQuatTrackValues","_values":{"__type__":"TypedArrayRef","ctor":"Float32Array","offset":53164,"length":4},"_isQuantized":null},{"__type__":"cc.animation.ExoticTrack","times":{"__type__":"TypedArrayRef","ctor":"Float32Array","offset":53180,"length":1},"values":{"__id__":393}},{"__type__":"cc.animation.ExoticVec3TrackValues","_values":{"__type__":"TypedArrayRef","ctor":"Float32Array","offset":53184,"length":3},"_isQuantized":null},{"__type__":"cc.animation.ExoticNodeAnimation","_path":"mixamorig:Hips/mixamorig:RightUpLeg/mixamorig:RightLeg/mixamorig:RightFoot/mixamorig:RightToeBase/mixamorig:RightToe_End","_position":{"__id__":395},"_rotation":{"__id__":397},"_scale":{"__id__":399}},{"__type__":"cc.animation.ExoticTrack","times":{"__type__":"TypedArrayRef","ctor":"Float32Array","offset":53196,"length":1},"values":{"__id__":396}},{"__type__":"cc.animation.ExoticVec3TrackValues","_values":{"__type__":"TypedArrayRef","ctor":"Float32Array","offset":53200,"length":3},"_isQuantized":null},{"__type__":"cc.animation.ExoticTrack","times":{"__type__":"TypedArrayRef","ctor":"Float32Array","offset":53212,"length":1},"values":{"__id__":398}},{"__type__":"cc.animation.ExoticQuatTrackValues","_values":{"__type__":"TypedArrayRef","ctor":"Float32Array","offset":53216,"length":4},"_isQuantized":null},{"__type__":"cc.animation.ExoticTrack","times":{"__type__":"TypedArrayRef","ctor":"Float32Array","offset":53232,"length":1},"values":{"__id__":400}},{"__type__":"cc.animation.ExoticVec3TrackValues","_values":{"__type__":"TypedArrayRef","ctor":"Float32Array","offset":53236,"length":3},"_isQuantized":null}],"chunks":[".bin"]}
