{"version":1,"document":[{"__type__":"cc.AnimationClip","_name":"Idle4","_objFlags":0,"_native":"","sample":30,"speed":1,"wrapMode":2,"enableTrsBlending":true,"_duration":11.266666412353516,"_hash":2499396771,"_tracks":[],"_exoticAnimation":{"__id__":1},"_events":[]},{"__type__":"cc.animation.ExoticAnimation","_nodeAnimations":[{"__id__":2},{"__id__":9},{"__id__":16},{"__id__":23},{"__id__":30},{"__id__":37},{"__id__":44},{"__id__":51},{"__id__":58},{"__id__":65},{"__id__":72},{"__id__":79},{"__id__":86},{"__id__":93},{"__id__":100},{"__id__":107},{"__id__":114},{"__id__":121},{"__id__":128},{"__id__":135},{"__id__":142},{"__id__":149},{"__id__":156},{"__id__":163},{"__id__":170},{"__id__":177},{"__id__":184},{"__id__":191},{"__id__":198},{"__id__":205},{"__id__":212},{"__id__":219},{"__id__":226},{"__id__":233},{"__id__":240},{"__id__":247},{"__id__":254},{"__id__":261},{"__id__":268},{"__id__":275},{"__id__":282},{"__id__":289},{"__id__":296},{"__id__":303},{"__id__":310},{"__id__":317},{"__id__":324},{"__id__":331},{"__id__":338},{"__id__":345},{"__id__":352},{"__id__":359},{"__id__":366},{"__id__":373},{"__id__":380},{"__id__":387},{"__id__":394}]},{"__type__":"cc.animation.ExoticNodeAnimation","_path":"mixamorig:Hips","_position":{"__id__":3},"_rotation":{"__id__":5},"_scale":{"__id__":7}},{"__type__":"cc.animation.ExoticTrack","times":{"__type__":"TypedArrayRef","ctor":"Float32Array","offset":0,"length":339},"values":{"__id__":4}},{"__type__":"cc.animation.ExoticVec3TrackValues","_values":{"__type__":"TypedArrayRef","ctor":"Float32Array","offset":1356,"length":1017},"_isQuantized":null},{"__type__":"cc.animation.ExoticTrack","times":{"__type__":"TypedArrayRef","ctor":"Float32Array","offset":5424,"length":339},"values":{"__id__":6}},{"__type__":"cc.animation.ExoticQuatTrackValues","_values":{"__type__":"TypedArrayRef","ctor":"Float32Array","offset":6780,"length":1356},"_isQuantized":null},{"__type__":"cc.animation.ExoticTrack","times":{"__type__":"TypedArrayRef","ctor":"Float32Array","offset":12204,"length":1},"values":{"__id__":8}},{"__type__":"cc.animation.ExoticVec3TrackValues","_values":{"__type__":"TypedArrayRef","ctor":"Float32Array","offset":12208,"length":3},"_isQuantized":null},{"__type__":"cc.animation.ExoticNodeAnimation","_path":"mixamorig:Hips/mixamorig:Spine","_position":{"__id__":10},"_rotation":{"__id__":12},"_scale":{"__id__":14}},{"__type__":"cc.animation.ExoticTrack","times":{"__type__":"TypedArrayRef","ctor":"Float32Array","offset":12220,"length":1},"values":{"__id__":11}},{"__type__":"cc.animation.ExoticVec3TrackValues","_values":{"__type__":"TypedArrayRef","ctor":"Float32Array","offset":12224,"length":3},"_isQuantized":null},{"__type__":"cc.animation.ExoticTrack","times":{"__type__":"TypedArrayRef","ctor":"Float32Array","offset":12236,"length":339},"values":{"__id__":13}},{"__type__":"cc.animation.ExoticQuatTrackValues","_values":{"__type__":"TypedArrayRef","ctor":"Float32Array","offset":13592,"length":1356},"_isQuantized":null},{"__type__":"cc.animation.ExoticTrack","times":{"__type__":"TypedArrayRef","ctor":"Float32Array","offset":19016,"length":1},"values":{"__id__":15}},{"__type__":"cc.animation.ExoticVec3TrackValues","_values":{"__type__":"TypedArrayRef","ctor":"Float32Array","offset":19020,"length":3},"_isQuantized":null},{"__type__":"cc.animation.ExoticNodeAnimation","_path":"mixamorig:Hips/mixamorig:Spine/mixamorig:Spine1","_position":{"__id__":17},"_rotation":{"__id__":19},"_scale":{"__id__":21}},{"__type__":"cc.animation.ExoticTrack","times":{"__type__":"TypedArrayRef","ctor":"Float32Array","offset":19032,"length":1},"values":{"__id__":18}},{"__type__":"cc.animation.ExoticVec3TrackValues","_values":{"__type__":"TypedArrayRef","ctor":"Float32Array","offset":19036,"length":3},"_isQuantized":null},{"__type__":"cc.animation.ExoticTrack","times":{"__type__":"TypedArrayRef","ctor":"Float32Array","offset":19048,"length":339},"values":{"__id__":20}},{"__type__":"cc.animation.ExoticQuatTrackValues","_values":{"__type__":"TypedArrayRef","ctor":"Float32Array","offset":20404,"length":1356},"_isQuantized":null},{"__type__":"cc.animation.ExoticTrack","times":{"__type__":"TypedArrayRef","ctor":"Float32Array","offset":25828,"length":1},"values":{"__id__":22}},{"__type__":"cc.animation.ExoticVec3TrackValues","_values":{"__type__":"TypedArrayRef","ctor":"Float32Array","offset":25832,"length":3},"_isQuantized":null},{"__type__":"cc.animation.ExoticNodeAnimation","_path":"mixamorig:Hips/mixamorig:Spine/mixamorig:Spine1/mixamorig:Spine2","_position":{"__id__":24},"_rotation":{"__id__":26},"_scale":{"__id__":28}},{"__type__":"cc.animation.ExoticTrack","times":{"__type__":"TypedArrayRef","ctor":"Float32Array","offset":25844,"length":1},"values":{"__id__":25}},{"__type__":"cc.animation.ExoticVec3TrackValues","_values":{"__type__":"TypedArrayRef","ctor":"Float32Array","offset":25848,"length":3},"_isQuantized":null},{"__type__":"cc.animation.ExoticTrack","times":{"__type__":"TypedArrayRef","ctor":"Float32Array","offset":25860,"length":339},"values":{"__id__":27}},{"__type__":"cc.animation.ExoticQuatTrackValues","_values":{"__type__":"TypedArrayRef","ctor":"Float32Array","offset":27216,"length":1356},"_isQuantized":null},{"__type__":"cc.animation.ExoticTrack","times":{"__type__":"TypedArrayRef","ctor":"Float32Array","offset":32640,"length":1},"values":{"__id__":29}},{"__type__":"cc.animation.ExoticVec3TrackValues","_values":{"__type__":"TypedArrayRef","ctor":"Float32Array","offset":32644,"length":3},"_isQuantized":null},{"__type__":"cc.animation.ExoticNodeAnimation","_path":"mixamorig:Hips/mixamorig:Spine/mixamorig:Spine1/mixamorig:Spine2/mixamorig:Neck","_position":{"__id__":31},"_rotation":{"__id__":33},"_scale":{"__id__":35}},{"__type__":"cc.animation.ExoticTrack","times":{"__type__":"TypedArrayRef","ctor":"Float32Array","offset":32656,"length":1},"values":{"__id__":32}},{"__type__":"cc.animation.ExoticVec3TrackValues","_values":{"__type__":"TypedArrayRef","ctor":"Float32Array","offset":32660,"length":3},"_isQuantized":null},{"__type__":"cc.animation.ExoticTrack","times":{"__type__":"TypedArrayRef","ctor":"Float32Array","offset":32672,"length":339},"values":{"__id__":34}},{"__type__":"cc.animation.ExoticQuatTrackValues","_values":{"__type__":"TypedArrayRef","ctor":"Float32Array","offset":34028,"length":1356},"_isQuantized":null},{"__type__":"cc.animation.ExoticTrack","times":{"__type__":"TypedArrayRef","ctor":"Float32Array","offset":39452,"length":1},"values":{"__id__":36}},{"__type__":"cc.animation.ExoticVec3TrackValues","_values":{"__type__":"TypedArrayRef","ctor":"Float32Array","offset":39456,"length":3},"_isQuantized":null},{"__type__":"cc.animation.ExoticNodeAnimation","_path":"mixamorig:Hips/mixamorig:Spine/mixamorig:Spine1/mixamorig:Spine2/mixamorig:Neck/mixamorig:Head","_position":{"__id__":38},"_rotation":{"__id__":40},"_scale":{"__id__":42}},{"__type__":"cc.animation.ExoticTrack","times":{"__type__":"TypedArrayRef","ctor":"Float32Array","offset":39468,"length":1},"values":{"__id__":39}},{"__type__":"cc.animation.ExoticVec3TrackValues","_values":{"__type__":"TypedArrayRef","ctor":"Float32Array","offset":39472,"length":3},"_isQuantized":null},{"__type__":"cc.animation.ExoticTrack","times":{"__type__":"TypedArrayRef","ctor":"Float32Array","offset":39484,"length":339},"values":{"__id__":41}},{"__type__":"cc.animation.ExoticQuatTrackValues","_values":{"__type__":"TypedArrayRef","ctor":"Float32Array","offset":40840,"length":1356},"_isQuantized":null},{"__type__":"cc.animation.ExoticTrack","times":{"__type__":"TypedArrayRef","ctor":"Float32Array","offset":46264,"length":1},"values":{"__id__":43}},{"__type__":"cc.animation.ExoticVec3TrackValues","_values":{"__type__":"TypedArrayRef","ctor":"Float32Array","offset":46268,"length":3},"_isQuantized":null},{"__type__":"cc.animation.ExoticNodeAnimation","_path":"mixamorig:Hips/mixamorig:Spine/mixamorig:Spine1/mixamorig:Spine2/mixamorig:LeftShoulder","_position":{"__id__":45},"_rotation":{"__id__":47},"_scale":{"__id__":49}},{"__type__":"cc.animation.ExoticTrack","times":{"__type__":"TypedArrayRef","ctor":"Float32Array","offset":46280,"length":1},"values":{"__id__":46}},{"__type__":"cc.animation.ExoticVec3TrackValues","_values":{"__type__":"TypedArrayRef","ctor":"Float32Array","offset":46284,"length":3},"_isQuantized":null},{"__type__":"cc.animation.ExoticTrack","times":{"__type__":"TypedArrayRef","ctor":"Float32Array","offset":46296,"length":339},"values":{"__id__":48}},{"__type__":"cc.animation.ExoticQuatTrackValues","_values":{"__type__":"TypedArrayRef","ctor":"Float32Array","offset":47652,"length":1356},"_isQuantized":null},{"__type__":"cc.animation.ExoticTrack","times":{"__type__":"TypedArrayRef","ctor":"Float32Array","offset":53076,"length":1},"values":{"__id__":50}},{"__type__":"cc.animation.ExoticVec3TrackValues","_values":{"__type__":"TypedArrayRef","ctor":"Float32Array","offset":53080,"length":3},"_isQuantized":null},{"__type__":"cc.animation.ExoticNodeAnimation","_path":"mixamorig:Hips/mixamorig:Spine/mixamorig:Spine1/mixamorig:Spine2/mixamorig:LeftShoulder/mixamorig:LeftArm","_position":{"__id__":52},"_rotation":{"__id__":54},"_scale":{"__id__":56}},{"__type__":"cc.animation.ExoticTrack","times":{"__type__":"TypedArrayRef","ctor":"Float32Array","offset":53092,"length":1},"values":{"__id__":53}},{"__type__":"cc.animation.ExoticVec3TrackValues","_values":{"__type__":"TypedArrayRef","ctor":"Float32Array","offset":53096,"length":3},"_isQuantized":null},{"__type__":"cc.animation.ExoticTrack","times":{"__type__":"TypedArrayRef","ctor":"Float32Array","offset":53108,"length":339},"values":{"__id__":55}},{"__type__":"cc.animation.ExoticQuatTrackValues","_values":{"__type__":"TypedArrayRef","ctor":"Float32Array","offset":54464,"length":1356},"_isQuantized":null},{"__type__":"cc.animation.ExoticTrack","times":{"__type__":"TypedArrayRef","ctor":"Float32Array","offset":59888,"length":1},"values":{"__id__":57}},{"__type__":"cc.animation.ExoticVec3TrackValues","_values":{"__type__":"TypedArrayRef","ctor":"Float32Array","offset":59892,"length":3},"_isQuantized":null},{"__type__":"cc.animation.ExoticNodeAnimation","_path":"mixamorig:Hips/mixamorig:Spine/mixamorig:Spine1/mixamorig:Spine2/mixamorig:LeftShoulder/mixamorig:LeftArm/mixamorig:LeftForeArm","_position":{"__id__":59},"_rotation":{"__id__":61},"_scale":{"__id__":63}},{"__type__":"cc.animation.ExoticTrack","times":{"__type__":"TypedArrayRef","ctor":"Float32Array","offset":59904,"length":1},"values":{"__id__":60}},{"__type__":"cc.animation.ExoticVec3TrackValues","_values":{"__type__":"TypedArrayRef","ctor":"Float32Array","offset":59908,"length":3},"_isQuantized":null},{"__type__":"cc.animation.ExoticTrack","times":{"__type__":"TypedArrayRef","ctor":"Float32Array","offset":59920,"length":339},"values":{"__id__":62}},{"__type__":"cc.animation.ExoticQuatTrackValues","_values":{"__type__":"TypedArrayRef","ctor":"Float32Array","offset":61276,"length":1356},"_isQuantized":null},{"__type__":"cc.animation.ExoticTrack","times":{"__type__":"TypedArrayRef","ctor":"Float32Array","offset":66700,"length":1},"values":{"__id__":64}},{"__type__":"cc.animation.ExoticVec3TrackValues","_values":{"__type__":"TypedArrayRef","ctor":"Float32Array","offset":66704,"length":3},"_isQuantized":null},{"__type__":"cc.animation.ExoticNodeAnimation","_path":"mixamorig:Hips/mixamorig:Spine/mixamorig:Spine1/mixamorig:Spine2/mixamorig:LeftShoulder/mixamorig:LeftArm/mixamorig:LeftForeArm/mixamorig:LeftHand","_position":{"__id__":66},"_rotation":{"__id__":68},"_scale":{"__id__":70}},{"__type__":"cc.animation.ExoticTrack","times":{"__type__":"TypedArrayRef","ctor":"Float32Array","offset":66716,"length":1},"values":{"__id__":67}},{"__type__":"cc.animation.ExoticVec3TrackValues","_values":{"__type__":"TypedArrayRef","ctor":"Float32Array","offset":66720,"length":3},"_isQuantized":null},{"__type__":"cc.animation.ExoticTrack","times":{"__type__":"TypedArrayRef","ctor":"Float32Array","offset":66732,"length":339},"values":{"__id__":69}},{"__type__":"cc.animation.ExoticQuatTrackValues","_values":{"__type__":"TypedArrayRef","ctor":"Float32Array","offset":68088,"length":1356},"_isQuantized":null},{"__type__":"cc.animation.ExoticTrack","times":{"__type__":"TypedArrayRef","ctor":"Float32Array","offset":73512,"length":1},"values":{"__id__":71}},{"__type__":"cc.animation.ExoticVec3TrackValues","_values":{"__type__":"TypedArrayRef","ctor":"Float32Array","offset":73516,"length":3},"_isQuantized":null},{"__type__":"cc.animation.ExoticNodeAnimation","_path":"mixamorig:Hips/mixamorig:Spine/mixamorig:Spine1/mixamorig:Spine2/mixamorig:LeftShoulder/mixamorig:LeftArm/mixamorig:LeftForeArm/mixamorig:LeftHand/mixamorig:LeftHandThumb1","_position":{"__id__":73},"_rotation":{"__id__":75},"_scale":{"__id__":77}},{"__type__":"cc.animation.ExoticTrack","times":{"__type__":"TypedArrayRef","ctor":"Float32Array","offset":73528,"length":1},"values":{"__id__":74}},{"__type__":"cc.animation.ExoticVec3TrackValues","_values":{"__type__":"TypedArrayRef","ctor":"Float32Array","offset":73532,"length":3},"_isQuantized":null},{"__type__":"cc.animation.ExoticTrack","times":{"__type__":"TypedArrayRef","ctor":"Float32Array","offset":73544,"length":323},"values":{"__id__":76}},{"__type__":"cc.animation.ExoticQuatTrackValues","_values":{"__type__":"TypedArrayRef","ctor":"Float32Array","offset":74836,"length":1292},"_isQuantized":null},{"__type__":"cc.animation.ExoticTrack","times":{"__type__":"TypedArrayRef","ctor":"Float32Array","offset":80004,"length":1},"values":{"__id__":78}},{"__type__":"cc.animation.ExoticVec3TrackValues","_values":{"__type__":"TypedArrayRef","ctor":"Float32Array","offset":80008,"length":3},"_isQuantized":null},{"__type__":"cc.animation.ExoticNodeAnimation","_path":"mixamorig:Hips/mixamorig:Spine/mixamorig:Spine1/mixamorig:Spine2/mixamorig:LeftShoulder/mixamorig:LeftArm/mixamorig:LeftForeArm/mixamorig:LeftHand/mixamorig:LeftHandThumb1/mixamorig:LeftHandThumb2","_position":{"__id__":80},"_rotation":{"__id__":82},"_scale":{"__id__":84}},{"__type__":"cc.animation.ExoticTrack","times":{"__type__":"TypedArrayRef","ctor":"Float32Array","offset":80020,"length":1},"values":{"__id__":81}},{"__type__":"cc.animation.ExoticVec3TrackValues","_values":{"__type__":"TypedArrayRef","ctor":"Float32Array","offset":80024,"length":3},"_isQuantized":null},{"__type__":"cc.animation.ExoticTrack","times":{"__type__":"TypedArrayRef","ctor":"Float32Array","offset":80036,"length":339},"values":{"__id__":83}},{"__type__":"cc.animation.ExoticQuatTrackValues","_values":{"__type__":"TypedArrayRef","ctor":"Float32Array","offset":81392,"length":1356},"_isQuantized":null},{"__type__":"cc.animation.ExoticTrack","times":{"__type__":"TypedArrayRef","ctor":"Float32Array","offset":86816,"length":1},"values":{"__id__":85}},{"__type__":"cc.animation.ExoticVec3TrackValues","_values":{"__type__":"TypedArrayRef","ctor":"Float32Array","offset":86820,"length":3},"_isQuantized":null},{"__type__":"cc.animation.ExoticNodeAnimation","_path":"mixamorig:Hips/mixamorig:Spine/mixamorig:Spine1/mixamorig:Spine2/mixamorig:LeftShoulder/mixamorig:LeftArm/mixamorig:LeftForeArm/mixamorig:LeftHand/mixamorig:LeftHandThumb1/mixamorig:LeftHandThumb2/mixamorig:LeftHandThumb3","_position":{"__id__":87},"_rotation":{"__id__":89},"_scale":{"__id__":91}},{"__type__":"cc.animation.ExoticTrack","times":{"__type__":"TypedArrayRef","ctor":"Float32Array","offset":86832,"length":1},"values":{"__id__":88}},{"__type__":"cc.animation.ExoticVec3TrackValues","_values":{"__type__":"TypedArrayRef","ctor":"Float32Array","offset":86836,"length":3},"_isQuantized":null},{"__type__":"cc.animation.ExoticTrack","times":{"__type__":"TypedArrayRef","ctor":"Float32Array","offset":86848,"length":339},"values":{"__id__":90}},{"__type__":"cc.animation.ExoticQuatTrackValues","_values":{"__type__":"TypedArrayRef","ctor":"Float32Array","offset":88204,"length":1356},"_isQuantized":null},{"__type__":"cc.animation.ExoticTrack","times":{"__type__":"TypedArrayRef","ctor":"Float32Array","offset":93628,"length":1},"values":{"__id__":92}},{"__type__":"cc.animation.ExoticVec3TrackValues","_values":{"__type__":"TypedArrayRef","ctor":"Float32Array","offset":93632,"length":3},"_isQuantized":null},{"__type__":"cc.animation.ExoticNodeAnimation","_path":"mixamorig:Hips/mixamorig:Spine/mixamorig:Spine1/mixamorig:Spine2/mixamorig:LeftShoulder/mixamorig:LeftArm/mixamorig:LeftForeArm/mixamorig:LeftHand/mixamorig:LeftHandIndex1","_position":{"__id__":94},"_rotation":{"__id__":96},"_scale":{"__id__":98}},{"__type__":"cc.animation.ExoticTrack","times":{"__type__":"TypedArrayRef","ctor":"Float32Array","offset":93644,"length":1},"values":{"__id__":95}},{"__type__":"cc.animation.ExoticVec3TrackValues","_values":{"__type__":"TypedArrayRef","ctor":"Float32Array","offset":93648,"length":3},"_isQuantized":null},{"__type__":"cc.animation.ExoticTrack","times":{"__type__":"TypedArrayRef","ctor":"Float32Array","offset":93660,"length":287},"values":{"__id__":97}},{"__type__":"cc.animation.ExoticQuatTrackValues","_values":{"__type__":"TypedArrayRef","ctor":"Float32Array","offset":94808,"length":1148},"_isQuantized":null},{"__type__":"cc.animation.ExoticTrack","times":{"__type__":"TypedArrayRef","ctor":"Float32Array","offset":99400,"length":1},"values":{"__id__":99}},{"__type__":"cc.animation.ExoticVec3TrackValues","_values":{"__type__":"TypedArrayRef","ctor":"Float32Array","offset":99404,"length":3},"_isQuantized":null},{"__type__":"cc.animation.ExoticNodeAnimation","_path":"mixamorig:Hips/mixamorig:Spine/mixamorig:Spine1/mixamorig:Spine2/mixamorig:LeftShoulder/mixamorig:LeftArm/mixamorig:LeftForeArm/mixamorig:LeftHand/mixamorig:LeftHandIndex1/mixamorig:LeftHandIndex2","_position":{"__id__":101},"_rotation":{"__id__":103},"_scale":{"__id__":105}},{"__type__":"cc.animation.ExoticTrack","times":{"__type__":"TypedArrayRef","ctor":"Float32Array","offset":99416,"length":1},"values":{"__id__":102}},{"__type__":"cc.animation.ExoticVec3TrackValues","_values":{"__type__":"TypedArrayRef","ctor":"Float32Array","offset":99420,"length":3},"_isQuantized":null},{"__type__":"cc.animation.ExoticTrack","times":{"__type__":"TypedArrayRef","ctor":"Float32Array","offset":99432,"length":290},"values":{"__id__":104}},{"__type__":"cc.animation.ExoticQuatTrackValues","_values":{"__type__":"TypedArrayRef","ctor":"Float32Array","offset":100592,"length":1160},"_isQuantized":null},{"__type__":"cc.animation.ExoticTrack","times":{"__type__":"TypedArrayRef","ctor":"Float32Array","offset":105232,"length":1},"values":{"__id__":106}},{"__type__":"cc.animation.ExoticVec3TrackValues","_values":{"__type__":"TypedArrayRef","ctor":"Float32Array","offset":105236,"length":3},"_isQuantized":null},{"__type__":"cc.animation.ExoticNodeAnimation","_path":"mixamorig:Hips/mixamorig:Spine/mixamorig:Spine1/mixamorig:Spine2/mixamorig:LeftShoulder/mixamorig:LeftArm/mixamorig:LeftForeArm/mixamorig:LeftHand/mixamorig:LeftHandIndex1/mixamorig:LeftHandIndex2/mixamorig:LeftHandIndex3","_position":{"__id__":108},"_rotation":{"__id__":110},"_scale":{"__id__":112}},{"__type__":"cc.animation.ExoticTrack","times":{"__type__":"TypedArrayRef","ctor":"Float32Array","offset":105248,"length":1},"values":{"__id__":109}},{"__type__":"cc.animation.ExoticVec3TrackValues","_values":{"__type__":"TypedArrayRef","ctor":"Float32Array","offset":105252,"length":3},"_isQuantized":null},{"__type__":"cc.animation.ExoticTrack","times":{"__type__":"TypedArrayRef","ctor":"Float32Array","offset":105264,"length":285},"values":{"__id__":111}},{"__type__":"cc.animation.ExoticQuatTrackValues","_values":{"__type__":"TypedArrayRef","ctor":"Float32Array","offset":106404,"length":1140},"_isQuantized":null},{"__type__":"cc.animation.ExoticTrack","times":{"__type__":"TypedArrayRef","ctor":"Float32Array","offset":110964,"length":1},"values":{"__id__":113}},{"__type__":"cc.animation.ExoticVec3TrackValues","_values":{"__type__":"TypedArrayRef","ctor":"Float32Array","offset":110968,"length":3},"_isQuantized":null},{"__type__":"cc.animation.ExoticNodeAnimation","_path":"mixamorig:Hips/mixamorig:Spine/mixamorig:Spine1/mixamorig:Spine2/mixamorig:LeftShoulder/mixamorig:LeftArm/mixamorig:LeftForeArm/mixamorig:LeftHand/mixamorig:LeftHandMiddle1","_position":{"__id__":115},"_rotation":{"__id__":117},"_scale":{"__id__":119}},{"__type__":"cc.animation.ExoticTrack","times":{"__type__":"TypedArrayRef","ctor":"Float32Array","offset":110980,"length":1},"values":{"__id__":116}},{"__type__":"cc.animation.ExoticVec3TrackValues","_values":{"__type__":"TypedArrayRef","ctor":"Float32Array","offset":110984,"length":3},"_isQuantized":null},{"__type__":"cc.animation.ExoticTrack","times":{"__type__":"TypedArrayRef","ctor":"Float32Array","offset":110996,"length":289},"values":{"__id__":118}},{"__type__":"cc.animation.ExoticQuatTrackValues","_values":{"__type__":"TypedArrayRef","ctor":"Float32Array","offset":112152,"length":1156},"_isQuantized":null},{"__type__":"cc.animation.ExoticTrack","times":{"__type__":"TypedArrayRef","ctor":"Float32Array","offset":116776,"length":1},"values":{"__id__":120}},{"__type__":"cc.animation.ExoticVec3TrackValues","_values":{"__type__":"TypedArrayRef","ctor":"Float32Array","offset":116780,"length":3},"_isQuantized":null},{"__type__":"cc.animation.ExoticNodeAnimation","_path":"mixamorig:Hips/mixamorig:Spine/mixamorig:Spine1/mixamorig:Spine2/mixamorig:LeftShoulder/mixamorig:LeftArm/mixamorig:LeftForeArm/mixamorig:LeftHand/mixamorig:LeftHandMiddle1/mixamorig:LeftHandMiddle2","_position":{"__id__":122},"_rotation":{"__id__":124},"_scale":{"__id__":126}},{"__type__":"cc.animation.ExoticTrack","times":{"__type__":"TypedArrayRef","ctor":"Float32Array","offset":116792,"length":1},"values":{"__id__":123}},{"__type__":"cc.animation.ExoticVec3TrackValues","_values":{"__type__":"TypedArrayRef","ctor":"Float32Array","offset":116796,"length":3},"_isQuantized":null},{"__type__":"cc.animation.ExoticTrack","times":{"__type__":"TypedArrayRef","ctor":"Float32Array","offset":116808,"length":292},"values":{"__id__":125}},{"__type__":"cc.animation.ExoticQuatTrackValues","_values":{"__type__":"TypedArrayRef","ctor":"Float32Array","offset":117976,"length":1168},"_isQuantized":null},{"__type__":"cc.animation.ExoticTrack","times":{"__type__":"TypedArrayRef","ctor":"Float32Array","offset":122648,"length":1},"values":{"__id__":127}},{"__type__":"cc.animation.ExoticVec3TrackValues","_values":{"__type__":"TypedArrayRef","ctor":"Float32Array","offset":122652,"length":3},"_isQuantized":null},{"__type__":"cc.animation.ExoticNodeAnimation","_path":"mixamorig:Hips/mixamorig:Spine/mixamorig:Spine1/mixamorig:Spine2/mixamorig:LeftShoulder/mixamorig:LeftArm/mixamorig:LeftForeArm/mixamorig:LeftHand/mixamorig:LeftHandMiddle1/mixamorig:LeftHandMiddle2/mixamorig:LeftHandMiddle3","_position":{"__id__":129},"_rotation":{"__id__":131},"_scale":{"__id__":133}},{"__type__":"cc.animation.ExoticTrack","times":{"__type__":"TypedArrayRef","ctor":"Float32Array","offset":122664,"length":1},"values":{"__id__":130}},{"__type__":"cc.animation.ExoticVec3TrackValues","_values":{"__type__":"TypedArrayRef","ctor":"Float32Array","offset":122668,"length":3},"_isQuantized":null},{"__type__":"cc.animation.ExoticTrack","times":{"__type__":"TypedArrayRef","ctor":"Float32Array","offset":122680,"length":290},"values":{"__id__":132}},{"__type__":"cc.animation.ExoticQuatTrackValues","_values":{"__type__":"TypedArrayRef","ctor":"Float32Array","offset":123840,"length":1160},"_isQuantized":null},{"__type__":"cc.animation.ExoticTrack","times":{"__type__":"TypedArrayRef","ctor":"Float32Array","offset":128480,"length":1},"values":{"__id__":134}},{"__type__":"cc.animation.ExoticVec3TrackValues","_values":{"__type__":"TypedArrayRef","ctor":"Float32Array","offset":128484,"length":3},"_isQuantized":null},{"__type__":"cc.animation.ExoticNodeAnimation","_path":"mixamorig:Hips/mixamorig:Spine/mixamorig:Spine1/mixamorig:Spine2/mixamorig:LeftShoulder/mixamorig:LeftArm/mixamorig:LeftForeArm/mixamorig:LeftHand/mixamorig:LeftHandRing1","_position":{"__id__":136},"_rotation":{"__id__":138},"_scale":{"__id__":140}},{"__type__":"cc.animation.ExoticTrack","times":{"__type__":"TypedArrayRef","ctor":"Float32Array","offset":128496,"length":1},"values":{"__id__":137}},{"__type__":"cc.animation.ExoticVec3TrackValues","_values":{"__type__":"TypedArrayRef","ctor":"Float32Array","offset":128500,"length":3},"_isQuantized":null},{"__type__":"cc.animation.ExoticTrack","times":{"__type__":"TypedArrayRef","ctor":"Float32Array","offset":128512,"length":295},"values":{"__id__":139}},{"__type__":"cc.animation.ExoticQuatTrackValues","_values":{"__type__":"TypedArrayRef","ctor":"Float32Array","offset":129692,"length":1180},"_isQuantized":null},{"__type__":"cc.animation.ExoticTrack","times":{"__type__":"TypedArrayRef","ctor":"Float32Array","offset":134412,"length":1},"values":{"__id__":141}},{"__type__":"cc.animation.ExoticVec3TrackValues","_values":{"__type__":"TypedArrayRef","ctor":"Float32Array","offset":134416,"length":3},"_isQuantized":null},{"__type__":"cc.animation.ExoticNodeAnimation","_path":"mixamorig:Hips/mixamorig:Spine/mixamorig:Spine1/mixamorig:Spine2/mixamorig:LeftShoulder/mixamorig:LeftArm/mixamorig:LeftForeArm/mixamorig:LeftHand/mixamorig:LeftHandRing1/mixamorig:LeftHandRing2","_position":{"__id__":143},"_rotation":{"__id__":145},"_scale":{"__id__":147}},{"__type__":"cc.animation.ExoticTrack","times":{"__type__":"TypedArrayRef","ctor":"Float32Array","offset":134428,"length":1},"values":{"__id__":144}},{"__type__":"cc.animation.ExoticVec3TrackValues","_values":{"__type__":"TypedArrayRef","ctor":"Float32Array","offset":134432,"length":3},"_isQuantized":null},{"__type__":"cc.animation.ExoticTrack","times":{"__type__":"TypedArrayRef","ctor":"Float32Array","offset":134444,"length":296},"values":{"__id__":146}},{"__type__":"cc.animation.ExoticQuatTrackValues","_values":{"__type__":"TypedArrayRef","ctor":"Float32Array","offset":135628,"length":1184},"_isQuantized":null},{"__type__":"cc.animation.ExoticTrack","times":{"__type__":"TypedArrayRef","ctor":"Float32Array","offset":140364,"length":1},"values":{"__id__":148}},{"__type__":"cc.animation.ExoticVec3TrackValues","_values":{"__type__":"TypedArrayRef","ctor":"Float32Array","offset":140368,"length":3},"_isQuantized":null},{"__type__":"cc.animation.ExoticNodeAnimation","_path":"mixamorig:Hips/mixamorig:Spine/mixamorig:Spine1/mixamorig:Spine2/mixamorig:LeftShoulder/mixamorig:LeftArm/mixamorig:LeftForeArm/mixamorig:LeftHand/mixamorig:LeftHandRing1/mixamorig:LeftHandRing2/mixamorig:LeftHandRing3","_position":{"__id__":150},"_rotation":{"__id__":152},"_scale":{"__id__":154}},{"__type__":"cc.animation.ExoticTrack","times":{"__type__":"TypedArrayRef","ctor":"Float32Array","offset":140380,"length":1},"values":{"__id__":151}},{"__type__":"cc.animation.ExoticVec3TrackValues","_values":{"__type__":"TypedArrayRef","ctor":"Float32Array","offset":140384,"length":3},"_isQuantized":null},{"__type__":"cc.animation.ExoticTrack","times":{"__type__":"TypedArrayRef","ctor":"Float32Array","offset":140396,"length":294},"values":{"__id__":153}},{"__type__":"cc.animation.ExoticQuatTrackValues","_values":{"__type__":"TypedArrayRef","ctor":"Float32Array","offset":141572,"length":1176},"_isQuantized":null},{"__type__":"cc.animation.ExoticTrack","times":{"__type__":"TypedArrayRef","ctor":"Float32Array","offset":146276,"length":1},"values":{"__id__":155}},{"__type__":"cc.animation.ExoticVec3TrackValues","_values":{"__type__":"TypedArrayRef","ctor":"Float32Array","offset":146280,"length":3},"_isQuantized":null},{"__type__":"cc.animation.ExoticNodeAnimation","_path":"mixamorig:Hips/mixamorig:Spine/mixamorig:Spine1/mixamorig:Spine2/mixamorig:RightShoulder","_position":{"__id__":157},"_rotation":{"__id__":159},"_scale":{"__id__":161}},{"__type__":"cc.animation.ExoticTrack","times":{"__type__":"TypedArrayRef","ctor":"Float32Array","offset":146292,"length":1},"values":{"__id__":158}},{"__type__":"cc.animation.ExoticVec3TrackValues","_values":{"__type__":"TypedArrayRef","ctor":"Float32Array","offset":146296,"length":3},"_isQuantized":null},{"__type__":"cc.animation.ExoticTrack","times":{"__type__":"TypedArrayRef","ctor":"Float32Array","offset":146308,"length":339},"values":{"__id__":160}},{"__type__":"cc.animation.ExoticQuatTrackValues","_values":{"__type__":"TypedArrayRef","ctor":"Float32Array","offset":147664,"length":1356},"_isQuantized":null},{"__type__":"cc.animation.ExoticTrack","times":{"__type__":"TypedArrayRef","ctor":"Float32Array","offset":153088,"length":1},"values":{"__id__":162}},{"__type__":"cc.animation.ExoticVec3TrackValues","_values":{"__type__":"TypedArrayRef","ctor":"Float32Array","offset":153092,"length":3},"_isQuantized":null},{"__type__":"cc.animation.ExoticNodeAnimation","_path":"mixamorig:Hips/mixamorig:Spine/mixamorig:Spine1/mixamorig:Spine2/mixamorig:RightShoulder/mixamorig:RightArm","_position":{"__id__":164},"_rotation":{"__id__":166},"_scale":{"__id__":168}},{"__type__":"cc.animation.ExoticTrack","times":{"__type__":"TypedArrayRef","ctor":"Float32Array","offset":153104,"length":1},"values":{"__id__":165}},{"__type__":"cc.animation.ExoticVec3TrackValues","_values":{"__type__":"TypedArrayRef","ctor":"Float32Array","offset":153108,"length":3},"_isQuantized":null},{"__type__":"cc.animation.ExoticTrack","times":{"__type__":"TypedArrayRef","ctor":"Float32Array","offset":153120,"length":339},"values":{"__id__":167}},{"__type__":"cc.animation.ExoticQuatTrackValues","_values":{"__type__":"TypedArrayRef","ctor":"Float32Array","offset":154476,"length":1356},"_isQuantized":null},{"__type__":"cc.animation.ExoticTrack","times":{"__type__":"TypedArrayRef","ctor":"Float32Array","offset":159900,"length":1},"values":{"__id__":169}},{"__type__":"cc.animation.ExoticVec3TrackValues","_values":{"__type__":"TypedArrayRef","ctor":"Float32Array","offset":159904,"length":3},"_isQuantized":null},{"__type__":"cc.animation.ExoticNodeAnimation","_path":"mixamorig:Hips/mixamorig:Spine/mixamorig:Spine1/mixamorig:Spine2/mixamorig:RightShoulder/mixamorig:RightArm/mixamorig:RightForeArm","_position":{"__id__":171},"_rotation":{"__id__":173},"_scale":{"__id__":175}},{"__type__":"cc.animation.ExoticTrack","times":{"__type__":"TypedArrayRef","ctor":"Float32Array","offset":159916,"length":1},"values":{"__id__":172}},{"__type__":"cc.animation.ExoticVec3TrackValues","_values":{"__type__":"TypedArrayRef","ctor":"Float32Array","offset":159920,"length":3},"_isQuantized":null},{"__type__":"cc.animation.ExoticTrack","times":{"__type__":"TypedArrayRef","ctor":"Float32Array","offset":159932,"length":339},"values":{"__id__":174}},{"__type__":"cc.animation.ExoticQuatTrackValues","_values":{"__type__":"TypedArrayRef","ctor":"Float32Array","offset":161288,"length":1356},"_isQuantized":null},{"__type__":"cc.animation.ExoticTrack","times":{"__type__":"TypedArrayRef","ctor":"Float32Array","offset":166712,"length":1},"values":{"__id__":176}},{"__type__":"cc.animation.ExoticVec3TrackValues","_values":{"__type__":"TypedArrayRef","ctor":"Float32Array","offset":166716,"length":3},"_isQuantized":null},{"__type__":"cc.animation.ExoticNodeAnimation","_path":"mixamorig:Hips/mixamorig:Spine/mixamorig:Spine1/mixamorig:Spine2/mixamorig:RightShoulder/mixamorig:RightArm/mixamorig:RightForeArm/mixamorig:RightHand","_position":{"__id__":178},"_rotation":{"__id__":180},"_scale":{"__id__":182}},{"__type__":"cc.animation.ExoticTrack","times":{"__type__":"TypedArrayRef","ctor":"Float32Array","offset":166728,"length":1},"values":{"__id__":179}},{"__type__":"cc.animation.ExoticVec3TrackValues","_values":{"__type__":"TypedArrayRef","ctor":"Float32Array","offset":166732,"length":3},"_isQuantized":null},{"__type__":"cc.animation.ExoticTrack","times":{"__type__":"TypedArrayRef","ctor":"Float32Array","offset":166744,"length":339},"values":{"__id__":181}},{"__type__":"cc.animation.ExoticQuatTrackValues","_values":{"__type__":"TypedArrayRef","ctor":"Float32Array","offset":168100,"length":1356},"_isQuantized":null},{"__type__":"cc.animation.ExoticTrack","times":{"__type__":"TypedArrayRef","ctor":"Float32Array","offset":173524,"length":1},"values":{"__id__":183}},{"__type__":"cc.animation.ExoticVec3TrackValues","_values":{"__type__":"TypedArrayRef","ctor":"Float32Array","offset":173528,"length":3},"_isQuantized":null},{"__type__":"cc.animation.ExoticNodeAnimation","_path":"mixamorig:Hips/mixamorig:Spine/mixamorig:Spine1/mixamorig:Spine2/mixamorig:RightShoulder/mixamorig:RightArm/mixamorig:RightForeArm/mixamorig:RightHand/mixamorig:RightHandThumb1","_position":{"__id__":185},"_rotation":{"__id__":187},"_scale":{"__id__":189}},{"__type__":"cc.animation.ExoticTrack","times":{"__type__":"TypedArrayRef","ctor":"Float32Array","offset":173540,"length":1},"values":{"__id__":186}},{"__type__":"cc.animation.ExoticVec3TrackValues","_values":{"__type__":"TypedArrayRef","ctor":"Float32Array","offset":173544,"length":3},"_isQuantized":null},{"__type__":"cc.animation.ExoticTrack","times":{"__type__":"TypedArrayRef","ctor":"Float32Array","offset":173556,"length":324},"values":{"__id__":188}},{"__type__":"cc.animation.ExoticQuatTrackValues","_values":{"__type__":"TypedArrayRef","ctor":"Float32Array","offset":174852,"length":1296},"_isQuantized":null},{"__type__":"cc.animation.ExoticTrack","times":{"__type__":"TypedArrayRef","ctor":"Float32Array","offset":180036,"length":1},"values":{"__id__":190}},{"__type__":"cc.animation.ExoticVec3TrackValues","_values":{"__type__":"TypedArrayRef","ctor":"Float32Array","offset":180040,"length":3},"_isQuantized":null},{"__type__":"cc.animation.ExoticNodeAnimation","_path":"mixamorig:Hips/mixamorig:Spine/mixamorig:Spine1/mixamorig:Spine2/mixamorig:RightShoulder/mixamorig:RightArm/mixamorig:RightForeArm/mixamorig:RightHand/mixamorig:RightHandThumb1/mixamorig:RightHandThumb2","_position":{"__id__":192},"_rotation":{"__id__":194},"_scale":{"__id__":196}},{"__type__":"cc.animation.ExoticTrack","times":{"__type__":"TypedArrayRef","ctor":"Float32Array","offset":180052,"length":1},"values":{"__id__":193}},{"__type__":"cc.animation.ExoticVec3TrackValues","_values":{"__type__":"TypedArrayRef","ctor":"Float32Array","offset":180056,"length":3},"_isQuantized":null},{"__type__":"cc.animation.ExoticTrack","times":{"__type__":"TypedArrayRef","ctor":"Float32Array","offset":180068,"length":339},"values":{"__id__":195}},{"__type__":"cc.animation.ExoticQuatTrackValues","_values":{"__type__":"TypedArrayRef","ctor":"Float32Array","offset":181424,"length":1356},"_isQuantized":null},{"__type__":"cc.animation.ExoticTrack","times":{"__type__":"TypedArrayRef","ctor":"Float32Array","offset":186848,"length":1},"values":{"__id__":197}},{"__type__":"cc.animation.ExoticVec3TrackValues","_values":{"__type__":"TypedArrayRef","ctor":"Float32Array","offset":186852,"length":3},"_isQuantized":null},{"__type__":"cc.animation.ExoticNodeAnimation","_path":"mixamorig:Hips/mixamorig:Spine/mixamorig:Spine1/mixamorig:Spine2/mixamorig:RightShoulder/mixamorig:RightArm/mixamorig:RightForeArm/mixamorig:RightHand/mixamorig:RightHandThumb1/mixamorig:RightHandThumb2/mixamorig:RightHandThumb3","_position":{"__id__":199},"_rotation":{"__id__":201},"_scale":{"__id__":203}},{"__type__":"cc.animation.ExoticTrack","times":{"__type__":"TypedArrayRef","ctor":"Float32Array","offset":186864,"length":1},"values":{"__id__":200}},{"__type__":"cc.animation.ExoticVec3TrackValues","_values":{"__type__":"TypedArrayRef","ctor":"Float32Array","offset":186868,"length":3},"_isQuantized":null},{"__type__":"cc.animation.ExoticTrack","times":{"__type__":"TypedArrayRef","ctor":"Float32Array","offset":186880,"length":339},"values":{"__id__":202}},{"__type__":"cc.animation.ExoticQuatTrackValues","_values":{"__type__":"TypedArrayRef","ctor":"Float32Array","offset":188236,"length":1356},"_isQuantized":null},{"__type__":"cc.animation.ExoticTrack","times":{"__type__":"TypedArrayRef","ctor":"Float32Array","offset":193660,"length":1},"values":{"__id__":204}},{"__type__":"cc.animation.ExoticVec3TrackValues","_values":{"__type__":"TypedArrayRef","ctor":"Float32Array","offset":193664,"length":3},"_isQuantized":null},{"__type__":"cc.animation.ExoticNodeAnimation","_path":"mixamorig:Hips/mixamorig:Spine/mixamorig:Spine1/mixamorig:Spine2/mixamorig:RightShoulder/mixamorig:RightArm/mixamorig:RightForeArm/mixamorig:RightHand/mixamorig:RightHandIndex1","_position":{"__id__":206},"_rotation":{"__id__":208},"_scale":{"__id__":210}},{"__type__":"cc.animation.ExoticTrack","times":{"__type__":"TypedArrayRef","ctor":"Float32Array","offset":193676,"length":1},"values":{"__id__":207}},{"__type__":"cc.animation.ExoticVec3TrackValues","_values":{"__type__":"TypedArrayRef","ctor":"Float32Array","offset":193680,"length":3},"_isQuantized":null},{"__type__":"cc.animation.ExoticTrack","times":{"__type__":"TypedArrayRef","ctor":"Float32Array","offset":193692,"length":290},"values":{"__id__":209}},{"__type__":"cc.animation.ExoticQuatTrackValues","_values":{"__type__":"TypedArrayRef","ctor":"Float32Array","offset":194852,"length":1160},"_isQuantized":null},{"__type__":"cc.animation.ExoticTrack","times":{"__type__":"TypedArrayRef","ctor":"Float32Array","offset":199492,"length":1},"values":{"__id__":211}},{"__type__":"cc.animation.ExoticVec3TrackValues","_values":{"__type__":"TypedArrayRef","ctor":"Float32Array","offset":199496,"length":3},"_isQuantized":null},{"__type__":"cc.animation.ExoticNodeAnimation","_path":"mixamorig:Hips/mixamorig:Spine/mixamorig:Spine1/mixamorig:Spine2/mixamorig:RightShoulder/mixamorig:RightArm/mixamorig:RightForeArm/mixamorig:RightHand/mixamorig:RightHandIndex1/mixamorig:RightHandIndex2","_position":{"__id__":213},"_rotation":{"__id__":215},"_scale":{"__id__":217}},{"__type__":"cc.animation.ExoticTrack","times":{"__type__":"TypedArrayRef","ctor":"Float32Array","offset":199508,"length":1},"values":{"__id__":214}},{"__type__":"cc.animation.ExoticVec3TrackValues","_values":{"__type__":"TypedArrayRef","ctor":"Float32Array","offset":199512,"length":3},"_isQuantized":null},{"__type__":"cc.animation.ExoticTrack","times":{"__type__":"TypedArrayRef","ctor":"Float32Array","offset":199524,"length":289},"values":{"__id__":216}},{"__type__":"cc.animation.ExoticQuatTrackValues","_values":{"__type__":"TypedArrayRef","ctor":"Float32Array","offset":200680,"length":1156},"_isQuantized":null},{"__type__":"cc.animation.ExoticTrack","times":{"__type__":"TypedArrayRef","ctor":"Float32Array","offset":205304,"length":1},"values":{"__id__":218}},{"__type__":"cc.animation.ExoticVec3TrackValues","_values":{"__type__":"TypedArrayRef","ctor":"Float32Array","offset":205308,"length":3},"_isQuantized":null},{"__type__":"cc.animation.ExoticNodeAnimation","_path":"mixamorig:Hips/mixamorig:Spine/mixamorig:Spine1/mixamorig:Spine2/mixamorig:RightShoulder/mixamorig:RightArm/mixamorig:RightForeArm/mixamorig:RightHand/mixamorig:RightHandIndex1/mixamorig:RightHandIndex2/mixamorig:RightHandIndex3","_position":{"__id__":220},"_rotation":{"__id__":222},"_scale":{"__id__":224}},{"__type__":"cc.animation.ExoticTrack","times":{"__type__":"TypedArrayRef","ctor":"Float32Array","offset":205320,"length":1},"values":{"__id__":221}},{"__type__":"cc.animation.ExoticVec3TrackValues","_values":{"__type__":"TypedArrayRef","ctor":"Float32Array","offset":205324,"length":3},"_isQuantized":null},{"__type__":"cc.animation.ExoticTrack","times":{"__type__":"TypedArrayRef","ctor":"Float32Array","offset":205336,"length":286},"values":{"__id__":223}},{"__type__":"cc.animation.ExoticQuatTrackValues","_values":{"__type__":"TypedArrayRef","ctor":"Float32Array","offset":206480,"length":1144},"_isQuantized":null},{"__type__":"cc.animation.ExoticTrack","times":{"__type__":"TypedArrayRef","ctor":"Float32Array","offset":211056,"length":1},"values":{"__id__":225}},{"__type__":"cc.animation.ExoticVec3TrackValues","_values":{"__type__":"TypedArrayRef","ctor":"Float32Array","offset":211060,"length":3},"_isQuantized":null},{"__type__":"cc.animation.ExoticNodeAnimation","_path":"mixamorig:Hips/mixamorig:Spine/mixamorig:Spine1/mixamorig:Spine2/mixamorig:RightShoulder/mixamorig:RightArm/mixamorig:RightForeArm/mixamorig:RightHand/mixamorig:RightHandMiddle1","_position":{"__id__":227},"_rotation":{"__id__":229},"_scale":{"__id__":231}},{"__type__":"cc.animation.ExoticTrack","times":{"__type__":"TypedArrayRef","ctor":"Float32Array","offset":211072,"length":1},"values":{"__id__":228}},{"__type__":"cc.animation.ExoticVec3TrackValues","_values":{"__type__":"TypedArrayRef","ctor":"Float32Array","offset":211076,"length":3},"_isQuantized":null},{"__type__":"cc.animation.ExoticTrack","times":{"__type__":"TypedArrayRef","ctor":"Float32Array","offset":211088,"length":290},"values":{"__id__":230}},{"__type__":"cc.animation.ExoticQuatTrackValues","_values":{"__type__":"TypedArrayRef","ctor":"Float32Array","offset":212248,"length":1160},"_isQuantized":null},{"__type__":"cc.animation.ExoticTrack","times":{"__type__":"TypedArrayRef","ctor":"Float32Array","offset":216888,"length":1},"values":{"__id__":232}},{"__type__":"cc.animation.ExoticVec3TrackValues","_values":{"__type__":"TypedArrayRef","ctor":"Float32Array","offset":216892,"length":3},"_isQuantized":null},{"__type__":"cc.animation.ExoticNodeAnimation","_path":"mixamorig:Hips/mixamorig:Spine/mixamorig:Spine1/mixamorig:Spine2/mixamorig:RightShoulder/mixamorig:RightArm/mixamorig:RightForeArm/mixamorig:RightHand/mixamorig:RightHandMiddle1/mixamorig:RightHandMiddle2","_position":{"__id__":234},"_rotation":{"__id__":236},"_scale":{"__id__":238}},{"__type__":"cc.animation.ExoticTrack","times":{"__type__":"TypedArrayRef","ctor":"Float32Array","offset":216904,"length":1},"values":{"__id__":235}},{"__type__":"cc.animation.ExoticVec3TrackValues","_values":{"__type__":"TypedArrayRef","ctor":"Float32Array","offset":216908,"length":3},"_isQuantized":null},{"__type__":"cc.animation.ExoticTrack","times":{"__type__":"TypedArrayRef","ctor":"Float32Array","offset":216920,"length":292},"values":{"__id__":237}},{"__type__":"cc.animation.ExoticQuatTrackValues","_values":{"__type__":"TypedArrayRef","ctor":"Float32Array","offset":218088,"length":1168},"_isQuantized":null},{"__type__":"cc.animation.ExoticTrack","times":{"__type__":"TypedArrayRef","ctor":"Float32Array","offset":222760,"length":1},"values":{"__id__":239}},{"__type__":"cc.animation.ExoticVec3TrackValues","_values":{"__type__":"TypedArrayRef","ctor":"Float32Array","offset":222764,"length":3},"_isQuantized":null},{"__type__":"cc.animation.ExoticNodeAnimation","_path":"mixamorig:Hips/mixamorig:Spine/mixamorig:Spine1/mixamorig:Spine2/mixamorig:RightShoulder/mixamorig:RightArm/mixamorig:RightForeArm/mixamorig:RightHand/mixamorig:RightHandMiddle1/mixamorig:RightHandMiddle2/mixamorig:RightHandMiddle3","_position":{"__id__":241},"_rotation":{"__id__":243},"_scale":{"__id__":245}},{"__type__":"cc.animation.ExoticTrack","times":{"__type__":"TypedArrayRef","ctor":"Float32Array","offset":222776,"length":1},"values":{"__id__":242}},{"__type__":"cc.animation.ExoticVec3TrackValues","_values":{"__type__":"TypedArrayRef","ctor":"Float32Array","offset":222780,"length":3},"_isQuantized":null},{"__type__":"cc.animation.ExoticTrack","times":{"__type__":"TypedArrayRef","ctor":"Float32Array","offset":222792,"length":290},"values":{"__id__":244}},{"__type__":"cc.animation.ExoticQuatTrackValues","_values":{"__type__":"TypedArrayRef","ctor":"Float32Array","offset":223952,"length":1160},"_isQuantized":null},{"__type__":"cc.animation.ExoticTrack","times":{"__type__":"TypedArrayRef","ctor":"Float32Array","offset":228592,"length":1},"values":{"__id__":246}},{"__type__":"cc.animation.ExoticVec3TrackValues","_values":{"__type__":"TypedArrayRef","ctor":"Float32Array","offset":228596,"length":3},"_isQuantized":null},{"__type__":"cc.animation.ExoticNodeAnimation","_path":"mixamorig:Hips/mixamorig:Spine/mixamorig:Spine1/mixamorig:Spine2/mixamorig:RightShoulder/mixamorig:RightArm/mixamorig:RightForeArm/mixamorig:RightHand/mixamorig:RightHandRing1","_position":{"__id__":248},"_rotation":{"__id__":250},"_scale":{"__id__":252}},{"__type__":"cc.animation.ExoticTrack","times":{"__type__":"TypedArrayRef","ctor":"Float32Array","offset":228608,"length":1},"values":{"__id__":249}},{"__type__":"cc.animation.ExoticVec3TrackValues","_values":{"__type__":"TypedArrayRef","ctor":"Float32Array","offset":228612,"length":3},"_isQuantized":null},{"__type__":"cc.animation.ExoticTrack","times":{"__type__":"TypedArrayRef","ctor":"Float32Array","offset":228624,"length":294},"values":{"__id__":251}},{"__type__":"cc.animation.ExoticQuatTrackValues","_values":{"__type__":"TypedArrayRef","ctor":"Float32Array","offset":229800,"length":1176},"_isQuantized":null},{"__type__":"cc.animation.ExoticTrack","times":{"__type__":"TypedArrayRef","ctor":"Float32Array","offset":234504,"length":1},"values":{"__id__":253}},{"__type__":"cc.animation.ExoticVec3TrackValues","_values":{"__type__":"TypedArrayRef","ctor":"Float32Array","offset":234508,"length":3},"_isQuantized":null},{"__type__":"cc.animation.ExoticNodeAnimation","_path":"mixamorig:Hips/mixamorig:Spine/mixamorig:Spine1/mixamorig:Spine2/mixamorig:RightShoulder/mixamorig:RightArm/mixamorig:RightForeArm/mixamorig:RightHand/mixamorig:RightHandRing1/mixamorig:RightHandRing2","_position":{"__id__":255},"_rotation":{"__id__":257},"_scale":{"__id__":259}},{"__type__":"cc.animation.ExoticTrack","times":{"__type__":"TypedArrayRef","ctor":"Float32Array","offset":234520,"length":1},"values":{"__id__":256}},{"__type__":"cc.animation.ExoticVec3TrackValues","_values":{"__type__":"TypedArrayRef","ctor":"Float32Array","offset":234524,"length":3},"_isQuantized":null},{"__type__":"cc.animation.ExoticTrack","times":{"__type__":"TypedArrayRef","ctor":"Float32Array","offset":234536,"length":297},"values":{"__id__":258}},{"__type__":"cc.animation.ExoticQuatTrackValues","_values":{"__type__":"TypedArrayRef","ctor":"Float32Array","offset":235724,"length":1188},"_isQuantized":null},{"__type__":"cc.animation.ExoticTrack","times":{"__type__":"TypedArrayRef","ctor":"Float32Array","offset":240476,"length":1},"values":{"__id__":260}},{"__type__":"cc.animation.ExoticVec3TrackValues","_values":{"__type__":"TypedArrayRef","ctor":"Float32Array","offset":240480,"length":3},"_isQuantized":null},{"__type__":"cc.animation.ExoticNodeAnimation","_path":"mixamorig:Hips/mixamorig:Spine/mixamorig:Spine1/mixamorig:Spine2/mixamorig:RightShoulder/mixamorig:RightArm/mixamorig:RightForeArm/mixamorig:RightHand/mixamorig:RightHandRing1/mixamorig:RightHandRing2/mixamorig:RightHandRing3","_position":{"__id__":262},"_rotation":{"__id__":264},"_scale":{"__id__":266}},{"__type__":"cc.animation.ExoticTrack","times":{"__type__":"TypedArrayRef","ctor":"Float32Array","offset":240492,"length":1},"values":{"__id__":263}},{"__type__":"cc.animation.ExoticVec3TrackValues","_values":{"__type__":"TypedArrayRef","ctor":"Float32Array","offset":240496,"length":3},"_isQuantized":null},{"__type__":"cc.animation.ExoticTrack","times":{"__type__":"TypedArrayRef","ctor":"Float32Array","offset":240508,"length":294},"values":{"__id__":265}},{"__type__":"cc.animation.ExoticQuatTrackValues","_values":{"__type__":"TypedArrayRef","ctor":"Float32Array","offset":241684,"length":1176},"_isQuantized":null},{"__type__":"cc.animation.ExoticTrack","times":{"__type__":"TypedArrayRef","ctor":"Float32Array","offset":246388,"length":1},"values":{"__id__":267}},{"__type__":"cc.animation.ExoticVec3TrackValues","_values":{"__type__":"TypedArrayRef","ctor":"Float32Array","offset":246392,"length":3},"_isQuantized":null},{"__type__":"cc.animation.ExoticNodeAnimation","_path":"mixamorig:Hips/mixamorig:LeftUpLeg","_position":{"__id__":269},"_rotation":{"__id__":271},"_scale":{"__id__":273}},{"__type__":"cc.animation.ExoticTrack","times":{"__type__":"TypedArrayRef","ctor":"Float32Array","offset":246404,"length":1},"values":{"__id__":270}},{"__type__":"cc.animation.ExoticVec3TrackValues","_values":{"__type__":"TypedArrayRef","ctor":"Float32Array","offset":246408,"length":3},"_isQuantized":null},{"__type__":"cc.animation.ExoticTrack","times":{"__type__":"TypedArrayRef","ctor":"Float32Array","offset":246420,"length":339},"values":{"__id__":272}},{"__type__":"cc.animation.ExoticQuatTrackValues","_values":{"__type__":"TypedArrayRef","ctor":"Float32Array","offset":247776,"length":1356},"_isQuantized":null},{"__type__":"cc.animation.ExoticTrack","times":{"__type__":"TypedArrayRef","ctor":"Float32Array","offset":253200,"length":1},"values":{"__id__":274}},{"__type__":"cc.animation.ExoticVec3TrackValues","_values":{"__type__":"TypedArrayRef","ctor":"Float32Array","offset":253204,"length":3},"_isQuantized":null},{"__type__":"cc.animation.ExoticNodeAnimation","_path":"mixamorig:Hips/mixamorig:LeftUpLeg/mixamorig:LeftLeg","_position":{"__id__":276},"_rotation":{"__id__":278},"_scale":{"__id__":280}},{"__type__":"cc.animation.ExoticTrack","times":{"__type__":"TypedArrayRef","ctor":"Float32Array","offset":253216,"length":1},"values":{"__id__":277}},{"__type__":"cc.animation.ExoticVec3TrackValues","_values":{"__type__":"TypedArrayRef","ctor":"Float32Array","offset":253220,"length":3},"_isQuantized":null},{"__type__":"cc.animation.ExoticTrack","times":{"__type__":"TypedArrayRef","ctor":"Float32Array","offset":253232,"length":339},"values":{"__id__":279}},{"__type__":"cc.animation.ExoticQuatTrackValues","_values":{"__type__":"TypedArrayRef","ctor":"Float32Array","offset":254588,"length":1356},"_isQuantized":null},{"__type__":"cc.animation.ExoticTrack","times":{"__type__":"TypedArrayRef","ctor":"Float32Array","offset":260012,"length":1},"values":{"__id__":281}},{"__type__":"cc.animation.ExoticVec3TrackValues","_values":{"__type__":"TypedArrayRef","ctor":"Float32Array","offset":260016,"length":3},"_isQuantized":null},{"__type__":"cc.animation.ExoticNodeAnimation","_path":"mixamorig:Hips/mixamorig:LeftUpLeg/mixamorig:LeftLeg/mixamorig:LeftFoot","_position":{"__id__":283},"_rotation":{"__id__":285},"_scale":{"__id__":287}},{"__type__":"cc.animation.ExoticTrack","times":{"__type__":"TypedArrayRef","ctor":"Float32Array","offset":260028,"length":1},"values":{"__id__":284}},{"__type__":"cc.animation.ExoticVec3TrackValues","_values":{"__type__":"TypedArrayRef","ctor":"Float32Array","offset":260032,"length":3},"_isQuantized":null},{"__type__":"cc.animation.ExoticTrack","times":{"__type__":"TypedArrayRef","ctor":"Float32Array","offset":260044,"length":339},"values":{"__id__":286}},{"__type__":"cc.animation.ExoticQuatTrackValues","_values":{"__type__":"TypedArrayRef","ctor":"Float32Array","offset":261400,"length":1356},"_isQuantized":null},{"__type__":"cc.animation.ExoticTrack","times":{"__type__":"TypedArrayRef","ctor":"Float32Array","offset":266824,"length":1},"values":{"__id__":288}},{"__type__":"cc.animation.ExoticVec3TrackValues","_values":{"__type__":"TypedArrayRef","ctor":"Float32Array","offset":266828,"length":3},"_isQuantized":null},{"__type__":"cc.animation.ExoticNodeAnimation","_path":"mixamorig:Hips/mixamorig:LeftUpLeg/mixamorig:LeftLeg/mixamorig:LeftFoot/mixamorig:LeftToeBase","_position":{"__id__":290},"_rotation":{"__id__":292},"_scale":{"__id__":294}},{"__type__":"cc.animation.ExoticTrack","times":{"__type__":"TypedArrayRef","ctor":"Float32Array","offset":266840,"length":1},"values":{"__id__":291}},{"__type__":"cc.animation.ExoticVec3TrackValues","_values":{"__type__":"TypedArrayRef","ctor":"Float32Array","offset":266844,"length":3},"_isQuantized":null},{"__type__":"cc.animation.ExoticTrack","times":{"__type__":"TypedArrayRef","ctor":"Float32Array","offset":266856,"length":339},"values":{"__id__":293}},{"__type__":"cc.animation.ExoticQuatTrackValues","_values":{"__type__":"TypedArrayRef","ctor":"Float32Array","offset":268212,"length":1356},"_isQuantized":null},{"__type__":"cc.animation.ExoticTrack","times":{"__type__":"TypedArrayRef","ctor":"Float32Array","offset":273636,"length":1},"values":{"__id__":295}},{"__type__":"cc.animation.ExoticVec3TrackValues","_values":{"__type__":"TypedArrayRef","ctor":"Float32Array","offset":273640,"length":3},"_isQuantized":null},{"__type__":"cc.animation.ExoticNodeAnimation","_path":"mixamorig:Hips/mixamorig:RightUpLeg","_position":{"__id__":297},"_rotation":{"__id__":299},"_scale":{"__id__":301}},{"__type__":"cc.animation.ExoticTrack","times":{"__type__":"TypedArrayRef","ctor":"Float32Array","offset":273652,"length":1},"values":{"__id__":298}},{"__type__":"cc.animation.ExoticVec3TrackValues","_values":{"__type__":"TypedArrayRef","ctor":"Float32Array","offset":273656,"length":3},"_isQuantized":null},{"__type__":"cc.animation.ExoticTrack","times":{"__type__":"TypedArrayRef","ctor":"Float32Array","offset":273668,"length":339},"values":{"__id__":300}},{"__type__":"cc.animation.ExoticQuatTrackValues","_values":{"__type__":"TypedArrayRef","ctor":"Float32Array","offset":275024,"length":1356},"_isQuantized":null},{"__type__":"cc.animation.ExoticTrack","times":{"__type__":"TypedArrayRef","ctor":"Float32Array","offset":280448,"length":1},"values":{"__id__":302}},{"__type__":"cc.animation.ExoticVec3TrackValues","_values":{"__type__":"TypedArrayRef","ctor":"Float32Array","offset":280452,"length":3},"_isQuantized":null},{"__type__":"cc.animation.ExoticNodeAnimation","_path":"mixamorig:Hips/mixamorig:RightUpLeg/mixamorig:RightLeg","_position":{"__id__":304},"_rotation":{"__id__":306},"_scale":{"__id__":308}},{"__type__":"cc.animation.ExoticTrack","times":{"__type__":"TypedArrayRef","ctor":"Float32Array","offset":280464,"length":1},"values":{"__id__":305}},{"__type__":"cc.animation.ExoticVec3TrackValues","_values":{"__type__":"TypedArrayRef","ctor":"Float32Array","offset":280468,"length":3},"_isQuantized":null},{"__type__":"cc.animation.ExoticTrack","times":{"__type__":"TypedArrayRef","ctor":"Float32Array","offset":280480,"length":339},"values":{"__id__":307}},{"__type__":"cc.animation.ExoticQuatTrackValues","_values":{"__type__":"TypedArrayRef","ctor":"Float32Array","offset":281836,"length":1356},"_isQuantized":null},{"__type__":"cc.animation.ExoticTrack","times":{"__type__":"TypedArrayRef","ctor":"Float32Array","offset":287260,"length":1},"values":{"__id__":309}},{"__type__":"cc.animation.ExoticVec3TrackValues","_values":{"__type__":"TypedArrayRef","ctor":"Float32Array","offset":287264,"length":3},"_isQuantized":null},{"__type__":"cc.animation.ExoticNodeAnimation","_path":"mixamorig:Hips/mixamorig:RightUpLeg/mixamorig:RightLeg/mixamorig:RightFoot","_position":{"__id__":311},"_rotation":{"__id__":313},"_scale":{"__id__":315}},{"__type__":"cc.animation.ExoticTrack","times":{"__type__":"TypedArrayRef","ctor":"Float32Array","offset":287276,"length":1},"values":{"__id__":312}},{"__type__":"cc.animation.ExoticVec3TrackValues","_values":{"__type__":"TypedArrayRef","ctor":"Float32Array","offset":287280,"length":3},"_isQuantized":null},{"__type__":"cc.animation.ExoticTrack","times":{"__type__":"TypedArrayRef","ctor":"Float32Array","offset":287292,"length":339},"values":{"__id__":314}},{"__type__":"cc.animation.ExoticQuatTrackValues","_values":{"__type__":"TypedArrayRef","ctor":"Float32Array","offset":288648,"length":1356},"_isQuantized":null},{"__type__":"cc.animation.ExoticTrack","times":{"__type__":"TypedArrayRef","ctor":"Float32Array","offset":294072,"length":1},"values":{"__id__":316}},{"__type__":"cc.animation.ExoticVec3TrackValues","_values":{"__type__":"TypedArrayRef","ctor":"Float32Array","offset":294076,"length":3},"_isQuantized":null},{"__type__":"cc.animation.ExoticNodeAnimation","_path":"mixamorig:Hips/mixamorig:RightUpLeg/mixamorig:RightLeg/mixamorig:RightFoot/mixamorig:RightToeBase","_position":{"__id__":318},"_rotation":{"__id__":320},"_scale":{"__id__":322}},{"__type__":"cc.animation.ExoticTrack","times":{"__type__":"TypedArrayRef","ctor":"Float32Array","offset":294088,"length":1},"values":{"__id__":319}},{"__type__":"cc.animation.ExoticVec3TrackValues","_values":{"__type__":"TypedArrayRef","ctor":"Float32Array","offset":294092,"length":3},"_isQuantized":null},{"__type__":"cc.animation.ExoticTrack","times":{"__type__":"TypedArrayRef","ctor":"Float32Array","offset":294104,"length":2},"values":{"__id__":321}},{"__type__":"cc.animation.ExoticQuatTrackValues","_values":{"__type__":"TypedArrayRef","ctor":"Float32Array","offset":294112,"length":8},"_isQuantized":null},{"__type__":"cc.animation.ExoticTrack","times":{"__type__":"TypedArrayRef","ctor":"Float32Array","offset":294144,"length":1},"values":{"__id__":323}},{"__type__":"cc.animation.ExoticVec3TrackValues","_values":{"__type__":"TypedArrayRef","ctor":"Float32Array","offset":294148,"length":3},"_isQuantized":null},{"__type__":"cc.animation.ExoticNodeAnimation","_path":"mixamorig:Hips/mixamorig:Spine/mixamorig:Spine1/mixamorig:Spine2/mixamorig:Neck/mixamorig:Head/mixamorig:HeadTop_End","_position":{"__id__":325},"_rotation":{"__id__":327},"_scale":{"__id__":329}},{"__type__":"cc.animation.ExoticTrack","times":{"__type__":"TypedArrayRef","ctor":"Float32Array","offset":294160,"length":1},"values":{"__id__":326}},{"__type__":"cc.animation.ExoticVec3TrackValues","_values":{"__type__":"TypedArrayRef","ctor":"Float32Array","offset":294164,"length":3},"_isQuantized":null},{"__type__":"cc.animation.ExoticTrack","times":{"__type__":"TypedArrayRef","ctor":"Float32Array","offset":294176,"length":1},"values":{"__id__":328}},{"__type__":"cc.animation.ExoticQuatTrackValues","_values":{"__type__":"TypedArrayRef","ctor":"Float32Array","offset":294180,"length":4},"_isQuantized":null},{"__type__":"cc.animation.ExoticTrack","times":{"__type__":"TypedArrayRef","ctor":"Float32Array","offset":294196,"length":1},"values":{"__id__":330}},{"__type__":"cc.animation.ExoticVec3TrackValues","_values":{"__type__":"TypedArrayRef","ctor":"Float32Array","offset":294200,"length":3},"_isQuantized":null},{"__type__":"cc.animation.ExoticNodeAnimation","_path":"mixamorig:Hips/mixamorig:Spine/mixamorig:Spine1/mixamorig:Spine2/mixamorig:LeftShoulder/mixamorig:LeftArm/mixamorig:LeftForeArm/mixamorig:LeftHand/mixamorig:LeftHandThumb1/mixamorig:LeftHandThumb2/mixamorig:LeftHandThumb3/mixamorig:LeftHandThumb4","_position":{"__id__":332},"_rotation":{"__id__":334},"_scale":{"__id__":336}},{"__type__":"cc.animation.ExoticTrack","times":{"__type__":"TypedArrayRef","ctor":"Float32Array","offset":294212,"length":1},"values":{"__id__":333}},{"__type__":"cc.animation.ExoticVec3TrackValues","_values":{"__type__":"TypedArrayRef","ctor":"Float32Array","offset":294216,"length":3},"_isQuantized":null},{"__type__":"cc.animation.ExoticTrack","times":{"__type__":"TypedArrayRef","ctor":"Float32Array","offset":294228,"length":1},"values":{"__id__":335}},{"__type__":"cc.animation.ExoticQuatTrackValues","_values":{"__type__":"TypedArrayRef","ctor":"Float32Array","offset":294232,"length":4},"_isQuantized":null},{"__type__":"cc.animation.ExoticTrack","times":{"__type__":"TypedArrayRef","ctor":"Float32Array","offset":294248,"length":1},"values":{"__id__":337}},{"__type__":"cc.animation.ExoticVec3TrackValues","_values":{"__type__":"TypedArrayRef","ctor":"Float32Array","offset":294252,"length":3},"_isQuantized":null},{"__type__":"cc.animation.ExoticNodeAnimation","_path":"mixamorig:Hips/mixamorig:Spine/mixamorig:Spine1/mixamorig:Spine2/mixamorig:LeftShoulder/mixamorig:LeftArm/mixamorig:LeftForeArm/mixamorig:LeftHand/mixamorig:LeftHandIndex1/mixamorig:LeftHandIndex2/mixamorig:LeftHandIndex3/mixamorig:LeftHandIndex4","_position":{"__id__":339},"_rotation":{"__id__":341},"_scale":{"__id__":343}},{"__type__":"cc.animation.ExoticTrack","times":{"__type__":"TypedArrayRef","ctor":"Float32Array","offset":294264,"length":1},"values":{"__id__":340}},{"__type__":"cc.animation.ExoticVec3TrackValues","_values":{"__type__":"TypedArrayRef","ctor":"Float32Array","offset":294268,"length":3},"_isQuantized":null},{"__type__":"cc.animation.ExoticTrack","times":{"__type__":"TypedArrayRef","ctor":"Float32Array","offset":294280,"length":1},"values":{"__id__":342}},{"__type__":"cc.animation.ExoticQuatTrackValues","_values":{"__type__":"TypedArrayRef","ctor":"Float32Array","offset":294284,"length":4},"_isQuantized":null},{"__type__":"cc.animation.ExoticTrack","times":{"__type__":"TypedArrayRef","ctor":"Float32Array","offset":294300,"length":1},"values":{"__id__":344}},{"__type__":"cc.animation.ExoticVec3TrackValues","_values":{"__type__":"TypedArrayRef","ctor":"Float32Array","offset":294304,"length":3},"_isQuantized":null},{"__type__":"cc.animation.ExoticNodeAnimation","_path":"mixamorig:Hips/mixamorig:Spine/mixamorig:Spine1/mixamorig:Spine2/mixamorig:LeftShoulder/mixamorig:LeftArm/mixamorig:LeftForeArm/mixamorig:LeftHand/mixamorig:LeftHandMiddle1/mixamorig:LeftHandMiddle2/mixamorig:LeftHandMiddle3/mixamorig:LeftHandMiddle4","_position":{"__id__":346},"_rotation":{"__id__":348},"_scale":{"__id__":350}},{"__type__":"cc.animation.ExoticTrack","times":{"__type__":"TypedArrayRef","ctor":"Float32Array","offset":294316,"length":1},"values":{"__id__":347}},{"__type__":"cc.animation.ExoticVec3TrackValues","_values":{"__type__":"TypedArrayRef","ctor":"Float32Array","offset":294320,"length":3},"_isQuantized":null},{"__type__":"cc.animation.ExoticTrack","times":{"__type__":"TypedArrayRef","ctor":"Float32Array","offset":294332,"length":1},"values":{"__id__":349}},{"__type__":"cc.animation.ExoticQuatTrackValues","_values":{"__type__":"TypedArrayRef","ctor":"Float32Array","offset":294336,"length":4},"_isQuantized":null},{"__type__":"cc.animation.ExoticTrack","times":{"__type__":"TypedArrayRef","ctor":"Float32Array","offset":294352,"length":1},"values":{"__id__":351}},{"__type__":"cc.animation.ExoticVec3TrackValues","_values":{"__type__":"TypedArrayRef","ctor":"Float32Array","offset":294356,"length":3},"_isQuantized":null},{"__type__":"cc.animation.ExoticNodeAnimation","_path":"mixamorig:Hips/mixamorig:Spine/mixamorig:Spine1/mixamorig:Spine2/mixamorig:LeftShoulder/mixamorig:LeftArm/mixamorig:LeftForeArm/mixamorig:LeftHand/mixamorig:LeftHandRing1/mixamorig:LeftHandRing2/mixamorig:LeftHandRing3/mixamorig:LeftHandRing4","_position":{"__id__":353},"_rotation":{"__id__":355},"_scale":{"__id__":357}},{"__type__":"cc.animation.ExoticTrack","times":{"__type__":"TypedArrayRef","ctor":"Float32Array","offset":294368,"length":1},"values":{"__id__":354}},{"__type__":"cc.animation.ExoticVec3TrackValues","_values":{"__type__":"TypedArrayRef","ctor":"Float32Array","offset":294372,"length":3},"_isQuantized":null},{"__type__":"cc.animation.ExoticTrack","times":{"__type__":"TypedArrayRef","ctor":"Float32Array","offset":294384,"length":1},"values":{"__id__":356}},{"__type__":"cc.animation.ExoticQuatTrackValues","_values":{"__type__":"TypedArrayRef","ctor":"Float32Array","offset":294388,"length":4},"_isQuantized":null},{"__type__":"cc.animation.ExoticTrack","times":{"__type__":"TypedArrayRef","ctor":"Float32Array","offset":294404,"length":1},"values":{"__id__":358}},{"__type__":"cc.animation.ExoticVec3TrackValues","_values":{"__type__":"TypedArrayRef","ctor":"Float32Array","offset":294408,"length":3},"_isQuantized":null},{"__type__":"cc.animation.ExoticNodeAnimation","_path":"mixamorig:Hips/mixamorig:Spine/mixamorig:Spine1/mixamorig:Spine2/mixamorig:RightShoulder/mixamorig:RightArm/mixamorig:RightForeArm/mixamorig:RightHand/mixamorig:RightHandThumb1/mixamorig:RightHandThumb2/mixamorig:RightHandThumb3/mixamorig:RightHandThumb4","_position":{"__id__":360},"_rotation":{"__id__":362},"_scale":{"__id__":364}},{"__type__":"cc.animation.ExoticTrack","times":{"__type__":"TypedArrayRef","ctor":"Float32Array","offset":294420,"length":1},"values":{"__id__":361}},{"__type__":"cc.animation.ExoticVec3TrackValues","_values":{"__type__":"TypedArrayRef","ctor":"Float32Array","offset":294424,"length":3},"_isQuantized":null},{"__type__":"cc.animation.ExoticTrack","times":{"__type__":"TypedArrayRef","ctor":"Float32Array","offset":294436,"length":1},"values":{"__id__":363}},{"__type__":"cc.animation.ExoticQuatTrackValues","_values":{"__type__":"TypedArrayRef","ctor":"Float32Array","offset":294440,"length":4},"_isQuantized":null},{"__type__":"cc.animation.ExoticTrack","times":{"__type__":"TypedArrayRef","ctor":"Float32Array","offset":294456,"length":1},"values":{"__id__":365}},{"__type__":"cc.animation.ExoticVec3TrackValues","_values":{"__type__":"TypedArrayRef","ctor":"Float32Array","offset":294460,"length":3},"_isQuantized":null},{"__type__":"cc.animation.ExoticNodeAnimation","_path":"mixamorig:Hips/mixamorig:Spine/mixamorig:Spine1/mixamorig:Spine2/mixamorig:RightShoulder/mixamorig:RightArm/mixamorig:RightForeArm/mixamorig:RightHand/mixamorig:RightHandIndex1/mixamorig:RightHandIndex2/mixamorig:RightHandIndex3/mixamorig:RightHandIndex4","_position":{"__id__":367},"_rotation":{"__id__":369},"_scale":{"__id__":371}},{"__type__":"cc.animation.ExoticTrack","times":{"__type__":"TypedArrayRef","ctor":"Float32Array","offset":294472,"length":1},"values":{"__id__":368}},{"__type__":"cc.animation.ExoticVec3TrackValues","_values":{"__type__":"TypedArrayRef","ctor":"Float32Array","offset":294476,"length":3},"_isQuantized":null},{"__type__":"cc.animation.ExoticTrack","times":{"__type__":"TypedArrayRef","ctor":"Float32Array","offset":294488,"length":1},"values":{"__id__":370}},{"__type__":"cc.animation.ExoticQuatTrackValues","_values":{"__type__":"TypedArrayRef","ctor":"Float32Array","offset":294492,"length":4},"_isQuantized":null},{"__type__":"cc.animation.ExoticTrack","times":{"__type__":"TypedArrayRef","ctor":"Float32Array","offset":294508,"length":1},"values":{"__id__":372}},{"__type__":"cc.animation.ExoticVec3TrackValues","_values":{"__type__":"TypedArrayRef","ctor":"Float32Array","offset":294512,"length":3},"_isQuantized":null},{"__type__":"cc.animation.ExoticNodeAnimation","_path":"mixamorig:Hips/mixamorig:Spine/mixamorig:Spine1/mixamorig:Spine2/mixamorig:RightShoulder/mixamorig:RightArm/mixamorig:RightForeArm/mixamorig:RightHand/mixamorig:RightHandMiddle1/mixamorig:RightHandMiddle2/mixamorig:RightHandMiddle3/mixamorig:RightHandMiddle4","_position":{"__id__":374},"_rotation":{"__id__":376},"_scale":{"__id__":378}},{"__type__":"cc.animation.ExoticTrack","times":{"__type__":"TypedArrayRef","ctor":"Float32Array","offset":294524,"length":1},"values":{"__id__":375}},{"__type__":"cc.animation.ExoticVec3TrackValues","_values":{"__type__":"TypedArrayRef","ctor":"Float32Array","offset":294528,"length":3},"_isQuantized":null},{"__type__":"cc.animation.ExoticTrack","times":{"__type__":"TypedArrayRef","ctor":"Float32Array","offset":294540,"length":1},"values":{"__id__":377}},{"__type__":"cc.animation.ExoticQuatTrackValues","_values":{"__type__":"TypedArrayRef","ctor":"Float32Array","offset":294544,"length":4},"_isQuantized":null},{"__type__":"cc.animation.ExoticTrack","times":{"__type__":"TypedArrayRef","ctor":"Float32Array","offset":294560,"length":1},"values":{"__id__":379}},{"__type__":"cc.animation.ExoticVec3TrackValues","_values":{"__type__":"TypedArrayRef","ctor":"Float32Array","offset":294564,"length":3},"_isQuantized":null},{"__type__":"cc.animation.ExoticNodeAnimation","_path":"mixamorig:Hips/mixamorig:Spine/mixamorig:Spine1/mixamorig:Spine2/mixamorig:RightShoulder/mixamorig:RightArm/mixamorig:RightForeArm/mixamorig:RightHand/mixamorig:RightHandRing1/mixamorig:RightHandRing2/mixamorig:RightHandRing3/mixamorig:RightHandRing4","_position":{"__id__":381},"_rotation":{"__id__":383},"_scale":{"__id__":385}},{"__type__":"cc.animation.ExoticTrack","times":{"__type__":"TypedArrayRef","ctor":"Float32Array","offset":294576,"length":1},"values":{"__id__":382}},{"__type__":"cc.animation.ExoticVec3TrackValues","_values":{"__type__":"TypedArrayRef","ctor":"Float32Array","offset":294580,"length":3},"_isQuantized":null},{"__type__":"cc.animation.ExoticTrack","times":{"__type__":"TypedArrayRef","ctor":"Float32Array","offset":294592,"length":1},"values":{"__id__":384}},{"__type__":"cc.animation.ExoticQuatTrackValues","_values":{"__type__":"TypedArrayRef","ctor":"Float32Array","offset":294596,"length":4},"_isQuantized":null},{"__type__":"cc.animation.ExoticTrack","times":{"__type__":"TypedArrayRef","ctor":"Float32Array","offset":294612,"length":1},"values":{"__id__":386}},{"__type__":"cc.animation.ExoticVec3TrackValues","_values":{"__type__":"TypedArrayRef","ctor":"Float32Array","offset":294616,"length":3},"_isQuantized":null},{"__type__":"cc.animation.ExoticNodeAnimation","_path":"mixamorig:Hips/mixamorig:LeftUpLeg/mixamorig:LeftLeg/mixamorig:LeftFoot/mixamorig:LeftToeBase/mixamorig:LeftToe_End","_position":{"__id__":388},"_rotation":{"__id__":390},"_scale":{"__id__":392}},{"__type__":"cc.animation.ExoticTrack","times":{"__type__":"TypedArrayRef","ctor":"Float32Array","offset":294628,"length":1},"values":{"__id__":389}},{"__type__":"cc.animation.ExoticVec3TrackValues","_values":{"__type__":"TypedArrayRef","ctor":"Float32Array","offset":294632,"length":3},"_isQuantized":null},{"__type__":"cc.animation.ExoticTrack","times":{"__type__":"TypedArrayRef","ctor":"Float32Array","offset":294644,"length":1},"values":{"__id__":391}},{"__type__":"cc.animation.ExoticQuatTrackValues","_values":{"__type__":"TypedArrayRef","ctor":"Float32Array","offset":294648,"length":4},"_isQuantized":null},{"__type__":"cc.animation.ExoticTrack","times":{"__type__":"TypedArrayRef","ctor":"Float32Array","offset":294664,"length":1},"values":{"__id__":393}},{"__type__":"cc.animation.ExoticVec3TrackValues","_values":{"__type__":"TypedArrayRef","ctor":"Float32Array","offset":294668,"length":3},"_isQuantized":null},{"__type__":"cc.animation.ExoticNodeAnimation","_path":"mixamorig:Hips/mixamorig:RightUpLeg/mixamorig:RightLeg/mixamorig:RightFoot/mixamorig:RightToeBase/mixamorig:RightToe_End","_position":{"__id__":395},"_rotation":{"__id__":397},"_scale":{"__id__":399}},{"__type__":"cc.animation.ExoticTrack","times":{"__type__":"TypedArrayRef","ctor":"Float32Array","offset":294680,"length":1},"values":{"__id__":396}},{"__type__":"cc.animation.ExoticVec3TrackValues","_values":{"__type__":"TypedArrayRef","ctor":"Float32Array","offset":294684,"length":3},"_isQuantized":null},{"__type__":"cc.animation.ExoticTrack","times":{"__type__":"TypedArrayRef","ctor":"Float32Array","offset":294696,"length":1},"values":{"__id__":398}},{"__type__":"cc.animation.ExoticQuatTrackValues","_values":{"__type__":"TypedArrayRef","ctor":"Float32Array","offset":294700,"length":4},"_isQuantized":null},{"__type__":"cc.animation.ExoticTrack","times":{"__type__":"TypedArrayRef","ctor":"Float32Array","offset":294716,"length":1},"values":{"__id__":400}},{"__type__":"cc.animation.ExoticVec3TrackValues","_values":{"__type__":"TypedArrayRef","ctor":"Float32Array","offset":294720,"length":3},"_isQuantized":null}],"chunks":[".bin"]}
