[1,0,0,[["cc.Mesh",["_native","_hash","_struct"],1,11]],[[0,0,1,2,3]],[[0,".bin",3219909449,[{"primitives":[{"primitiveMode":7,"vertexBundelIndices":[0],"indexView":{"offset":6776,"length":2400,"count":600,"stride":4}}],"vertexBundles":[{"view":{"offset":0,"length":6776,"count":121,"stride":56},"attributes":[{"name":"a_position","format":32,"isNormalized":false},{"name":"a_normal","format":32,"isNormalized":false},{"name":"a_texCoord","format":21,"isNormalized":false},{"name":"a_tangent","format":44,"isNormalized":false},{"name":"a_texCoord1","format":21,"isNormalized":false}]}]},"minPosition",8,[1,-5,0,-5],"maxPosition",8,[1,5,0,5]]],-1],0,0,[],[],[]]
