{"version":1,"document":[{"__type__":"cc.AnimationClip","_name":"GrassEffect","_objFlags":0,"_native":"","sample":60,"speed":1,"wrapMode":1,"enableTrsBlending":false,"_duration":0.55,"_hash":500763545,"_tracks":[{"__id__":1}],"_exoticAnimation":null,"_events":[]},{"__type__":"cc.animation.ObjectTrack","_binding":{"__type__":"cc.animation.TrackBinding","path":{"__id__":2}},"_channel":{"__id__":4}},{"__type__":"cc.animation.TrackPath","_paths":[{"__id__":3},"spriteFrame"]},{"__type__":"cc.animation.ComponentPath","component":"cc.Sprite"},{"__type__":"cc.animation.Channel","_curve":{"__id__":5}},{"__type__":"cc.ObjectCurve","_times":[0,0.13333333333333333,0.26666666666666666,0.4,0.5333333333333333],"_values":[{"__uuid__":"cd37c754-3640-4977-9168-52f9986007d5@f9941","__expectedType__":"cc.Asset"},{"__uuid__":"e2f9fd87-856d-4871-b412-4253704e1aef@f9941","__expectedType__":"cc.Asset"},{"__uuid__":"bd6f3ccc-8678-4775-9d2f-dfa34d254e58@f9941","__expectedType__":"cc.Asset"},{"__uuid__":"39412719-6aee-4d4c-b8f5-ea1d10e37408@f9941","__expectedType__":"cc.Asset"},{"__uuid__":"0405d4b8-8eb1-496c-9287-2d0b71265ea7@f9941","__expectedType__":"cc.Asset"}]}],"chunks":[]}
