[1,["96668fae-e56b-4b88-a2fc-3b63df2ace75@bc797","1baf0fc9-befa-459c-8bdd-af1a450a0319"],["mainTexture","_effectAsset"],[["cc.Material",["_name","_states","_defines","_props"],0,12],["cc.Mesh",["_native","_hash","_struct"],1,11]],[[0,0,1,2,3,4],[1,0,1,2,3]],[[[[0,"Material #91",[{"rasterizerState":{},"blendState":{"targets":[{}]},"depthStencilState":{}}],[{"USE_ALBEDO_MAP":true}],[[[{"metallic":0.400000005960464,"roughness":0.70710676908493},"albedoScale",8,[1,1,1,1],"mainTexture",6,0]],11]]],0,0,[0,0],[0,1],[0,1]],[[[1,".bin",4046450930,[{"primitives":[{"primitiveMode":7,"vertexBundelIndices":[0],"indexView":{"offset":2880,"length":336,"count":168,"stride":2}}],"vertexBundles":[{"view":{"offset":0,"length":2880,"count":90,"stride":32},"attributes":[{"name":"a_position","format":32,"isNormalized":false},{"name":"a_normal","format":32,"isNormalized":false},{"name":"a_texCoord","format":21,"isNormalized":false}]}]},"minPosition",8,[1,0.011239852756261826,-0.3344094753265381,-0.005252141039818525],"maxPosition",8,[1,1.4670883417129517,1.423267126083374,0.005252140108495951]]],-1],0,0,[],[],[]]]]
