{"version":1,"document":[{"__type__":"cc.AnimationClip","_name":"WinJumping","_objFlags":0,"_native":"","sample":30,"speed":0.5,"wrapMode":0,"enableTrsBlending":true,"_duration":1.600000023841858,"_hash":1395105010,"_tracks":[],"_exoticAnimation":{"__id__":1},"_events":[]},{"__type__":"cc.animation.ExoticAnimation","_nodeAnimations":[{"__id__":2},{"__id__":9},{"__id__":16},{"__id__":23},{"__id__":30},{"__id__":37},{"__id__":44},{"__id__":51},{"__id__":58},{"__id__":65},{"__id__":72},{"__id__":79},{"__id__":86},{"__id__":93},{"__id__":100},{"__id__":107},{"__id__":114},{"__id__":121},{"__id__":128},{"__id__":135},{"__id__":142},{"__id__":149},{"__id__":156},{"__id__":163},{"__id__":170},{"__id__":177},{"__id__":184},{"__id__":191},{"__id__":198},{"__id__":205},{"__id__":212},{"__id__":219},{"__id__":226},{"__id__":233},{"__id__":240}]},{"__type__":"cc.animation.ExoticNodeAnimation","_path":"Armature","_position":{"__id__":3},"_rotation":{"__id__":5},"_scale":{"__id__":7}},{"__type__":"cc.animation.ExoticTrack","times":{"__type__":"TypedArrayRef","ctor":"Float32Array","offset":0,"length":49},"values":{"__id__":4}},{"__type__":"cc.animation.ExoticVec3TrackValues","_values":{"__type__":"TypedArrayRef","ctor":"Float32Array","offset":196,"length":147},"_isQuantized":null},{"__type__":"cc.animation.ExoticTrack","times":{"__type__":"TypedArrayRef","ctor":"Float32Array","offset":784,"length":49},"values":{"__id__":6}},{"__type__":"cc.animation.ExoticQuatTrackValues","_values":{"__type__":"TypedArrayRef","ctor":"Float32Array","offset":980,"length":196},"_isQuantized":null},{"__type__":"cc.animation.ExoticTrack","times":{"__type__":"TypedArrayRef","ctor":"Float32Array","offset":1764,"length":1},"values":{"__id__":8}},{"__type__":"cc.animation.ExoticVec3TrackValues","_values":{"__type__":"TypedArrayRef","ctor":"Float32Array","offset":1768,"length":3},"_isQuantized":null},{"__type__":"cc.animation.ExoticNodeAnimation","_path":"Armature/Root","_position":{"__id__":10},"_rotation":{"__id__":12},"_scale":{"__id__":14}},{"__type__":"cc.animation.ExoticTrack","times":{"__type__":"TypedArrayRef","ctor":"Float32Array","offset":1780,"length":1},"values":{"__id__":11}},{"__type__":"cc.animation.ExoticVec3TrackValues","_values":{"__type__":"TypedArrayRef","ctor":"Float32Array","offset":1784,"length":3},"_isQuantized":null},{"__type__":"cc.animation.ExoticTrack","times":{"__type__":"TypedArrayRef","ctor":"Float32Array","offset":1796,"length":2},"values":{"__id__":13}},{"__type__":"cc.animation.ExoticQuatTrackValues","_values":{"__type__":"TypedArrayRef","ctor":"Float32Array","offset":1804,"length":8},"_isQuantized":null},{"__type__":"cc.animation.ExoticTrack","times":{"__type__":"TypedArrayRef","ctor":"Float32Array","offset":1836,"length":1},"values":{"__id__":15}},{"__type__":"cc.animation.ExoticVec3TrackValues","_values":{"__type__":"TypedArrayRef","ctor":"Float32Array","offset":1840,"length":3},"_isQuantized":null},{"__type__":"cc.animation.ExoticNodeAnimation","_path":"Armature/Root/chest","_position":{"__id__":17},"_rotation":{"__id__":19},"_scale":{"__id__":21}},{"__type__":"cc.animation.ExoticTrack","times":{"__type__":"TypedArrayRef","ctor":"Float32Array","offset":1852,"length":1},"values":{"__id__":18}},{"__type__":"cc.animation.ExoticVec3TrackValues","_values":{"__type__":"TypedArrayRef","ctor":"Float32Array","offset":1856,"length":3},"_isQuantized":null},{"__type__":"cc.animation.ExoticTrack","times":{"__type__":"TypedArrayRef","ctor":"Float32Array","offset":1868,"length":49},"values":{"__id__":20}},{"__type__":"cc.animation.ExoticQuatTrackValues","_values":{"__type__":"TypedArrayRef","ctor":"Float32Array","offset":2064,"length":196},"_isQuantized":null},{"__type__":"cc.animation.ExoticTrack","times":{"__type__":"TypedArrayRef","ctor":"Float32Array","offset":2848,"length":1},"values":{"__id__":22}},{"__type__":"cc.animation.ExoticVec3TrackValues","_values":{"__type__":"TypedArrayRef","ctor":"Float32Array","offset":2852,"length":3},"_isQuantized":null},{"__type__":"cc.animation.ExoticNodeAnimation","_path":"Armature/Root/chest/shoulder.L","_position":{"__id__":24},"_rotation":{"__id__":26},"_scale":{"__id__":28}},{"__type__":"cc.animation.ExoticTrack","times":{"__type__":"TypedArrayRef","ctor":"Float32Array","offset":2864,"length":1},"values":{"__id__":25}},{"__type__":"cc.animation.ExoticVec3TrackValues","_values":{"__type__":"TypedArrayRef","ctor":"Float32Array","offset":2868,"length":3},"_isQuantized":null},{"__type__":"cc.animation.ExoticTrack","times":{"__type__":"TypedArrayRef","ctor":"Float32Array","offset":2880,"length":49},"values":{"__id__":27}},{"__type__":"cc.animation.ExoticQuatTrackValues","_values":{"__type__":"TypedArrayRef","ctor":"Float32Array","offset":3076,"length":196},"_isQuantized":null},{"__type__":"cc.animation.ExoticTrack","times":{"__type__":"TypedArrayRef","ctor":"Float32Array","offset":3860,"length":1},"values":{"__id__":29}},{"__type__":"cc.animation.ExoticVec3TrackValues","_values":{"__type__":"TypedArrayRef","ctor":"Float32Array","offset":3864,"length":3},"_isQuantized":null},{"__type__":"cc.animation.ExoticNodeAnimation","_path":"Armature/Root/chest/shoulder.L/arm.L","_position":{"__id__":31},"_rotation":{"__id__":33},"_scale":{"__id__":35}},{"__type__":"cc.animation.ExoticTrack","times":{"__type__":"TypedArrayRef","ctor":"Float32Array","offset":3876,"length":1},"values":{"__id__":32}},{"__type__":"cc.animation.ExoticVec3TrackValues","_values":{"__type__":"TypedArrayRef","ctor":"Float32Array","offset":3880,"length":3},"_isQuantized":null},{"__type__":"cc.animation.ExoticTrack","times":{"__type__":"TypedArrayRef","ctor":"Float32Array","offset":3892,"length":49},"values":{"__id__":34}},{"__type__":"cc.animation.ExoticQuatTrackValues","_values":{"__type__":"TypedArrayRef","ctor":"Float32Array","offset":4088,"length":196},"_isQuantized":null},{"__type__":"cc.animation.ExoticTrack","times":{"__type__":"TypedArrayRef","ctor":"Float32Array","offset":4872,"length":1},"values":{"__id__":36}},{"__type__":"cc.animation.ExoticVec3TrackValues","_values":{"__type__":"TypedArrayRef","ctor":"Float32Array","offset":4876,"length":3},"_isQuantized":null},{"__type__":"cc.animation.ExoticNodeAnimation","_path":"Armature/Root/chest/shoulder.L/arm.L/hand.L","_position":{"__id__":38},"_rotation":{"__id__":40},"_scale":{"__id__":42}},{"__type__":"cc.animation.ExoticTrack","times":{"__type__":"TypedArrayRef","ctor":"Float32Array","offset":4888,"length":1},"values":{"__id__":39}},{"__type__":"cc.animation.ExoticVec3TrackValues","_values":{"__type__":"TypedArrayRef","ctor":"Float32Array","offset":4892,"length":3},"_isQuantized":null},{"__type__":"cc.animation.ExoticTrack","times":{"__type__":"TypedArrayRef","ctor":"Float32Array","offset":4904,"length":49},"values":{"__id__":41}},{"__type__":"cc.animation.ExoticQuatTrackValues","_values":{"__type__":"TypedArrayRef","ctor":"Float32Array","offset":5100,"length":196},"_isQuantized":null},{"__type__":"cc.animation.ExoticTrack","times":{"__type__":"TypedArrayRef","ctor":"Float32Array","offset":5884,"length":1},"values":{"__id__":43}},{"__type__":"cc.animation.ExoticVec3TrackValues","_values":{"__type__":"TypedArrayRef","ctor":"Float32Array","offset":5888,"length":3},"_isQuantized":null},{"__type__":"cc.animation.ExoticNodeAnimation","_path":"Armature/Root/chest/shoulder.L/arm.L/hand.L/finger1.L","_position":{"__id__":45},"_rotation":{"__id__":47},"_scale":{"__id__":49}},{"__type__":"cc.animation.ExoticTrack","times":{"__type__":"TypedArrayRef","ctor":"Float32Array","offset":5900,"length":1},"values":{"__id__":46}},{"__type__":"cc.animation.ExoticVec3TrackValues","_values":{"__type__":"TypedArrayRef","ctor":"Float32Array","offset":5904,"length":3},"_isQuantized":null},{"__type__":"cc.animation.ExoticTrack","times":{"__type__":"TypedArrayRef","ctor":"Float32Array","offset":5916,"length":49},"values":{"__id__":48}},{"__type__":"cc.animation.ExoticQuatTrackValues","_values":{"__type__":"TypedArrayRef","ctor":"Float32Array","offset":6112,"length":196},"_isQuantized":null},{"__type__":"cc.animation.ExoticTrack","times":{"__type__":"TypedArrayRef","ctor":"Float32Array","offset":6896,"length":1},"values":{"__id__":50}},{"__type__":"cc.animation.ExoticVec3TrackValues","_values":{"__type__":"TypedArrayRef","ctor":"Float32Array","offset":6900,"length":3},"_isQuantized":null},{"__type__":"cc.animation.ExoticNodeAnimation","_path":"Armature/Root/chest/shoulder.L/arm.L/hand.L/finger2.L","_position":{"__id__":52},"_rotation":{"__id__":54},"_scale":{"__id__":56}},{"__type__":"cc.animation.ExoticTrack","times":{"__type__":"TypedArrayRef","ctor":"Float32Array","offset":6912,"length":1},"values":{"__id__":53}},{"__type__":"cc.animation.ExoticVec3TrackValues","_values":{"__type__":"TypedArrayRef","ctor":"Float32Array","offset":6916,"length":3},"_isQuantized":null},{"__type__":"cc.animation.ExoticTrack","times":{"__type__":"TypedArrayRef","ctor":"Float32Array","offset":6928,"length":49},"values":{"__id__":55}},{"__type__":"cc.animation.ExoticQuatTrackValues","_values":{"__type__":"TypedArrayRef","ctor":"Float32Array","offset":7124,"length":196},"_isQuantized":null},{"__type__":"cc.animation.ExoticTrack","times":{"__type__":"TypedArrayRef","ctor":"Float32Array","offset":7908,"length":1},"values":{"__id__":57}},{"__type__":"cc.animation.ExoticVec3TrackValues","_values":{"__type__":"TypedArrayRef","ctor":"Float32Array","offset":7912,"length":3},"_isQuantized":null},{"__type__":"cc.animation.ExoticNodeAnimation","_path":"Armature/Root/chest/shoulder.L/arm.L/hand.L/finger3.L","_position":{"__id__":59},"_rotation":{"__id__":61},"_scale":{"__id__":63}},{"__type__":"cc.animation.ExoticTrack","times":{"__type__":"TypedArrayRef","ctor":"Float32Array","offset":7924,"length":1},"values":{"__id__":60}},{"__type__":"cc.animation.ExoticVec3TrackValues","_values":{"__type__":"TypedArrayRef","ctor":"Float32Array","offset":7928,"length":3},"_isQuantized":null},{"__type__":"cc.animation.ExoticTrack","times":{"__type__":"TypedArrayRef","ctor":"Float32Array","offset":7940,"length":49},"values":{"__id__":62}},{"__type__":"cc.animation.ExoticQuatTrackValues","_values":{"__type__":"TypedArrayRef","ctor":"Float32Array","offset":8136,"length":196},"_isQuantized":null},{"__type__":"cc.animation.ExoticTrack","times":{"__type__":"TypedArrayRef","ctor":"Float32Array","offset":8920,"length":1},"values":{"__id__":64}},{"__type__":"cc.animation.ExoticVec3TrackValues","_values":{"__type__":"TypedArrayRef","ctor":"Float32Array","offset":8924,"length":3},"_isQuantized":null},{"__type__":"cc.animation.ExoticNodeAnimation","_path":"Armature/Root/chest/shoulder.L/arm.L/hand.L/finger4.L","_position":{"__id__":66},"_rotation":{"__id__":68},"_scale":{"__id__":70}},{"__type__":"cc.animation.ExoticTrack","times":{"__type__":"TypedArrayRef","ctor":"Float32Array","offset":8936,"length":1},"values":{"__id__":67}},{"__type__":"cc.animation.ExoticVec3TrackValues","_values":{"__type__":"TypedArrayRef","ctor":"Float32Array","offset":8940,"length":3},"_isQuantized":null},{"__type__":"cc.animation.ExoticTrack","times":{"__type__":"TypedArrayRef","ctor":"Float32Array","offset":8952,"length":49},"values":{"__id__":69}},{"__type__":"cc.animation.ExoticQuatTrackValues","_values":{"__type__":"TypedArrayRef","ctor":"Float32Array","offset":9148,"length":196},"_isQuantized":null},{"__type__":"cc.animation.ExoticTrack","times":{"__type__":"TypedArrayRef","ctor":"Float32Array","offset":9932,"length":1},"values":{"__id__":71}},{"__type__":"cc.animation.ExoticVec3TrackValues","_values":{"__type__":"TypedArrayRef","ctor":"Float32Array","offset":9936,"length":3},"_isQuantized":null},{"__type__":"cc.animation.ExoticNodeAnimation","_path":"Armature/Root/chest/head","_position":{"__id__":73},"_rotation":{"__id__":75},"_scale":{"__id__":77}},{"__type__":"cc.animation.ExoticTrack","times":{"__type__":"TypedArrayRef","ctor":"Float32Array","offset":9948,"length":1},"values":{"__id__":74}},{"__type__":"cc.animation.ExoticVec3TrackValues","_values":{"__type__":"TypedArrayRef","ctor":"Float32Array","offset":9952,"length":3},"_isQuantized":null},{"__type__":"cc.animation.ExoticTrack","times":{"__type__":"TypedArrayRef","ctor":"Float32Array","offset":9964,"length":49},"values":{"__id__":76}},{"__type__":"cc.animation.ExoticQuatTrackValues","_values":{"__type__":"TypedArrayRef","ctor":"Float32Array","offset":10160,"length":196},"_isQuantized":null},{"__type__":"cc.animation.ExoticTrack","times":{"__type__":"TypedArrayRef","ctor":"Float32Array","offset":10944,"length":1},"values":{"__id__":78}},{"__type__":"cc.animation.ExoticVec3TrackValues","_values":{"__type__":"TypedArrayRef","ctor":"Float32Array","offset":10948,"length":3},"_isQuantized":null},{"__type__":"cc.animation.ExoticNodeAnimation","_path":"Armature/Root/chest/shoulder.R","_position":{"__id__":80},"_rotation":{"__id__":82},"_scale":{"__id__":84}},{"__type__":"cc.animation.ExoticTrack","times":{"__type__":"TypedArrayRef","ctor":"Float32Array","offset":10960,"length":1},"values":{"__id__":81}},{"__type__":"cc.animation.ExoticVec3TrackValues","_values":{"__type__":"TypedArrayRef","ctor":"Float32Array","offset":10964,"length":3},"_isQuantized":null},{"__type__":"cc.animation.ExoticTrack","times":{"__type__":"TypedArrayRef","ctor":"Float32Array","offset":10976,"length":49},"values":{"__id__":83}},{"__type__":"cc.animation.ExoticQuatTrackValues","_values":{"__type__":"TypedArrayRef","ctor":"Float32Array","offset":11172,"length":196},"_isQuantized":null},{"__type__":"cc.animation.ExoticTrack","times":{"__type__":"TypedArrayRef","ctor":"Float32Array","offset":11956,"length":1},"values":{"__id__":85}},{"__type__":"cc.animation.ExoticVec3TrackValues","_values":{"__type__":"TypedArrayRef","ctor":"Float32Array","offset":11960,"length":3},"_isQuantized":null},{"__type__":"cc.animation.ExoticNodeAnimation","_path":"Armature/Root/chest/shoulder.R/arm.R","_position":{"__id__":87},"_rotation":{"__id__":89},"_scale":{"__id__":91}},{"__type__":"cc.animation.ExoticTrack","times":{"__type__":"TypedArrayRef","ctor":"Float32Array","offset":11972,"length":1},"values":{"__id__":88}},{"__type__":"cc.animation.ExoticVec3TrackValues","_values":{"__type__":"TypedArrayRef","ctor":"Float32Array","offset":11976,"length":3},"_isQuantized":null},{"__type__":"cc.animation.ExoticTrack","times":{"__type__":"TypedArrayRef","ctor":"Float32Array","offset":11988,"length":49},"values":{"__id__":90}},{"__type__":"cc.animation.ExoticQuatTrackValues","_values":{"__type__":"TypedArrayRef","ctor":"Float32Array","offset":12184,"length":196},"_isQuantized":null},{"__type__":"cc.animation.ExoticTrack","times":{"__type__":"TypedArrayRef","ctor":"Float32Array","offset":12968,"length":1},"values":{"__id__":92}},{"__type__":"cc.animation.ExoticVec3TrackValues","_values":{"__type__":"TypedArrayRef","ctor":"Float32Array","offset":12972,"length":3},"_isQuantized":null},{"__type__":"cc.animation.ExoticNodeAnimation","_path":"Armature/Root/chest/shoulder.R/arm.R/hand.R","_position":{"__id__":94},"_rotation":{"__id__":96},"_scale":{"__id__":98}},{"__type__":"cc.animation.ExoticTrack","times":{"__type__":"TypedArrayRef","ctor":"Float32Array","offset":12984,"length":1},"values":{"__id__":95}},{"__type__":"cc.animation.ExoticVec3TrackValues","_values":{"__type__":"TypedArrayRef","ctor":"Float32Array","offset":12988,"length":3},"_isQuantized":null},{"__type__":"cc.animation.ExoticTrack","times":{"__type__":"TypedArrayRef","ctor":"Float32Array","offset":13000,"length":49},"values":{"__id__":97}},{"__type__":"cc.animation.ExoticQuatTrackValues","_values":{"__type__":"TypedArrayRef","ctor":"Float32Array","offset":13196,"length":196},"_isQuantized":null},{"__type__":"cc.animation.ExoticTrack","times":{"__type__":"TypedArrayRef","ctor":"Float32Array","offset":13980,"length":1},"values":{"__id__":99}},{"__type__":"cc.animation.ExoticVec3TrackValues","_values":{"__type__":"TypedArrayRef","ctor":"Float32Array","offset":13984,"length":3},"_isQuantized":null},{"__type__":"cc.animation.ExoticNodeAnimation","_path":"Armature/Root/chest/shoulder.R/arm.R/hand.R/finger1.R","_position":{"__id__":101},"_rotation":{"__id__":103},"_scale":{"__id__":105}},{"__type__":"cc.animation.ExoticTrack","times":{"__type__":"TypedArrayRef","ctor":"Float32Array","offset":13996,"length":1},"values":{"__id__":102}},{"__type__":"cc.animation.ExoticVec3TrackValues","_values":{"__type__":"TypedArrayRef","ctor":"Float32Array","offset":14000,"length":3},"_isQuantized":null},{"__type__":"cc.animation.ExoticTrack","times":{"__type__":"TypedArrayRef","ctor":"Float32Array","offset":14012,"length":37},"values":{"__id__":104}},{"__type__":"cc.animation.ExoticQuatTrackValues","_values":{"__type__":"TypedArrayRef","ctor":"Float32Array","offset":14160,"length":148},"_isQuantized":null},{"__type__":"cc.animation.ExoticTrack","times":{"__type__":"TypedArrayRef","ctor":"Float32Array","offset":14752,"length":1},"values":{"__id__":106}},{"__type__":"cc.animation.ExoticVec3TrackValues","_values":{"__type__":"TypedArrayRef","ctor":"Float32Array","offset":14756,"length":3},"_isQuantized":null},{"__type__":"cc.animation.ExoticNodeAnimation","_path":"Armature/Root/chest/shoulder.R/arm.R/hand.R/finger2.R","_position":{"__id__":108},"_rotation":{"__id__":110},"_scale":{"__id__":112}},{"__type__":"cc.animation.ExoticTrack","times":{"__type__":"TypedArrayRef","ctor":"Float32Array","offset":14768,"length":1},"values":{"__id__":109}},{"__type__":"cc.animation.ExoticVec3TrackValues","_values":{"__type__":"TypedArrayRef","ctor":"Float32Array","offset":14772,"length":3},"_isQuantized":null},{"__type__":"cc.animation.ExoticTrack","times":{"__type__":"TypedArrayRef","ctor":"Float32Array","offset":14784,"length":44},"values":{"__id__":111}},{"__type__":"cc.animation.ExoticQuatTrackValues","_values":{"__type__":"TypedArrayRef","ctor":"Float32Array","offset":14960,"length":176},"_isQuantized":null},{"__type__":"cc.animation.ExoticTrack","times":{"__type__":"TypedArrayRef","ctor":"Float32Array","offset":15664,"length":1},"values":{"__id__":113}},{"__type__":"cc.animation.ExoticVec3TrackValues","_values":{"__type__":"TypedArrayRef","ctor":"Float32Array","offset":15668,"length":3},"_isQuantized":null},{"__type__":"cc.animation.ExoticNodeAnimation","_path":"Armature/Root/chest/shoulder.R/arm.R/hand.R/finger3.R","_position":{"__id__":115},"_rotation":{"__id__":117},"_scale":{"__id__":119}},{"__type__":"cc.animation.ExoticTrack","times":{"__type__":"TypedArrayRef","ctor":"Float32Array","offset":15680,"length":1},"values":{"__id__":116}},{"__type__":"cc.animation.ExoticVec3TrackValues","_values":{"__type__":"TypedArrayRef","ctor":"Float32Array","offset":15684,"length":3},"_isQuantized":null},{"__type__":"cc.animation.ExoticTrack","times":{"__type__":"TypedArrayRef","ctor":"Float32Array","offset":15696,"length":49},"values":{"__id__":118}},{"__type__":"cc.animation.ExoticQuatTrackValues","_values":{"__type__":"TypedArrayRef","ctor":"Float32Array","offset":15892,"length":196},"_isQuantized":null},{"__type__":"cc.animation.ExoticTrack","times":{"__type__":"TypedArrayRef","ctor":"Float32Array","offset":16676,"length":1},"values":{"__id__":120}},{"__type__":"cc.animation.ExoticVec3TrackValues","_values":{"__type__":"TypedArrayRef","ctor":"Float32Array","offset":16680,"length":3},"_isQuantized":null},{"__type__":"cc.animation.ExoticNodeAnimation","_path":"Armature/Root/chest/shoulder.R/arm.R/hand.R/finger4.R","_position":{"__id__":122},"_rotation":{"__id__":124},"_scale":{"__id__":126}},{"__type__":"cc.animation.ExoticTrack","times":{"__type__":"TypedArrayRef","ctor":"Float32Array","offset":16692,"length":1},"values":{"__id__":123}},{"__type__":"cc.animation.ExoticVec3TrackValues","_values":{"__type__":"TypedArrayRef","ctor":"Float32Array","offset":16696,"length":3},"_isQuantized":null},{"__type__":"cc.animation.ExoticTrack","times":{"__type__":"TypedArrayRef","ctor":"Float32Array","offset":16708,"length":49},"values":{"__id__":125}},{"__type__":"cc.animation.ExoticQuatTrackValues","_values":{"__type__":"TypedArrayRef","ctor":"Float32Array","offset":16904,"length":196},"_isQuantized":null},{"__type__":"cc.animation.ExoticTrack","times":{"__type__":"TypedArrayRef","ctor":"Float32Array","offset":17688,"length":1},"values":{"__id__":127}},{"__type__":"cc.animation.ExoticVec3TrackValues","_values":{"__type__":"TypedArrayRef","ctor":"Float32Array","offset":17692,"length":3},"_isQuantized":null},{"__type__":"cc.animation.ExoticNodeAnimation","_path":"Armature/Root/thug.L","_position":{"__id__":129},"_rotation":{"__id__":131},"_scale":{"__id__":133}},{"__type__":"cc.animation.ExoticTrack","times":{"__type__":"TypedArrayRef","ctor":"Float32Array","offset":17704,"length":1},"values":{"__id__":130}},{"__type__":"cc.animation.ExoticVec3TrackValues","_values":{"__type__":"TypedArrayRef","ctor":"Float32Array","offset":17708,"length":3},"_isQuantized":null},{"__type__":"cc.animation.ExoticTrack","times":{"__type__":"TypedArrayRef","ctor":"Float32Array","offset":17720,"length":49},"values":{"__id__":132}},{"__type__":"cc.animation.ExoticQuatTrackValues","_values":{"__type__":"TypedArrayRef","ctor":"Float32Array","offset":17916,"length":196},"_isQuantized":null},{"__type__":"cc.animation.ExoticTrack","times":{"__type__":"TypedArrayRef","ctor":"Float32Array","offset":18700,"length":1},"values":{"__id__":134}},{"__type__":"cc.animation.ExoticVec3TrackValues","_values":{"__type__":"TypedArrayRef","ctor":"Float32Array","offset":18704,"length":3},"_isQuantized":null},{"__type__":"cc.animation.ExoticNodeAnimation","_path":"Armature/Root/thug.L/leg..L","_position":{"__id__":136},"_rotation":{"__id__":138},"_scale":{"__id__":140}},{"__type__":"cc.animation.ExoticTrack","times":{"__type__":"TypedArrayRef","ctor":"Float32Array","offset":18716,"length":1},"values":{"__id__":137}},{"__type__":"cc.animation.ExoticVec3TrackValues","_values":{"__type__":"TypedArrayRef","ctor":"Float32Array","offset":18720,"length":3},"_isQuantized":null},{"__type__":"cc.animation.ExoticTrack","times":{"__type__":"TypedArrayRef","ctor":"Float32Array","offset":18732,"length":49},"values":{"__id__":139}},{"__type__":"cc.animation.ExoticQuatTrackValues","_values":{"__type__":"TypedArrayRef","ctor":"Float32Array","offset":18928,"length":196},"_isQuantized":null},{"__type__":"cc.animation.ExoticTrack","times":{"__type__":"TypedArrayRef","ctor":"Float32Array","offset":19712,"length":1},"values":{"__id__":141}},{"__type__":"cc.animation.ExoticVec3TrackValues","_values":{"__type__":"TypedArrayRef","ctor":"Float32Array","offset":19716,"length":3},"_isQuantized":null},{"__type__":"cc.animation.ExoticNodeAnimation","_path":"Armature/Root/thug.L/leg..L/foot.L","_position":{"__id__":143},"_rotation":{"__id__":145},"_scale":{"__id__":147}},{"__type__":"cc.animation.ExoticTrack","times":{"__type__":"TypedArrayRef","ctor":"Float32Array","offset":19728,"length":1},"values":{"__id__":144}},{"__type__":"cc.animation.ExoticVec3TrackValues","_values":{"__type__":"TypedArrayRef","ctor":"Float32Array","offset":19732,"length":3},"_isQuantized":null},{"__type__":"cc.animation.ExoticTrack","times":{"__type__":"TypedArrayRef","ctor":"Float32Array","offset":19744,"length":49},"values":{"__id__":146}},{"__type__":"cc.animation.ExoticQuatTrackValues","_values":{"__type__":"TypedArrayRef","ctor":"Float32Array","offset":19940,"length":196},"_isQuantized":null},{"__type__":"cc.animation.ExoticTrack","times":{"__type__":"TypedArrayRef","ctor":"Float32Array","offset":20724,"length":1},"values":{"__id__":148}},{"__type__":"cc.animation.ExoticVec3TrackValues","_values":{"__type__":"TypedArrayRef","ctor":"Float32Array","offset":20728,"length":3},"_isQuantized":null},{"__type__":"cc.animation.ExoticNodeAnimation","_path":"Armature/Root/thug.R","_position":{"__id__":150},"_rotation":{"__id__":152},"_scale":{"__id__":154}},{"__type__":"cc.animation.ExoticTrack","times":{"__type__":"TypedArrayRef","ctor":"Float32Array","offset":20740,"length":1},"values":{"__id__":151}},{"__type__":"cc.animation.ExoticVec3TrackValues","_values":{"__type__":"TypedArrayRef","ctor":"Float32Array","offset":20744,"length":3},"_isQuantized":null},{"__type__":"cc.animation.ExoticTrack","times":{"__type__":"TypedArrayRef","ctor":"Float32Array","offset":20756,"length":49},"values":{"__id__":153}},{"__type__":"cc.animation.ExoticQuatTrackValues","_values":{"__type__":"TypedArrayRef","ctor":"Float32Array","offset":20952,"length":196},"_isQuantized":null},{"__type__":"cc.animation.ExoticTrack","times":{"__type__":"TypedArrayRef","ctor":"Float32Array","offset":21736,"length":1},"values":{"__id__":155}},{"__type__":"cc.animation.ExoticVec3TrackValues","_values":{"__type__":"TypedArrayRef","ctor":"Float32Array","offset":21740,"length":3},"_isQuantized":null},{"__type__":"cc.animation.ExoticNodeAnimation","_path":"Armature/Root/thug.R/leg.R","_position":{"__id__":157},"_rotation":{"__id__":159},"_scale":{"__id__":161}},{"__type__":"cc.animation.ExoticTrack","times":{"__type__":"TypedArrayRef","ctor":"Float32Array","offset":21752,"length":1},"values":{"__id__":158}},{"__type__":"cc.animation.ExoticVec3TrackValues","_values":{"__type__":"TypedArrayRef","ctor":"Float32Array","offset":21756,"length":3},"_isQuantized":null},{"__type__":"cc.animation.ExoticTrack","times":{"__type__":"TypedArrayRef","ctor":"Float32Array","offset":21768,"length":49},"values":{"__id__":160}},{"__type__":"cc.animation.ExoticQuatTrackValues","_values":{"__type__":"TypedArrayRef","ctor":"Float32Array","offset":21964,"length":196},"_isQuantized":null},{"__type__":"cc.animation.ExoticTrack","times":{"__type__":"TypedArrayRef","ctor":"Float32Array","offset":22748,"length":1},"values":{"__id__":162}},{"__type__":"cc.animation.ExoticVec3TrackValues","_values":{"__type__":"TypedArrayRef","ctor":"Float32Array","offset":22752,"length":3},"_isQuantized":null},{"__type__":"cc.animation.ExoticNodeAnimation","_path":"Armature/Root/thug.R/leg.R/foot.R","_position":{"__id__":164},"_rotation":{"__id__":166},"_scale":{"__id__":168}},{"__type__":"cc.animation.ExoticTrack","times":{"__type__":"TypedArrayRef","ctor":"Float32Array","offset":22764,"length":1},"values":{"__id__":165}},{"__type__":"cc.animation.ExoticVec3TrackValues","_values":{"__type__":"TypedArrayRef","ctor":"Float32Array","offset":22768,"length":3},"_isQuantized":null},{"__type__":"cc.animation.ExoticTrack","times":{"__type__":"TypedArrayRef","ctor":"Float32Array","offset":22780,"length":49},"values":{"__id__":167}},{"__type__":"cc.animation.ExoticQuatTrackValues","_values":{"__type__":"TypedArrayRef","ctor":"Float32Array","offset":22976,"length":196},"_isQuantized":null},{"__type__":"cc.animation.ExoticTrack","times":{"__type__":"TypedArrayRef","ctor":"Float32Array","offset":23760,"length":1},"values":{"__id__":169}},{"__type__":"cc.animation.ExoticVec3TrackValues","_values":{"__type__":"TypedArrayRef","ctor":"Float32Array","offset":23764,"length":3},"_isQuantized":null},{"__type__":"cc.animation.ExoticNodeAnimation","_path":"Armature/Root/chest/shoulder.L/arm.L/hand.L/finger1.L/finger1.L_end","_position":{"__id__":171},"_rotation":{"__id__":173},"_scale":{"__id__":175}},{"__type__":"cc.animation.ExoticTrack","times":{"__type__":"TypedArrayRef","ctor":"Float32Array","offset":23776,"length":1},"values":{"__id__":172}},{"__type__":"cc.animation.ExoticVec3TrackValues","_values":{"__type__":"TypedArrayRef","ctor":"Float32Array","offset":23780,"length":3},"_isQuantized":null},{"__type__":"cc.animation.ExoticTrack","times":{"__type__":"TypedArrayRef","ctor":"Float32Array","offset":23792,"length":1},"values":{"__id__":174}},{"__type__":"cc.animation.ExoticQuatTrackValues","_values":{"__type__":"TypedArrayRef","ctor":"Float32Array","offset":23796,"length":4},"_isQuantized":null},{"__type__":"cc.animation.ExoticTrack","times":{"__type__":"TypedArrayRef","ctor":"Float32Array","offset":23812,"length":1},"values":{"__id__":176}},{"__type__":"cc.animation.ExoticVec3TrackValues","_values":{"__type__":"TypedArrayRef","ctor":"Float32Array","offset":23816,"length":3},"_isQuantized":null},{"__type__":"cc.animation.ExoticNodeAnimation","_path":"Armature/Root/chest/shoulder.L/arm.L/hand.L/finger2.L/finger2.L_end","_position":{"__id__":178},"_rotation":{"__id__":180},"_scale":{"__id__":182}},{"__type__":"cc.animation.ExoticTrack","times":{"__type__":"TypedArrayRef","ctor":"Float32Array","offset":23828,"length":1},"values":{"__id__":179}},{"__type__":"cc.animation.ExoticVec3TrackValues","_values":{"__type__":"TypedArrayRef","ctor":"Float32Array","offset":23832,"length":3},"_isQuantized":null},{"__type__":"cc.animation.ExoticTrack","times":{"__type__":"TypedArrayRef","ctor":"Float32Array","offset":23844,"length":1},"values":{"__id__":181}},{"__type__":"cc.animation.ExoticQuatTrackValues","_values":{"__type__":"TypedArrayRef","ctor":"Float32Array","offset":23848,"length":4},"_isQuantized":null},{"__type__":"cc.animation.ExoticTrack","times":{"__type__":"TypedArrayRef","ctor":"Float32Array","offset":23864,"length":1},"values":{"__id__":183}},{"__type__":"cc.animation.ExoticVec3TrackValues","_values":{"__type__":"TypedArrayRef","ctor":"Float32Array","offset":23868,"length":3},"_isQuantized":null},{"__type__":"cc.animation.ExoticNodeAnimation","_path":"Armature/Root/chest/shoulder.L/arm.L/hand.L/finger3.L/finger3.L_end","_position":{"__id__":185},"_rotation":{"__id__":187},"_scale":{"__id__":189}},{"__type__":"cc.animation.ExoticTrack","times":{"__type__":"TypedArrayRef","ctor":"Float32Array","offset":23880,"length":1},"values":{"__id__":186}},{"__type__":"cc.animation.ExoticVec3TrackValues","_values":{"__type__":"TypedArrayRef","ctor":"Float32Array","offset":23884,"length":3},"_isQuantized":null},{"__type__":"cc.animation.ExoticTrack","times":{"__type__":"TypedArrayRef","ctor":"Float32Array","offset":23896,"length":1},"values":{"__id__":188}},{"__type__":"cc.animation.ExoticQuatTrackValues","_values":{"__type__":"TypedArrayRef","ctor":"Float32Array","offset":23900,"length":4},"_isQuantized":null},{"__type__":"cc.animation.ExoticTrack","times":{"__type__":"TypedArrayRef","ctor":"Float32Array","offset":23916,"length":1},"values":{"__id__":190}},{"__type__":"cc.animation.ExoticVec3TrackValues","_values":{"__type__":"TypedArrayRef","ctor":"Float32Array","offset":23920,"length":3},"_isQuantized":null},{"__type__":"cc.animation.ExoticNodeAnimation","_path":"Armature/Root/chest/shoulder.L/arm.L/hand.L/finger4.L/finger4.L_end","_position":{"__id__":192},"_rotation":{"__id__":194},"_scale":{"__id__":196}},{"__type__":"cc.animation.ExoticTrack","times":{"__type__":"TypedArrayRef","ctor":"Float32Array","offset":23932,"length":1},"values":{"__id__":193}},{"__type__":"cc.animation.ExoticVec3TrackValues","_values":{"__type__":"TypedArrayRef","ctor":"Float32Array","offset":23936,"length":3},"_isQuantized":null},{"__type__":"cc.animation.ExoticTrack","times":{"__type__":"TypedArrayRef","ctor":"Float32Array","offset":23948,"length":1},"values":{"__id__":195}},{"__type__":"cc.animation.ExoticQuatTrackValues","_values":{"__type__":"TypedArrayRef","ctor":"Float32Array","offset":23952,"length":4},"_isQuantized":null},{"__type__":"cc.animation.ExoticTrack","times":{"__type__":"TypedArrayRef","ctor":"Float32Array","offset":23968,"length":1},"values":{"__id__":197}},{"__type__":"cc.animation.ExoticVec3TrackValues","_values":{"__type__":"TypedArrayRef","ctor":"Float32Array","offset":23972,"length":3},"_isQuantized":null},{"__type__":"cc.animation.ExoticNodeAnimation","_path":"Armature/Root/chest/head/head_end","_position":{"__id__":199},"_rotation":{"__id__":201},"_scale":{"__id__":203}},{"__type__":"cc.animation.ExoticTrack","times":{"__type__":"TypedArrayRef","ctor":"Float32Array","offset":23984,"length":1},"values":{"__id__":200}},{"__type__":"cc.animation.ExoticVec3TrackValues","_values":{"__type__":"TypedArrayRef","ctor":"Float32Array","offset":23988,"length":3},"_isQuantized":null},{"__type__":"cc.animation.ExoticTrack","times":{"__type__":"TypedArrayRef","ctor":"Float32Array","offset":24000,"length":1},"values":{"__id__":202}},{"__type__":"cc.animation.ExoticQuatTrackValues","_values":{"__type__":"TypedArrayRef","ctor":"Float32Array","offset":24004,"length":4},"_isQuantized":null},{"__type__":"cc.animation.ExoticTrack","times":{"__type__":"TypedArrayRef","ctor":"Float32Array","offset":24020,"length":1},"values":{"__id__":204}},{"__type__":"cc.animation.ExoticVec3TrackValues","_values":{"__type__":"TypedArrayRef","ctor":"Float32Array","offset":24024,"length":3},"_isQuantized":null},{"__type__":"cc.animation.ExoticNodeAnimation","_path":"Armature/Root/chest/shoulder.R/arm.R/hand.R/finger1.R/finger1.R_end","_position":{"__id__":206},"_rotation":{"__id__":208},"_scale":{"__id__":210}},{"__type__":"cc.animation.ExoticTrack","times":{"__type__":"TypedArrayRef","ctor":"Float32Array","offset":24036,"length":1},"values":{"__id__":207}},{"__type__":"cc.animation.ExoticVec3TrackValues","_values":{"__type__":"TypedArrayRef","ctor":"Float32Array","offset":24040,"length":3},"_isQuantized":null},{"__type__":"cc.animation.ExoticTrack","times":{"__type__":"TypedArrayRef","ctor":"Float32Array","offset":24052,"length":1},"values":{"__id__":209}},{"__type__":"cc.animation.ExoticQuatTrackValues","_values":{"__type__":"TypedArrayRef","ctor":"Float32Array","offset":24056,"length":4},"_isQuantized":null},{"__type__":"cc.animation.ExoticTrack","times":{"__type__":"TypedArrayRef","ctor":"Float32Array","offset":24072,"length":1},"values":{"__id__":211}},{"__type__":"cc.animation.ExoticVec3TrackValues","_values":{"__type__":"TypedArrayRef","ctor":"Float32Array","offset":24076,"length":3},"_isQuantized":null},{"__type__":"cc.animation.ExoticNodeAnimation","_path":"Armature/Root/chest/shoulder.R/arm.R/hand.R/finger2.R/finger2.R_end","_position":{"__id__":213},"_rotation":{"__id__":215},"_scale":{"__id__":217}},{"__type__":"cc.animation.ExoticTrack","times":{"__type__":"TypedArrayRef","ctor":"Float32Array","offset":24088,"length":1},"values":{"__id__":214}},{"__type__":"cc.animation.ExoticVec3TrackValues","_values":{"__type__":"TypedArrayRef","ctor":"Float32Array","offset":24092,"length":3},"_isQuantized":null},{"__type__":"cc.animation.ExoticTrack","times":{"__type__":"TypedArrayRef","ctor":"Float32Array","offset":24104,"length":1},"values":{"__id__":216}},{"__type__":"cc.animation.ExoticQuatTrackValues","_values":{"__type__":"TypedArrayRef","ctor":"Float32Array","offset":24108,"length":4},"_isQuantized":null},{"__type__":"cc.animation.ExoticTrack","times":{"__type__":"TypedArrayRef","ctor":"Float32Array","offset":24124,"length":1},"values":{"__id__":218}},{"__type__":"cc.animation.ExoticVec3TrackValues","_values":{"__type__":"TypedArrayRef","ctor":"Float32Array","offset":24128,"length":3},"_isQuantized":null},{"__type__":"cc.animation.ExoticNodeAnimation","_path":"Armature/Root/chest/shoulder.R/arm.R/hand.R/finger3.R/finger3.R_end","_position":{"__id__":220},"_rotation":{"__id__":222},"_scale":{"__id__":224}},{"__type__":"cc.animation.ExoticTrack","times":{"__type__":"TypedArrayRef","ctor":"Float32Array","offset":24140,"length":1},"values":{"__id__":221}},{"__type__":"cc.animation.ExoticVec3TrackValues","_values":{"__type__":"TypedArrayRef","ctor":"Float32Array","offset":24144,"length":3},"_isQuantized":null},{"__type__":"cc.animation.ExoticTrack","times":{"__type__":"TypedArrayRef","ctor":"Float32Array","offset":24156,"length":1},"values":{"__id__":223}},{"__type__":"cc.animation.ExoticQuatTrackValues","_values":{"__type__":"TypedArrayRef","ctor":"Float32Array","offset":24160,"length":4},"_isQuantized":null},{"__type__":"cc.animation.ExoticTrack","times":{"__type__":"TypedArrayRef","ctor":"Float32Array","offset":24176,"length":1},"values":{"__id__":225}},{"__type__":"cc.animation.ExoticVec3TrackValues","_values":{"__type__":"TypedArrayRef","ctor":"Float32Array","offset":24180,"length":3},"_isQuantized":null},{"__type__":"cc.animation.ExoticNodeAnimation","_path":"Armature/Root/chest/shoulder.R/arm.R/hand.R/finger4.R/finger4.R_end","_position":{"__id__":227},"_rotation":{"__id__":229},"_scale":{"__id__":231}},{"__type__":"cc.animation.ExoticTrack","times":{"__type__":"TypedArrayRef","ctor":"Float32Array","offset":24192,"length":1},"values":{"__id__":228}},{"__type__":"cc.animation.ExoticVec3TrackValues","_values":{"__type__":"TypedArrayRef","ctor":"Float32Array","offset":24196,"length":3},"_isQuantized":null},{"__type__":"cc.animation.ExoticTrack","times":{"__type__":"TypedArrayRef","ctor":"Float32Array","offset":24208,"length":1},"values":{"__id__":230}},{"__type__":"cc.animation.ExoticQuatTrackValues","_values":{"__type__":"TypedArrayRef","ctor":"Float32Array","offset":24212,"length":4},"_isQuantized":null},{"__type__":"cc.animation.ExoticTrack","times":{"__type__":"TypedArrayRef","ctor":"Float32Array","offset":24228,"length":1},"values":{"__id__":232}},{"__type__":"cc.animation.ExoticVec3TrackValues","_values":{"__type__":"TypedArrayRef","ctor":"Float32Array","offset":24232,"length":3},"_isQuantized":null},{"__type__":"cc.animation.ExoticNodeAnimation","_path":"Armature/Root/thug.L/leg..L/foot.L/foot.L_end","_position":{"__id__":234},"_rotation":{"__id__":236},"_scale":{"__id__":238}},{"__type__":"cc.animation.ExoticTrack","times":{"__type__":"TypedArrayRef","ctor":"Float32Array","offset":24244,"length":1},"values":{"__id__":235}},{"__type__":"cc.animation.ExoticVec3TrackValues","_values":{"__type__":"TypedArrayRef","ctor":"Float32Array","offset":24248,"length":3},"_isQuantized":null},{"__type__":"cc.animation.ExoticTrack","times":{"__type__":"TypedArrayRef","ctor":"Float32Array","offset":24260,"length":1},"values":{"__id__":237}},{"__type__":"cc.animation.ExoticQuatTrackValues","_values":{"__type__":"TypedArrayRef","ctor":"Float32Array","offset":24264,"length":4},"_isQuantized":null},{"__type__":"cc.animation.ExoticTrack","times":{"__type__":"TypedArrayRef","ctor":"Float32Array","offset":24280,"length":1},"values":{"__id__":239}},{"__type__":"cc.animation.ExoticVec3TrackValues","_values":{"__type__":"TypedArrayRef","ctor":"Float32Array","offset":24284,"length":3},"_isQuantized":null},{"__type__":"cc.animation.ExoticNodeAnimation","_path":"Armature/Root/thug.R/leg.R/foot.R/foot.R_end","_position":{"__id__":241},"_rotation":{"__id__":243},"_scale":{"__id__":245}},{"__type__":"cc.animation.ExoticTrack","times":{"__type__":"TypedArrayRef","ctor":"Float32Array","offset":24296,"length":1},"values":{"__id__":242}},{"__type__":"cc.animation.ExoticVec3TrackValues","_values":{"__type__":"TypedArrayRef","ctor":"Float32Array","offset":24300,"length":3},"_isQuantized":null},{"__type__":"cc.animation.ExoticTrack","times":{"__type__":"TypedArrayRef","ctor":"Float32Array","offset":24312,"length":1},"values":{"__id__":244}},{"__type__":"cc.animation.ExoticQuatTrackValues","_values":{"__type__":"TypedArrayRef","ctor":"Float32Array","offset":24316,"length":4},"_isQuantized":null},{"__type__":"cc.animation.ExoticTrack","times":{"__type__":"TypedArrayRef","ctor":"Float32Array","offset":24332,"length":1},"values":{"__id__":246}},{"__type__":"cc.animation.ExoticVec3TrackValues","_values":{"__type__":"TypedArrayRef","ctor":"Float32Array","offset":24336,"length":3},"_isQuantized":null}],"chunks":[".bin"]}
