{"version":1,"document":[{"__type__":"cc.AnimationClip","_name":"lv4-walk","_objFlags":0,"_native":"","sample":60,"speed":1,"wrapMode":2,"enableTrsBlending":false,"_duration":0.85,"_hash":500763545,"_tracks":[{"__id__":1}],"_exoticAnimation":null,"_events":[]},{"__type__":"cc.animation.ObjectTrack","_binding":{"__type__":"cc.animation.TrackBinding","path":{"__id__":2}},"_channel":{"__id__":4}},{"__type__":"cc.animation.TrackPath","_paths":[{"__id__":3},"spriteFrame"]},{"__type__":"cc.animation.ComponentPath","component":"cc.Sprite"},{"__type__":"cc.animation.Channel","_curve":{"__id__":5}},{"__type__":"cc.ObjectCurve","_times":[0,0.16666666666666666,0.3333333333333333,0.5,0.6666666666666666,0.8333333333333334],"_values":[{"__uuid__":"d77b66ce-159e-47a6-ac82-658e3d254f7e@f9941","__expectedType__":"cc.Asset"},{"__uuid__":"13dd15d0-7f71-4f4b-8ab8-493ed9a285b4@f9941","__expectedType__":"cc.Asset"},{"__uuid__":"7210490f-e60e-4a4c-86fb-3c7b49526cb7@f9941","__expectedType__":"cc.Asset"},{"__uuid__":"4d2b19c0-1b0c-4179-b3d2-9a1c74c00575@f9941","__expectedType__":"cc.Asset"},{"__uuid__":"196556a0-6da0-4203-8579-a711c36d7528@f9941","__expectedType__":"cc.Asset"},{"__uuid__":"d8882dd3-7c81-4609-9930-107107702cbc@f9941","__expectedType__":"cc.Asset"}]}],"chunks":[]}
