[1,["a77P3dZbREWbaDQzhhpYBp@4f17a","1brw/JvvpFnIvdrxpFCgMZ"],["mainTexture","_effectAsset"],[["cc.Material",["_name","_states","_defines","_props"],0,12],["cc.Mesh",["_native","_hash","_struct"],1,11]],[[0,0,1,2,3,4],[1,0,1,2,3]],[[[[0,"Building__Instance__2",[{"rasterizerState":{},"blendState":{"targets":[{}]},"depthStencilState":{}}],[{"USE_ALBEDO_MAP":true}],[[[{},"mainTexture",6,0]],11]]],0,0,[0,0],[0,1],[0,1]],[[[0,"Building__Instance__3",[{"rasterizerState":{},"blendState":{"targets":[{}]},"depthStencilState":{}}],[{"USE_ALBEDO_MAP":true}],[[[{},"mainTexture",6,0]],11]]],0,0,[0,0],[0,1],[0,1]],[[[0,"Building__Instance__1",[{"rasterizerState":{},"blendState":{"targets":[{}]},"depthStencilState":{}}],[{"USE_ALBEDO_MAP":true}],[[[{},"mainTexture",6,0]],11]]],0,0,[0,0],[0,1],[0,1]],[[[1,".bin",1553012753,[{"primitives":[{"primitiveMode":7,"vertexBundelIndices":[0],"indexView":{"offset":229872,"length":31392,"count":7848,"stride":4}},{"primitiveMode":7,"vertexBundelIndices":[1],"indexView":{"offset":262464,"length":144,"count":36,"stride":4}},{"primitiveMode":7,"vertexBundelIndices":[2],"indexView":{"offset":263808,"length":144,"count":36,"stride":4}},{"primitiveMode":7,"vertexBundelIndices":[3],"indexView":{"offset":265152,"length":144,"count":36,"stride":4}},{"primitiveMode":7,"vertexBundelIndices":[4],"indexView":{"offset":266400,"length":132,"count":33,"stride":4}},{"primitiveMode":7,"vertexBundelIndices":[5],"indexView":{"offset":267732,"length":144,"count":36,"stride":4}},{"primitiveMode":7,"vertexBundelIndices":[6],"indexView":{"offset":270228,"length":288,"count":72,"stride":4}}],"vertexBundles":[{"view":{"offset":0,"length":229872,"count":4789,"stride":48},"attributes":[{"name":"a_position","format":32,"isNormalized":false},{"name":"a_normal","format":32,"isNormalized":false},{"name":"a_texCoord","format":21,"isNormalized":false},{"name":"a_tangent","format":44,"isNormalized":false}]},{"view":{"offset":261264,"length":1200,"count":25,"stride":48},"attributes":[{"name":"a_position","format":32,"isNormalized":false},{"name":"a_normal","format":32,"isNormalized":false},{"name":"a_texCoord","format":21,"isNormalized":false},{"name":"a_tangent","format":44,"isNormalized":false}]},{"view":{"offset":262608,"length":1200,"count":25,"stride":48},"attributes":[{"name":"a_position","format":32,"isNormalized":false},{"name":"a_normal","format":32,"isNormalized":false},{"name":"a_texCoord","format":21,"isNormalized":false},{"name":"a_tangent","format":44,"isNormalized":false}]},{"view":{"offset":263952,"length":1200,"count":25,"stride":48},"attributes":[{"name":"a_position","format":32,"isNormalized":false},{"name":"a_normal","format":32,"isNormalized":false},{"name":"a_texCoord","format":21,"isNormalized":false},{"name":"a_tangent","format":44,"isNormalized":false}]},{"view":{"offset":265296,"length":1104,"count":23,"stride":48},"attributes":[{"name":"a_position","format":32,"isNormalized":false},{"name":"a_normal","format":32,"isNormalized":false},{"name":"a_texCoord","format":21,"isNormalized":false},{"name":"a_tangent","format":44,"isNormalized":false}]},{"view":{"offset":266532,"length":1200,"count":25,"stride":48},"attributes":[{"name":"a_position","format":32,"isNormalized":false},{"name":"a_normal","format":32,"isNormalized":false},{"name":"a_texCoord","format":21,"isNormalized":false},{"name":"a_tangent","format":44,"isNormalized":false}]},{"view":{"offset":267876,"length":2352,"count":49,"stride":48},"attributes":[{"name":"a_position","format":32,"isNormalized":false},{"name":"a_normal","format":32,"isNormalized":false},{"name":"a_texCoord","format":21,"isNormalized":false},{"name":"a_tangent","format":44,"isNormalized":false}]}]},"minPosition",8,[1,-1109.4984130859375,0,-555.0133056640625],"maxPosition",8,[1,125.85089111328125,0.10000000149011612,1244.3046875]]],-1],0,0,[],[],[]],[[[0,"Building__Instance__4",[{"rasterizerState":{},"blendState":{"targets":[{}]},"depthStencilState":{}}],[{"USE_ALBEDO_MAP":true}],[[[{},"mainTexture",6,0]],11]]],0,0,[0,0],[0,1],[0,1]],[[[0,"Building",[{"rasterizerState":{},"blendState":{"targets":[{}]},"depthStencilState":{}}],[{"USE_ALBEDO_MAP":true}],[[[{},"mainTexture",6,0]],11]]],0,0,[0,0],[0,1],[0,1]],[[[0,"Building__Instance_",[{"rasterizerState":{},"blendState":{"targets":[{}]},"depthStencilState":{}}],[{"USE_ALBEDO_MAP":true}],[[[{},"mainTexture",6,0]],11]]],0,0,[0,0],[0,1],[0,1]]]]
