[1,["29/q0cMRFOMqFuY9GJv6cU@4f17a","1brw/JvvpFnIvdrxpFCgMZ","29/q0cMRFOMqFuY9GJv6cU@d4bdc","29/q0cMRFOMqFuY9GJv6cU@6a85e","29/q0cMRFOMqFuY9GJv6cU@040e2","29/q0cMRFOMqFuY9GJv6cU@2530c","29/q0cMRFOMqFuY9GJv6cU@b4a40","29/q0cMRFOMqFuY9GJv6cU@a6683","29/q0cMRFOMqFuY9GJv6cU@c780a","29/q0cMRFOMqFuY9GJv6cU@8597b"],["mainTexture","_effectAsset","root","node","data","_mesh"],[["cc.Node",["_name","_prefab","_children","_parent","_components"],2,4,2,1,9],["cc.Material",["_name","_states","_defines","_props"],0,12],["cc.Mesh",["_native","_hash","_struct"],1,11],["cc.Prefab",["_name"],2],["cc.PrefabInfo",["fileId","root","asset"],2,1,1],["cc.MeshRenderer",["node","__prefab","_materials","lightmapSettings","_mesh"],3,1,4,12,4,6],["cc.CompPrefabInfo",["fileId"],2],["cc.ModelLightmapSettings",[],3]],[[1,0,1,2,3,4],[4,0,1,2,2],[2,0,1,2,3],[3,0,2],[0,0,2,1,2],[0,0,3,4,1,2],[5,0,1,2,3,4,1],[6,0,2],[7,1]],[[[[0,"Building__Instance__2",[{"rasterizerState":{},"blendState":{"targets":[{}]},"depthStencilState":{}}],[{"USE_ALBEDO_MAP":true}],[[[{},"mainTexture",6,0]],11]]],0,0,[0,0],[0,1],[0,1]],[[[0,"Building__Instance__3",[{"rasterizerState":{},"blendState":{"targets":[{}]},"depthStencilState":{}}],[{"USE_ALBEDO_MAP":true}],[[[{},"mainTexture",6,0]],11]]],0,0,[0,0],[0,1],[0,1]],[[[0,"Building__Instance__1",[{"rasterizerState":{},"blendState":{"targets":[{}]},"depthStencilState":{}}],[{"USE_ALBEDO_MAP":true}],[[[{},"mainTexture",6,0]],11]]],0,0,[0,0],[0,1],[0,1]],[[[2,".bin",3521408271,[{"primitives":[{"primitiveMode":7,"vertexBundelIndices":[0],"indexView":{"offset":540000,"length":71904,"count":17976,"stride":4}},{"primitiveMode":7,"vertexBundelIndices":[1],"indexView":{"offset":613104,"length":144,"count":36,"stride":4}},{"primitiveMode":7,"vertexBundelIndices":[2],"indexView":{"offset":614928,"length":204,"count":51,"stride":4}},{"primitiveMode":7,"vertexBundelIndices":[3],"indexView":{"offset":618924,"length":468,"count":117,"stride":4}},{"primitiveMode":7,"vertexBundelIndices":[4],"indexView":{"offset":622896,"length":432,"count":108,"stride":4}},{"primitiveMode":7,"vertexBundelIndices":[5],"indexView":{"offset":625680,"length":288,"count":72,"stride":4}},{"primitiveMode":7,"vertexBundelIndices":[6],"indexView":{"offset":628320,"length":288,"count":72,"stride":4}},{"primitiveMode":7,"vertexBundelIndices":[7],"indexView":{"offset":629808,"length":144,"count":36,"stride":4}}],"vertexBundles":[{"view":{"offset":0,"length":540000,"count":11250,"stride":48},"attributes":[{"name":"a_position","format":32,"isNormalized":false},{"name":"a_normal","format":32,"isNormalized":false},{"name":"a_texCoord","format":21,"isNormalized":false},{"name":"a_tangent","format":44,"isNormalized":false}]},{"view":{"offset":611904,"length":1200,"count":25,"stride":48},"attributes":[{"name":"a_position","format":32,"isNormalized":false},{"name":"a_normal","format":32,"isNormalized":false},{"name":"a_texCoord","format":21,"isNormalized":false},{"name":"a_tangent","format":44,"isNormalized":false}]},{"view":{"offset":613248,"length":1680,"count":35,"stride":48},"attributes":[{"name":"a_position","format":32,"isNormalized":false},{"name":"a_normal","format":32,"isNormalized":false},{"name":"a_texCoord","format":21,"isNormalized":false},{"name":"a_tangent","format":44,"isNormalized":false}]},{"view":{"offset":615132,"length":3792,"count":79,"stride":48},"attributes":[{"name":"a_position","format":32,"isNormalized":false},{"name":"a_normal","format":32,"isNormalized":false},{"name":"a_texCoord","format":21,"isNormalized":false},{"name":"a_tangent","format":44,"isNormalized":false}]},{"view":{"offset":619392,"length":3504,"count":73,"stride":48},"attributes":[{"name":"a_position","format":32,"isNormalized":false},{"name":"a_normal","format":32,"isNormalized":false},{"name":"a_texCoord","format":21,"isNormalized":false},{"name":"a_tangent","format":44,"isNormalized":false}]},{"view":{"offset":623328,"length":2352,"count":49,"stride":48},"attributes":[{"name":"a_position","format":32,"isNormalized":false},{"name":"a_normal","format":32,"isNormalized":false},{"name":"a_texCoord","format":21,"isNormalized":false},{"name":"a_tangent","format":44,"isNormalized":false}]},{"view":{"offset":625968,"length":2352,"count":49,"stride":48},"attributes":[{"name":"a_position","format":32,"isNormalized":false},{"name":"a_normal","format":32,"isNormalized":false},{"name":"a_texCoord","format":21,"isNormalized":false},{"name":"a_tangent","format":44,"isNormalized":false}]},{"view":{"offset":628608,"length":1200,"count":25,"stride":48},"attributes":[{"name":"a_position","format":32,"isNormalized":false},{"name":"a_normal","format":32,"isNormalized":false},{"name":"a_texCoord","format":21,"isNormalized":false},{"name":"a_tangent","format":44,"isNormalized":false}]}]},"minPosition",8,[1,-3653.4697265625,0,-557.1476440429688],"maxPosition",8,[1,731.0630493164062,0.10000000149011612,2128.3828125]]],-1],0,0,[],[],[]],[[[0,"Building__Instance__5",[{"rasterizerState":{},"blendState":{"targets":[{}]},"depthStencilState":{}}],[{"USE_ALBEDO_MAP":true}],[[[{},"mainTexture",6,0]],11]]],0,0,[0,0],[0,1],[0,1]],[[[0,"Building__Instance__4",[{"rasterizerState":{},"blendState":{"targets":[{}]},"depthStencilState":{}}],[{"USE_ALBEDO_MAP":true}],[[[{},"mainTexture",6,0]],11]]],0,0,[0,0],[0,1],[0,1]],[[[0,"Building",[{"rasterizerState":{},"blendState":{"targets":[{}]},"depthStencilState":{}}],[{"USE_ALBEDO_MAP":true}],[[[{},"mainTexture",6,0]],11]]],0,0,[0,0],[0,1],[0,1]],[[[0,"Building__Instance_",[{"rasterizerState":{},"blendState":{"targets":[{}]},"depthStencilState":{}}],[{"USE_ALBEDO_MAP":true}],[[[{},"mainTexture",6,0]],11]]],0,0,[0,0],[0,1],[0,1]],[[[3,"tile_52196_30802"],[4,"tile_52196_30802",[-2],[1,"9dMNiIwAReCIvMNUxUBa/o",-1,0]],[5,"tile_52196_30802",1,[[6,-3,[7,"efCsGQYnRQno0xdllcmOGb"],[[0,1,2,3,4,5,6,null],6,6,6,6,6,6,6,0],[8],7]],[1,"cfsOUcJqVbxqOdinQRD6wH",1,0]]],0,[0,2,1,0,-1,2,0,3,2,0,4,1,3],[0,0,0,0,0,0,0,0],[-1,-2,-3,-4,-5,-6,-7,5],[2,3,4,5,6,7,8,9]]]]
