{
    "importBase": "import",
    "nativeBase": "native",
    "name": "main",
    "deps": [
        "resources"
    ],
    "uuids": [
        "8fadccb7-f4df-4f71-a8f6-aeab13ccf749",
        "b7d7e019-4548-4583-ba8b-33fc843ce37b",
        "bfa62f9b-d8b5-4f33-bc2f-410805a262bb",
        "c629455f-0b0f-406e-b431-06a2113fb87c",
        "d85a31e1-a7e9-499e-a497-6eef4de0be26",
        "fd8ec536-a354-4a17-9c74-4f3883c378c8"
    ],
    "paths": {
        "fd8ec536-a354-4a17-9c74-4f3883c378c8": [
            "db:/internal/default_renderpipeline/builtin-forward",
            "cc.RenderPipeline"
        ]
    },
    "scenes": {
        "db://assets/scenes/Main.scene": "c629455f-0b0f-406e-b431-06a2113fb87c",
        "db://assets/scenes/custom.scene": "d85a31e1-a7e9-499e-a497-6eef4de0be26"
    },
    "packs": {},
    "versions": {
        "import": [],
        "native": []
    },
    "redirect": [
        "8fadccb7-f4df-4f71-a8f6-aeab13ccf749",
        "0",
        "b7d7e019-4548-4583-ba8b-33fc843ce37b",
        "0",
        "bfa62f9b-d8b5-4f33-bc2f-410805a262bb",
        "0"
    ],
    "debug": true,
    "extensionMap": {}
}