[1,["1baf0fc9-befa-459c-8bdd-af1a450a0319","d193c271-6e94-4589-905d-147c5fc8c6bb@57fd9","d193c271-6e94-4589-905d-147c5fc8c6bb@6bd96","d193c271-6e94-4589-905d-147c5fc8c6bb@6cd20","d193c271-6e94-4589-905d-147c5fc8c6bb@cc75d","d193c271-6e94-4589-905d-147c5fc8c6bb@531f8"],["node","root","_effectAsset","data","asset","_mesh"],[["cc.Node",["_name","_layer","_objFlags","__editorExtras__","_prefab","_children","_components","_parent","_lscale"],-1,4,2,9,1,5],["cc.Prefab",["_name"],2],["cc.PrefabInfo",["fileId","root","asset","nestedPrefabInstanceRoots"],2,1,1,2],["cc.BoxCollider",["_isTrigger","node","__prefab","_center","_size"],2,1,4,5,5],["cc.CompPrefabInfo",["fileId"],2],["d29ecftG0hEILH173Y9QJzY",["node","__prefab"],3,1,4],["eddd4lxbtdOHrEJO75AcVdI",["node","__prefab","direction"],3,1,4,5],["cc.PrefabInfo",["fileId","root","instance","asset"],2,1,4,6],["cc.TargetInfo",["localID"],2],["cc.PrefabInstance",["fileId","prefabRootNode","propertyOverrides"],2,1,9],["CCPropertyOverrideInfo",["value","propertyPath","targetInfo"],1,1],["CCPropertyOverrideInfo",["propertyPath","targetInfo","value"],2,1,8],["cc.Mesh",["_native","_hash","_struct"],1,11],["cc.MeshRenderer",["node","__prefab","_materials","lightmapSettings","_mesh"],3,1,4,3,4,6],["cc.ModelLightmapSettings",[],3],["cc.Material",["_name","_states","_defines","_props"],0,12]],[[4,0,2],[11,0,1,2,2],[15,0,1,2,3,4],[2,0,1,2,2],[1,0,2],[1,1],[0,0,1,5,6,4,3],[0,2,3,7,4,3],[0,0,5,4,2],[0,0,7,6,4,8,2],[3,0,1,2,3,4,2],[5,0,1,1],[6,0,1,2,1],[2,0,1,2,3,2],[7,0,1,2,3,2],[8,0,2],[9,0,1,2,2],[10,0,1,2,3],[12,0,1,2,3],[13,0,1,2,3,4,1],[14,1]],[[[[4,"giftbox2"],[6,"giftbox2",8,[-6],[[10,true,-3,[0,"ffViLUikVPo45JIKPZb9M1"],[1,0,0.15,0],[1,0.5,0.5,0.5]],[11,-4,[0,"c0/4qE4OZJxKKb5yri8+r/"]],[12,-5,[0,"7c0EQfdR9P8qOwOaOlRIoX"],[1,0,1,0]]],[13,"c46/YsCPVOJYA4mWEpNYRx",-2,0,[-1]]],[15,["83xkTCEFVSspXZdCysdwmk"]],[7,0,null,1,[14,"83xkTCEFVSspXZdCysdwmk",-7,[16,"e3NBSQ4/9OWrNxL8RWyWLi",1,[[17,"GiftBox2",["_name"],2],[1,["_lpos"],2,[1,0,0,0]],[1,["_lrot"],2,[3,0,0,0,1]],[1,["_euler"],2,[1,0,0,0]]]],0]]],0,[0,-1,3,0,1,1,0,0,1,0,0,1,0,0,1,0,-1,3,0,1,3,0,3,1,7],[0],[4],[1]],[[[18,".bin",2358337230,[{"primitives":[{"primitiveMode":7,"vertexBundelIndices":[0],"indexView":{"offset":13536,"length":2208,"count":552,"stride":4}},{"primitiveMode":7,"vertexBundelIndices":[1],"indexView":{"offset":22656,"length":960,"count":240,"stride":4}},{"primitiveMode":7,"vertexBundelIndices":[2],"indexView":{"offset":27072,"length":432,"count":108,"stride":4}}],"vertexBundles":[{"view":{"offset":0,"length":13536,"count":282,"stride":48},"attributes":[{"name":"a_position","format":32,"isNormalized":false},{"name":"a_normal","format":32,"isNormalized":false},{"name":"a_texCoord","format":21,"isNormalized":false},{"name":"a_tangent","format":44,"isNormalized":false}]},{"view":{"offset":15744,"length":6912,"count":144,"stride":48},"attributes":[{"name":"a_position","format":32,"isNormalized":false},{"name":"a_normal","format":32,"isNormalized":false},{"name":"a_texCoord","format":21,"isNormalized":false},{"name":"a_tangent","format":44,"isNormalized":false}]},{"view":{"offset":23616,"length":3456,"count":72,"stride":48},"attributes":[{"name":"a_position","format":32,"isNormalized":false},{"name":"a_normal","format":32,"isNormalized":false},{"name":"a_texCoord","format":21,"isNormalized":false},{"name":"a_tangent","format":44,"isNormalized":false}]}]},"minPosition",8,[1,-0.008881964720785618,-0.011187753640115261,-0.008499999530613422],"maxPosition",8,[1,0.008881964720785618,0.011187753640115261,0.008499999530613422]]],-1],0,0,[],[],[]],[[[5],[8,"GiftBox2",[-2],[3,"83xkTCEFVSspXZdCysdwmk",-1,0]],[9,"giftbox",1,[[19,-3,[0,"7dQdkJEgdV74kEtuX4C9Gw"],[0,1,2],[20],3]],[3,"bderE3A8VbZ7XODd6G0B24",1,0],[1,21.2810001373291,21.2810001373291,21.2810001373291]]],0,[0,1,1,0,-1,2,0,0,2,0,3,1,3],[0,0,0,0],[-1,-2,-3,5],[2,3,4,5]],[[[2,"Lowpoly_Christmas_Pack_04_phong2",[{"rasterizerState":{},"blendState":{"targets":[{}]},"depthStencilState":{}}],[{}],[[[{},"albedoScale",8,[1,0.5270000100135803,0,0]]],11]]],0,0,[0],[2],[0]],[[[2,"Lowpoly_Christmas_Pack_04_phong3",[{"rasterizerState":{},"blendState":{"targets":[{}]},"depthStencilState":{}}],[{}],[[[{},"albedoScale",8,[1,0,0.429579496383667,0.6570000052452087]]],11]]],0,0,[0],[2],[0]],[[[2,"Lowpoly_Christmas_Pack_04_phong5",[{"rasterizerState":{},"blendState":{"targets":[{}]},"depthStencilState":{}}],[{}],[[[{},"albedoScale",8,[1,1,0.7042297720909119,0.23100000619888306]]],11]]],0,0,[0],[2],[0]]]]
