[1,["1baf0fc9-befa-459c-8bdd-af1a450a0319","caecdf99-7489-41ae-9e88-744462c107eb@4f17a","caecdf99-7489-41ae-9e88-744462c107eb@71b9e","caecdf99-7489-41ae-9e88-744462c107eb@05a41"],["mainTexture","_effectAsset","emissiveMap"],[["cc.Material",["_name","_states","_defines","_props"],0,12],["cc.Mesh",["_native","_hash","_struct"],1,11]],[[0,0,1,2,3,4],[1,0,1,2,3]],[[[[0,"christmas_chain",[{"rasterizerState":{},"blendState":{"targets":[{}]},"depthStencilState":{}}],[{"USE_ALBEDO_MAP":true,"USE_EMISSIVE_MAP":true}],[[[{},"emissive",8,[2,1,1,1,1],"emissiveScale",8,[2,1,1,1,1],"mainTexture",6,0,"emissiveMap",6,1]],11]]],0,0,[0,0,0],[0,2,1],[1,2,0]],[[[1,".bin",4182249278,[{"primitives":[{"primitiveMode":7,"vertexBundelIndices":[0],"indexView":{"offset":29952,"length":5736,"count":1434,"stride":4}},{"primitiveMode":7,"vertexBundelIndices":[1],"indexView":{"offset":40920,"length":1752,"count":438,"stride":4}}],"vertexBundles":[{"view":{"offset":0,"length":29952,"count":624,"stride":48},"attributes":[{"name":"a_position","format":32,"isNormalized":false},{"name":"a_normal","format":32,"isNormalized":false},{"name":"a_texCoord","format":21,"isNormalized":false},{"name":"a_tangent","format":44,"isNormalized":false}]},{"view":{"offset":35688,"length":5232,"count":109,"stride":48},"attributes":[{"name":"a_position","format":32,"isNormalized":false},{"name":"a_normal","format":32,"isNormalized":false},{"name":"a_texCoord","format":21,"isNormalized":false},{"name":"a_tangent","format":44,"isNormalized":false}]}]},"minPosition",8,[1,-0.8657612204551697,4.577636616431846e-7,-1.2209655046463013],"maxPosition",8,[1,1.062936782836914,4.038137435913086,0.7780827283859253]]],-1],0,0,[],[],[]],[[[0,"tree_snow",[{"rasterizerState":{},"blendState":{"targets":[{}]},"depthStencilState":{}}],[{"USE_ALBEDO_MAP":true}],[[[{},"mainTexture",6,0]],11]]],0,0,[0,0],[0,1],[3,0]]]]
