{"version":1,"document":[{"__type__":"cc.AnimationClip","_name":"Victory2","_objFlags":0,"_native":"","sample":30,"speed":1,"wrapMode":2,"enableTrsBlending":true,"_duration":5.433333396911621,"_hash":3900196086,"_tracks":[],"_exoticAnimation":{"__id__":1},"_events":[]},{"__type__":"cc.animation.ExoticAnimation","_nodeAnimations":[{"__id__":2},{"__id__":9},{"__id__":16},{"__id__":23},{"__id__":30},{"__id__":37},{"__id__":44},{"__id__":51},{"__id__":58},{"__id__":65},{"__id__":72},{"__id__":79},{"__id__":86},{"__id__":93},{"__id__":100},{"__id__":107},{"__id__":114},{"__id__":121},{"__id__":128},{"__id__":135},{"__id__":142},{"__id__":149},{"__id__":156},{"__id__":163},{"__id__":170},{"__id__":177},{"__id__":184},{"__id__":191},{"__id__":198},{"__id__":205},{"__id__":212},{"__id__":219},{"__id__":226},{"__id__":233},{"__id__":240},{"__id__":247},{"__id__":254},{"__id__":261},{"__id__":268},{"__id__":275},{"__id__":282},{"__id__":289},{"__id__":296},{"__id__":303},{"__id__":310},{"__id__":317},{"__id__":324},{"__id__":331},{"__id__":338},{"__id__":345},{"__id__":352},{"__id__":359},{"__id__":366},{"__id__":373},{"__id__":380},{"__id__":387},{"__id__":394},{"__id__":401},{"__id__":408},{"__id__":415},{"__id__":422},{"__id__":429},{"__id__":436},{"__id__":443},{"__id__":450}]},{"__type__":"cc.animation.ExoticNodeAnimation","_path":"mixamorig:Hips","_position":{"__id__":3},"_rotation":{"__id__":5},"_scale":{"__id__":7}},{"__type__":"cc.animation.ExoticTrack","times":{"__type__":"TypedArrayRef","ctor":"Float32Array","offset":0,"length":164},"values":{"__id__":4}},{"__type__":"cc.animation.ExoticVec3TrackValues","_values":{"__type__":"TypedArrayRef","ctor":"Float32Array","offset":656,"length":492},"_isQuantized":null},{"__type__":"cc.animation.ExoticTrack","times":{"__type__":"TypedArrayRef","ctor":"Float32Array","offset":2624,"length":164},"values":{"__id__":6}},{"__type__":"cc.animation.ExoticQuatTrackValues","_values":{"__type__":"TypedArrayRef","ctor":"Float32Array","offset":3280,"length":656},"_isQuantized":null},{"__type__":"cc.animation.ExoticTrack","times":{"__type__":"TypedArrayRef","ctor":"Float32Array","offset":5904,"length":1},"values":{"__id__":8}},{"__type__":"cc.animation.ExoticVec3TrackValues","_values":{"__type__":"TypedArrayRef","ctor":"Float32Array","offset":5908,"length":3},"_isQuantized":null},{"__type__":"cc.animation.ExoticNodeAnimation","_path":"mixamorig:Hips/mixamorig:Spine","_position":{"__id__":10},"_rotation":{"__id__":12},"_scale":{"__id__":14}},{"__type__":"cc.animation.ExoticTrack","times":{"__type__":"TypedArrayRef","ctor":"Float32Array","offset":5920,"length":1},"values":{"__id__":11}},{"__type__":"cc.animation.ExoticVec3TrackValues","_values":{"__type__":"TypedArrayRef","ctor":"Float32Array","offset":5924,"length":3},"_isQuantized":null},{"__type__":"cc.animation.ExoticTrack","times":{"__type__":"TypedArrayRef","ctor":"Float32Array","offset":5936,"length":164},"values":{"__id__":13}},{"__type__":"cc.animation.ExoticQuatTrackValues","_values":{"__type__":"TypedArrayRef","ctor":"Float32Array","offset":6592,"length":656},"_isQuantized":null},{"__type__":"cc.animation.ExoticTrack","times":{"__type__":"TypedArrayRef","ctor":"Float32Array","offset":9216,"length":1},"values":{"__id__":15}},{"__type__":"cc.animation.ExoticVec3TrackValues","_values":{"__type__":"TypedArrayRef","ctor":"Float32Array","offset":9220,"length":3},"_isQuantized":null},{"__type__":"cc.animation.ExoticNodeAnimation","_path":"mixamorig:Hips/mixamorig:Spine/mixamorig:Spine1","_position":{"__id__":17},"_rotation":{"__id__":19},"_scale":{"__id__":21}},{"__type__":"cc.animation.ExoticTrack","times":{"__type__":"TypedArrayRef","ctor":"Float32Array","offset":9232,"length":1},"values":{"__id__":18}},{"__type__":"cc.animation.ExoticVec3TrackValues","_values":{"__type__":"TypedArrayRef","ctor":"Float32Array","offset":9236,"length":3},"_isQuantized":null},{"__type__":"cc.animation.ExoticTrack","times":{"__type__":"TypedArrayRef","ctor":"Float32Array","offset":9248,"length":164},"values":{"__id__":20}},{"__type__":"cc.animation.ExoticQuatTrackValues","_values":{"__type__":"TypedArrayRef","ctor":"Float32Array","offset":9904,"length":656},"_isQuantized":null},{"__type__":"cc.animation.ExoticTrack","times":{"__type__":"TypedArrayRef","ctor":"Float32Array","offset":12528,"length":1},"values":{"__id__":22}},{"__type__":"cc.animation.ExoticVec3TrackValues","_values":{"__type__":"TypedArrayRef","ctor":"Float32Array","offset":12532,"length":3},"_isQuantized":null},{"__type__":"cc.animation.ExoticNodeAnimation","_path":"mixamorig:Hips/mixamorig:Spine/mixamorig:Spine1/mixamorig:Spine2","_position":{"__id__":24},"_rotation":{"__id__":26},"_scale":{"__id__":28}},{"__type__":"cc.animation.ExoticTrack","times":{"__type__":"TypedArrayRef","ctor":"Float32Array","offset":12544,"length":1},"values":{"__id__":25}},{"__type__":"cc.animation.ExoticVec3TrackValues","_values":{"__type__":"TypedArrayRef","ctor":"Float32Array","offset":12548,"length":3},"_isQuantized":null},{"__type__":"cc.animation.ExoticTrack","times":{"__type__":"TypedArrayRef","ctor":"Float32Array","offset":12560,"length":164},"values":{"__id__":27}},{"__type__":"cc.animation.ExoticQuatTrackValues","_values":{"__type__":"TypedArrayRef","ctor":"Float32Array","offset":13216,"length":656},"_isQuantized":null},{"__type__":"cc.animation.ExoticTrack","times":{"__type__":"TypedArrayRef","ctor":"Float32Array","offset":15840,"length":1},"values":{"__id__":29}},{"__type__":"cc.animation.ExoticVec3TrackValues","_values":{"__type__":"TypedArrayRef","ctor":"Float32Array","offset":15844,"length":3},"_isQuantized":null},{"__type__":"cc.animation.ExoticNodeAnimation","_path":"mixamorig:Hips/mixamorig:Spine/mixamorig:Spine1/mixamorig:Spine2/mixamorig:Neck","_position":{"__id__":31},"_rotation":{"__id__":33},"_scale":{"__id__":35}},{"__type__":"cc.animation.ExoticTrack","times":{"__type__":"TypedArrayRef","ctor":"Float32Array","offset":15856,"length":1},"values":{"__id__":32}},{"__type__":"cc.animation.ExoticVec3TrackValues","_values":{"__type__":"TypedArrayRef","ctor":"Float32Array","offset":15860,"length":3},"_isQuantized":null},{"__type__":"cc.animation.ExoticTrack","times":{"__type__":"TypedArrayRef","ctor":"Float32Array","offset":15872,"length":164},"values":{"__id__":34}},{"__type__":"cc.animation.ExoticQuatTrackValues","_values":{"__type__":"TypedArrayRef","ctor":"Float32Array","offset":16528,"length":656},"_isQuantized":null},{"__type__":"cc.animation.ExoticTrack","times":{"__type__":"TypedArrayRef","ctor":"Float32Array","offset":19152,"length":1},"values":{"__id__":36}},{"__type__":"cc.animation.ExoticVec3TrackValues","_values":{"__type__":"TypedArrayRef","ctor":"Float32Array","offset":19156,"length":3},"_isQuantized":null},{"__type__":"cc.animation.ExoticNodeAnimation","_path":"mixamorig:Hips/mixamorig:Spine/mixamorig:Spine1/mixamorig:Spine2/mixamorig:Neck/mixamorig:Head","_position":{"__id__":38},"_rotation":{"__id__":40},"_scale":{"__id__":42}},{"__type__":"cc.animation.ExoticTrack","times":{"__type__":"TypedArrayRef","ctor":"Float32Array","offset":19168,"length":1},"values":{"__id__":39}},{"__type__":"cc.animation.ExoticVec3TrackValues","_values":{"__type__":"TypedArrayRef","ctor":"Float32Array","offset":19172,"length":3},"_isQuantized":null},{"__type__":"cc.animation.ExoticTrack","times":{"__type__":"TypedArrayRef","ctor":"Float32Array","offset":19184,"length":164},"values":{"__id__":41}},{"__type__":"cc.animation.ExoticQuatTrackValues","_values":{"__type__":"TypedArrayRef","ctor":"Float32Array","offset":19840,"length":656},"_isQuantized":null},{"__type__":"cc.animation.ExoticTrack","times":{"__type__":"TypedArrayRef","ctor":"Float32Array","offset":22464,"length":1},"values":{"__id__":43}},{"__type__":"cc.animation.ExoticVec3TrackValues","_values":{"__type__":"TypedArrayRef","ctor":"Float32Array","offset":22468,"length":3},"_isQuantized":null},{"__type__":"cc.animation.ExoticNodeAnimation","_path":"mixamorig:Hips/mixamorig:Spine/mixamorig:Spine1/mixamorig:Spine2/mixamorig:LeftShoulder","_position":{"__id__":45},"_rotation":{"__id__":47},"_scale":{"__id__":49}},{"__type__":"cc.animation.ExoticTrack","times":{"__type__":"TypedArrayRef","ctor":"Float32Array","offset":22480,"length":1},"values":{"__id__":46}},{"__type__":"cc.animation.ExoticVec3TrackValues","_values":{"__type__":"TypedArrayRef","ctor":"Float32Array","offset":22484,"length":3},"_isQuantized":null},{"__type__":"cc.animation.ExoticTrack","times":{"__type__":"TypedArrayRef","ctor":"Float32Array","offset":22496,"length":164},"values":{"__id__":48}},{"__type__":"cc.animation.ExoticQuatTrackValues","_values":{"__type__":"TypedArrayRef","ctor":"Float32Array","offset":23152,"length":656},"_isQuantized":null},{"__type__":"cc.animation.ExoticTrack","times":{"__type__":"TypedArrayRef","ctor":"Float32Array","offset":25776,"length":1},"values":{"__id__":50}},{"__type__":"cc.animation.ExoticVec3TrackValues","_values":{"__type__":"TypedArrayRef","ctor":"Float32Array","offset":25780,"length":3},"_isQuantized":null},{"__type__":"cc.animation.ExoticNodeAnimation","_path":"mixamorig:Hips/mixamorig:Spine/mixamorig:Spine1/mixamorig:Spine2/mixamorig:LeftShoulder/mixamorig:LeftArm","_position":{"__id__":52},"_rotation":{"__id__":54},"_scale":{"__id__":56}},{"__type__":"cc.animation.ExoticTrack","times":{"__type__":"TypedArrayRef","ctor":"Float32Array","offset":25792,"length":1},"values":{"__id__":53}},{"__type__":"cc.animation.ExoticVec3TrackValues","_values":{"__type__":"TypedArrayRef","ctor":"Float32Array","offset":25796,"length":3},"_isQuantized":null},{"__type__":"cc.animation.ExoticTrack","times":{"__type__":"TypedArrayRef","ctor":"Float32Array","offset":25808,"length":164},"values":{"__id__":55}},{"__type__":"cc.animation.ExoticQuatTrackValues","_values":{"__type__":"TypedArrayRef","ctor":"Float32Array","offset":26464,"length":656},"_isQuantized":null},{"__type__":"cc.animation.ExoticTrack","times":{"__type__":"TypedArrayRef","ctor":"Float32Array","offset":29088,"length":1},"values":{"__id__":57}},{"__type__":"cc.animation.ExoticVec3TrackValues","_values":{"__type__":"TypedArrayRef","ctor":"Float32Array","offset":29092,"length":3},"_isQuantized":null},{"__type__":"cc.animation.ExoticNodeAnimation","_path":"mixamorig:Hips/mixamorig:Spine/mixamorig:Spine1/mixamorig:Spine2/mixamorig:LeftShoulder/mixamorig:LeftArm/mixamorig:LeftForeArm","_position":{"__id__":59},"_rotation":{"__id__":61},"_scale":{"__id__":63}},{"__type__":"cc.animation.ExoticTrack","times":{"__type__":"TypedArrayRef","ctor":"Float32Array","offset":29104,"length":1},"values":{"__id__":60}},{"__type__":"cc.animation.ExoticVec3TrackValues","_values":{"__type__":"TypedArrayRef","ctor":"Float32Array","offset":29108,"length":3},"_isQuantized":null},{"__type__":"cc.animation.ExoticTrack","times":{"__type__":"TypedArrayRef","ctor":"Float32Array","offset":29120,"length":164},"values":{"__id__":62}},{"__type__":"cc.animation.ExoticQuatTrackValues","_values":{"__type__":"TypedArrayRef","ctor":"Float32Array","offset":29776,"length":656},"_isQuantized":null},{"__type__":"cc.animation.ExoticTrack","times":{"__type__":"TypedArrayRef","ctor":"Float32Array","offset":32400,"length":1},"values":{"__id__":64}},{"__type__":"cc.animation.ExoticVec3TrackValues","_values":{"__type__":"TypedArrayRef","ctor":"Float32Array","offset":32404,"length":3},"_isQuantized":null},{"__type__":"cc.animation.ExoticNodeAnimation","_path":"mixamorig:Hips/mixamorig:Spine/mixamorig:Spine1/mixamorig:Spine2/mixamorig:LeftShoulder/mixamorig:LeftArm/mixamorig:LeftForeArm/mixamorig:LeftHand","_position":{"__id__":66},"_rotation":{"__id__":68},"_scale":{"__id__":70}},{"__type__":"cc.animation.ExoticTrack","times":{"__type__":"TypedArrayRef","ctor":"Float32Array","offset":32416,"length":1},"values":{"__id__":67}},{"__type__":"cc.animation.ExoticVec3TrackValues","_values":{"__type__":"TypedArrayRef","ctor":"Float32Array","offset":32420,"length":3},"_isQuantized":null},{"__type__":"cc.animation.ExoticTrack","times":{"__type__":"TypedArrayRef","ctor":"Float32Array","offset":32432,"length":164},"values":{"__id__":69}},{"__type__":"cc.animation.ExoticQuatTrackValues","_values":{"__type__":"TypedArrayRef","ctor":"Float32Array","offset":33088,"length":656},"_isQuantized":null},{"__type__":"cc.animation.ExoticTrack","times":{"__type__":"TypedArrayRef","ctor":"Float32Array","offset":35712,"length":1},"values":{"__id__":71}},{"__type__":"cc.animation.ExoticVec3TrackValues","_values":{"__type__":"TypedArrayRef","ctor":"Float32Array","offset":35716,"length":3},"_isQuantized":null},{"__type__":"cc.animation.ExoticNodeAnimation","_path":"mixamorig:Hips/mixamorig:Spine/mixamorig:Spine1/mixamorig:Spine2/mixamorig:LeftShoulder/mixamorig:LeftArm/mixamorig:LeftForeArm/mixamorig:LeftHand/mixamorig:LeftHandThumb1","_position":{"__id__":73},"_rotation":{"__id__":75},"_scale":{"__id__":77}},{"__type__":"cc.animation.ExoticTrack","times":{"__type__":"TypedArrayRef","ctor":"Float32Array","offset":35728,"length":1},"values":{"__id__":74}},{"__type__":"cc.animation.ExoticVec3TrackValues","_values":{"__type__":"TypedArrayRef","ctor":"Float32Array","offset":35732,"length":3},"_isQuantized":null},{"__type__":"cc.animation.ExoticTrack","times":{"__type__":"TypedArrayRef","ctor":"Float32Array","offset":35744,"length":2},"values":{"__id__":76}},{"__type__":"cc.animation.ExoticQuatTrackValues","_values":{"__type__":"TypedArrayRef","ctor":"Float32Array","offset":35752,"length":8},"_isQuantized":null},{"__type__":"cc.animation.ExoticTrack","times":{"__type__":"TypedArrayRef","ctor":"Float32Array","offset":35784,"length":1},"values":{"__id__":78}},{"__type__":"cc.animation.ExoticVec3TrackValues","_values":{"__type__":"TypedArrayRef","ctor":"Float32Array","offset":35788,"length":3},"_isQuantized":null},{"__type__":"cc.animation.ExoticNodeAnimation","_path":"mixamorig:Hips/mixamorig:Spine/mixamorig:Spine1/mixamorig:Spine2/mixamorig:LeftShoulder/mixamorig:LeftArm/mixamorig:LeftForeArm/mixamorig:LeftHand/mixamorig:LeftHandThumb1/mixamorig:LeftHandThumb2","_position":{"__id__":80},"_rotation":{"__id__":82},"_scale":{"__id__":84}},{"__type__":"cc.animation.ExoticTrack","times":{"__type__":"TypedArrayRef","ctor":"Float32Array","offset":35800,"length":1},"values":{"__id__":81}},{"__type__":"cc.animation.ExoticVec3TrackValues","_values":{"__type__":"TypedArrayRef","ctor":"Float32Array","offset":35804,"length":3},"_isQuantized":null},{"__type__":"cc.animation.ExoticTrack","times":{"__type__":"TypedArrayRef","ctor":"Float32Array","offset":35816,"length":2},"values":{"__id__":83}},{"__type__":"cc.animation.ExoticQuatTrackValues","_values":{"__type__":"TypedArrayRef","ctor":"Float32Array","offset":35824,"length":8},"_isQuantized":null},{"__type__":"cc.animation.ExoticTrack","times":{"__type__":"TypedArrayRef","ctor":"Float32Array","offset":35856,"length":1},"values":{"__id__":85}},{"__type__":"cc.animation.ExoticVec3TrackValues","_values":{"__type__":"TypedArrayRef","ctor":"Float32Array","offset":35860,"length":3},"_isQuantized":null},{"__type__":"cc.animation.ExoticNodeAnimation","_path":"mixamorig:Hips/mixamorig:Spine/mixamorig:Spine1/mixamorig:Spine2/mixamorig:LeftShoulder/mixamorig:LeftArm/mixamorig:LeftForeArm/mixamorig:LeftHand/mixamorig:LeftHandThumb1/mixamorig:LeftHandThumb2/mixamorig:LeftHandThumb3","_position":{"__id__":87},"_rotation":{"__id__":89},"_scale":{"__id__":91}},{"__type__":"cc.animation.ExoticTrack","times":{"__type__":"TypedArrayRef","ctor":"Float32Array","offset":35872,"length":1},"values":{"__id__":88}},{"__type__":"cc.animation.ExoticVec3TrackValues","_values":{"__type__":"TypedArrayRef","ctor":"Float32Array","offset":35876,"length":3},"_isQuantized":null},{"__type__":"cc.animation.ExoticTrack","times":{"__type__":"TypedArrayRef","ctor":"Float32Array","offset":35888,"length":2},"values":{"__id__":90}},{"__type__":"cc.animation.ExoticQuatTrackValues","_values":{"__type__":"TypedArrayRef","ctor":"Float32Array","offset":35896,"length":8},"_isQuantized":null},{"__type__":"cc.animation.ExoticTrack","times":{"__type__":"TypedArrayRef","ctor":"Float32Array","offset":35928,"length":1},"values":{"__id__":92}},{"__type__":"cc.animation.ExoticVec3TrackValues","_values":{"__type__":"TypedArrayRef","ctor":"Float32Array","offset":35932,"length":3},"_isQuantized":null},{"__type__":"cc.animation.ExoticNodeAnimation","_path":"mixamorig:Hips/mixamorig:Spine/mixamorig:Spine1/mixamorig:Spine2/mixamorig:LeftShoulder/mixamorig:LeftArm/mixamorig:LeftForeArm/mixamorig:LeftHand/mixamorig:LeftHandIndex1","_position":{"__id__":94},"_rotation":{"__id__":96},"_scale":{"__id__":98}},{"__type__":"cc.animation.ExoticTrack","times":{"__type__":"TypedArrayRef","ctor":"Float32Array","offset":35944,"length":1},"values":{"__id__":95}},{"__type__":"cc.animation.ExoticVec3TrackValues","_values":{"__type__":"TypedArrayRef","ctor":"Float32Array","offset":35948,"length":3},"_isQuantized":null},{"__type__":"cc.animation.ExoticTrack","times":{"__type__":"TypedArrayRef","ctor":"Float32Array","offset":35960,"length":2},"values":{"__id__":97}},{"__type__":"cc.animation.ExoticQuatTrackValues","_values":{"__type__":"TypedArrayRef","ctor":"Float32Array","offset":35968,"length":8},"_isQuantized":null},{"__type__":"cc.animation.ExoticTrack","times":{"__type__":"TypedArrayRef","ctor":"Float32Array","offset":36000,"length":1},"values":{"__id__":99}},{"__type__":"cc.animation.ExoticVec3TrackValues","_values":{"__type__":"TypedArrayRef","ctor":"Float32Array","offset":36004,"length":3},"_isQuantized":null},{"__type__":"cc.animation.ExoticNodeAnimation","_path":"mixamorig:Hips/mixamorig:Spine/mixamorig:Spine1/mixamorig:Spine2/mixamorig:LeftShoulder/mixamorig:LeftArm/mixamorig:LeftForeArm/mixamorig:LeftHand/mixamorig:LeftHandIndex1/mixamorig:LeftHandIndex2","_position":{"__id__":101},"_rotation":{"__id__":103},"_scale":{"__id__":105}},{"__type__":"cc.animation.ExoticTrack","times":{"__type__":"TypedArrayRef","ctor":"Float32Array","offset":36016,"length":1},"values":{"__id__":102}},{"__type__":"cc.animation.ExoticVec3TrackValues","_values":{"__type__":"TypedArrayRef","ctor":"Float32Array","offset":36020,"length":3},"_isQuantized":null},{"__type__":"cc.animation.ExoticTrack","times":{"__type__":"TypedArrayRef","ctor":"Float32Array","offset":36032,"length":2},"values":{"__id__":104}},{"__type__":"cc.animation.ExoticQuatTrackValues","_values":{"__type__":"TypedArrayRef","ctor":"Float32Array","offset":36040,"length":8},"_isQuantized":null},{"__type__":"cc.animation.ExoticTrack","times":{"__type__":"TypedArrayRef","ctor":"Float32Array","offset":36072,"length":1},"values":{"__id__":106}},{"__type__":"cc.animation.ExoticVec3TrackValues","_values":{"__type__":"TypedArrayRef","ctor":"Float32Array","offset":36076,"length":3},"_isQuantized":null},{"__type__":"cc.animation.ExoticNodeAnimation","_path":"mixamorig:Hips/mixamorig:Spine/mixamorig:Spine1/mixamorig:Spine2/mixamorig:LeftShoulder/mixamorig:LeftArm/mixamorig:LeftForeArm/mixamorig:LeftHand/mixamorig:LeftHandIndex1/mixamorig:LeftHandIndex2/mixamorig:LeftHandIndex3","_position":{"__id__":108},"_rotation":{"__id__":110},"_scale":{"__id__":112}},{"__type__":"cc.animation.ExoticTrack","times":{"__type__":"TypedArrayRef","ctor":"Float32Array","offset":36088,"length":1},"values":{"__id__":109}},{"__type__":"cc.animation.ExoticVec3TrackValues","_values":{"__type__":"TypedArrayRef","ctor":"Float32Array","offset":36092,"length":3},"_isQuantized":null},{"__type__":"cc.animation.ExoticTrack","times":{"__type__":"TypedArrayRef","ctor":"Float32Array","offset":36104,"length":2},"values":{"__id__":111}},{"__type__":"cc.animation.ExoticQuatTrackValues","_values":{"__type__":"TypedArrayRef","ctor":"Float32Array","offset":36112,"length":8},"_isQuantized":null},{"__type__":"cc.animation.ExoticTrack","times":{"__type__":"TypedArrayRef","ctor":"Float32Array","offset":36144,"length":1},"values":{"__id__":113}},{"__type__":"cc.animation.ExoticVec3TrackValues","_values":{"__type__":"TypedArrayRef","ctor":"Float32Array","offset":36148,"length":3},"_isQuantized":null},{"__type__":"cc.animation.ExoticNodeAnimation","_path":"mixamorig:Hips/mixamorig:Spine/mixamorig:Spine1/mixamorig:Spine2/mixamorig:LeftShoulder/mixamorig:LeftArm/mixamorig:LeftForeArm/mixamorig:LeftHand/mixamorig:LeftHandMiddle1","_position":{"__id__":115},"_rotation":{"__id__":117},"_scale":{"__id__":119}},{"__type__":"cc.animation.ExoticTrack","times":{"__type__":"TypedArrayRef","ctor":"Float32Array","offset":36160,"length":1},"values":{"__id__":116}},{"__type__":"cc.animation.ExoticVec3TrackValues","_values":{"__type__":"TypedArrayRef","ctor":"Float32Array","offset":36164,"length":3},"_isQuantized":null},{"__type__":"cc.animation.ExoticTrack","times":{"__type__":"TypedArrayRef","ctor":"Float32Array","offset":36176,"length":2},"values":{"__id__":118}},{"__type__":"cc.animation.ExoticQuatTrackValues","_values":{"__type__":"TypedArrayRef","ctor":"Float32Array","offset":36184,"length":8},"_isQuantized":null},{"__type__":"cc.animation.ExoticTrack","times":{"__type__":"TypedArrayRef","ctor":"Float32Array","offset":36216,"length":1},"values":{"__id__":120}},{"__type__":"cc.animation.ExoticVec3TrackValues","_values":{"__type__":"TypedArrayRef","ctor":"Float32Array","offset":36220,"length":3},"_isQuantized":null},{"__type__":"cc.animation.ExoticNodeAnimation","_path":"mixamorig:Hips/mixamorig:Spine/mixamorig:Spine1/mixamorig:Spine2/mixamorig:LeftShoulder/mixamorig:LeftArm/mixamorig:LeftForeArm/mixamorig:LeftHand/mixamorig:LeftHandMiddle1/mixamorig:LeftHandMiddle2","_position":{"__id__":122},"_rotation":{"__id__":124},"_scale":{"__id__":126}},{"__type__":"cc.animation.ExoticTrack","times":{"__type__":"TypedArrayRef","ctor":"Float32Array","offset":36232,"length":1},"values":{"__id__":123}},{"__type__":"cc.animation.ExoticVec3TrackValues","_values":{"__type__":"TypedArrayRef","ctor":"Float32Array","offset":36236,"length":3},"_isQuantized":null},{"__type__":"cc.animation.ExoticTrack","times":{"__type__":"TypedArrayRef","ctor":"Float32Array","offset":36248,"length":2},"values":{"__id__":125}},{"__type__":"cc.animation.ExoticQuatTrackValues","_values":{"__type__":"TypedArrayRef","ctor":"Float32Array","offset":36256,"length":8},"_isQuantized":null},{"__type__":"cc.animation.ExoticTrack","times":{"__type__":"TypedArrayRef","ctor":"Float32Array","offset":36288,"length":1},"values":{"__id__":127}},{"__type__":"cc.animation.ExoticVec3TrackValues","_values":{"__type__":"TypedArrayRef","ctor":"Float32Array","offset":36292,"length":3},"_isQuantized":null},{"__type__":"cc.animation.ExoticNodeAnimation","_path":"mixamorig:Hips/mixamorig:Spine/mixamorig:Spine1/mixamorig:Spine2/mixamorig:LeftShoulder/mixamorig:LeftArm/mixamorig:LeftForeArm/mixamorig:LeftHand/mixamorig:LeftHandMiddle1/mixamorig:LeftHandMiddle2/mixamorig:LeftHandMiddle3","_position":{"__id__":129},"_rotation":{"__id__":131},"_scale":{"__id__":133}},{"__type__":"cc.animation.ExoticTrack","times":{"__type__":"TypedArrayRef","ctor":"Float32Array","offset":36304,"length":1},"values":{"__id__":130}},{"__type__":"cc.animation.ExoticVec3TrackValues","_values":{"__type__":"TypedArrayRef","ctor":"Float32Array","offset":36308,"length":3},"_isQuantized":null},{"__type__":"cc.animation.ExoticTrack","times":{"__type__":"TypedArrayRef","ctor":"Float32Array","offset":36320,"length":2},"values":{"__id__":132}},{"__type__":"cc.animation.ExoticQuatTrackValues","_values":{"__type__":"TypedArrayRef","ctor":"Float32Array","offset":36328,"length":8},"_isQuantized":null},{"__type__":"cc.animation.ExoticTrack","times":{"__type__":"TypedArrayRef","ctor":"Float32Array","offset":36360,"length":1},"values":{"__id__":134}},{"__type__":"cc.animation.ExoticVec3TrackValues","_values":{"__type__":"TypedArrayRef","ctor":"Float32Array","offset":36364,"length":3},"_isQuantized":null},{"__type__":"cc.animation.ExoticNodeAnimation","_path":"mixamorig:Hips/mixamorig:Spine/mixamorig:Spine1/mixamorig:Spine2/mixamorig:LeftShoulder/mixamorig:LeftArm/mixamorig:LeftForeArm/mixamorig:LeftHand/mixamorig:LeftHandRing1","_position":{"__id__":136},"_rotation":{"__id__":138},"_scale":{"__id__":140}},{"__type__":"cc.animation.ExoticTrack","times":{"__type__":"TypedArrayRef","ctor":"Float32Array","offset":36376,"length":1},"values":{"__id__":137}},{"__type__":"cc.animation.ExoticVec3TrackValues","_values":{"__type__":"TypedArrayRef","ctor":"Float32Array","offset":36380,"length":3},"_isQuantized":null},{"__type__":"cc.animation.ExoticTrack","times":{"__type__":"TypedArrayRef","ctor":"Float32Array","offset":36392,"length":2},"values":{"__id__":139}},{"__type__":"cc.animation.ExoticQuatTrackValues","_values":{"__type__":"TypedArrayRef","ctor":"Float32Array","offset":36400,"length":8},"_isQuantized":null},{"__type__":"cc.animation.ExoticTrack","times":{"__type__":"TypedArrayRef","ctor":"Float32Array","offset":36432,"length":1},"values":{"__id__":141}},{"__type__":"cc.animation.ExoticVec3TrackValues","_values":{"__type__":"TypedArrayRef","ctor":"Float32Array","offset":36436,"length":3},"_isQuantized":null},{"__type__":"cc.animation.ExoticNodeAnimation","_path":"mixamorig:Hips/mixamorig:Spine/mixamorig:Spine1/mixamorig:Spine2/mixamorig:LeftShoulder/mixamorig:LeftArm/mixamorig:LeftForeArm/mixamorig:LeftHand/mixamorig:LeftHandRing1/mixamorig:LeftHandRing2","_position":{"__id__":143},"_rotation":{"__id__":145},"_scale":{"__id__":147}},{"__type__":"cc.animation.ExoticTrack","times":{"__type__":"TypedArrayRef","ctor":"Float32Array","offset":36448,"length":1},"values":{"__id__":144}},{"__type__":"cc.animation.ExoticVec3TrackValues","_values":{"__type__":"TypedArrayRef","ctor":"Float32Array","offset":36452,"length":3},"_isQuantized":null},{"__type__":"cc.animation.ExoticTrack","times":{"__type__":"TypedArrayRef","ctor":"Float32Array","offset":36464,"length":2},"values":{"__id__":146}},{"__type__":"cc.animation.ExoticQuatTrackValues","_values":{"__type__":"TypedArrayRef","ctor":"Float32Array","offset":36472,"length":8},"_isQuantized":null},{"__type__":"cc.animation.ExoticTrack","times":{"__type__":"TypedArrayRef","ctor":"Float32Array","offset":36504,"length":1},"values":{"__id__":148}},{"__type__":"cc.animation.ExoticVec3TrackValues","_values":{"__type__":"TypedArrayRef","ctor":"Float32Array","offset":36508,"length":3},"_isQuantized":null},{"__type__":"cc.animation.ExoticNodeAnimation","_path":"mixamorig:Hips/mixamorig:Spine/mixamorig:Spine1/mixamorig:Spine2/mixamorig:LeftShoulder/mixamorig:LeftArm/mixamorig:LeftForeArm/mixamorig:LeftHand/mixamorig:LeftHandRing1/mixamorig:LeftHandRing2/mixamorig:LeftHandRing3","_position":{"__id__":150},"_rotation":{"__id__":152},"_scale":{"__id__":154}},{"__type__":"cc.animation.ExoticTrack","times":{"__type__":"TypedArrayRef","ctor":"Float32Array","offset":36520,"length":1},"values":{"__id__":151}},{"__type__":"cc.animation.ExoticVec3TrackValues","_values":{"__type__":"TypedArrayRef","ctor":"Float32Array","offset":36524,"length":3},"_isQuantized":null},{"__type__":"cc.animation.ExoticTrack","times":{"__type__":"TypedArrayRef","ctor":"Float32Array","offset":36536,"length":2},"values":{"__id__":153}},{"__type__":"cc.animation.ExoticQuatTrackValues","_values":{"__type__":"TypedArrayRef","ctor":"Float32Array","offset":36544,"length":8},"_isQuantized":null},{"__type__":"cc.animation.ExoticTrack","times":{"__type__":"TypedArrayRef","ctor":"Float32Array","offset":36576,"length":1},"values":{"__id__":155}},{"__type__":"cc.animation.ExoticVec3TrackValues","_values":{"__type__":"TypedArrayRef","ctor":"Float32Array","offset":36580,"length":3},"_isQuantized":null},{"__type__":"cc.animation.ExoticNodeAnimation","_path":"mixamorig:Hips/mixamorig:Spine/mixamorig:Spine1/mixamorig:Spine2/mixamorig:LeftShoulder/mixamorig:LeftArm/mixamorig:LeftForeArm/mixamorig:LeftHand/mixamorig:LeftHandPinky1","_position":{"__id__":157},"_rotation":{"__id__":159},"_scale":{"__id__":161}},{"__type__":"cc.animation.ExoticTrack","times":{"__type__":"TypedArrayRef","ctor":"Float32Array","offset":36592,"length":1},"values":{"__id__":158}},{"__type__":"cc.animation.ExoticVec3TrackValues","_values":{"__type__":"TypedArrayRef","ctor":"Float32Array","offset":36596,"length":3},"_isQuantized":null},{"__type__":"cc.animation.ExoticTrack","times":{"__type__":"TypedArrayRef","ctor":"Float32Array","offset":36608,"length":2},"values":{"__id__":160}},{"__type__":"cc.animation.ExoticQuatTrackValues","_values":{"__type__":"TypedArrayRef","ctor":"Float32Array","offset":36616,"length":8},"_isQuantized":null},{"__type__":"cc.animation.ExoticTrack","times":{"__type__":"TypedArrayRef","ctor":"Float32Array","offset":36648,"length":1},"values":{"__id__":162}},{"__type__":"cc.animation.ExoticVec3TrackValues","_values":{"__type__":"TypedArrayRef","ctor":"Float32Array","offset":36652,"length":3},"_isQuantized":null},{"__type__":"cc.animation.ExoticNodeAnimation","_path":"mixamorig:Hips/mixamorig:Spine/mixamorig:Spine1/mixamorig:Spine2/mixamorig:LeftShoulder/mixamorig:LeftArm/mixamorig:LeftForeArm/mixamorig:LeftHand/mixamorig:LeftHandPinky1/mixamorig:LeftHandPinky2","_position":{"__id__":164},"_rotation":{"__id__":166},"_scale":{"__id__":168}},{"__type__":"cc.animation.ExoticTrack","times":{"__type__":"TypedArrayRef","ctor":"Float32Array","offset":36664,"length":1},"values":{"__id__":165}},{"__type__":"cc.animation.ExoticVec3TrackValues","_values":{"__type__":"TypedArrayRef","ctor":"Float32Array","offset":36668,"length":3},"_isQuantized":null},{"__type__":"cc.animation.ExoticTrack","times":{"__type__":"TypedArrayRef","ctor":"Float32Array","offset":36680,"length":2},"values":{"__id__":167}},{"__type__":"cc.animation.ExoticQuatTrackValues","_values":{"__type__":"TypedArrayRef","ctor":"Float32Array","offset":36688,"length":8},"_isQuantized":null},{"__type__":"cc.animation.ExoticTrack","times":{"__type__":"TypedArrayRef","ctor":"Float32Array","offset":36720,"length":1},"values":{"__id__":169}},{"__type__":"cc.animation.ExoticVec3TrackValues","_values":{"__type__":"TypedArrayRef","ctor":"Float32Array","offset":36724,"length":3},"_isQuantized":null},{"__type__":"cc.animation.ExoticNodeAnimation","_path":"mixamorig:Hips/mixamorig:Spine/mixamorig:Spine1/mixamorig:Spine2/mixamorig:LeftShoulder/mixamorig:LeftArm/mixamorig:LeftForeArm/mixamorig:LeftHand/mixamorig:LeftHandPinky1/mixamorig:LeftHandPinky2/mixamorig:LeftHandPinky3","_position":{"__id__":171},"_rotation":{"__id__":173},"_scale":{"__id__":175}},{"__type__":"cc.animation.ExoticTrack","times":{"__type__":"TypedArrayRef","ctor":"Float32Array","offset":36736,"length":1},"values":{"__id__":172}},{"__type__":"cc.animation.ExoticVec3TrackValues","_values":{"__type__":"TypedArrayRef","ctor":"Float32Array","offset":36740,"length":3},"_isQuantized":null},{"__type__":"cc.animation.ExoticTrack","times":{"__type__":"TypedArrayRef","ctor":"Float32Array","offset":36752,"length":2},"values":{"__id__":174}},{"__type__":"cc.animation.ExoticQuatTrackValues","_values":{"__type__":"TypedArrayRef","ctor":"Float32Array","offset":36760,"length":8},"_isQuantized":null},{"__type__":"cc.animation.ExoticTrack","times":{"__type__":"TypedArrayRef","ctor":"Float32Array","offset":36792,"length":1},"values":{"__id__":176}},{"__type__":"cc.animation.ExoticVec3TrackValues","_values":{"__type__":"TypedArrayRef","ctor":"Float32Array","offset":36796,"length":3},"_isQuantized":null},{"__type__":"cc.animation.ExoticNodeAnimation","_path":"mixamorig:Hips/mixamorig:Spine/mixamorig:Spine1/mixamorig:Spine2/mixamorig:RightShoulder","_position":{"__id__":178},"_rotation":{"__id__":180},"_scale":{"__id__":182}},{"__type__":"cc.animation.ExoticTrack","times":{"__type__":"TypedArrayRef","ctor":"Float32Array","offset":36808,"length":1},"values":{"__id__":179}},{"__type__":"cc.animation.ExoticVec3TrackValues","_values":{"__type__":"TypedArrayRef","ctor":"Float32Array","offset":36812,"length":3},"_isQuantized":null},{"__type__":"cc.animation.ExoticTrack","times":{"__type__":"TypedArrayRef","ctor":"Float32Array","offset":36824,"length":164},"values":{"__id__":181}},{"__type__":"cc.animation.ExoticQuatTrackValues","_values":{"__type__":"TypedArrayRef","ctor":"Float32Array","offset":37480,"length":656},"_isQuantized":null},{"__type__":"cc.animation.ExoticTrack","times":{"__type__":"TypedArrayRef","ctor":"Float32Array","offset":40104,"length":1},"values":{"__id__":183}},{"__type__":"cc.animation.ExoticVec3TrackValues","_values":{"__type__":"TypedArrayRef","ctor":"Float32Array","offset":40108,"length":3},"_isQuantized":null},{"__type__":"cc.animation.ExoticNodeAnimation","_path":"mixamorig:Hips/mixamorig:Spine/mixamorig:Spine1/mixamorig:Spine2/mixamorig:RightShoulder/mixamorig:RightArm","_position":{"__id__":185},"_rotation":{"__id__":187},"_scale":{"__id__":189}},{"__type__":"cc.animation.ExoticTrack","times":{"__type__":"TypedArrayRef","ctor":"Float32Array","offset":40120,"length":1},"values":{"__id__":186}},{"__type__":"cc.animation.ExoticVec3TrackValues","_values":{"__type__":"TypedArrayRef","ctor":"Float32Array","offset":40124,"length":3},"_isQuantized":null},{"__type__":"cc.animation.ExoticTrack","times":{"__type__":"TypedArrayRef","ctor":"Float32Array","offset":40136,"length":164},"values":{"__id__":188}},{"__type__":"cc.animation.ExoticQuatTrackValues","_values":{"__type__":"TypedArrayRef","ctor":"Float32Array","offset":40792,"length":656},"_isQuantized":null},{"__type__":"cc.animation.ExoticTrack","times":{"__type__":"TypedArrayRef","ctor":"Float32Array","offset":43416,"length":1},"values":{"__id__":190}},{"__type__":"cc.animation.ExoticVec3TrackValues","_values":{"__type__":"TypedArrayRef","ctor":"Float32Array","offset":43420,"length":3},"_isQuantized":null},{"__type__":"cc.animation.ExoticNodeAnimation","_path":"mixamorig:Hips/mixamorig:Spine/mixamorig:Spine1/mixamorig:Spine2/mixamorig:RightShoulder/mixamorig:RightArm/mixamorig:RightForeArm","_position":{"__id__":192},"_rotation":{"__id__":194},"_scale":{"__id__":196}},{"__type__":"cc.animation.ExoticTrack","times":{"__type__":"TypedArrayRef","ctor":"Float32Array","offset":43432,"length":1},"values":{"__id__":193}},{"__type__":"cc.animation.ExoticVec3TrackValues","_values":{"__type__":"TypedArrayRef","ctor":"Float32Array","offset":43436,"length":3},"_isQuantized":null},{"__type__":"cc.animation.ExoticTrack","times":{"__type__":"TypedArrayRef","ctor":"Float32Array","offset":43448,"length":164},"values":{"__id__":195}},{"__type__":"cc.animation.ExoticQuatTrackValues","_values":{"__type__":"TypedArrayRef","ctor":"Float32Array","offset":44104,"length":656},"_isQuantized":null},{"__type__":"cc.animation.ExoticTrack","times":{"__type__":"TypedArrayRef","ctor":"Float32Array","offset":46728,"length":1},"values":{"__id__":197}},{"__type__":"cc.animation.ExoticVec3TrackValues","_values":{"__type__":"TypedArrayRef","ctor":"Float32Array","offset":46732,"length":3},"_isQuantized":null},{"__type__":"cc.animation.ExoticNodeAnimation","_path":"mixamorig:Hips/mixamorig:Spine/mixamorig:Spine1/mixamorig:Spine2/mixamorig:RightShoulder/mixamorig:RightArm/mixamorig:RightForeArm/mixamorig:RightHand","_position":{"__id__":199},"_rotation":{"__id__":201},"_scale":{"__id__":203}},{"__type__":"cc.animation.ExoticTrack","times":{"__type__":"TypedArrayRef","ctor":"Float32Array","offset":46744,"length":1},"values":{"__id__":200}},{"__type__":"cc.animation.ExoticVec3TrackValues","_values":{"__type__":"TypedArrayRef","ctor":"Float32Array","offset":46748,"length":3},"_isQuantized":null},{"__type__":"cc.animation.ExoticTrack","times":{"__type__":"TypedArrayRef","ctor":"Float32Array","offset":46760,"length":164},"values":{"__id__":202}},{"__type__":"cc.animation.ExoticQuatTrackValues","_values":{"__type__":"TypedArrayRef","ctor":"Float32Array","offset":47416,"length":656},"_isQuantized":null},{"__type__":"cc.animation.ExoticTrack","times":{"__type__":"TypedArrayRef","ctor":"Float32Array","offset":50040,"length":1},"values":{"__id__":204}},{"__type__":"cc.animation.ExoticVec3TrackValues","_values":{"__type__":"TypedArrayRef","ctor":"Float32Array","offset":50044,"length":3},"_isQuantized":null},{"__type__":"cc.animation.ExoticNodeAnimation","_path":"mixamorig:Hips/mixamorig:Spine/mixamorig:Spine1/mixamorig:Spine2/mixamorig:RightShoulder/mixamorig:RightArm/mixamorig:RightForeArm/mixamorig:RightHand/mixamorig:RightHandThumb1","_position":{"__id__":206},"_rotation":{"__id__":208},"_scale":{"__id__":210}},{"__type__":"cc.animation.ExoticTrack","times":{"__type__":"TypedArrayRef","ctor":"Float32Array","offset":50056,"length":1},"values":{"__id__":207}},{"__type__":"cc.animation.ExoticVec3TrackValues","_values":{"__type__":"TypedArrayRef","ctor":"Float32Array","offset":50060,"length":3},"_isQuantized":null},{"__type__":"cc.animation.ExoticTrack","times":{"__type__":"TypedArrayRef","ctor":"Float32Array","offset":50072,"length":2},"values":{"__id__":209}},{"__type__":"cc.animation.ExoticQuatTrackValues","_values":{"__type__":"TypedArrayRef","ctor":"Float32Array","offset":50080,"length":8},"_isQuantized":null},{"__type__":"cc.animation.ExoticTrack","times":{"__type__":"TypedArrayRef","ctor":"Float32Array","offset":50112,"length":1},"values":{"__id__":211}},{"__type__":"cc.animation.ExoticVec3TrackValues","_values":{"__type__":"TypedArrayRef","ctor":"Float32Array","offset":50116,"length":3},"_isQuantized":null},{"__type__":"cc.animation.ExoticNodeAnimation","_path":"mixamorig:Hips/mixamorig:Spine/mixamorig:Spine1/mixamorig:Spine2/mixamorig:RightShoulder/mixamorig:RightArm/mixamorig:RightForeArm/mixamorig:RightHand/mixamorig:RightHandThumb1/mixamorig:RightHandThumb2","_position":{"__id__":213},"_rotation":{"__id__":215},"_scale":{"__id__":217}},{"__type__":"cc.animation.ExoticTrack","times":{"__type__":"TypedArrayRef","ctor":"Float32Array","offset":50128,"length":1},"values":{"__id__":214}},{"__type__":"cc.animation.ExoticVec3TrackValues","_values":{"__type__":"TypedArrayRef","ctor":"Float32Array","offset":50132,"length":3},"_isQuantized":null},{"__type__":"cc.animation.ExoticTrack","times":{"__type__":"TypedArrayRef","ctor":"Float32Array","offset":50144,"length":2},"values":{"__id__":216}},{"__type__":"cc.animation.ExoticQuatTrackValues","_values":{"__type__":"TypedArrayRef","ctor":"Float32Array","offset":50152,"length":8},"_isQuantized":null},{"__type__":"cc.animation.ExoticTrack","times":{"__type__":"TypedArrayRef","ctor":"Float32Array","offset":50184,"length":1},"values":{"__id__":218}},{"__type__":"cc.animation.ExoticVec3TrackValues","_values":{"__type__":"TypedArrayRef","ctor":"Float32Array","offset":50188,"length":3},"_isQuantized":null},{"__type__":"cc.animation.ExoticNodeAnimation","_path":"mixamorig:Hips/mixamorig:Spine/mixamorig:Spine1/mixamorig:Spine2/mixamorig:RightShoulder/mixamorig:RightArm/mixamorig:RightForeArm/mixamorig:RightHand/mixamorig:RightHandThumb1/mixamorig:RightHandThumb2/mixamorig:RightHandThumb3","_position":{"__id__":220},"_rotation":{"__id__":222},"_scale":{"__id__":224}},{"__type__":"cc.animation.ExoticTrack","times":{"__type__":"TypedArrayRef","ctor":"Float32Array","offset":50200,"length":1},"values":{"__id__":221}},{"__type__":"cc.animation.ExoticVec3TrackValues","_values":{"__type__":"TypedArrayRef","ctor":"Float32Array","offset":50204,"length":3},"_isQuantized":null},{"__type__":"cc.animation.ExoticTrack","times":{"__type__":"TypedArrayRef","ctor":"Float32Array","offset":50216,"length":2},"values":{"__id__":223}},{"__type__":"cc.animation.ExoticQuatTrackValues","_values":{"__type__":"TypedArrayRef","ctor":"Float32Array","offset":50224,"length":8},"_isQuantized":null},{"__type__":"cc.animation.ExoticTrack","times":{"__type__":"TypedArrayRef","ctor":"Float32Array","offset":50256,"length":1},"values":{"__id__":225}},{"__type__":"cc.animation.ExoticVec3TrackValues","_values":{"__type__":"TypedArrayRef","ctor":"Float32Array","offset":50260,"length":3},"_isQuantized":null},{"__type__":"cc.animation.ExoticNodeAnimation","_path":"mixamorig:Hips/mixamorig:Spine/mixamorig:Spine1/mixamorig:Spine2/mixamorig:RightShoulder/mixamorig:RightArm/mixamorig:RightForeArm/mixamorig:RightHand/mixamorig:RightHandIndex1","_position":{"__id__":227},"_rotation":{"__id__":229},"_scale":{"__id__":231}},{"__type__":"cc.animation.ExoticTrack","times":{"__type__":"TypedArrayRef","ctor":"Float32Array","offset":50272,"length":1},"values":{"__id__":228}},{"__type__":"cc.animation.ExoticVec3TrackValues","_values":{"__type__":"TypedArrayRef","ctor":"Float32Array","offset":50276,"length":3},"_isQuantized":null},{"__type__":"cc.animation.ExoticTrack","times":{"__type__":"TypedArrayRef","ctor":"Float32Array","offset":50288,"length":2},"values":{"__id__":230}},{"__type__":"cc.animation.ExoticQuatTrackValues","_values":{"__type__":"TypedArrayRef","ctor":"Float32Array","offset":50296,"length":8},"_isQuantized":null},{"__type__":"cc.animation.ExoticTrack","times":{"__type__":"TypedArrayRef","ctor":"Float32Array","offset":50328,"length":1},"values":{"__id__":232}},{"__type__":"cc.animation.ExoticVec3TrackValues","_values":{"__type__":"TypedArrayRef","ctor":"Float32Array","offset":50332,"length":3},"_isQuantized":null},{"__type__":"cc.animation.ExoticNodeAnimation","_path":"mixamorig:Hips/mixamorig:Spine/mixamorig:Spine1/mixamorig:Spine2/mixamorig:RightShoulder/mixamorig:RightArm/mixamorig:RightForeArm/mixamorig:RightHand/mixamorig:RightHandIndex1/mixamorig:RightHandIndex2","_position":{"__id__":234},"_rotation":{"__id__":236},"_scale":{"__id__":238}},{"__type__":"cc.animation.ExoticTrack","times":{"__type__":"TypedArrayRef","ctor":"Float32Array","offset":50344,"length":1},"values":{"__id__":235}},{"__type__":"cc.animation.ExoticVec3TrackValues","_values":{"__type__":"TypedArrayRef","ctor":"Float32Array","offset":50348,"length":3},"_isQuantized":null},{"__type__":"cc.animation.ExoticTrack","times":{"__type__":"TypedArrayRef","ctor":"Float32Array","offset":50360,"length":2},"values":{"__id__":237}},{"__type__":"cc.animation.ExoticQuatTrackValues","_values":{"__type__":"TypedArrayRef","ctor":"Float32Array","offset":50368,"length":8},"_isQuantized":null},{"__type__":"cc.animation.ExoticTrack","times":{"__type__":"TypedArrayRef","ctor":"Float32Array","offset":50400,"length":1},"values":{"__id__":239}},{"__type__":"cc.animation.ExoticVec3TrackValues","_values":{"__type__":"TypedArrayRef","ctor":"Float32Array","offset":50404,"length":3},"_isQuantized":null},{"__type__":"cc.animation.ExoticNodeAnimation","_path":"mixamorig:Hips/mixamorig:Spine/mixamorig:Spine1/mixamorig:Spine2/mixamorig:RightShoulder/mixamorig:RightArm/mixamorig:RightForeArm/mixamorig:RightHand/mixamorig:RightHandIndex1/mixamorig:RightHandIndex2/mixamorig:RightHandIndex3","_position":{"__id__":241},"_rotation":{"__id__":243},"_scale":{"__id__":245}},{"__type__":"cc.animation.ExoticTrack","times":{"__type__":"TypedArrayRef","ctor":"Float32Array","offset":50416,"length":1},"values":{"__id__":242}},{"__type__":"cc.animation.ExoticVec3TrackValues","_values":{"__type__":"TypedArrayRef","ctor":"Float32Array","offset":50420,"length":3},"_isQuantized":null},{"__type__":"cc.animation.ExoticTrack","times":{"__type__":"TypedArrayRef","ctor":"Float32Array","offset":50432,"length":2},"values":{"__id__":244}},{"__type__":"cc.animation.ExoticQuatTrackValues","_values":{"__type__":"TypedArrayRef","ctor":"Float32Array","offset":50440,"length":8},"_isQuantized":null},{"__type__":"cc.animation.ExoticTrack","times":{"__type__":"TypedArrayRef","ctor":"Float32Array","offset":50472,"length":1},"values":{"__id__":246}},{"__type__":"cc.animation.ExoticVec3TrackValues","_values":{"__type__":"TypedArrayRef","ctor":"Float32Array","offset":50476,"length":3},"_isQuantized":null},{"__type__":"cc.animation.ExoticNodeAnimation","_path":"mixamorig:Hips/mixamorig:Spine/mixamorig:Spine1/mixamorig:Spine2/mixamorig:RightShoulder/mixamorig:RightArm/mixamorig:RightForeArm/mixamorig:RightHand/mixamorig:RightHandMiddle1","_position":{"__id__":248},"_rotation":{"__id__":250},"_scale":{"__id__":252}},{"__type__":"cc.animation.ExoticTrack","times":{"__type__":"TypedArrayRef","ctor":"Float32Array","offset":50488,"length":1},"values":{"__id__":249}},{"__type__":"cc.animation.ExoticVec3TrackValues","_values":{"__type__":"TypedArrayRef","ctor":"Float32Array","offset":50492,"length":3},"_isQuantized":null},{"__type__":"cc.animation.ExoticTrack","times":{"__type__":"TypedArrayRef","ctor":"Float32Array","offset":50504,"length":2},"values":{"__id__":251}},{"__type__":"cc.animation.ExoticQuatTrackValues","_values":{"__type__":"TypedArrayRef","ctor":"Float32Array","offset":50512,"length":8},"_isQuantized":null},{"__type__":"cc.animation.ExoticTrack","times":{"__type__":"TypedArrayRef","ctor":"Float32Array","offset":50544,"length":1},"values":{"__id__":253}},{"__type__":"cc.animation.ExoticVec3TrackValues","_values":{"__type__":"TypedArrayRef","ctor":"Float32Array","offset":50548,"length":3},"_isQuantized":null},{"__type__":"cc.animation.ExoticNodeAnimation","_path":"mixamorig:Hips/mixamorig:Spine/mixamorig:Spine1/mixamorig:Spine2/mixamorig:RightShoulder/mixamorig:RightArm/mixamorig:RightForeArm/mixamorig:RightHand/mixamorig:RightHandMiddle1/mixamorig:RightHandMiddle2","_position":{"__id__":255},"_rotation":{"__id__":257},"_scale":{"__id__":259}},{"__type__":"cc.animation.ExoticTrack","times":{"__type__":"TypedArrayRef","ctor":"Float32Array","offset":50560,"length":1},"values":{"__id__":256}},{"__type__":"cc.animation.ExoticVec3TrackValues","_values":{"__type__":"TypedArrayRef","ctor":"Float32Array","offset":50564,"length":3},"_isQuantized":null},{"__type__":"cc.animation.ExoticTrack","times":{"__type__":"TypedArrayRef","ctor":"Float32Array","offset":50576,"length":2},"values":{"__id__":258}},{"__type__":"cc.animation.ExoticQuatTrackValues","_values":{"__type__":"TypedArrayRef","ctor":"Float32Array","offset":50584,"length":8},"_isQuantized":null},{"__type__":"cc.animation.ExoticTrack","times":{"__type__":"TypedArrayRef","ctor":"Float32Array","offset":50616,"length":1},"values":{"__id__":260}},{"__type__":"cc.animation.ExoticVec3TrackValues","_values":{"__type__":"TypedArrayRef","ctor":"Float32Array","offset":50620,"length":3},"_isQuantized":null},{"__type__":"cc.animation.ExoticNodeAnimation","_path":"mixamorig:Hips/mixamorig:Spine/mixamorig:Spine1/mixamorig:Spine2/mixamorig:RightShoulder/mixamorig:RightArm/mixamorig:RightForeArm/mixamorig:RightHand/mixamorig:RightHandMiddle1/mixamorig:RightHandMiddle2/mixamorig:RightHandMiddle3","_position":{"__id__":262},"_rotation":{"__id__":264},"_scale":{"__id__":266}},{"__type__":"cc.animation.ExoticTrack","times":{"__type__":"TypedArrayRef","ctor":"Float32Array","offset":50632,"length":1},"values":{"__id__":263}},{"__type__":"cc.animation.ExoticVec3TrackValues","_values":{"__type__":"TypedArrayRef","ctor":"Float32Array","offset":50636,"length":3},"_isQuantized":null},{"__type__":"cc.animation.ExoticTrack","times":{"__type__":"TypedArrayRef","ctor":"Float32Array","offset":50648,"length":2},"values":{"__id__":265}},{"__type__":"cc.animation.ExoticQuatTrackValues","_values":{"__type__":"TypedArrayRef","ctor":"Float32Array","offset":50656,"length":8},"_isQuantized":null},{"__type__":"cc.animation.ExoticTrack","times":{"__type__":"TypedArrayRef","ctor":"Float32Array","offset":50688,"length":1},"values":{"__id__":267}},{"__type__":"cc.animation.ExoticVec3TrackValues","_values":{"__type__":"TypedArrayRef","ctor":"Float32Array","offset":50692,"length":3},"_isQuantized":null},{"__type__":"cc.animation.ExoticNodeAnimation","_path":"mixamorig:Hips/mixamorig:Spine/mixamorig:Spine1/mixamorig:Spine2/mixamorig:RightShoulder/mixamorig:RightArm/mixamorig:RightForeArm/mixamorig:RightHand/mixamorig:RightHandRing1","_position":{"__id__":269},"_rotation":{"__id__":271},"_scale":{"__id__":273}},{"__type__":"cc.animation.ExoticTrack","times":{"__type__":"TypedArrayRef","ctor":"Float32Array","offset":50704,"length":1},"values":{"__id__":270}},{"__type__":"cc.animation.ExoticVec3TrackValues","_values":{"__type__":"TypedArrayRef","ctor":"Float32Array","offset":50708,"length":3},"_isQuantized":null},{"__type__":"cc.animation.ExoticTrack","times":{"__type__":"TypedArrayRef","ctor":"Float32Array","offset":50720,"length":2},"values":{"__id__":272}},{"__type__":"cc.animation.ExoticQuatTrackValues","_values":{"__type__":"TypedArrayRef","ctor":"Float32Array","offset":50728,"length":8},"_isQuantized":null},{"__type__":"cc.animation.ExoticTrack","times":{"__type__":"TypedArrayRef","ctor":"Float32Array","offset":50760,"length":1},"values":{"__id__":274}},{"__type__":"cc.animation.ExoticVec3TrackValues","_values":{"__type__":"TypedArrayRef","ctor":"Float32Array","offset":50764,"length":3},"_isQuantized":null},{"__type__":"cc.animation.ExoticNodeAnimation","_path":"mixamorig:Hips/mixamorig:Spine/mixamorig:Spine1/mixamorig:Spine2/mixamorig:RightShoulder/mixamorig:RightArm/mixamorig:RightForeArm/mixamorig:RightHand/mixamorig:RightHandRing1/mixamorig:RightHandRing2","_position":{"__id__":276},"_rotation":{"__id__":278},"_scale":{"__id__":280}},{"__type__":"cc.animation.ExoticTrack","times":{"__type__":"TypedArrayRef","ctor":"Float32Array","offset":50776,"length":1},"values":{"__id__":277}},{"__type__":"cc.animation.ExoticVec3TrackValues","_values":{"__type__":"TypedArrayRef","ctor":"Float32Array","offset":50780,"length":3},"_isQuantized":null},{"__type__":"cc.animation.ExoticTrack","times":{"__type__":"TypedArrayRef","ctor":"Float32Array","offset":50792,"length":2},"values":{"__id__":279}},{"__type__":"cc.animation.ExoticQuatTrackValues","_values":{"__type__":"TypedArrayRef","ctor":"Float32Array","offset":50800,"length":8},"_isQuantized":null},{"__type__":"cc.animation.ExoticTrack","times":{"__type__":"TypedArrayRef","ctor":"Float32Array","offset":50832,"length":1},"values":{"__id__":281}},{"__type__":"cc.animation.ExoticVec3TrackValues","_values":{"__type__":"TypedArrayRef","ctor":"Float32Array","offset":50836,"length":3},"_isQuantized":null},{"__type__":"cc.animation.ExoticNodeAnimation","_path":"mixamorig:Hips/mixamorig:Spine/mixamorig:Spine1/mixamorig:Spine2/mixamorig:RightShoulder/mixamorig:RightArm/mixamorig:RightForeArm/mixamorig:RightHand/mixamorig:RightHandRing1/mixamorig:RightHandRing2/mixamorig:RightHandRing3","_position":{"__id__":283},"_rotation":{"__id__":285},"_scale":{"__id__":287}},{"__type__":"cc.animation.ExoticTrack","times":{"__type__":"TypedArrayRef","ctor":"Float32Array","offset":50848,"length":1},"values":{"__id__":284}},{"__type__":"cc.animation.ExoticVec3TrackValues","_values":{"__type__":"TypedArrayRef","ctor":"Float32Array","offset":50852,"length":3},"_isQuantized":null},{"__type__":"cc.animation.ExoticTrack","times":{"__type__":"TypedArrayRef","ctor":"Float32Array","offset":50864,"length":2},"values":{"__id__":286}},{"__type__":"cc.animation.ExoticQuatTrackValues","_values":{"__type__":"TypedArrayRef","ctor":"Float32Array","offset":50872,"length":8},"_isQuantized":null},{"__type__":"cc.animation.ExoticTrack","times":{"__type__":"TypedArrayRef","ctor":"Float32Array","offset":50904,"length":1},"values":{"__id__":288}},{"__type__":"cc.animation.ExoticVec3TrackValues","_values":{"__type__":"TypedArrayRef","ctor":"Float32Array","offset":50908,"length":3},"_isQuantized":null},{"__type__":"cc.animation.ExoticNodeAnimation","_path":"mixamorig:Hips/mixamorig:Spine/mixamorig:Spine1/mixamorig:Spine2/mixamorig:RightShoulder/mixamorig:RightArm/mixamorig:RightForeArm/mixamorig:RightHand/mixamorig:RightHandPinky1","_position":{"__id__":290},"_rotation":{"__id__":292},"_scale":{"__id__":294}},{"__type__":"cc.animation.ExoticTrack","times":{"__type__":"TypedArrayRef","ctor":"Float32Array","offset":50920,"length":1},"values":{"__id__":291}},{"__type__":"cc.animation.ExoticVec3TrackValues","_values":{"__type__":"TypedArrayRef","ctor":"Float32Array","offset":50924,"length":3},"_isQuantized":null},{"__type__":"cc.animation.ExoticTrack","times":{"__type__":"TypedArrayRef","ctor":"Float32Array","offset":50936,"length":2},"values":{"__id__":293}},{"__type__":"cc.animation.ExoticQuatTrackValues","_values":{"__type__":"TypedArrayRef","ctor":"Float32Array","offset":50944,"length":8},"_isQuantized":null},{"__type__":"cc.animation.ExoticTrack","times":{"__type__":"TypedArrayRef","ctor":"Float32Array","offset":50976,"length":1},"values":{"__id__":295}},{"__type__":"cc.animation.ExoticVec3TrackValues","_values":{"__type__":"TypedArrayRef","ctor":"Float32Array","offset":50980,"length":3},"_isQuantized":null},{"__type__":"cc.animation.ExoticNodeAnimation","_path":"mixamorig:Hips/mixamorig:Spine/mixamorig:Spine1/mixamorig:Spine2/mixamorig:RightShoulder/mixamorig:RightArm/mixamorig:RightForeArm/mixamorig:RightHand/mixamorig:RightHandPinky1/mixamorig:RightHandPinky2","_position":{"__id__":297},"_rotation":{"__id__":299},"_scale":{"__id__":301}},{"__type__":"cc.animation.ExoticTrack","times":{"__type__":"TypedArrayRef","ctor":"Float32Array","offset":50992,"length":1},"values":{"__id__":298}},{"__type__":"cc.animation.ExoticVec3TrackValues","_values":{"__type__":"TypedArrayRef","ctor":"Float32Array","offset":50996,"length":3},"_isQuantized":null},{"__type__":"cc.animation.ExoticTrack","times":{"__type__":"TypedArrayRef","ctor":"Float32Array","offset":51008,"length":2},"values":{"__id__":300}},{"__type__":"cc.animation.ExoticQuatTrackValues","_values":{"__type__":"TypedArrayRef","ctor":"Float32Array","offset":51016,"length":8},"_isQuantized":null},{"__type__":"cc.animation.ExoticTrack","times":{"__type__":"TypedArrayRef","ctor":"Float32Array","offset":51048,"length":1},"values":{"__id__":302}},{"__type__":"cc.animation.ExoticVec3TrackValues","_values":{"__type__":"TypedArrayRef","ctor":"Float32Array","offset":51052,"length":3},"_isQuantized":null},{"__type__":"cc.animation.ExoticNodeAnimation","_path":"mixamorig:Hips/mixamorig:Spine/mixamorig:Spine1/mixamorig:Spine2/mixamorig:RightShoulder/mixamorig:RightArm/mixamorig:RightForeArm/mixamorig:RightHand/mixamorig:RightHandPinky1/mixamorig:RightHandPinky2/mixamorig:RightHandPinky3","_position":{"__id__":304},"_rotation":{"__id__":306},"_scale":{"__id__":308}},{"__type__":"cc.animation.ExoticTrack","times":{"__type__":"TypedArrayRef","ctor":"Float32Array","offset":51064,"length":1},"values":{"__id__":305}},{"__type__":"cc.animation.ExoticVec3TrackValues","_values":{"__type__":"TypedArrayRef","ctor":"Float32Array","offset":51068,"length":3},"_isQuantized":null},{"__type__":"cc.animation.ExoticTrack","times":{"__type__":"TypedArrayRef","ctor":"Float32Array","offset":51080,"length":2},"values":{"__id__":307}},{"__type__":"cc.animation.ExoticQuatTrackValues","_values":{"__type__":"TypedArrayRef","ctor":"Float32Array","offset":51088,"length":8},"_isQuantized":null},{"__type__":"cc.animation.ExoticTrack","times":{"__type__":"TypedArrayRef","ctor":"Float32Array","offset":51120,"length":1},"values":{"__id__":309}},{"__type__":"cc.animation.ExoticVec3TrackValues","_values":{"__type__":"TypedArrayRef","ctor":"Float32Array","offset":51124,"length":3},"_isQuantized":null},{"__type__":"cc.animation.ExoticNodeAnimation","_path":"mixamorig:Hips/mixamorig:LeftUpLeg","_position":{"__id__":311},"_rotation":{"__id__":313},"_scale":{"__id__":315}},{"__type__":"cc.animation.ExoticTrack","times":{"__type__":"TypedArrayRef","ctor":"Float32Array","offset":51136,"length":1},"values":{"__id__":312}},{"__type__":"cc.animation.ExoticVec3TrackValues","_values":{"__type__":"TypedArrayRef","ctor":"Float32Array","offset":51140,"length":3},"_isQuantized":null},{"__type__":"cc.animation.ExoticTrack","times":{"__type__":"TypedArrayRef","ctor":"Float32Array","offset":51152,"length":164},"values":{"__id__":314}},{"__type__":"cc.animation.ExoticQuatTrackValues","_values":{"__type__":"TypedArrayRef","ctor":"Float32Array","offset":51808,"length":656},"_isQuantized":null},{"__type__":"cc.animation.ExoticTrack","times":{"__type__":"TypedArrayRef","ctor":"Float32Array","offset":54432,"length":1},"values":{"__id__":316}},{"__type__":"cc.animation.ExoticVec3TrackValues","_values":{"__type__":"TypedArrayRef","ctor":"Float32Array","offset":54436,"length":3},"_isQuantized":null},{"__type__":"cc.animation.ExoticNodeAnimation","_path":"mixamorig:Hips/mixamorig:LeftUpLeg/mixamorig:LeftLeg","_position":{"__id__":318},"_rotation":{"__id__":320},"_scale":{"__id__":322}},{"__type__":"cc.animation.ExoticTrack","times":{"__type__":"TypedArrayRef","ctor":"Float32Array","offset":54448,"length":1},"values":{"__id__":319}},{"__type__":"cc.animation.ExoticVec3TrackValues","_values":{"__type__":"TypedArrayRef","ctor":"Float32Array","offset":54452,"length":3},"_isQuantized":null},{"__type__":"cc.animation.ExoticTrack","times":{"__type__":"TypedArrayRef","ctor":"Float32Array","offset":54464,"length":164},"values":{"__id__":321}},{"__type__":"cc.animation.ExoticQuatTrackValues","_values":{"__type__":"TypedArrayRef","ctor":"Float32Array","offset":55120,"length":656},"_isQuantized":null},{"__type__":"cc.animation.ExoticTrack","times":{"__type__":"TypedArrayRef","ctor":"Float32Array","offset":57744,"length":1},"values":{"__id__":323}},{"__type__":"cc.animation.ExoticVec3TrackValues","_values":{"__type__":"TypedArrayRef","ctor":"Float32Array","offset":57748,"length":3},"_isQuantized":null},{"__type__":"cc.animation.ExoticNodeAnimation","_path":"mixamorig:Hips/mixamorig:LeftUpLeg/mixamorig:LeftLeg/mixamorig:LeftFoot","_position":{"__id__":325},"_rotation":{"__id__":327},"_scale":{"__id__":329}},{"__type__":"cc.animation.ExoticTrack","times":{"__type__":"TypedArrayRef","ctor":"Float32Array","offset":57760,"length":1},"values":{"__id__":326}},{"__type__":"cc.animation.ExoticVec3TrackValues","_values":{"__type__":"TypedArrayRef","ctor":"Float32Array","offset":57764,"length":3},"_isQuantized":null},{"__type__":"cc.animation.ExoticTrack","times":{"__type__":"TypedArrayRef","ctor":"Float32Array","offset":57776,"length":164},"values":{"__id__":328}},{"__type__":"cc.animation.ExoticQuatTrackValues","_values":{"__type__":"TypedArrayRef","ctor":"Float32Array","offset":58432,"length":656},"_isQuantized":null},{"__type__":"cc.animation.ExoticTrack","times":{"__type__":"TypedArrayRef","ctor":"Float32Array","offset":61056,"length":1},"values":{"__id__":330}},{"__type__":"cc.animation.ExoticVec3TrackValues","_values":{"__type__":"TypedArrayRef","ctor":"Float32Array","offset":61060,"length":3},"_isQuantized":null},{"__type__":"cc.animation.ExoticNodeAnimation","_path":"mixamorig:Hips/mixamorig:LeftUpLeg/mixamorig:LeftLeg/mixamorig:LeftFoot/mixamorig:LeftToeBase","_position":{"__id__":332},"_rotation":{"__id__":334},"_scale":{"__id__":336}},{"__type__":"cc.animation.ExoticTrack","times":{"__type__":"TypedArrayRef","ctor":"Float32Array","offset":61072,"length":1},"values":{"__id__":333}},{"__type__":"cc.animation.ExoticVec3TrackValues","_values":{"__type__":"TypedArrayRef","ctor":"Float32Array","offset":61076,"length":3},"_isQuantized":null},{"__type__":"cc.animation.ExoticTrack","times":{"__type__":"TypedArrayRef","ctor":"Float32Array","offset":61088,"length":155},"values":{"__id__":335}},{"__type__":"cc.animation.ExoticQuatTrackValues","_values":{"__type__":"TypedArrayRef","ctor":"Float32Array","offset":61708,"length":620},"_isQuantized":null},{"__type__":"cc.animation.ExoticTrack","times":{"__type__":"TypedArrayRef","ctor":"Float32Array","offset":64188,"length":1},"values":{"__id__":337}},{"__type__":"cc.animation.ExoticVec3TrackValues","_values":{"__type__":"TypedArrayRef","ctor":"Float32Array","offset":64192,"length":3},"_isQuantized":null},{"__type__":"cc.animation.ExoticNodeAnimation","_path":"mixamorig:Hips/mixamorig:RightUpLeg","_position":{"__id__":339},"_rotation":{"__id__":341},"_scale":{"__id__":343}},{"__type__":"cc.animation.ExoticTrack","times":{"__type__":"TypedArrayRef","ctor":"Float32Array","offset":64204,"length":1},"values":{"__id__":340}},{"__type__":"cc.animation.ExoticVec3TrackValues","_values":{"__type__":"TypedArrayRef","ctor":"Float32Array","offset":64208,"length":3},"_isQuantized":null},{"__type__":"cc.animation.ExoticTrack","times":{"__type__":"TypedArrayRef","ctor":"Float32Array","offset":64220,"length":164},"values":{"__id__":342}},{"__type__":"cc.animation.ExoticQuatTrackValues","_values":{"__type__":"TypedArrayRef","ctor":"Float32Array","offset":64876,"length":656},"_isQuantized":null},{"__type__":"cc.animation.ExoticTrack","times":{"__type__":"TypedArrayRef","ctor":"Float32Array","offset":67500,"length":1},"values":{"__id__":344}},{"__type__":"cc.animation.ExoticVec3TrackValues","_values":{"__type__":"TypedArrayRef","ctor":"Float32Array","offset":67504,"length":3},"_isQuantized":null},{"__type__":"cc.animation.ExoticNodeAnimation","_path":"mixamorig:Hips/mixamorig:RightUpLeg/mixamorig:RightLeg","_position":{"__id__":346},"_rotation":{"__id__":348},"_scale":{"__id__":350}},{"__type__":"cc.animation.ExoticTrack","times":{"__type__":"TypedArrayRef","ctor":"Float32Array","offset":67516,"length":1},"values":{"__id__":347}},{"__type__":"cc.animation.ExoticVec3TrackValues","_values":{"__type__":"TypedArrayRef","ctor":"Float32Array","offset":67520,"length":3},"_isQuantized":null},{"__type__":"cc.animation.ExoticTrack","times":{"__type__":"TypedArrayRef","ctor":"Float32Array","offset":67532,"length":164},"values":{"__id__":349}},{"__type__":"cc.animation.ExoticQuatTrackValues","_values":{"__type__":"TypedArrayRef","ctor":"Float32Array","offset":68188,"length":656},"_isQuantized":null},{"__type__":"cc.animation.ExoticTrack","times":{"__type__":"TypedArrayRef","ctor":"Float32Array","offset":70812,"length":1},"values":{"__id__":351}},{"__type__":"cc.animation.ExoticVec3TrackValues","_values":{"__type__":"TypedArrayRef","ctor":"Float32Array","offset":70816,"length":3},"_isQuantized":null},{"__type__":"cc.animation.ExoticNodeAnimation","_path":"mixamorig:Hips/mixamorig:RightUpLeg/mixamorig:RightLeg/mixamorig:RightFoot","_position":{"__id__":353},"_rotation":{"__id__":355},"_scale":{"__id__":357}},{"__type__":"cc.animation.ExoticTrack","times":{"__type__":"TypedArrayRef","ctor":"Float32Array","offset":70828,"length":1},"values":{"__id__":354}},{"__type__":"cc.animation.ExoticVec3TrackValues","_values":{"__type__":"TypedArrayRef","ctor":"Float32Array","offset":70832,"length":3},"_isQuantized":null},{"__type__":"cc.animation.ExoticTrack","times":{"__type__":"TypedArrayRef","ctor":"Float32Array","offset":70844,"length":164},"values":{"__id__":356}},{"__type__":"cc.animation.ExoticQuatTrackValues","_values":{"__type__":"TypedArrayRef","ctor":"Float32Array","offset":71500,"length":656},"_isQuantized":null},{"__type__":"cc.animation.ExoticTrack","times":{"__type__":"TypedArrayRef","ctor":"Float32Array","offset":74124,"length":1},"values":{"__id__":358}},{"__type__":"cc.animation.ExoticVec3TrackValues","_values":{"__type__":"TypedArrayRef","ctor":"Float32Array","offset":74128,"length":3},"_isQuantized":null},{"__type__":"cc.animation.ExoticNodeAnimation","_path":"mixamorig:Hips/mixamorig:RightUpLeg/mixamorig:RightLeg/mixamorig:RightFoot/mixamorig:RightToeBase","_position":{"__id__":360},"_rotation":{"__id__":362},"_scale":{"__id__":364}},{"__type__":"cc.animation.ExoticTrack","times":{"__type__":"TypedArrayRef","ctor":"Float32Array","offset":74140,"length":1},"values":{"__id__":361}},{"__type__":"cc.animation.ExoticVec3TrackValues","_values":{"__type__":"TypedArrayRef","ctor":"Float32Array","offset":74144,"length":3},"_isQuantized":null},{"__type__":"cc.animation.ExoticTrack","times":{"__type__":"TypedArrayRef","ctor":"Float32Array","offset":74156,"length":129},"values":{"__id__":363}},{"__type__":"cc.animation.ExoticQuatTrackValues","_values":{"__type__":"TypedArrayRef","ctor":"Float32Array","offset":74672,"length":516},"_isQuantized":null},{"__type__":"cc.animation.ExoticTrack","times":{"__type__":"TypedArrayRef","ctor":"Float32Array","offset":76736,"length":1},"values":{"__id__":365}},{"__type__":"cc.animation.ExoticVec3TrackValues","_values":{"__type__":"TypedArrayRef","ctor":"Float32Array","offset":76740,"length":3},"_isQuantized":null},{"__type__":"cc.animation.ExoticNodeAnimation","_path":"mixamorig:Hips/mixamorig:Spine/mixamorig:Spine1/mixamorig:Spine2/mixamorig:Neck/mixamorig:Head/mixamorig:HeadTop_End","_position":{"__id__":367},"_rotation":{"__id__":369},"_scale":{"__id__":371}},{"__type__":"cc.animation.ExoticTrack","times":{"__type__":"TypedArrayRef","ctor":"Float32Array","offset":76752,"length":1},"values":{"__id__":368}},{"__type__":"cc.animation.ExoticVec3TrackValues","_values":{"__type__":"TypedArrayRef","ctor":"Float32Array","offset":76756,"length":3},"_isQuantized":null},{"__type__":"cc.animation.ExoticTrack","times":{"__type__":"TypedArrayRef","ctor":"Float32Array","offset":76768,"length":1},"values":{"__id__":370}},{"__type__":"cc.animation.ExoticQuatTrackValues","_values":{"__type__":"TypedArrayRef","ctor":"Float32Array","offset":76772,"length":4},"_isQuantized":null},{"__type__":"cc.animation.ExoticTrack","times":{"__type__":"TypedArrayRef","ctor":"Float32Array","offset":76788,"length":1},"values":{"__id__":372}},{"__type__":"cc.animation.ExoticVec3TrackValues","_values":{"__type__":"TypedArrayRef","ctor":"Float32Array","offset":76792,"length":3},"_isQuantized":null},{"__type__":"cc.animation.ExoticNodeAnimation","_path":"mixamorig:Hips/mixamorig:Spine/mixamorig:Spine1/mixamorig:Spine2/mixamorig:LeftShoulder/mixamorig:LeftArm/mixamorig:LeftForeArm/mixamorig:LeftHand/mixamorig:LeftHandThumb1/mixamorig:LeftHandThumb2/mixamorig:LeftHandThumb3/mixamorig:LeftHandThumb4","_position":{"__id__":374},"_rotation":{"__id__":376},"_scale":{"__id__":378}},{"__type__":"cc.animation.ExoticTrack","times":{"__type__":"TypedArrayRef","ctor":"Float32Array","offset":76804,"length":1},"values":{"__id__":375}},{"__type__":"cc.animation.ExoticVec3TrackValues","_values":{"__type__":"TypedArrayRef","ctor":"Float32Array","offset":76808,"length":3},"_isQuantized":null},{"__type__":"cc.animation.ExoticTrack","times":{"__type__":"TypedArrayRef","ctor":"Float32Array","offset":76820,"length":1},"values":{"__id__":377}},{"__type__":"cc.animation.ExoticQuatTrackValues","_values":{"__type__":"TypedArrayRef","ctor":"Float32Array","offset":76824,"length":4},"_isQuantized":null},{"__type__":"cc.animation.ExoticTrack","times":{"__type__":"TypedArrayRef","ctor":"Float32Array","offset":76840,"length":1},"values":{"__id__":379}},{"__type__":"cc.animation.ExoticVec3TrackValues","_values":{"__type__":"TypedArrayRef","ctor":"Float32Array","offset":76844,"length":3},"_isQuantized":null},{"__type__":"cc.animation.ExoticNodeAnimation","_path":"mixamorig:Hips/mixamorig:Spine/mixamorig:Spine1/mixamorig:Spine2/mixamorig:LeftShoulder/mixamorig:LeftArm/mixamorig:LeftForeArm/mixamorig:LeftHand/mixamorig:LeftHandIndex1/mixamorig:LeftHandIndex2/mixamorig:LeftHandIndex3/mixamorig:LeftHandIndex4","_position":{"__id__":381},"_rotation":{"__id__":383},"_scale":{"__id__":385}},{"__type__":"cc.animation.ExoticTrack","times":{"__type__":"TypedArrayRef","ctor":"Float32Array","offset":76856,"length":1},"values":{"__id__":382}},{"__type__":"cc.animation.ExoticVec3TrackValues","_values":{"__type__":"TypedArrayRef","ctor":"Float32Array","offset":76860,"length":3},"_isQuantized":null},{"__type__":"cc.animation.ExoticTrack","times":{"__type__":"TypedArrayRef","ctor":"Float32Array","offset":76872,"length":1},"values":{"__id__":384}},{"__type__":"cc.animation.ExoticQuatTrackValues","_values":{"__type__":"TypedArrayRef","ctor":"Float32Array","offset":76876,"length":4},"_isQuantized":null},{"__type__":"cc.animation.ExoticTrack","times":{"__type__":"TypedArrayRef","ctor":"Float32Array","offset":76892,"length":1},"values":{"__id__":386}},{"__type__":"cc.animation.ExoticVec3TrackValues","_values":{"__type__":"TypedArrayRef","ctor":"Float32Array","offset":76896,"length":3},"_isQuantized":null},{"__type__":"cc.animation.ExoticNodeAnimation","_path":"mixamorig:Hips/mixamorig:Spine/mixamorig:Spine1/mixamorig:Spine2/mixamorig:LeftShoulder/mixamorig:LeftArm/mixamorig:LeftForeArm/mixamorig:LeftHand/mixamorig:LeftHandMiddle1/mixamorig:LeftHandMiddle2/mixamorig:LeftHandMiddle3/mixamorig:LeftHandMiddle4","_position":{"__id__":388},"_rotation":{"__id__":390},"_scale":{"__id__":392}},{"__type__":"cc.animation.ExoticTrack","times":{"__type__":"TypedArrayRef","ctor":"Float32Array","offset":76908,"length":1},"values":{"__id__":389}},{"__type__":"cc.animation.ExoticVec3TrackValues","_values":{"__type__":"TypedArrayRef","ctor":"Float32Array","offset":76912,"length":3},"_isQuantized":null},{"__type__":"cc.animation.ExoticTrack","times":{"__type__":"TypedArrayRef","ctor":"Float32Array","offset":76924,"length":1},"values":{"__id__":391}},{"__type__":"cc.animation.ExoticQuatTrackValues","_values":{"__type__":"TypedArrayRef","ctor":"Float32Array","offset":76928,"length":4},"_isQuantized":null},{"__type__":"cc.animation.ExoticTrack","times":{"__type__":"TypedArrayRef","ctor":"Float32Array","offset":76944,"length":1},"values":{"__id__":393}},{"__type__":"cc.animation.ExoticVec3TrackValues","_values":{"__type__":"TypedArrayRef","ctor":"Float32Array","offset":76948,"length":3},"_isQuantized":null},{"__type__":"cc.animation.ExoticNodeAnimation","_path":"mixamorig:Hips/mixamorig:Spine/mixamorig:Spine1/mixamorig:Spine2/mixamorig:LeftShoulder/mixamorig:LeftArm/mixamorig:LeftForeArm/mixamorig:LeftHand/mixamorig:LeftHandRing1/mixamorig:LeftHandRing2/mixamorig:LeftHandRing3/mixamorig:LeftHandRing4","_position":{"__id__":395},"_rotation":{"__id__":397},"_scale":{"__id__":399}},{"__type__":"cc.animation.ExoticTrack","times":{"__type__":"TypedArrayRef","ctor":"Float32Array","offset":76960,"length":1},"values":{"__id__":396}},{"__type__":"cc.animation.ExoticVec3TrackValues","_values":{"__type__":"TypedArrayRef","ctor":"Float32Array","offset":76964,"length":3},"_isQuantized":null},{"__type__":"cc.animation.ExoticTrack","times":{"__type__":"TypedArrayRef","ctor":"Float32Array","offset":76976,"length":1},"values":{"__id__":398}},{"__type__":"cc.animation.ExoticQuatTrackValues","_values":{"__type__":"TypedArrayRef","ctor":"Float32Array","offset":76980,"length":4},"_isQuantized":null},{"__type__":"cc.animation.ExoticTrack","times":{"__type__":"TypedArrayRef","ctor":"Float32Array","offset":76996,"length":1},"values":{"__id__":400}},{"__type__":"cc.animation.ExoticVec3TrackValues","_values":{"__type__":"TypedArrayRef","ctor":"Float32Array","offset":77000,"length":3},"_isQuantized":null},{"__type__":"cc.animation.ExoticNodeAnimation","_path":"mixamorig:Hips/mixamorig:Spine/mixamorig:Spine1/mixamorig:Spine2/mixamorig:LeftShoulder/mixamorig:LeftArm/mixamorig:LeftForeArm/mixamorig:LeftHand/mixamorig:LeftHandPinky1/mixamorig:LeftHandPinky2/mixamorig:LeftHandPinky3/mixamorig:LeftHandPinky4","_position":{"__id__":402},"_rotation":{"__id__":404},"_scale":{"__id__":406}},{"__type__":"cc.animation.ExoticTrack","times":{"__type__":"TypedArrayRef","ctor":"Float32Array","offset":77012,"length":1},"values":{"__id__":403}},{"__type__":"cc.animation.ExoticVec3TrackValues","_values":{"__type__":"TypedArrayRef","ctor":"Float32Array","offset":77016,"length":3},"_isQuantized":null},{"__type__":"cc.animation.ExoticTrack","times":{"__type__":"TypedArrayRef","ctor":"Float32Array","offset":77028,"length":1},"values":{"__id__":405}},{"__type__":"cc.animation.ExoticQuatTrackValues","_values":{"__type__":"TypedArrayRef","ctor":"Float32Array","offset":77032,"length":4},"_isQuantized":null},{"__type__":"cc.animation.ExoticTrack","times":{"__type__":"TypedArrayRef","ctor":"Float32Array","offset":77048,"length":1},"values":{"__id__":407}},{"__type__":"cc.animation.ExoticVec3TrackValues","_values":{"__type__":"TypedArrayRef","ctor":"Float32Array","offset":77052,"length":3},"_isQuantized":null},{"__type__":"cc.animation.ExoticNodeAnimation","_path":"mixamorig:Hips/mixamorig:Spine/mixamorig:Spine1/mixamorig:Spine2/mixamorig:RightShoulder/mixamorig:RightArm/mixamorig:RightForeArm/mixamorig:RightHand/mixamorig:RightHandThumb1/mixamorig:RightHandThumb2/mixamorig:RightHandThumb3/mixamorig:RightHandThumb4","_position":{"__id__":409},"_rotation":{"__id__":411},"_scale":{"__id__":413}},{"__type__":"cc.animation.ExoticTrack","times":{"__type__":"TypedArrayRef","ctor":"Float32Array","offset":77064,"length":1},"values":{"__id__":410}},{"__type__":"cc.animation.ExoticVec3TrackValues","_values":{"__type__":"TypedArrayRef","ctor":"Float32Array","offset":77068,"length":3},"_isQuantized":null},{"__type__":"cc.animation.ExoticTrack","times":{"__type__":"TypedArrayRef","ctor":"Float32Array","offset":77080,"length":1},"values":{"__id__":412}},{"__type__":"cc.animation.ExoticQuatTrackValues","_values":{"__type__":"TypedArrayRef","ctor":"Float32Array","offset":77084,"length":4},"_isQuantized":null},{"__type__":"cc.animation.ExoticTrack","times":{"__type__":"TypedArrayRef","ctor":"Float32Array","offset":77100,"length":1},"values":{"__id__":414}},{"__type__":"cc.animation.ExoticVec3TrackValues","_values":{"__type__":"TypedArrayRef","ctor":"Float32Array","offset":77104,"length":3},"_isQuantized":null},{"__type__":"cc.animation.ExoticNodeAnimation","_path":"mixamorig:Hips/mixamorig:Spine/mixamorig:Spine1/mixamorig:Spine2/mixamorig:RightShoulder/mixamorig:RightArm/mixamorig:RightForeArm/mixamorig:RightHand/mixamorig:RightHandIndex1/mixamorig:RightHandIndex2/mixamorig:RightHandIndex3/mixamorig:RightHandIndex4","_position":{"__id__":416},"_rotation":{"__id__":418},"_scale":{"__id__":420}},{"__type__":"cc.animation.ExoticTrack","times":{"__type__":"TypedArrayRef","ctor":"Float32Array","offset":77116,"length":1},"values":{"__id__":417}},{"__type__":"cc.animation.ExoticVec3TrackValues","_values":{"__type__":"TypedArrayRef","ctor":"Float32Array","offset":77120,"length":3},"_isQuantized":null},{"__type__":"cc.animation.ExoticTrack","times":{"__type__":"TypedArrayRef","ctor":"Float32Array","offset":77132,"length":1},"values":{"__id__":419}},{"__type__":"cc.animation.ExoticQuatTrackValues","_values":{"__type__":"TypedArrayRef","ctor":"Float32Array","offset":77136,"length":4},"_isQuantized":null},{"__type__":"cc.animation.ExoticTrack","times":{"__type__":"TypedArrayRef","ctor":"Float32Array","offset":77152,"length":1},"values":{"__id__":421}},{"__type__":"cc.animation.ExoticVec3TrackValues","_values":{"__type__":"TypedArrayRef","ctor":"Float32Array","offset":77156,"length":3},"_isQuantized":null},{"__type__":"cc.animation.ExoticNodeAnimation","_path":"mixamorig:Hips/mixamorig:Spine/mixamorig:Spine1/mixamorig:Spine2/mixamorig:RightShoulder/mixamorig:RightArm/mixamorig:RightForeArm/mixamorig:RightHand/mixamorig:RightHandMiddle1/mixamorig:RightHandMiddle2/mixamorig:RightHandMiddle3/mixamorig:RightHandMiddle4","_position":{"__id__":423},"_rotation":{"__id__":425},"_scale":{"__id__":427}},{"__type__":"cc.animation.ExoticTrack","times":{"__type__":"TypedArrayRef","ctor":"Float32Array","offset":77168,"length":1},"values":{"__id__":424}},{"__type__":"cc.animation.ExoticVec3TrackValues","_values":{"__type__":"TypedArrayRef","ctor":"Float32Array","offset":77172,"length":3},"_isQuantized":null},{"__type__":"cc.animation.ExoticTrack","times":{"__type__":"TypedArrayRef","ctor":"Float32Array","offset":77184,"length":1},"values":{"__id__":426}},{"__type__":"cc.animation.ExoticQuatTrackValues","_values":{"__type__":"TypedArrayRef","ctor":"Float32Array","offset":77188,"length":4},"_isQuantized":null},{"__type__":"cc.animation.ExoticTrack","times":{"__type__":"TypedArrayRef","ctor":"Float32Array","offset":77204,"length":1},"values":{"__id__":428}},{"__type__":"cc.animation.ExoticVec3TrackValues","_values":{"__type__":"TypedArrayRef","ctor":"Float32Array","offset":77208,"length":3},"_isQuantized":null},{"__type__":"cc.animation.ExoticNodeAnimation","_path":"mixamorig:Hips/mixamorig:Spine/mixamorig:Spine1/mixamorig:Spine2/mixamorig:RightShoulder/mixamorig:RightArm/mixamorig:RightForeArm/mixamorig:RightHand/mixamorig:RightHandRing1/mixamorig:RightHandRing2/mixamorig:RightHandRing3/mixamorig:RightHandRing4","_position":{"__id__":430},"_rotation":{"__id__":432},"_scale":{"__id__":434}},{"__type__":"cc.animation.ExoticTrack","times":{"__type__":"TypedArrayRef","ctor":"Float32Array","offset":77220,"length":1},"values":{"__id__":431}},{"__type__":"cc.animation.ExoticVec3TrackValues","_values":{"__type__":"TypedArrayRef","ctor":"Float32Array","offset":77224,"length":3},"_isQuantized":null},{"__type__":"cc.animation.ExoticTrack","times":{"__type__":"TypedArrayRef","ctor":"Float32Array","offset":77236,"length":1},"values":{"__id__":433}},{"__type__":"cc.animation.ExoticQuatTrackValues","_values":{"__type__":"TypedArrayRef","ctor":"Float32Array","offset":77240,"length":4},"_isQuantized":null},{"__type__":"cc.animation.ExoticTrack","times":{"__type__":"TypedArrayRef","ctor":"Float32Array","offset":77256,"length":1},"values":{"__id__":435}},{"__type__":"cc.animation.ExoticVec3TrackValues","_values":{"__type__":"TypedArrayRef","ctor":"Float32Array","offset":77260,"length":3},"_isQuantized":null},{"__type__":"cc.animation.ExoticNodeAnimation","_path":"mixamorig:Hips/mixamorig:Spine/mixamorig:Spine1/mixamorig:Spine2/mixamorig:RightShoulder/mixamorig:RightArm/mixamorig:RightForeArm/mixamorig:RightHand/mixamorig:RightHandPinky1/mixamorig:RightHandPinky2/mixamorig:RightHandPinky3/mixamorig:RightHandPinky4","_position":{"__id__":437},"_rotation":{"__id__":439},"_scale":{"__id__":441}},{"__type__":"cc.animation.ExoticTrack","times":{"__type__":"TypedArrayRef","ctor":"Float32Array","offset":77272,"length":1},"values":{"__id__":438}},{"__type__":"cc.animation.ExoticVec3TrackValues","_values":{"__type__":"TypedArrayRef","ctor":"Float32Array","offset":77276,"length":3},"_isQuantized":null},{"__type__":"cc.animation.ExoticTrack","times":{"__type__":"TypedArrayRef","ctor":"Float32Array","offset":77288,"length":1},"values":{"__id__":440}},{"__type__":"cc.animation.ExoticQuatTrackValues","_values":{"__type__":"TypedArrayRef","ctor":"Float32Array","offset":77292,"length":4},"_isQuantized":null},{"__type__":"cc.animation.ExoticTrack","times":{"__type__":"TypedArrayRef","ctor":"Float32Array","offset":77308,"length":1},"values":{"__id__":442}},{"__type__":"cc.animation.ExoticVec3TrackValues","_values":{"__type__":"TypedArrayRef","ctor":"Float32Array","offset":77312,"length":3},"_isQuantized":null},{"__type__":"cc.animation.ExoticNodeAnimation","_path":"mixamorig:Hips/mixamorig:LeftUpLeg/mixamorig:LeftLeg/mixamorig:LeftFoot/mixamorig:LeftToeBase/mixamorig:LeftToe_End","_position":{"__id__":444},"_rotation":{"__id__":446},"_scale":{"__id__":448}},{"__type__":"cc.animation.ExoticTrack","times":{"__type__":"TypedArrayRef","ctor":"Float32Array","offset":77324,"length":1},"values":{"__id__":445}},{"__type__":"cc.animation.ExoticVec3TrackValues","_values":{"__type__":"TypedArrayRef","ctor":"Float32Array","offset":77328,"length":3},"_isQuantized":null},{"__type__":"cc.animation.ExoticTrack","times":{"__type__":"TypedArrayRef","ctor":"Float32Array","offset":77340,"length":1},"values":{"__id__":447}},{"__type__":"cc.animation.ExoticQuatTrackValues","_values":{"__type__":"TypedArrayRef","ctor":"Float32Array","offset":77344,"length":4},"_isQuantized":null},{"__type__":"cc.animation.ExoticTrack","times":{"__type__":"TypedArrayRef","ctor":"Float32Array","offset":77360,"length":1},"values":{"__id__":449}},{"__type__":"cc.animation.ExoticVec3TrackValues","_values":{"__type__":"TypedArrayRef","ctor":"Float32Array","offset":77364,"length":3},"_isQuantized":null},{"__type__":"cc.animation.ExoticNodeAnimation","_path":"mixamorig:Hips/mixamorig:RightUpLeg/mixamorig:RightLeg/mixamorig:RightFoot/mixamorig:RightToeBase/mixamorig:RightToe_End","_position":{"__id__":451},"_rotation":{"__id__":453},"_scale":{"__id__":455}},{"__type__":"cc.animation.ExoticTrack","times":{"__type__":"TypedArrayRef","ctor":"Float32Array","offset":77376,"length":1},"values":{"__id__":452}},{"__type__":"cc.animation.ExoticVec3TrackValues","_values":{"__type__":"TypedArrayRef","ctor":"Float32Array","offset":77380,"length":3},"_isQuantized":null},{"__type__":"cc.animation.ExoticTrack","times":{"__type__":"TypedArrayRef","ctor":"Float32Array","offset":77392,"length":1},"values":{"__id__":454}},{"__type__":"cc.animation.ExoticQuatTrackValues","_values":{"__type__":"TypedArrayRef","ctor":"Float32Array","offset":77396,"length":4},"_isQuantized":null},{"__type__":"cc.animation.ExoticTrack","times":{"__type__":"TypedArrayRef","ctor":"Float32Array","offset":77412,"length":1},"values":{"__id__":456}},{"__type__":"cc.animation.ExoticVec3TrackValues","_values":{"__type__":"TypedArrayRef","ctor":"Float32Array","offset":77416,"length":3},"_isQuantized":null}],"chunks":[".bin"]}
