[1,["2179fd3d-71d7-4f24-a782-3c47a131f8a8@f9941","3dcd3116-8917-487d-bdaf-41674bb1f1b6@f9941","77d0cd8a-b396-40d5-b8a2-2a883c2b6ed3@f9941","bdc1f55c-ccf9-4d2d-b910-52bfcb437fbe","915c3df3-f236-4666-b671-feddba40d742@f9941"],["node","_spriteFrame","root","xComboLabel","cool","perfect","good","data","_font","spriteFrame"],[["cc.Node",["_name","_layer","_active","_components","_prefab","_children","_parent","_lpos"],0,9,4,2,1,5],["cc.UITransform",["node","__prefab","_anchorPoint","_contentSize"],3,1,4,5,5],["cc.Prefab",["_name"],2],["cc.Node",["_name","_layer","_parent","_components","_prefab","_lpos","_lrot","_euler"],1,1,12,4,5,5,5],["cc.CompPrefabInfo",["fileId"],2],["cc.Widget",["_alignFlags","node","__prefab"],2,1,4],["e36b7n5B5ZLdpKAc4glyYxU",["node","__prefab","good","perfect","cool","xComboLabel"],3,1,4,1,1,1,1],["cc.PrefabInfo",["fileId","root","asset"],2,1,1],["cc.Sprite",["_sizeMode","_isTrimmedMode","node","__prefab","_spriteFrame"],1,1,4,6],["cc.Label",["_string","_actualFontSize","_fontSize","_lineHeight","_isSystemFontUsed","_isBold","node","__prefab"],-3,1,4],["cc.BitmapFont",["_name","fontSize","fntConfig"],0]],[[4,0,2],[7,0,1,2,2],[1,0,1,3,1],[8,0,1,2,3,4,3],[0,0,2,1,6,3,4,4],[2,0,2],[0,0,5,3,4,7,2],[0,0,1,6,5,3,4,3],[3,0,1,2,3,4,5,6,7,3],[1,0,1,2,1],[5,0,1,2,2],[6,0,1,2,3,4,5,1],[9,0,1,2,3,4,5,6,7,7],[10,0,1,2,4]],[[[[5,"ScoreEffect"],[6,"ScoreEffect",[-9,-10,-11],[[9,-2,[0,"61Rq9/qLxO/LMxEpZuJer4"],[0,0.5,0]],[10,1,-3,[0,"6ctIDp7KhLAY9b++rpUZ6b"]],[11,-8,[0,"45sanmhXJHyKnirLTGHwQX"],-7,-6,-5,-4]],[1,"0fyueUpNVJjYr64TKruXjk",-1,0],[1,0,-50,0]],[7,"Perfect",33554432,1,[-14],[[2,-12,[0,"b5O5KuSH5Fr7C3Paybk3J0"],[5,454,344]],[3,0,false,-13,[0,"2biLFoJLpBEIJg01q3s0fG"],0]],[1,"9dnirNv/pL3KGXfygEteDY",1,0]],[4,"Good",false,33554432,1,[[2,-15,[0,"62kzpcbApE6JHOSq6Gc3HX"],[5,289,234]],[3,0,false,-16,[0,"000DCuo31H9rwBkvwbmsYs"],1]],[1,"74yrKExKNNr63coj3sKwM9",1,0]],[4,"Cool",false,33554432,1,[[2,-17,[0,"fdhX/PNM5NkLVNDBVvne+V"],[5,407,211]],[3,0,false,-18,[0,"25F97Zi/xBdL1JgNM8oFwK"],2]],[1,"23/uKlzSxP/aVZ3V1iDQuP",1,0]],[8,"xCombo",33554432,2,[[[2,-19,[0,"f0IlTTgVlES7pjP1y4Mgyx"],[5,84.6,70]],-20],4,1],[1,"3cnbZ6dXxPx4gixqJOidTx",1,0],[1,17.755,-39.803,0],[3,0,0,0.10452846326765347,0.9945218953682733],[1,0,0,12]],[12,"x2",90,90,70,false,true,5,[0,"cb50/47y9DJqvaV0KKT7vi"]]],0,[0,2,1,0,0,1,0,0,1,0,3,6,0,4,4,0,5,2,0,6,3,0,0,1,0,-1,2,0,-2,3,0,-3,4,0,0,2,0,0,2,0,-1,5,0,0,3,0,0,3,0,0,4,0,0,4,0,0,5,0,-2,6,0,7,1,20],[0,0,0,6],[1,1,1,8],[0,1,2,3]],[[[13,"DINAlternate",100,{"commonHeight":115,"fontSize":100,"atlasName":"DINAlternate.png","fontDefDictionary":{"0":{"xOffset":-5,"yOffset":0,"xAdvance":-2,"rect":{"x":0,"y":0,"width":0,"height":0}},"10":{"xOffset":-5,"yOffset":0,"xAdvance":-2,"rect":{"x":0,"y":0,"width":0,"height":0}},"32":{"xOffset":-5,"yOffset":0,"xAdvance":22,"rect":{"x":0,"y":0,"width":0,"height":0}},"48":{"xOffset":-1,"yOffset":16,"xAdvance":46,"rect":{"x":203,"y":0,"width":49,"height":84}},"49":{"xOffset":4,"yOffset":17,"xAdvance":46,"rect":{"x":352,"y":0,"width":30,"height":82}},"50":{"xOffset":-2,"yOffset":16,"xAdvance":46,"rect":{"x":252,"y":0,"width":50,"height":83}},"51":{"xOffset":-4,"yOffset":16,"xAdvance":46,"rect":{"x":0,"y":0,"width":51,"height":84}},"52":{"xOffset":-4,"yOffset":17,"xAdvance":46,"rect":{"x":382,"y":0,"width":55,"height":82}},"53":{"xOffset":-2,"yOffset":17,"xAdvance":46,"rect":{"x":302,"y":0,"width":50,"height":83}},"54":{"xOffset":-1,"yOffset":16,"xAdvance":46,"rect":{"x":51,"y":0,"width":49,"height":84}},"55":{"xOffset":0,"yOffset":17,"xAdvance":46,"rect":{"x":437,"y":0,"width":50,"height":82}},"56":{"xOffset":-4,"yOffset":16,"xAdvance":46,"rect":{"x":100,"y":0,"width":54,"height":84}},"57":{"xOffset":-1,"yOffset":16,"xAdvance":46,"rect":{"x":154,"y":0,"width":49,"height":84}},"120":{"xOffset":-4,"yOffset":37,"xAdvance":46,"rect":{"x":0,"y":84,"width":55,"height":62}}},"kerningDict":{}}]],0,0,[0],[9],[4]]]]
