{"version":1,"document":[{"__type__":"cc.AnimationClip","_name":"lv1-push","_objFlags":0,"_native":"","sample":60,"speed":1,"wrapMode":2,"enableTrsBlending":false,"_duration":1.2666666666666666,"_hash":500763545,"_tracks":[{"__id__":1},{"__id__":6}],"_exoticAnimation":null,"_events":[]},{"__type__":"cc.animation.ObjectTrack","_binding":{"__type__":"cc.animation.TrackBinding","path":{"__id__":2}},"_channel":{"__id__":4}},{"__type__":"cc.animation.TrackPath","_paths":[{"__id__":3},"spriteFrame"]},{"__type__":"cc.animation.ComponentPath","component":"cc.Sprite"},{"__type__":"cc.animation.Channel","_curve":{"__id__":5}},{"__type__":"cc.ObjectCurve","_times":[0,0.25,0.5,0.75,1,1.25],"_values":[{"__uuid__":"d42a3d97-e08a-4085-9933-6af0116201c8@f9941","__expectedType__":"cc.Asset"},{"__uuid__":"10c20279-f528-4fbb-9f5f-32c84e7e5e16@f9941","__expectedType__":"cc.Asset"},{"__uuid__":"c8f908d6-3f9c-4436-8b50-5a4cdf072a87@f9941","__expectedType__":"cc.Asset"},{"__uuid__":"736aecd3-9998-476c-9ed7-5533b1407cfb@f9941","__expectedType__":"cc.Asset"},{"__uuid__":"541ffd06-1858-4e75-931c-72c036f92c54@f9941","__expectedType__":"cc.Asset"},{"__uuid__":"bff4abc7-4696-4b9e-8947-c5acf23dbfcc@f9941","__expectedType__":"cc.Asset"}]},{"__type__":"cc.animation.SizeTrack","_binding":{"__type__":"cc.animation.TrackBinding","path":{"__id__":7}},"_channels":[{"__id__":9},{"__id__":11}]},{"__type__":"cc.animation.TrackPath","_paths":[{"__id__":8},"contentSize"]},{"__type__":"cc.animation.ComponentPath","component":"cc.UITransform"},{"__type__":"cc.animation.Channel","_curve":{"__id__":10}},{"__type__":"cc.RealCurve","bytes":{"__type__":"TypedArrayRef","ctor":"Uint8Array","offset":0,"length":26}},{"__type__":"cc.animation.Channel","_curve":{"__id__":12}},{"__type__":"cc.RealCurve","bytes":{"__type__":"TypedArrayRef","ctor":"Uint8Array","offset":26,"length":26}}],"chunks":[".bin"]}
