{"version":1,"document":[{"__type__":"cc.AnimationClip","_name":"lv4-push","_objFlags":0,"_native":"","sample":60,"speed":1,"wrapMode":2,"enableTrsBlending":false,"_duration":1.2666666666666666,"_hash":500763545,"_tracks":[{"__id__":1},{"__id__":6}],"_exoticAnimation":null,"_events":[]},{"__type__":"cc.animation.ObjectTrack","_binding":{"__type__":"cc.animation.TrackBinding","path":{"__id__":2}},"_channel":{"__id__":4}},{"__type__":"cc.animation.TrackPath","_paths":[{"__id__":3},"spriteFrame"]},{"__type__":"cc.animation.ComponentPath","component":"cc.Sprite"},{"__type__":"cc.animation.Channel","_curve":{"__id__":5}},{"__type__":"cc.ObjectCurve","_times":[0,0.25,0.5,0.75,1,1.25],"_values":[{"__uuid__":"c3b45cbd-4b6a-4496-853f-249ddd39d48a@f9941","__expectedType__":"cc.Asset"},{"__uuid__":"ec38b727-c4da-410c-a046-0eb6daed08b7@f9941","__expectedType__":"cc.Asset"},{"__uuid__":"4cbf447e-a268-42b4-ac1d-1c46e5e38daa@f9941","__expectedType__":"cc.Asset"},{"__uuid__":"45563226-c7b7-42fc-998f-31141aa69b8b@f9941","__expectedType__":"cc.Asset"},{"__uuid__":"25d8fe67-fc1a-426f-8111-03ae45fc35df@f9941","__expectedType__":"cc.Asset"},{"__uuid__":"a32a55ba-af55-4e9c-bf7d-3f7fa901e95d@f9941","__expectedType__":"cc.Asset"}]},{"__type__":"cc.animation.SizeTrack","_binding":{"__type__":"cc.animation.TrackBinding","path":{"__id__":7}},"_channels":[{"__id__":9},{"__id__":11}]},{"__type__":"cc.animation.TrackPath","_paths":[{"__id__":8},"contentSize"]},{"__type__":"cc.animation.ComponentPath","component":"cc.UITransform"},{"__type__":"cc.animation.Channel","_curve":{"__id__":10}},{"__type__":"cc.RealCurve","bytes":{"__type__":"TypedArrayRef","ctor":"Uint8Array","offset":0,"length":26}},{"__type__":"cc.animation.Channel","_curve":{"__id__":12}},{"__type__":"cc.RealCurve","bytes":{"__type__":"TypedArrayRef","ctor":"Uint8Array","offset":26,"length":26}}],"chunks":[".bin"]}
