[1,["71644c16-7b79-4c3d-b4be-5a030c998cfb@f9941"],["spriteFrame"],[["cc.BitmapFont",["_name","fontSize","fntConfig"],0]],[[0,0,1,2,4]],[[0,"Bungee-text",50,{"commonHeight":60,"fontSize":50,"atlasName":"Bungee-text.png","fontDefDictionary":{"0":{"xOffset":4,"yOffset":8,"xAdvance":50,"rect":{"x":30,"y":367,"width":43,"height":43}},"10":{"xOffset":-1,"yOffset":0,"xAdvance":0,"rect":{"x":0,"y":0,"width":0,"height":0}},"32":{"xOffset":-1,"yOffset":0,"xAdvance":11,"rect":{"x":0,"y":0,"width":0,"height":0}},"48":{"xOffset":1,"yOffset":9,"xAdvance":36,"rect":{"x":308,"y":238,"width":34,"height":41}},"49":{"xOffset":1,"yOffset":10,"xAdvance":30,"rect":{"x":331,"y":328,"width":29,"height":39}},"50":{"xOffset":1,"yOffset":10,"xAdvance":32,"rect":{"x":360,"y":328,"width":30,"height":39}},"51":{"xOffset":1,"yOffset":10,"xAdvance":32,"rect":{"x":390,"y":328,"width":30,"height":39}},"52":{"xOffset":2,"yOffset":10,"xAdvance":35,"rect":{"x":420,"y":328,"width":32,"height":39}},"53":{"xOffset":1,"yOffset":10,"xAdvance":32,"rect":{"x":452,"y":328,"width":31,"height":39}},"54":{"xOffset":1,"yOffset":10,"xAdvance":35,"rect":{"x":408,"y":238,"width":33,"height":40}},"55":{"xOffset":0,"yOffset":10,"xAdvance":31,"rect":{"x":0,"y":367,"width":30,"height":39}},"56":{"xOffset":1,"yOffset":9,"xAdvance":36,"rect":{"x":274,"y":238,"width":34,"height":41}},"57":{"xOffset":1,"yOffset":9,"xAdvance":35,"rect":{"x":441,"y":238,"width":32,"height":40}},"65":{"xOffset":1,"yOffset":10,"xAdvance":37,"rect":{"x":473,"y":238,"width":34,"height":39}},"66":{"xOffset":2,"yOffset":10,"xAdvance":36,"rect":{"x":0,"y":289,"width":34,"height":39}},"67":{"xOffset":1,"yOffset":10,"xAdvance":31,"rect":{"x":64,"y":289,"width":30,"height":39}},"68":{"xOffset":2,"yOffset":10,"xAdvance":37,"rect":{"x":94,"y":289,"width":34,"height":39}},"69":{"xOffset":2,"yOffset":10,"xAdvance":33,"rect":{"x":164,"y":289,"width":30,"height":39}},"70":{"xOffset":2,"yOffset":10,"xAdvance":31,"rect":{"x":194,"y":289,"width":29,"height":39}},"71":{"xOffset":1,"yOffset":10,"xAdvance":35,"rect":{"x":223,"y":289,"width":33,"height":39}},"72":{"xOffset":2,"yOffset":10,"xAdvance":38,"rect":{"x":256,"y":289,"width":34,"height":39}},"73":{"xOffset":1,"yOffset":10,"xAdvance":30,"rect":{"x":290,"y":289,"width":28,"height":39}},"74":{"xOffset":1,"yOffset":10,"xAdvance":34,"rect":{"x":342,"y":238,"width":32,"height":40}},"75":{"xOffset":2,"yOffset":10,"xAdvance":37,"rect":{"x":318,"y":289,"width":34,"height":39}},"76":{"xOffset":2,"yOffset":10,"xAdvance":35,"rect":{"x":352,"y":289,"width":32,"height":39}},"77":{"xOffset":2,"yOffset":10,"xAdvance":42,"rect":{"x":384,"y":289,"width":39,"height":39}},"78":{"xOffset":2,"yOffset":10,"xAdvance":38,"rect":{"x":423,"y":289,"width":34,"height":39}},"79":{"xOffset":1,"yOffset":9,"xAdvance":37,"rect":{"x":240,"y":238,"width":34,"height":41}},"80":{"xOffset":2,"yOffset":10,"xAdvance":34,"rect":{"x":457,"y":289,"width":32,"height":39}},"81":{"xOffset":1,"yOffset":9,"xAdvance":37,"rect":{"x":169,"y":238,"width":34,"height":44}},"82":{"xOffset":2,"yOffset":10,"xAdvance":37,"rect":{"x":0,"y":328,"width":35,"height":39}},"83":{"xOffset":1,"yOffset":10,"xAdvance":33,"rect":{"x":66,"y":328,"width":31,"height":39}},"84":{"xOffset":0,"yOffset":10,"xAdvance":33,"rect":{"x":97,"y":328,"width":33,"height":39}},"85":{"xOffset":2,"yOffset":10,"xAdvance":37,"rect":{"x":374,"y":238,"width":34,"height":40}},"86":{"xOffset":1,"yOffset":10,"xAdvance":37,"rect":{"x":130,"y":328,"width":34,"height":39}},"87":{"xOffset":2,"yOffset":10,"xAdvance":42,"rect":{"x":164,"y":328,"width":38,"height":39}},"88":{"xOffset":2,"yOffset":10,"xAdvance":37,"rect":{"x":202,"y":328,"width":33,"height":39}},"89":{"xOffset":1,"yOffset":10,"xAdvance":35,"rect":{"x":235,"y":328,"width":34,"height":39}},"90":{"xOffset":1,"yOffset":10,"xAdvance":33,"rect":{"x":300,"y":328,"width":31,"height":39}},"97":{"xOffset":1,"yOffset":10,"xAdvance":37,"rect":{"x":473,"y":238,"width":34,"height":39}},"98":{"xOffset":2,"yOffset":10,"xAdvance":36,"rect":{"x":0,"y":289,"width":34,"height":39}},"99":{"xOffset":1,"yOffset":10,"xAdvance":31,"rect":{"x":34,"y":289,"width":30,"height":39}},"100":{"xOffset":2,"yOffset":10,"xAdvance":37,"rect":{"x":94,"y":289,"width":34,"height":39}},"101":{"xOffset":2,"yOffset":10,"xAdvance":33,"rect":{"x":164,"y":289,"width":30,"height":39}},"102":{"xOffset":2,"yOffset":10,"xAdvance":31,"rect":{"x":194,"y":289,"width":29,"height":39}},"103":{"xOffset":1,"yOffset":10,"xAdvance":35,"rect":{"x":223,"y":289,"width":33,"height":39}},"104":{"xOffset":2,"yOffset":10,"xAdvance":38,"rect":{"x":256,"y":289,"width":34,"height":39}},"105":{"xOffset":1,"yOffset":10,"xAdvance":30,"rect":{"x":290,"y":289,"width":28,"height":39}},"106":{"xOffset":1,"yOffset":10,"xAdvance":34,"rect":{"x":342,"y":238,"width":32,"height":40}},"107":{"xOffset":2,"yOffset":10,"xAdvance":37,"rect":{"x":318,"y":289,"width":34,"height":39}},"108":{"xOffset":2,"yOffset":10,"xAdvance":35,"rect":{"x":352,"y":289,"width":32,"height":39}},"109":{"xOffset":2,"yOffset":10,"xAdvance":42,"rect":{"x":384,"y":289,"width":39,"height":39}},"110":{"xOffset":2,"yOffset":10,"xAdvance":38,"rect":{"x":423,"y":289,"width":34,"height":39}},"111":{"xOffset":1,"yOffset":9,"xAdvance":37,"rect":{"x":240,"y":238,"width":34,"height":41}},"112":{"xOffset":2,"yOffset":10,"xAdvance":34,"rect":{"x":457,"y":289,"width":32,"height":39}},"113":{"xOffset":1,"yOffset":9,"xAdvance":37,"rect":{"x":169,"y":238,"width":34,"height":44}},"114":{"xOffset":2,"yOffset":10,"xAdvance":37,"rect":{"x":0,"y":328,"width":35,"height":39}},"115":{"xOffset":1,"yOffset":10,"xAdvance":33,"rect":{"x":35,"y":328,"width":31,"height":39}},"116":{"xOffset":0,"yOffset":10,"xAdvance":33,"rect":{"x":97,"y":328,"width":33,"height":39}},"117":{"xOffset":2,"yOffset":10,"xAdvance":37,"rect":{"x":374,"y":238,"width":34,"height":40}},"118":{"xOffset":1,"yOffset":10,"xAdvance":37,"rect":{"x":130,"y":328,"width":34,"height":39}},"119":{"xOffset":2,"yOffset":10,"xAdvance":42,"rect":{"x":164,"y":328,"width":38,"height":39}},"120":{"xOffset":2,"yOffset":10,"xAdvance":37,"rect":{"x":202,"y":328,"width":33,"height":39}},"121":{"xOffset":1,"yOffset":10,"xAdvance":35,"rect":{"x":235,"y":328,"width":34,"height":39}},"122":{"xOffset":1,"yOffset":10,"xAdvance":33,"rect":{"x":269,"y":328,"width":31,"height":39}},"192":{"xOffset":1,"yOffset":-2,"xAdvance":37,"rect":{"x":0,"y":186,"width":34,"height":51}},"193":{"xOffset":1,"yOffset":-2,"xAdvance":37,"rect":{"x":34,"y":186,"width":34,"height":51}},"194":{"xOffset":1,"yOffset":-3,"xAdvance":37,"rect":{"x":105,"y":131,"width":34,"height":52}},"195":{"xOffset":1,"yOffset":-1,"xAdvance":37,"rect":{"x":34,"y":238,"width":34,"height":50}},"200":{"xOffset":2,"yOffset":-2,"xAdvance":33,"rect":{"x":102,"y":186,"width":30,"height":51}},"201":{"xOffset":2,"yOffset":-2,"xAdvance":33,"rect":{"x":132,"y":186,"width":30,"height":51}},"202":{"xOffset":2,"yOffset":-3,"xAdvance":33,"rect":{"x":139,"y":131,"width":30,"height":52}},"204":{"xOffset":1,"yOffset":-2,"xAdvance":30,"rect":{"x":192,"y":186,"width":28,"height":51}},"205":{"xOffset":1,"yOffset":-2,"xAdvance":30,"rect":{"x":220,"y":186,"width":28,"height":51}},"210":{"xOffset":1,"yOffset":-2,"xAdvance":37,"rect":{"x":169,"y":131,"width":34,"height":52}},"211":{"xOffset":1,"yOffset":-2,"xAdvance":37,"rect":{"x":203,"y":131,"width":34,"height":52}},"212":{"xOffset":1,"yOffset":-3,"xAdvance":37,"rect":{"x":0,"y":131,"width":34,"height":53}},"213":{"xOffset":1,"yOffset":-1,"xAdvance":37,"rect":{"x":276,"y":186,"width":34,"height":51}},"217":{"xOffset":2,"yOffset":-2,"xAdvance":37,"rect":{"x":345,"y":131,"width":34,"height":52}},"218":{"xOffset":2,"yOffset":-2,"xAdvance":37,"rect":{"x":379,"y":131,"width":34,"height":52}},"221":{"xOffset":1,"yOffset":-2,"xAdvance":35,"rect":{"x":449,"y":186,"width":34,"height":51}},"224":{"xOffset":1,"yOffset":-2,"xAdvance":37,"rect":{"x":0,"y":186,"width":34,"height":51}},"225":{"xOffset":1,"yOffset":-2,"xAdvance":37,"rect":{"x":34,"y":186,"width":34,"height":51}},"226":{"xOffset":1,"yOffset":-3,"xAdvance":37,"rect":{"x":105,"y":131,"width":34,"height":52}},"227":{"xOffset":1,"yOffset":-1,"xAdvance":37,"rect":{"x":34,"y":238,"width":34,"height":50}},"232":{"xOffset":2,"yOffset":-2,"xAdvance":33,"rect":{"x":102,"y":186,"width":30,"height":51}},"233":{"xOffset":2,"yOffset":-2,"xAdvance":33,"rect":{"x":132,"y":186,"width":30,"height":51}},"234":{"xOffset":2,"yOffset":-3,"xAdvance":33,"rect":{"x":139,"y":131,"width":30,"height":52}},"236":{"xOffset":1,"yOffset":-2,"xAdvance":30,"rect":{"x":192,"y":186,"width":28,"height":51}},"237":{"xOffset":1,"yOffset":-2,"xAdvance":30,"rect":{"x":220,"y":186,"width":28,"height":51}},"242":{"xOffset":1,"yOffset":-2,"xAdvance":37,"rect":{"x":169,"y":131,"width":34,"height":52}},"243":{"xOffset":1,"yOffset":-2,"xAdvance":37,"rect":{"x":203,"y":131,"width":34,"height":52}},"244":{"xOffset":1,"yOffset":-3,"xAdvance":37,"rect":{"x":0,"y":131,"width":34,"height":53}},"245":{"xOffset":1,"yOffset":-1,"xAdvance":37,"rect":{"x":276,"y":186,"width":34,"height":51}},"249":{"xOffset":2,"yOffset":-2,"xAdvance":37,"rect":{"x":345,"y":131,"width":34,"height":52}},"250":{"xOffset":2,"yOffset":-2,"xAdvance":37,"rect":{"x":379,"y":131,"width":34,"height":52}},"253":{"xOffset":1,"yOffset":-2,"xAdvance":35,"rect":{"x":449,"y":186,"width":34,"height":51}},"258":{"xOffset":1,"yOffset":-3,"xAdvance":37,"rect":{"x":71,"y":131,"width":34,"height":52}},"259":{"xOffset":1,"yOffset":-3,"xAdvance":37,"rect":{"x":71,"y":131,"width":34,"height":52}},"272":{"xOffset":0,"yOffset":10,"xAdvance":38,"rect":{"x":128,"y":289,"width":36,"height":39}},"273":{"xOffset":0,"yOffset":10,"xAdvance":38,"rect":{"x":128,"y":289,"width":36,"height":39}},"296":{"xOffset":1,"yOffset":-1,"xAdvance":30,"rect":{"x":483,"y":186,"width":28,"height":50}},"297":{"xOffset":1,"yOffset":-1,"xAdvance":30,"rect":{"x":483,"y":186,"width":28,"height":50}},"360":{"xOffset":2,"yOffset":-1,"xAdvance":37,"rect":{"x":310,"y":186,"width":34,"height":51}},"361":{"xOffset":2,"yOffset":-1,"xAdvance":37,"rect":{"x":310,"y":186,"width":34,"height":51}},"416":{"xOffset":1,"yOffset":6,"xAdvance":37,"rect":{"x":132,"y":238,"width":37,"height":44}},"417":{"xOffset":1,"yOffset":6,"xAdvance":37,"rect":{"x":132,"y":238,"width":37,"height":44}},"431":{"xOffset":2,"yOffset":6,"xAdvance":38,"rect":{"x":203,"y":238,"width":37,"height":44}},"432":{"xOffset":2,"yOffset":6,"xAdvance":38,"rect":{"x":203,"y":238,"width":37,"height":44}},"7840":{"xOffset":1,"yOffset":10,"xAdvance":37,"rect":{"x":68,"y":186,"width":34,"height":51}},"7841":{"xOffset":1,"yOffset":10,"xAdvance":37,"rect":{"x":68,"y":186,"width":34,"height":51}},"7842":{"xOffset":1,"yOffset":-6,"xAdvance":37,"rect":{"x":300,"y":68,"width":34,"height":55}},"7843":{"xOffset":1,"yOffset":-6,"xAdvance":37,"rect":{"x":300,"y":68,"width":34,"height":55}},"7844":{"xOffset":1,"yOffset":-14,"xAdvance":37,"rect":{"x":475,"y":0,"width":34,"height":63}},"7845":{"xOffset":1,"yOffset":-14,"xAdvance":37,"rect":{"x":475,"y":0,"width":34,"height":63}},"7846":{"xOffset":1,"yOffset":-13,"xAdvance":37,"rect":{"x":94,"y":68,"width":34,"height":62}},"7847":{"xOffset":1,"yOffset":-13,"xAdvance":37,"rect":{"x":94,"y":68,"width":34,"height":62}},"7848":{"xOffset":1,"yOffset":-17,"xAdvance":37,"rect":{"x":70,"y":0,"width":36,"height":66}},"7849":{"xOffset":1,"yOffset":-17,"xAdvance":37,"rect":{"x":70,"y":0,"width":36,"height":66}},"7850":{"xOffset":1,"yOffset":-14,"xAdvance":37,"rect":{"x":441,"y":0,"width":34,"height":63}},"7851":{"xOffset":1,"yOffset":-14,"xAdvance":37,"rect":{"x":441,"y":0,"width":34,"height":63}},"7852":{"xOffset":1,"yOffset":-3,"xAdvance":37,"rect":{"x":173,"y":0,"width":34,"height":64}},"7853":{"xOffset":1,"yOffset":-3,"xAdvance":37,"rect":{"x":173,"y":0,"width":34,"height":64}},"7854":{"xOffset":1,"yOffset":-14,"xAdvance":37,"rect":{"x":407,"y":0,"width":34,"height":63}},"7855":{"xOffset":1,"yOffset":-14,"xAdvance":37,"rect":{"x":407,"y":0,"width":34,"height":63}},"7856":{"xOffset":1,"yOffset":-14,"xAdvance":37,"rect":{"x":339,"y":0,"width":34,"height":63}},"7857":{"xOffset":1,"yOffset":-14,"xAdvance":37,"rect":{"x":339,"y":0,"width":34,"height":63}},"7858":{"xOffset":1,"yOffset":-19,"xAdvance":37,"rect":{"x":0,"y":0,"width":34,"height":68}},"7859":{"xOffset":1,"yOffset":-19,"xAdvance":37,"rect":{"x":0,"y":0,"width":34,"height":68}},"7860":{"xOffset":1,"yOffset":-14,"xAdvance":37,"rect":{"x":373,"y":0,"width":34,"height":63}},"7861":{"xOffset":1,"yOffset":-14,"xAdvance":37,"rect":{"x":373,"y":0,"width":34,"height":63}},"7862":{"xOffset":1,"yOffset":-3,"xAdvance":37,"rect":{"x":139,"y":0,"width":34,"height":64}},"7863":{"xOffset":1,"yOffset":-3,"xAdvance":37,"rect":{"x":139,"y":0,"width":34,"height":64}},"7864":{"xOffset":2,"yOffset":10,"xAdvance":33,"rect":{"x":162,"y":186,"width":30,"height":51}},"7865":{"xOffset":2,"yOffset":10,"xAdvance":33,"rect":{"x":162,"y":186,"width":30,"height":51}},"7866":{"xOffset":2,"yOffset":-6,"xAdvance":33,"rect":{"x":334,"y":68,"width":30,"height":55}},"7867":{"xOffset":2,"yOffset":-6,"xAdvance":33,"rect":{"x":334,"y":68,"width":30,"height":55}},"7868":{"xOffset":2,"yOffset":-1,"xAdvance":33,"rect":{"x":68,"y":238,"width":30,"height":50}},"7869":{"xOffset":2,"yOffset":-1,"xAdvance":33,"rect":{"x":68,"y":238,"width":30,"height":50}},"7870":{"xOffset":2,"yOffset":-14,"xAdvance":33,"rect":{"x":30,"y":68,"width":30,"height":63}},"7871":{"xOffset":2,"yOffset":-14,"xAdvance":33,"rect":{"x":30,"y":68,"width":30,"height":63}},"7872":{"xOffset":2,"yOffset":-13,"xAdvance":33,"rect":{"x":128,"y":68,"width":30,"height":62}},"7873":{"xOffset":2,"yOffset":-13,"xAdvance":33,"rect":{"x":128,"y":68,"width":30,"height":62}},"7874":{"xOffset":2,"yOffset":-17,"xAdvance":33,"rect":{"x":106,"y":0,"width":33,"height":66}},"7875":{"xOffset":2,"yOffset":-17,"xAdvance":33,"rect":{"x":106,"y":0,"width":33,"height":66}},"7876":{"xOffset":2,"yOffset":-14,"xAdvance":33,"rect":{"x":0,"y":68,"width":30,"height":63}},"7877":{"xOffset":2,"yOffset":-14,"xAdvance":33,"rect":{"x":0,"y":68,"width":30,"height":63}},"7878":{"xOffset":2,"yOffset":-3,"xAdvance":33,"rect":{"x":207,"y":0,"width":30,"height":64}},"7879":{"xOffset":2,"yOffset":-3,"xAdvance":33,"rect":{"x":207,"y":0,"width":30,"height":64}},"7880":{"xOffset":1,"yOffset":-6,"xAdvance":30,"rect":{"x":364,"y":68,"width":28,"height":55}},"7881":{"xOffset":1,"yOffset":-6,"xAdvance":30,"rect":{"x":364,"y":68,"width":28,"height":55}},"7882":{"xOffset":1,"yOffset":10,"xAdvance":30,"rect":{"x":248,"y":186,"width":28,"height":51}},"7883":{"xOffset":1,"yOffset":10,"xAdvance":30,"rect":{"x":248,"y":186,"width":28,"height":51}},"7884":{"xOffset":1,"yOffset":9,"xAdvance":37,"rect":{"x":237,"y":131,"width":34,"height":52}},"7885":{"xOffset":1,"yOffset":9,"xAdvance":37,"rect":{"x":237,"y":131,"width":34,"height":52}},"7886":{"xOffset":1,"yOffset":-6,"xAdvance":37,"rect":{"x":158,"y":68,"width":34,"height":56}},"7887":{"xOffset":1,"yOffset":-6,"xAdvance":37,"rect":{"x":158,"y":68,"width":34,"height":56}},"7888":{"xOffset":1,"yOffset":-14,"xAdvance":37,"rect":{"x":271,"y":0,"width":34,"height":64}},"7889":{"xOffset":1,"yOffset":-14,"xAdvance":37,"rect":{"x":271,"y":0,"width":34,"height":64}},"7890":{"xOffset":1,"yOffset":-13,"xAdvance":37,"rect":{"x":60,"y":68,"width":34,"height":63}},"7891":{"xOffset":1,"yOffset":-13,"xAdvance":37,"rect":{"x":60,"y":68,"width":34,"height":63}},"7892":{"xOffset":1,"yOffset":-17,"xAdvance":37,"rect":{"x":34,"y":0,"width":36,"height":67}},"7893":{"xOffset":1,"yOffset":-17,"xAdvance":37,"rect":{"x":34,"y":0,"width":36,"height":67}},"7894":{"xOffset":1,"yOffset":-14,"xAdvance":37,"rect":{"x":237,"y":0,"width":34,"height":64}},"7895":{"xOffset":1,"yOffset":-14,"xAdvance":37,"rect":{"x":237,"y":0,"width":34,"height":64}},"7896":{"xOffset":1,"yOffset":-3,"xAdvance":37,"rect":{"x":305,"y":0,"width":34,"height":64}},"7897":{"xOffset":1,"yOffset":-3,"xAdvance":37,"rect":{"x":305,"y":0,"width":34,"height":64}},"7898":{"xOffset":1,"yOffset":-2,"xAdvance":37,"rect":{"x":308,"y":131,"width":37,"height":52}},"7899":{"xOffset":1,"yOffset":-2,"xAdvance":37,"rect":{"x":308,"y":131,"width":37,"height":52}},"7900":{"xOffset":1,"yOffset":-3,"xAdvance":37,"rect":{"x":34,"y":131,"width":37,"height":53}},"7901":{"xOffset":1,"yOffset":-3,"xAdvance":37,"rect":{"x":34,"y":131,"width":37,"height":53}},"7902":{"xOffset":1,"yOffset":-6,"xAdvance":37,"rect":{"x":192,"y":68,"width":37,"height":56}},"7903":{"xOffset":1,"yOffset":-6,"xAdvance":37,"rect":{"x":192,"y":68,"width":37,"height":56}},"7904":{"xOffset":1,"yOffset":-2,"xAdvance":37,"rect":{"x":271,"y":131,"width":37,"height":52}},"7905":{"xOffset":1,"yOffset":-2,"xAdvance":37,"rect":{"x":271,"y":131,"width":37,"height":52}},"7906":{"xOffset":1,"yOffset":6,"xAdvance":37,"rect":{"x":392,"y":68,"width":37,"height":55}},"7907":{"xOffset":1,"yOffset":6,"xAdvance":37,"rect":{"x":392,"y":68,"width":37,"height":55}},"7908":{"xOffset":2,"yOffset":10,"xAdvance":37,"rect":{"x":344,"y":186,"width":34,"height":51}},"7909":{"xOffset":2,"yOffset":10,"xAdvance":37,"rect":{"x":344,"y":186,"width":34,"height":51}},"7910":{"xOffset":2,"yOffset":-6,"xAdvance":37,"rect":{"x":229,"y":68,"width":34,"height":56}},"7911":{"xOffset":2,"yOffset":-6,"xAdvance":37,"rect":{"x":229,"y":68,"width":34,"height":56}},"7912":{"xOffset":2,"yOffset":-2,"xAdvance":38,"rect":{"x":450,"y":131,"width":37,"height":52}},"7913":{"xOffset":2,"yOffset":-2,"xAdvance":38,"rect":{"x":450,"y":131,"width":37,"height":52}},"7914":{"xOffset":2,"yOffset":-2,"xAdvance":38,"rect":{"x":413,"y":131,"width":37,"height":52}},"7915":{"xOffset":2,"yOffset":-2,"xAdvance":38,"rect":{"x":413,"y":131,"width":37,"height":52}},"7916":{"xOffset":2,"yOffset":-6,"xAdvance":38,"rect":{"x":263,"y":68,"width":37,"height":56}},"7917":{"xOffset":2,"yOffset":-6,"xAdvance":38,"rect":{"x":263,"y":68,"width":37,"height":56}},"7918":{"xOffset":2,"yOffset":-1,"xAdvance":38,"rect":{"x":378,"y":186,"width":37,"height":51}},"7919":{"xOffset":2,"yOffset":-1,"xAdvance":38,"rect":{"x":378,"y":186,"width":37,"height":51}},"7920":{"xOffset":2,"yOffset":6,"xAdvance":38,"rect":{"x":429,"y":68,"width":37,"height":55}},"7921":{"xOffset":2,"yOffset":6,"xAdvance":38,"rect":{"x":429,"y":68,"width":37,"height":55}},"7922":{"xOffset":1,"yOffset":-2,"xAdvance":35,"rect":{"x":415,"y":186,"width":34,"height":51}},"7923":{"xOffset":1,"yOffset":-2,"xAdvance":35,"rect":{"x":415,"y":186,"width":34,"height":51}},"7924":{"xOffset":1,"yOffset":10,"xAdvance":35,"rect":{"x":0,"y":238,"width":34,"height":51}},"7925":{"xOffset":1,"yOffset":10,"xAdvance":35,"rect":{"x":0,"y":238,"width":34,"height":51}},"7926":{"xOffset":1,"yOffset":-6,"xAdvance":35,"rect":{"x":466,"y":68,"width":34,"height":55}},"7927":{"xOffset":1,"yOffset":-6,"xAdvance":35,"rect":{"x":466,"y":68,"width":34,"height":55}},"7928":{"xOffset":1,"yOffset":-1,"xAdvance":35,"rect":{"x":98,"y":238,"width":34,"height":50}},"7929":{"xOffset":1,"yOffset":-1,"xAdvance":35,"rect":{"x":98,"y":238,"width":34,"height":50}}},"kerningDict":{"3211316":-1,"3538999":-1,"4259924":-2,"4259929":-1,"4259956":-2,"4259961":-1,"4260061":-1,"4260093":-1,"4267762":-1,"4267763":-1,"4267764":-1,"4267765":-1,"4267766":-1,"4267767":-1,"4267768":-1,"4267769":-1,"4325460":-1,"4325465":-1,"4325492":-1,"4325497":-1,"4325597":-1,"4325629":-1,"4333298":-1,"4333299":-1,"4333300":-1,"4333301":-1,"4333302":-1,"4333303":-1,"4333304":-1,"4333305":-1,"4587585":-2,"4587594":-3,"4587608":-1,"4587617":-2,"4587626":-3,"4587640":-1,"4587712":-2,"4587713":-2,"4587714":-2,"4587715":-2,"4587744":-2,"4587745":-2,"4587746":-2,"4587747":-2,"4587778":-2,"4587779":-2,"4595360":-2,"4595361":-2,"4595362":-2,"4595363":-2,"4595364":-2,"4595365":-2,"4595366":-2,"4595367":-2,"4595368":-2,"4595369":-2,"4595370":-2,"4595371":-2,"4595372":-2,"4595373":-2,"4595374":-2,"4595375":-2,"4595376":-2,"4595377":-2,"4595378":-2,"4595379":-2,"4595380":-2,"4595381":-2,"4595382":-2,"4595383":-2,"4653145":-1,"4653177":-1,"4653277":-1,"4653309":-1,"4660978":-1,"4660979":-1,"4660980":-1,"4660981":-1,"4660982":-1,"4660983":-1,"4660984":-1,"4660985":-1,"4915284":-1,"4915289":-1,"4915316":-1,"4915321":-1,"4915421":-1,"4915453":-1,"4923122":-1,"4923123":-1,"4923124":-1,"4923125":-1,"4923126":-1,"4923127":-1,"4923128":-1,"4923129":-1,"4980820":-3,"4980822":-1,"4980825":-2,"4980852":-3,"4980854":-1,"4980857":-2,"4980957":-2,"4980989":-2,"4988658":-2,"4988659":-2,"4988660":-2,"4988661":-2,"4988662":-2,"4988663":-2,"4988664":-2,"4988665":-2,"5374036":-1,"5374041":-1,"5374068":-1,"5374073":-1,"5374173":-1,"5374205":-1,"5381874":-1,"5381875":-1,"5381876":-1,"5381877":-1,"5381878":-1,"5381879":-1,"5381880":-1,"5381881":-1,"5505089":-2,"5505098":-4,"5505112":-1,"5505121":-2,"5505130":-4,"5505144":-1,"5505216":-2,"5505217":-2,"5505218":-2,"5505219":-2,"5505248":-2,"5505249":-2,"5505250":-2,"5505251":-2,"5505282":-2,"5505283":-2,"5512864":-2,"5512865":-2,"5512866":-2,"5512867":-2,"5512868":-2,"5512869":-2,"5512870":-2,"5512871":-2,"5512872":-2,"5512873":-2,"5512874":-2,"5512875":-2,"5512876":-2,"5512877":-2,"5512878":-2,"5512879":-2,"5512880":-2,"5512881":-2,"5512882":-2,"5512883":-2,"5512884":-2,"5512885":-2,"5512886":-2,"5512887":-2,"5636170":-1,"5636202":-1,"5767252":-1,"5767257":-1,"5767284":-1,"5767289":-1,"5767389":-1,"5767421":-1,"5775090":-1,"5775091":-1,"5775092":-1,"5775093":-1,"5775094":-1,"5775095":-1,"5775096":-1,"5775097":-1,"5832769":-1,"5832778":-2,"5832792":-1,"5832801":-1,"5832810":-2,"5832824":-1,"5832896":-1,"5832897":-1,"5832898":-1,"5832899":-1,"5832928":-1,"5832929":-1,"5832930":-1,"5832931":-1,"5832962":-1,"5832963":-1,"5840544":-1,"5840545":-1,"5840546":-1,"5840547":-1,"5840548":-1,"5840549":-1,"5840550":-1,"5840551":-1,"5840552":-1,"5840553":-1,"5840554":-1,"5840555":-1,"5840556":-1,"5840557":-1,"5840558":-1,"5840559":-1,"5840560":-1,"5840561":-1,"5840562":-1,"5840563":-1,"5840564":-1,"5840565":-1,"5840566":-1,"5840567":-1,"6357076":-2,"6357081":-1,"6357108":-2,"6357113":-1,"6357213":-1,"6357245":-1,"6364914":-1,"6364915":-1,"6364916":-1,"6364917":-1,"6364918":-1,"6364919":-1,"6364920":-1,"6364921":-1,"6422612":-1,"6422617":-1,"6422644":-1,"6422649":-1,"6422749":-1,"6422781":-1,"6430450":-1,"6430451":-1,"6430452":-1,"6430453":-1,"6430454":-1,"6430455":-1,"6430456":-1,"6430457":-1,"6684737":-2,"6684746":-3,"6684760":-1,"6684769":-2,"6684778":-3,"6684792":-1,"6684864":-2,"6684865":-2,"6684866":-2,"6684867":-2,"6684896":-2,"6684897":-2,"6684898":-2,"6684899":-2,"6684930":-2,"6684931":-2,"6692512":-2,"6692513":-2,"6692514":-2,"6692515":-2,"6692516":-2,"6692517":-2,"6692518":-2,"6692519":-2,"6692520":-2,"6692521":-2,"6692522":-2,"6692523":-2,"6692524":-2,"6692525":-2,"6692526":-2,"6692527":-2,"6692528":-2,"6692529":-2,"6692530":-2,"6692531":-2,"6692532":-2,"6692533":-2,"6692534":-2,"6692535":-2,"6750297":-1,"6750329":-1,"6750429":-1,"6750461":-1,"6758130":-1,"6758131":-1,"6758132":-1,"6758133":-1,"6758134":-1,"6758135":-1,"6758136":-1,"6758137":-1,"7012436":-1,"7012441":-1,"7012468":-1,"7012473":-1,"7012573":-1,"7012605":-1,"7020274":-1,"7020275":-1,"7020276":-1,"7020277":-1,"7020278":-1,"7020279":-1,"7020280":-1,"7020281":-1,"7077972":-3,"7077974":-1,"7077977":-2,"7078004":-3,"7078006":-1,"7078009":-2,"7078109":-2,"7078141":-2,"7085810":-2,"7085811":-2,"7085812":-2,"7085813":-2,"7085814":-2,"7085815":-2,"7085816":-2,"7085817":-2,"7471188":-1,"7471193":-1,"7471220":-1,"7471225":-1,"7471325":-1,"7471357":-1,"7479026":-1,"7479027":-1,"7479028":-1,"7479029":-1,"7479030":-1,"7479031":-1,"7479032":-1,"7479033":-1,"7602241":-2,"7602250":-4,"7602264":-1,"7602273":-2,"7602282":-4,"7602296":-1,"7602368":-2,"7602369":-2,"7602370":-2,"7602371":-2,"7602400":-2,"7602401":-2,"7602402":-2,"7602403":-2,"7602434":-2,"7602435":-2,"7610016":-2,"7610017":-2,"7610018":-2,"7610019":-2,"7610020":-2,"7610021":-2,"7610022":-2,"7610023":-2,"7610024":-2,"7610025":-2,"7610026":-2,"7610027":-2,"7610028":-2,"7610029":-2,"7610030":-2,"7610031":-2,"7610032":-2,"7610033":-2,"7610034":-2,"7610035":-2,"7610036":-2,"7610037":-2,"7610038":-2,"7610039":-2,"7733322":-1,"7733354":-1,"7864404":-1,"7864409":-1,"7864436":-1,"7864441":-1,"7864541":-1,"7864573":-1,"7872242":-1,"7872243":-1,"7872244":-1,"7872245":-1,"7872246":-1,"7872247":-1,"7872248":-1,"7872249":-1,"7929921":-1,"7929930":-2,"7929944":-1,"7929953":-1,"7929962":-2,"7929976":-1,"7930048":-1,"7930049":-1,"7930050":-1,"7930051":-1,"7930080":-1,"7930081":-1,"7930082":-1,"7930083":-1,"7930114":-1,"7930115":-1,"7937696":-1,"7937697":-1,"7937698":-1,"7937699":-1,"7937700":-1,"7937701":-1,"7937702":-1,"7937703":-1,"7937704":-1,"7937705":-1,"7937706":-1,"7937707":-1,"7937708":-1,"7937709":-1,"7937710":-1,"7937711":-1,"7937712":-1,"7937713":-1,"7937714":-1,"7937715":-1,"7937716":-1,"7937717":-1,"7937718":-1,"7937719":-1,"12582996":-2,"12583001":-1,"12583028":-2,"12583033":-1,"12583133":-1,"12583165":-1,"12590834":-1,"12590835":-1,"12590836":-1,"12590837":-1,"12590838":-1,"12590839":-1,"12590840":-1,"12590841":-1,"12648532":-2,"12648537":-1,"12648564":-2,"12648569":-1,"12648669":-1,"12648701":-1,"12656370":-1,"12656371":-1,"12656372":-1,"12656373":-1,"12656374":-1,"12656375":-1,"12656376":-1,"12656377":-1,"12714068":-2,"12714073":-1,"12714100":-2,"12714105":-1,"12714205":-1,"12714237":-1,"12721906":-1,"12721907":-1,"12721908":-1,"12721909":-1,"12721910":-1,"12721911":-1,"12721912":-1,"12721913":-1,"12779604":-2,"12779609":-1,"12779636":-2,"12779641":-1,"12779741":-1,"12779773":-1,"12787442":-1,"12787443":-1,"12787444":-1,"12787445":-1,"12787446":-1,"12787447":-1,"12787448":-1,"12787449":-1,"14483521":-1,"14483530":-2,"14483544":-1,"14483553":-1,"14483562":-2,"14483576":-1,"14483648":-1,"14483649":-1,"14483650":-1,"14483651":-1,"14483680":-1,"14483681":-1,"14483682":-1,"14483683":-1,"14483714":-1,"14483715":-1,"14491296":-1,"14491297":-1,"14491298":-1,"14491299":-1,"14491300":-1,"14491301":-1,"14491302":-1,"14491303":-1,"14491304":-1,"14491305":-1,"14491306":-1,"14491307":-1,"14491308":-1,"14491309":-1,"14491310":-1,"14491311":-1,"14491312":-1,"14491313":-1,"14491314":-1,"14491315":-1,"14491316":-1,"14491317":-1,"14491318":-1,"14491319":-1,"14680148":-2,"14680153":-1,"14680180":-2,"14680185":-1,"14680285":-1,"14680317":-1,"14687986":-1,"14687987":-1,"14687988":-1,"14687989":-1,"14687990":-1,"14687991":-1,"14687992":-1,"14687993":-1,"14745684":-2,"14745689":-1,"14745716":-2,"14745721":-1,"14745821":-1,"14745853":-1,"14753522":-1,"14753523":-1,"14753524":-1,"14753525":-1,"14753526":-1,"14753527":-1,"14753528":-1,"14753529":-1,"14811220":-2,"14811225":-1,"14811252":-2,"14811257":-1,"14811357":-1,"14811389":-1,"14819058":-1,"14819059":-1,"14819060":-1,"14819061":-1,"14819062":-1,"14819063":-1,"14819064":-1,"14819065":-1,"14876756":-2,"14876761":-1,"14876788":-2,"14876793":-1,"14876893":-1,"14876925":-1,"14884594":-1,"14884595":-1,"14884596":-1,"14884597":-1,"14884598":-1,"14884599":-1,"14884600":-1,"14884601":-1,"16580673":-1,"16580682":-2,"16580696":-1,"16580705":-1,"16580714":-2,"16580728":-1,"16580800":-1,"16580801":-1,"16580802":-1,"16580803":-1,"16580832":-1,"16580833":-1,"16580834":-1,"16580835":-1,"16580866":-1,"16580867":-1,"16588448":-1,"16588449":-1,"16588450":-1,"16588451":-1,"16588452":-1,"16588453":-1,"16588454":-1,"16588455":-1,"16588456":-1,"16588457":-1,"16588458":-1,"16588459":-1,"16588460":-1,"16588461":-1,"16588462":-1,"16588463":-1,"16588464":-1,"16588465":-1,"16588466":-1,"16588467":-1,"16588468":-1,"16588469":-1,"16588470":-1,"16588471":-1,"16908372":-2,"16908377":-1,"16908404":-2,"16908409":-1,"16908509":-1,"16908541":-1,"16916210":-1,"16916211":-1,"16916212":-1,"16916213":-1,"16916214":-1,"16916215":-1,"16916216":-1,"16916217":-1,"16973908":-2,"16973913":-1,"16973940":-2,"16973945":-1,"16974045":-1,"16974077":-1,"16981746":-1,"16981747":-1,"16981748":-1,"16981749":-1,"16981750":-1,"16981751":-1,"16981752":-1,"16981753":-1,"513802324":-2,"513802329":-1,"513802356":-2,"513802361":-1,"513802461":-1,"513802493":-1,"513810162":-1,"513810163":-1,"513810164":-1,"513810165":-1,"513810166":-1,"513810167":-1,"513810168":-1,"513810169":-1,"513867860":-2,"513867865":-1,"513867892":-2,"513867897":-1,"513867997":-1,"513868029":-1,"513875698":-1,"513875699":-1,"513875700":-1,"513875701":-1,"513875702":-1,"513875703":-1,"513875704":-1,"513875705":-1,"513933396":-2,"513933401":-1,"513933428":-2,"513933433":-1,"513933533":-1,"513933565":-1,"513941234":-1,"513941235":-1,"513941236":-1,"513941237":-1,"513941238":-1,"513941239":-1,"513941240":-1,"513941241":-1,"513998932":-2,"513998937":-1,"513998964":-2,"513998969":-1,"513999069":-1,"513999101":-1,"514006770":-1,"514006771":-1,"514006772":-1,"514006773":-1,"514006774":-1,"514006775":-1,"514006776":-1,"514006777":-1,"514064468":-2,"514064473":-1,"514064500":-2,"514064505":-1,"514064605":-1,"514064637":-1,"514072306":-1,"514072307":-1,"514072308":-1,"514072309":-1,"514072310":-1,"514072311":-1,"514072312":-1,"514072313":-1,"514130004":-2,"514130009":-1,"514130036":-2,"514130041":-1,"514130141":-1,"514130173":-1,"514137842":-1,"514137843":-1,"514137844":-1,"514137845":-1,"514137846":-1,"514137847":-1,"514137848":-1,"514137849":-1,"514195540":-2,"514195545":-1,"514195572":-2,"514195577":-1,"514195677":-1,"514195709":-1,"514203378":-1,"514203379":-1,"514203380":-1,"514203381":-1,"514203382":-1,"514203383":-1,"514203384":-1,"514203385":-1,"514261076":-2,"514261081":-1,"514261108":-2,"514261113":-1,"514261213":-1,"514261245":-1,"514268914":-1,"514268915":-1,"514268916":-1,"514268917":-1,"514268918":-1,"514268919":-1,"514268920":-1,"514268921":-1,"514326612":-2,"514326617":-1,"514326644":-2,"514326649":-1,"514326749":-1,"514326781":-1,"514334450":-1,"514334451":-1,"514334452":-1,"514334453":-1,"514334454":-1,"514334455":-1,"514334456":-1,"514334457":-1,"514392148":-2,"514392153":-1,"514392180":-2,"514392185":-1,"514392285":-1,"514392317":-1,"514399986":-1,"514399987":-1,"514399988":-1,"514399989":-1,"514399990":-1,"514399991":-1,"514399992":-1,"514399993":-1,"514457684":-2,"514457689":-1,"514457716":-2,"514457721":-1,"514457821":-1,"514457853":-1,"514465522":-1,"514465523":-1,"514465524":-1,"514465525":-1,"514465526":-1,"514465527":-1,"514465528":-1,"514465529":-1,"514523220":-2,"514523225":-1,"514523252":-2,"514523257":-1,"514523357":-1,"514523389":-1,"514531058":-1,"514531059":-1,"514531060":-1,"514531061":-1,"514531062":-1,"514531063":-1,"514531064":-1,"514531065":-1,"514588756":-2,"514588761":-1,"514588788":-2,"514588793":-1,"514588893":-1,"514588925":-1,"514596594":-1,"514596595":-1,"514596596":-1,"514596597":-1,"514596598":-1,"514596599":-1,"514596600":-1,"514596601":-1,"514654292":-2,"514654297":-1,"514654324":-2,"514654329":-1,"514654429":-1,"514654461":-1,"514662130":-1,"514662131":-1,"514662132":-1,"514662133":-1,"514662134":-1,"514662135":-1,"514662136":-1,"514662137":-1,"514719828":-2,"514719833":-1,"514719860":-2,"514719865":-1,"514719965":-1,"514719997":-1,"514727666":-1,"514727667":-1,"514727668":-1,"514727669":-1,"514727670":-1,"514727671":-1,"514727672":-1,"514727673":-1,"514785364":-2,"514785369":-1,"514785396":-2,"514785401":-1,"514785501":-1,"514785533":-1,"514793202":-1,"514793203":-1,"514793204":-1,"514793205":-1,"514793206":-1,"514793207":-1,"514793208":-1,"514793209":-1,"514850900":-2,"514850905":-1,"514850932":-2,"514850937":-1,"514851037":-1,"514851069":-1,"514858738":-1,"514858739":-1,"514858740":-1,"514858741":-1,"514858742":-1,"514858743":-1,"514858744":-1,"514858745":-1,"514916436":-2,"514916441":-1,"514916468":-2,"514916473":-1,"514916573":-1,"514916605":-1,"514924274":-1,"514924275":-1,"514924276":-1,"514924277":-1,"514924278":-1,"514924279":-1,"514924280":-1,"514924281":-1,"514981972":-2,"514981977":-1,"514982004":-2,"514982009":-1,"514982109":-1,"514982141":-1,"514989810":-1,"514989811":-1,"514989812":-1,"514989813":-1,"514989814":-1,"514989815":-1,"514989816":-1,"514989817":-1,"515047508":-2,"515047513":-1,"515047540":-2,"515047545":-1,"515047645":-1,"515047677":-1,"515055346":-1,"515055347":-1,"515055348":-1,"515055349":-1,"515055350":-1,"515055351":-1,"515055352":-1,"515055353":-1,"515113044":-2,"515113049":-1,"515113076":-2,"515113081":-1,"515113181":-1,"515113213":-1,"515120882":-1,"515120883":-1,"515120884":-1,"515120885":-1,"515120886":-1,"515120887":-1,"515120888":-1,"515120889":-1,"515178580":-2,"515178585":-1,"515178612":-2,"515178617":-1,"515178717":-1,"515178749":-1,"515186418":-1,"515186419":-1,"515186420":-1,"515186421":-1,"515186422":-1,"515186423":-1,"515186424":-1,"515186425":-1,"515244116":-2,"515244121":-1,"515244148":-2,"515244153":-1,"515244253":-1,"515244285":-1,"515251954":-1,"515251955":-1,"515251956":-1,"515251957":-1,"515251958":-1,"515251959":-1,"515251960":-1,"515251961":-1,"515309652":-2,"515309657":-1,"515309684":-2,"515309689":-1,"515309789":-1,"515309821":-1,"515317490":-1,"515317491":-1,"515317492":-1,"515317493":-1,"515317494":-1,"515317495":-1,"515317496":-1,"515317497":-1,"519176257":-1,"519176266":-2,"519176280":-1,"519176289":-1,"519176298":-2,"519176312":-1,"519176384":-1,"519176385":-1,"519176386":-1,"519176387":-1,"519176416":-1,"519176417":-1,"519176418":-1,"519176419":-1,"519176450":-1,"519176451":-1,"519184032":-1,"519184033":-1,"519184034":-1,"519184035":-1,"519184036":-1,"519184037":-1,"519184038":-1,"519184039":-1,"519184040":-1,"519184041":-1,"519184042":-1,"519184043":-1,"519184044":-1,"519184045":-1,"519184046":-1,"519184047":-1,"519184048":-1,"519184049":-1,"519184050":-1,"519184051":-1,"519184052":-1,"519184053":-1,"519184054":-1,"519184055":-1,"519241793":-1,"519241802":-2,"519241816":-1,"519241825":-1,"519241834":-2,"519241848":-1,"519241920":-1,"519241921":-1,"519241922":-1,"519241923":-1,"519241952":-1,"519241953":-1,"519241954":-1,"519241955":-1,"519241986":-1,"519241987":-1,"519249568":-1,"519249569":-1,"519249570":-1,"519249571":-1,"519249572":-1,"519249573":-1,"519249574":-1,"519249575":-1,"519249576":-1,"519249577":-1,"519249578":-1,"519249579":-1,"519249580":-1,"519249581":-1,"519249582":-1,"519249583":-1,"519249584":-1,"519249585":-1,"519249586":-1,"519249587":-1,"519249588":-1,"519249589":-1,"519249590":-1,"519249591":-1,"519307329":-1,"519307338":-2,"519307352":-1,"519307361":-1,"519307370":-2,"519307384":-1,"519307456":-1,"519307457":-1,"519307458":-1,"519307459":-1,"519307488":-1,"519307489":-1,"519307490":-1,"519307491":-1,"519307522":-1,"519307523":-1,"519315104":-1,"519315105":-1,"519315106":-1,"519315107":-1,"519315108":-1,"519315109":-1,"519315110":-1,"519315111":-1,"519315112":-1,"519315113":-1,"519315114":-1,"519315115":-1,"519315116":-1,"519315117":-1,"519315118":-1,"519315119":-1,"519315120":-1,"519315121":-1,"519315122":-1,"519315123":-1,"519315124":-1,"519315125":-1,"519315126":-1,"519315127":-1,"519372865":-1,"519372874":-2,"519372888":-1,"519372897":-1,"519372906":-2,"519372920":-1,"519372992":-1,"519372993":-1,"519372994":-1,"519372995":-1,"519373024":-1,"519373025":-1,"519373026":-1,"519373027":-1,"519373058":-1,"519373059":-1,"519380640":-1,"519380641":-1,"519380642":-1,"519380643":-1,"519380644":-1,"519380645":-1,"519380646":-1,"519380647":-1,"519380648":-1,"519380649":-1,"519380650":-1,"519380651":-1,"519380652":-1,"519380653":-1,"519380654":-1,"519380655":-1,"519380656":-1,"519380657":-1,"519380658":-1,"519380659":-1,"519380660":-1,"519380661":-1,"519380662":-1,"519380663":-1,"519438401":-1,"519438410":-2,"519438424":-1,"519438433":-1,"519438442":-2,"519438456":-1,"519438528":-1,"519438529":-1,"519438530":-1,"519438531":-1,"519438560":-1,"519438561":-1,"519438562":-1,"519438563":-1,"519438594":-1,"519438595":-1,"519446176":-1,"519446177":-1,"519446178":-1,"519446179":-1,"519446180":-1,"519446181":-1,"519446182":-1,"519446183":-1,"519446184":-1,"519446185":-1,"519446186":-1,"519446187":-1,"519446188":-1,"519446189":-1,"519446190":-1,"519446191":-1,"519446192":-1,"519446193":-1,"519446194":-1,"519446195":-1,"519446196":-1,"519446197":-1,"519446198":-1,"519446199":-1,"519503937":-1,"519503946":-2,"519503960":-1,"519503969":-1,"519503978":-2,"519503992":-1,"519504064":-1,"519504065":-1,"519504066":-1,"519504067":-1,"519504096":-1,"519504097":-1,"519504098":-1,"519504099":-1,"519504130":-1,"519504131":-1,"519511712":-1,"519511713":-1,"519511714":-1,"519511715":-1,"519511716":-1,"519511717":-1,"519511718":-1,"519511719":-1,"519511720":-1,"519511721":-1,"519511722":-1,"519511723":-1,"519511724":-1,"519511725":-1,"519511726":-1,"519511727":-1,"519511728":-1,"519511729":-1,"519511730":-1,"519511731":-1,"519511732":-1,"519511733":-1,"519511734":-1,"519511735":-1,"519569473":-1,"519569482":-2,"519569496":-1,"519569505":-1,"519569514":-2,"519569528":-1,"519569600":-1,"519569601":-1,"519569602":-1,"519569603":-1,"519569632":-1,"519569633":-1,"519569634":-1,"519569635":-1,"519569666":-1,"519569667":-1,"519577248":-1,"519577249":-1,"519577250":-1,"519577251":-1,"519577252":-1,"519577253":-1,"519577254":-1,"519577255":-1,"519577256":-1,"519577257":-1,"519577258":-1,"519577259":-1,"519577260":-1,"519577261":-1,"519577262":-1,"519577263":-1,"519577264":-1,"519577265":-1,"519577266":-1,"519577267":-1,"519577268":-1,"519577269":-1,"519577270":-1,"519577271":-1,"519635009":-1,"519635018":-2,"519635032":-1,"519635041":-1,"519635050":-2,"519635064":-1,"519635136":-1,"519635137":-1,"519635138":-1,"519635139":-1,"519635168":-1,"519635169":-1,"519635170":-1,"519635171":-1,"519635202":-1,"519635203":-1,"519642784":-1,"519642785":-1,"519642786":-1,"519642787":-1,"519642788":-1,"519642789":-1,"519642790":-1,"519642791":-1,"519642792":-1,"519642793":-1,"519642794":-1,"519642795":-1,"519642796":-1,"519642797":-1,"519642798":-1,"519642799":-1,"519642800":-1,"519642801":-1,"519642802":-1,"519642803":-1,"519642804":-1,"519642805":-1,"519642806":-1,"519642807":-1}}]],0,0,[0],[0],[0]]
