[1,["5624ec4d-1995-4ed0-9038-fbbf02436287@f9941","5624ec4d-1995-4ed0-9038-fbbf02436287@6c48a"],["spriteFrame","_textureSource"],["cc.SpriteFrame",["cc.BitmapFont",["_name","fontSize","fntConfig"],0]],[[1,0,1,2,4]],[[[[0,"UTMColossalis",32,{"commonHeight":43,"fontSize":32,"atlasName":"UTMColossalis.png","fontDefDictionary":{"0":{"xOffset":-1,"yOffset":1,"xAdvance":79,"rect":{"x":0,"y":0,"width":80,"height":40}},"10":{"xOffset":-1,"yOffset":0,"xAdvance":0,"rect":{"x":0,"y":0,"width":0,"height":0}},"32":{"xOffset":-1,"yOffset":0,"xAdvance":9,"rect":{"x":0,"y":0,"width":0,"height":0}},"33":{"xOffset":1,"yOffset":10,"xAdvance":11,"rect":{"x":481,"y":191,"width":10,"height":25}},"34":{"xOffset":-1,"yOffset":9,"xAdvance":13,"rect":{"x":304,"y":241,"width":14,"height":13}},"35":{"xOffset":0,"yOffset":10,"xAdvance":21,"rect":{"x":54,"y":216,"width":21,"height":25}},"36":{"xOffset":-1,"yOffset":8,"xAdvance":17,"rect":{"x":396,"y":74,"width":19,"height":30}},"37":{"xOffset":-1,"yOffset":10,"xAdvance":28,"rect":{"x":24,"y":216,"width":30,"height":25}},"38":{"xOffset":0,"yOffset":10,"xAdvance":19,"rect":{"x":75,"y":216,"width":20,"height":25}},"39":{"xOffset":0,"yOffset":9,"xAdvance":7,"rect":{"x":502,"y":0,"width":7,"height":13}},"40":{"xOffset":0,"yOffset":10,"xAdvance":11,"rect":{"x":325,"y":74,"width":12,"height":30}},"41":{"xOffset":-1,"yOffset":10,"xAdvance":11,"rect":{"x":337,"y":74,"width":11,"height":30}},"42":{"xOffset":-1,"yOffset":10,"xAdvance":13,"rect":{"x":290,"y":241,"width":14,"height":14}},"43":{"xOffset":0,"yOffset":14,"xAdvance":21,"rect":{"x":427,"y":216,"width":21,"height":21}},"44":{"xOffset":-2,"yOffset":28,"xAdvance":8,"rect":{"x":318,"y":241,"width":10,"height":12}},"45":{"xOffset":-1,"yOffset":21,"xAdvance":12,"rect":{"x":367,"y":241,"width":14,"height":7}},"46":{"xOffset":0,"yOffset":28,"xAdvance":8,"rect":{"x":359,"y":241,"width":8,"height":7}},"47":{"xOffset":-1,"yOffset":10,"xAdvance":10,"rect":{"x":0,"y":216,"width":12,"height":25}},"48":{"xOffset":0,"yOffset":10,"xAdvance":19,"rect":{"x":462,"y":191,"width":19,"height":25}},"49":{"xOffset":2,"yOffset":9,"xAdvance":19,"rect":{"x":197,"y":135,"width":14,"height":26}},"50":{"xOffset":1,"yOffset":10,"xAdvance":19,"rect":{"x":312,"y":191,"width":17,"height":25}},"51":{"xOffset":0,"yOffset":10,"xAdvance":19,"rect":{"x":329,"y":191,"width":19,"height":25}},"52":{"xOffset":-1,"yOffset":10,"xAdvance":19,"rect":{"x":348,"y":191,"width":20,"height":25}},"53":{"xOffset":0,"yOffset":10,"xAdvance":19,"rect":{"x":368,"y":191,"width":18,"height":25}},"54":{"xOffset":0,"yOffset":10,"xAdvance":19,"rect":{"x":386,"y":191,"width":19,"height":25}},"55":{"xOffset":0,"yOffset":10,"xAdvance":19,"rect":{"x":405,"y":191,"width":19,"height":25}},"56":{"xOffset":0,"yOffset":10,"xAdvance":19,"rect":{"x":424,"y":191,"width":19,"height":25}},"57":{"xOffset":0,"yOffset":10,"xAdvance":19,"rect":{"x":443,"y":191,"width":19,"height":25}},"58":{"xOffset":1,"yOffset":17,"xAdvance":9,"rect":{"x":499,"y":216,"width":8,"height":18}},"59":{"xOffset":-1,"yOffset":17,"xAdvance":9,"rect":{"x":416,"y":216,"width":11,"height":23}},"60":{"xOffset":-1,"yOffset":10,"xAdvance":21,"rect":{"x":211,"y":135,"width":24,"height":26}},"61":{"xOffset":-1,"yOffset":18,"xAdvance":21,"rect":{"x":266,"y":241,"width":24,"height":14}},"62":{"xOffset":-1,"yOffset":10,"xAdvance":21,"rect":{"x":235,"y":135,"width":24,"height":26}},"63":{"xOffset":-1,"yOffset":10,"xAdvance":15,"rect":{"x":491,"y":191,"width":17,"height":25}},"64":{"xOffset":1,"yOffset":10,"xAdvance":29,"rect":{"x":42,"y":135,"width":27,"height":29}},"65":{"xOffset":-1,"yOffset":10,"xAdvance":21,"rect":{"x":86,"y":165,"width":23,"height":25}},"66":{"xOffset":-1,"yOffset":10,"xAdvance":21,"rect":{"x":109,"y":165,"width":22,"height":25}},"67":{"xOffset":0,"yOffset":10,"xAdvance":18,"rect":{"x":131,"y":165,"width":19,"height":25}},"68":{"xOffset":-1,"yOffset":10,"xAdvance":21,"rect":{"x":150,"y":165,"width":22,"height":25}},"69":{"xOffset":-1,"yOffset":10,"xAdvance":19,"rect":{"x":172,"y":165,"width":21,"height":25}},"70":{"xOffset":-1,"yOffset":10,"xAdvance":18,"rect":{"x":193,"y":165,"width":20,"height":25}},"71":{"xOffset":0,"yOffset":10,"xAdvance":20,"rect":{"x":213,"y":165,"width":20,"height":25}},"72":{"xOffset":-1,"yOffset":10,"xAdvance":21,"rect":{"x":233,"y":165,"width":23,"height":25}},"73":{"xOffset":-1,"yOffset":10,"xAdvance":11,"rect":{"x":256,"y":165,"width":12,"height":25}},"74":{"xOffset":-1,"yOffset":10,"xAdvance":17,"rect":{"x":268,"y":165,"width":19,"height":25}},"75":{"xOffset":-1,"yOffset":10,"xAdvance":21,"rect":{"x":287,"y":165,"width":23,"height":25}},"76":{"xOffset":-1,"yOffset":10,"xAdvance":18,"rect":{"x":310,"y":165,"width":20,"height":25}},"77":{"xOffset":-1,"yOffset":10,"xAdvance":30,"rect":{"x":330,"y":165,"width":32,"height":25}},"78":{"xOffset":-1,"yOffset":10,"xAdvance":24,"rect":{"x":362,"y":165,"width":26,"height":25}},"79":{"xOffset":0,"yOffset":10,"xAdvance":20,"rect":{"x":388,"y":165,"width":20,"height":25}},"80":{"xOffset":-1,"yOffset":10,"xAdvance":20,"rect":{"x":408,"y":165,"width":22,"height":25}},"81":{"xOffset":0,"yOffset":10,"xAdvance":20,"rect":{"x":229,"y":40,"width":20,"height":31}},"82":{"xOffset":-1,"yOffset":10,"xAdvance":21,"rect":{"x":430,"y":165,"width":23,"height":25}},"83":{"xOffset":-1,"yOffset":10,"xAdvance":19,"rect":{"x":453,"y":165,"width":20,"height":25}},"84":{"xOffset":-1,"yOffset":10,"xAdvance":19,"rect":{"x":473,"y":165,"width":22,"height":25}},"85":{"xOffset":-1,"yOffset":10,"xAdvance":21,"rect":{"x":0,"y":191,"width":23,"height":25}},"86":{"xOffset":-1,"yOffset":10,"xAdvance":20,"rect":{"x":23,"y":191,"width":22,"height":25}},"87":{"xOffset":-1,"yOffset":10,"xAdvance":31,"rect":{"x":45,"y":191,"width":33,"height":25}},"88":{"xOffset":-1,"yOffset":10,"xAdvance":20,"rect":{"x":78,"y":191,"width":22,"height":25}},"89":{"xOffset":-1,"yOffset":10,"xAdvance":19,"rect":{"x":100,"y":191,"width":21,"height":25}},"90":{"xOffset":-1,"yOffset":10,"xAdvance":18,"rect":{"x":121,"y":191,"width":20,"height":25}},"91":{"xOffset":1,"yOffset":10,"xAdvance":10,"rect":{"x":348,"y":74,"width":10,"height":30}},"92":{"xOffset":-1,"yOffset":10,"xAdvance":10,"rect":{"x":12,"y":216,"width":12,"height":25}},"93":{"xOffset":-1,"yOffset":10,"xAdvance":10,"rect":{"x":358,"y":74,"width":10,"height":30}},"94":{"xOffset":2,"yOffset":10,"xAdvance":23,"rect":{"x":247,"y":241,"width":19,"height":16}},"95":{"xOffset":-2,"yOffset":35,"xAdvance":16,"rect":{"x":381,"y":241,"width":20,"height":4}},"96":{"xOffset":-1,"yOffset":8,"xAdvance":9,"rect":{"x":348,"y":241,"width":11,"height":8}},"97":{"xOffset":0,"yOffset":15,"xAdvance":17,"rect":{"x":448,"y":216,"width":18,"height":20}},"98":{"xOffset":-1,"yOffset":10,"xAdvance":17,"rect":{"x":141,"y":191,"width":18,"height":25}},"99":{"xOffset":0,"yOffset":15,"xAdvance":15,"rect":{"x":466,"y":216,"width":16,"height":20}},"100":{"xOffset":0,"yOffset":10,"xAdvance":17,"rect":{"x":159,"y":191,"width":18,"height":25}},"101":{"xOffset":0,"yOffset":15,"xAdvance":16,"rect":{"x":482,"y":216,"width":17,"height":20}},"102":{"xOffset":-1,"yOffset":10,"xAdvance":11,"rect":{"x":495,"y":165,"width":14,"height":25}},"103":{"xOffset":-1,"yOffset":15,"xAdvance":17,"rect":{"x":177,"y":191,"width":19,"height":25}},"104":{"xOffset":-1,"yOffset":10,"xAdvance":18,"rect":{"x":196,"y":191,"width":20,"height":25}},"105":{"xOffset":-1,"yOffset":10,"xAdvance":9,"rect":{"x":216,"y":191,"width":11,"height":25}},"106":{"xOffset":-2,"yOffset":10,"xAdvance":9,"rect":{"x":314,"y":74,"width":11,"height":30}},"107":{"xOffset":-1,"yOffset":10,"xAdvance":18,"rect":{"x":227,"y":191,"width":20,"height":25}},"108":{"xOffset":-1,"yOffset":10,"xAdvance":9,"rect":{"x":247,"y":191,"width":11,"height":25}},"109":{"xOffset":-1,"yOffset":15,"xAdvance":26,"rect":{"x":0,"y":241,"width":28,"height":20}},"110":{"xOffset":-1,"yOffset":15,"xAdvance":18,"rect":{"x":28,"y":241,"width":20,"height":20}},"111":{"xOffset":0,"yOffset":15,"xAdvance":17,"rect":{"x":48,"y":241,"width":17,"height":20}},"112":{"xOffset":-1,"yOffset":15,"xAdvance":17,"rect":{"x":258,"y":191,"width":18,"height":25}},"113":{"xOffset":0,"yOffset":15,"xAdvance":17,"rect":{"x":276,"y":191,"width":18,"height":25}},"114":{"xOffset":-1,"yOffset":15,"xAdvance":15,"rect":{"x":65,"y":241,"width":17,"height":20}},"115":{"xOffset":-1,"yOffset":15,"xAdvance":16,"rect":{"x":82,"y":241,"width":18,"height":20}},"116":{"xOffset":-1,"yOffset":11,"xAdvance":11,"rect":{"x":403,"y":216,"width":13,"height":24}},"117":{"xOffset":-1,"yOffset":15,"xAdvance":18,"rect":{"x":100,"y":241,"width":19,"height":20}},"118":{"xOffset":-1,"yOffset":15,"xAdvance":17,"rect":{"x":119,"y":241,"width":19,"height":20}},"119":{"xOffset":-1,"yOffset":15,"xAdvance":25,"rect":{"x":138,"y":241,"width":27,"height":20}},"120":{"xOffset":-1,"yOffset":15,"xAdvance":16,"rect":{"x":165,"y":241,"width":18,"height":20}},"121":{"xOffset":-1,"yOffset":15,"xAdvance":17,"rect":{"x":294,"y":191,"width":18,"height":25}},"122":{"xOffset":-1,"yOffset":15,"xAdvance":15,"rect":{"x":183,"y":241,"width":18,"height":20}},"123":{"xOffset":-1,"yOffset":10,"xAdvance":11,"rect":{"x":368,"y":74,"width":14,"height":30}},"124":{"xOffset":0,"yOffset":9,"xAdvance":7,"rect":{"x":429,"y":0,"width":7,"height":34}},"125":{"xOffset":-1,"yOffset":10,"xAdvance":11,"rect":{"x":382,"y":74,"width":14,"height":30}},"126":{"xOffset":2,"yOffset":20,"xAdvance":23,"rect":{"x":328,"y":241,"width":20,"height":9}},"192":{"xOffset":-1,"yOffset":5,"xAdvance":21,"rect":{"x":415,"y":74,"width":23,"height":30}},"193":{"xOffset":-1,"yOffset":5,"xAdvance":21,"rect":{"x":461,"y":74,"width":23,"height":30}},"194":{"xOffset":-1,"yOffset":5,"xAdvance":21,"rect":{"x":18,"y":105,"width":23,"height":30}},"195":{"xOffset":-1,"yOffset":5,"xAdvance":21,"rect":{"x":438,"y":74,"width":23,"height":30}},"200":{"xOffset":-1,"yOffset":4,"xAdvance":19,"rect":{"x":380,"y":40,"width":21,"height":31}},"201":{"xOffset":-1,"yOffset":4,"xAdvance":19,"rect":{"x":401,"y":40,"width":21,"height":31}},"202":{"xOffset":-1,"yOffset":4,"xAdvance":19,"rect":{"x":422,"y":40,"width":21,"height":31}},"204":{"xOffset":-1,"yOffset":4,"xAdvance":11,"rect":{"x":494,"y":40,"width":12,"height":31}},"205":{"xOffset":-1,"yOffset":4,"xAdvance":11,"rect":{"x":0,"y":74,"width":12,"height":31}},"210":{"xOffset":0,"yOffset":4,"xAdvance":20,"rect":{"x":12,"y":74,"width":20,"height":31}},"211":{"xOffset":0,"yOffset":4,"xAdvance":20,"rect":{"x":32,"y":74,"width":20,"height":31}},"212":{"xOffset":0,"yOffset":5,"xAdvance":20,"rect":{"x":251,"y":105,"width":20,"height":30}},"213":{"xOffset":0,"yOffset":5,"xAdvance":20,"rect":{"x":211,"y":105,"width":20,"height":30}},"217":{"xOffset":-1,"yOffset":4,"xAdvance":21,"rect":{"x":136,"y":74,"width":23,"height":31}},"218":{"xOffset":-1,"yOffset":4,"xAdvance":21,"rect":{"x":159,"y":74,"width":23,"height":31}},"221":{"xOffset":-1,"yOffset":4,"xAdvance":19,"rect":{"x":293,"y":74,"width":21,"height":31}},"224":{"xOffset":0,"yOffset":9,"xAdvance":17,"rect":{"x":259,"y":135,"width":18,"height":26}},"225":{"xOffset":0,"yOffset":9,"xAdvance":17,"rect":{"x":277,"y":135,"width":18,"height":26}},"226":{"xOffset":0,"yOffset":9,"xAdvance":17,"rect":{"x":313,"y":135,"width":18,"height":26}},"227":{"xOffset":0,"yOffset":10,"xAdvance":17,"rect":{"x":95,"y":216,"width":18,"height":25}},"232":{"xOffset":0,"yOffset":9,"xAdvance":16,"rect":{"x":331,"y":135,"width":17,"height":26}},"233":{"xOffset":0,"yOffset":9,"xAdvance":16,"rect":{"x":348,"y":135,"width":17,"height":26}},"234":{"xOffset":0,"yOffset":9,"xAdvance":16,"rect":{"x":365,"y":135,"width":17,"height":26}},"236":{"xOffset":-1,"yOffset":9,"xAdvance":9,"rect":{"x":382,"y":135,"width":11,"height":26}},"237":{"xOffset":-1,"yOffset":9,"xAdvance":9,"rect":{"x":404,"y":135,"width":11,"height":26}},"242":{"xOffset":0,"yOffset":9,"xAdvance":17,"rect":{"x":415,"y":135,"width":17,"height":26}},"243":{"xOffset":0,"yOffset":9,"xAdvance":17,"rect":{"x":432,"y":135,"width":17,"height":26}},"244":{"xOffset":0,"yOffset":9,"xAdvance":17,"rect":{"x":449,"y":135,"width":17,"height":26}},"245":{"xOffset":0,"yOffset":10,"xAdvance":17,"rect":{"x":187,"y":216,"width":17,"height":25}},"249":{"xOffset":-1,"yOffset":9,"xAdvance":18,"rect":{"x":0,"y":165,"width":19,"height":26}},"250":{"xOffset":-1,"yOffset":9,"xAdvance":18,"rect":{"x":19,"y":165,"width":19,"height":26}},"253":{"xOffset":-1,"yOffset":9,"xAdvance":17,"rect":{"x":275,"y":74,"width":18,"height":31}},"258":{"xOffset":-1,"yOffset":4,"xAdvance":21,"rect":{"x":249,"y":40,"width":23,"height":31}},"259":{"xOffset":0,"yOffset":9,"xAdvance":17,"rect":{"x":295,"y":135,"width":18,"height":26}},"272":{"xOffset":-1,"yOffset":10,"xAdvance":21,"rect":{"x":131,"y":216,"width":22,"height":25}},"273":{"xOffset":0,"yOffset":5,"xAdvance":17,"rect":{"x":79,"y":105,"width":18,"height":30}},"296":{"xOffset":-1,"yOffset":5,"xAdvance":11,"rect":{"x":176,"y":105,"width":12,"height":30}},"297":{"xOffset":-1,"yOffset":9,"xAdvance":9,"rect":{"x":393,"y":135,"width":11,"height":26}},"360":{"xOffset":-1,"yOffset":5,"xAdvance":21,"rect":{"x":374,"y":105,"width":23,"height":30}},"361":{"xOffset":-1,"yOffset":10,"xAdvance":18,"rect":{"x":290,"y":216,"width":19,"height":25}},"416":{"xOffset":0,"yOffset":10,"xAdvance":21,"rect":{"x":221,"y":216,"width":25,"height":25}},"417":{"xOffset":-1,"yOffset":15,"xAdvance":19,"rect":{"x":201,"y":241,"width":22,"height":20}},"431":{"xOffset":-1,"yOffset":10,"xAdvance":22,"rect":{"x":328,"y":216,"width":27,"height":25}},"432":{"xOffset":-1,"yOffset":15,"xAdvance":19,"rect":{"x":223,"y":241,"width":24,"height":20}},"7840":{"xOffset":-1,"yOffset":10,"xAdvance":21,"rect":{"x":484,"y":74,"width":23,"height":30}},"7841":{"xOffset":0,"yOffset":15,"xAdvance":17,"rect":{"x":113,"y":216,"width":18,"height":25}},"7842":{"xOffset":-1,"yOffset":3,"xAdvance":21,"rect":{"x":21,"y":40,"width":23,"height":32}},"7843":{"xOffset":0,"yOffset":8,"xAdvance":17,"rect":{"x":80,"y":135,"width":18,"height":27}},"7844":{"xOffset":-1,"yOffset":1,"xAdvance":21,"rect":{"x":459,"y":0,"width":23,"height":34}},"7845":{"xOffset":0,"yOffset":5,"xAdvance":17,"rect":{"x":59,"y":105,"width":20,"height":30}},"7846":{"xOffset":-1,"yOffset":0,"xAdvance":21,"rect":{"x":280,"y":0,"width":23,"height":35}},"7847":{"xOffset":0,"yOffset":4,"xAdvance":17,"rect":{"x":326,"y":40,"width":18,"height":31}},"7848":{"xOffset":-1,"yOffset":-1,"xAdvance":21,"rect":{"x":126,"y":0,"width":23,"height":36}},"7849":{"xOffset":0,"yOffset":4,"xAdvance":17,"rect":{"x":344,"y":40,"width":18,"height":31}},"7850":{"xOffset":-1,"yOffset":1,"xAdvance":21,"rect":{"x":436,"y":0,"width":23,"height":34}},"7851":{"xOffset":0,"yOffset":5,"xAdvance":17,"rect":{"x":41,"y":105,"width":18,"height":30}},"7852":{"xOffset":-1,"yOffset":5,"xAdvance":21,"rect":{"x":303,"y":0,"width":23,"height":35}},"7853":{"xOffset":0,"yOffset":9,"xAdvance":17,"rect":{"x":362,"y":40,"width":18,"height":31}},"7854":{"xOffset":-1,"yOffset":0,"xAdvance":21,"rect":{"x":257,"y":0,"width":23,"height":35}},"7855":{"xOffset":0,"yOffset":4,"xAdvance":17,"rect":{"x":290,"y":40,"width":18,"height":31}},"7856":{"xOffset":-1,"yOffset":0,"xAdvance":21,"rect":{"x":211,"y":0,"width":23,"height":35}},"7857":{"xOffset":0,"yOffset":4,"xAdvance":17,"rect":{"x":272,"y":40,"width":18,"height":31}},"7858":{"xOffset":-1,"yOffset":-1,"xAdvance":21,"rect":{"x":80,"y":0,"width":23,"height":36}},"7859":{"xOffset":0,"yOffset":3,"xAdvance":17,"rect":{"x":44,"y":40,"width":18,"height":32}},"7860":{"xOffset":-1,"yOffset":0,"xAdvance":21,"rect":{"x":234,"y":0,"width":23,"height":35}},"7861":{"xOffset":0,"yOffset":5,"xAdvance":17,"rect":{"x":0,"y":105,"width":18,"height":30}},"7862":{"xOffset":-1,"yOffset":4,"xAdvance":21,"rect":{"x":103,"y":0,"width":23,"height":36}},"7863":{"xOffset":0,"yOffset":9,"xAdvance":17,"rect":{"x":308,"y":40,"width":18,"height":31}},"7864":{"xOffset":-1,"yOffset":10,"xAdvance":19,"rect":{"x":118,"y":105,"width":21,"height":30}},"7865":{"xOffset":0,"yOffset":15,"xAdvance":16,"rect":{"x":170,"y":216,"width":17,"height":25}},"7866":{"xOffset":-1,"yOffset":3,"xAdvance":19,"rect":{"x":62,"y":40,"width":21,"height":32}},"7867":{"xOffset":0,"yOffset":8,"xAdvance":16,"rect":{"x":98,"y":135,"width":17,"height":27}},"7868":{"xOffset":-1,"yOffset":5,"xAdvance":19,"rect":{"x":97,"y":105,"width":21,"height":30}},"7869":{"xOffset":0,"yOffset":10,"xAdvance":16,"rect":{"x":153,"y":216,"width":17,"height":25}},"7870":{"xOffset":-1,"yOffset":0,"xAdvance":19,"rect":{"x":368,"y":0,"width":21,"height":35}},"7871":{"xOffset":0,"yOffset":5,"xAdvance":16,"rect":{"x":156,"y":105,"width":20,"height":30}},"7872":{"xOffset":-1,"yOffset":0,"xAdvance":19,"rect":{"x":326,"y":0,"width":21,"height":35}},"7873":{"xOffset":0,"yOffset":4,"xAdvance":16,"rect":{"x":443,"y":40,"width":17,"height":31}},"7874":{"xOffset":-1,"yOffset":-1,"xAdvance":19,"rect":{"x":149,"y":0,"width":21,"height":36}},"7875":{"xOffset":0,"yOffset":4,"xAdvance":16,"rect":{"x":460,"y":40,"width":17,"height":31}},"7876":{"xOffset":-1,"yOffset":0,"xAdvance":19,"rect":{"x":347,"y":0,"width":21,"height":35}},"7877":{"xOffset":0,"yOffset":5,"xAdvance":16,"rect":{"x":139,"y":105,"width":17,"height":30}},"7878":{"xOffset":-1,"yOffset":4,"xAdvance":19,"rect":{"x":170,"y":0,"width":21,"height":36}},"7879":{"xOffset":0,"yOffset":9,"xAdvance":16,"rect":{"x":477,"y":40,"width":17,"height":31}},"7880":{"xOffset":-1,"yOffset":3,"xAdvance":11,"rect":{"x":83,"y":40,"width":12,"height":32}},"7881":{"xOffset":-1,"yOffset":7,"xAdvance":9,"rect":{"x":69,"y":135,"width":11,"height":28}},"7882":{"xOffset":-1,"yOffset":10,"xAdvance":11,"rect":{"x":199,"y":105,"width":12,"height":30}},"7883":{"xOffset":-1,"yOffset":10,"xAdvance":9,"rect":{"x":188,"y":105,"width":11,"height":30}},"7884":{"xOffset":0,"yOffset":10,"xAdvance":20,"rect":{"x":231,"y":105,"width":20,"height":30}},"7885":{"xOffset":0,"yOffset":15,"xAdvance":17,"rect":{"x":204,"y":216,"width":17,"height":25}},"7886":{"xOffset":0,"yOffset":3,"xAdvance":20,"rect":{"x":95,"y":40,"width":20,"height":32}},"7887":{"xOffset":0,"yOffset":8,"xAdvance":17,"rect":{"x":115,"y":135,"width":17,"height":27}},"7888":{"xOffset":0,"yOffset":1,"xAdvance":20,"rect":{"x":0,"y":40,"width":21,"height":34}},"7889":{"xOffset":0,"yOffset":5,"xAdvance":17,"rect":{"x":305,"y":105,"width":19,"height":30}},"7890":{"xOffset":0,"yOffset":0,"xAdvance":20,"rect":{"x":389,"y":0,"width":20,"height":35}},"7891":{"xOffset":0,"yOffset":5,"xAdvance":17,"rect":{"x":271,"y":105,"width":17,"height":30}},"7892":{"xOffset":0,"yOffset":-1,"xAdvance":20,"rect":{"x":191,"y":0,"width":20,"height":36}},"7893":{"xOffset":0,"yOffset":4,"xAdvance":17,"rect":{"x":52,"y":74,"width":17,"height":31}},"7894":{"xOffset":0,"yOffset":1,"xAdvance":20,"rect":{"x":482,"y":0,"width":20,"height":34}},"7895":{"xOffset":0,"yOffset":5,"xAdvance":17,"rect":{"x":288,"y":105,"width":17,"height":30}},"7896":{"xOffset":0,"yOffset":5,"xAdvance":20,"rect":{"x":409,"y":0,"width":20,"height":35}},"7897":{"xOffset":0,"yOffset":9,"xAdvance":17,"rect":{"x":69,"y":74,"width":17,"height":31}},"7898":{"xOffset":0,"yOffset":4,"xAdvance":21,"rect":{"x":111,"y":74,"width":25,"height":31}},"7899":{"xOffset":-1,"yOffset":9,"xAdvance":19,"rect":{"x":488,"y":135,"width":22,"height":26}},"7900":{"xOffset":0,"yOffset":4,"xAdvance":21,"rect":{"x":86,"y":74,"width":25,"height":31}},"7901":{"xOffset":-1,"yOffset":9,"xAdvance":19,"rect":{"x":466,"y":135,"width":22,"height":26}},"7902":{"xOffset":0,"yOffset":3,"xAdvance":21,"rect":{"x":115,"y":40,"width":25,"height":32}},"7903":{"xOffset":-1,"yOffset":8,"xAdvance":19,"rect":{"x":132,"y":135,"width":22,"height":27}},"7904":{"xOffset":0,"yOffset":5,"xAdvance":21,"rect":{"x":324,"y":105,"width":25,"height":30}},"7905":{"xOffset":-1,"yOffset":10,"xAdvance":19,"rect":{"x":246,"y":216,"width":22,"height":25}},"7906":{"xOffset":0,"yOffset":10,"xAdvance":21,"rect":{"x":349,"y":105,"width":25,"height":30}},"7907":{"xOffset":-1,"yOffset":15,"xAdvance":19,"rect":{"x":268,"y":216,"width":22,"height":25}},"7908":{"xOffset":-1,"yOffset":10,"xAdvance":21,"rect":{"x":397,"y":105,"width":23,"height":30}},"7909":{"xOffset":-1,"yOffset":15,"xAdvance":18,"rect":{"x":309,"y":216,"width":19,"height":25}},"7910":{"xOffset":-1,"yOffset":3,"xAdvance":21,"rect":{"x":140,"y":40,"width":23,"height":32}},"7911":{"xOffset":-1,"yOffset":8,"xAdvance":18,"rect":{"x":154,"y":135,"width":19,"height":27}},"7912":{"xOffset":-1,"yOffset":4,"xAdvance":22,"rect":{"x":209,"y":74,"width":27,"height":31}},"7913":{"xOffset":-1,"yOffset":9,"xAdvance":19,"rect":{"x":62,"y":165,"width":24,"height":26}},"7914":{"xOffset":-1,"yOffset":4,"xAdvance":22,"rect":{"x":182,"y":74,"width":27,"height":31}},"7915":{"xOffset":-1,"yOffset":9,"xAdvance":19,"rect":{"x":38,"y":165,"width":24,"height":26}},"7916":{"xOffset":-1,"yOffset":3,"xAdvance":22,"rect":{"x":163,"y":40,"width":27,"height":32}},"7917":{"xOffset":-1,"yOffset":8,"xAdvance":19,"rect":{"x":173,"y":135,"width":24,"height":27}},"7918":{"xOffset":-1,"yOffset":5,"xAdvance":22,"rect":{"x":420,"y":105,"width":27,"height":30}},"7919":{"xOffset":-1,"yOffset":10,"xAdvance":19,"rect":{"x":355,"y":216,"width":24,"height":25}},"7920":{"xOffset":-1,"yOffset":10,"xAdvance":22,"rect":{"x":447,"y":105,"width":27,"height":30}},"7921":{"xOffset":-1,"yOffset":15,"xAdvance":19,"rect":{"x":379,"y":216,"width":24,"height":25}},"7922":{"xOffset":-1,"yOffset":4,"xAdvance":19,"rect":{"x":254,"y":74,"width":21,"height":31}},"7923":{"xOffset":-1,"yOffset":9,"xAdvance":17,"rect":{"x":236,"y":74,"width":18,"height":31}},"7924":{"xOffset":-1,"yOffset":10,"xAdvance":19,"rect":{"x":21,"y":135,"width":21,"height":30}},"7925":{"xOffset":-1,"yOffset":15,"xAdvance":17,"rect":{"x":492,"y":105,"width":18,"height":29}},"7926":{"xOffset":-1,"yOffset":3,"xAdvance":19,"rect":{"x":208,"y":40,"width":21,"height":32}},"7927":{"xOffset":-1,"yOffset":8,"xAdvance":17,"rect":{"x":190,"y":40,"width":18,"height":32}},"7928":{"xOffset":-1,"yOffset":5,"xAdvance":19,"rect":{"x":0,"y":135,"width":21,"height":30}},"7929":{"xOffset":-1,"yOffset":10,"xAdvance":17,"rect":{"x":474,"y":105,"width":18,"height":30}}},"kerningDict":{}}]],0,0,[0],[0],[0]],[[{"name":"UTMColossalis","rect":{"x":1,"y":1,"width":508,"height":259},"offset":{"x":-1,"y":125.5},"originalSize":{"width":512,"height":512},"rotated":false,"capInsets":[0,0,0,0],"packable":true}],[0],0,[0],[1],[1]]]]
