[1,["d3c7820c-2a98-4429-8bc7-b8453bc9ac41","1263d74c-8167-4928-91a6-4e2672411f47@801ec","1baf0fc9-befa-459c-8bdd-af1a450a0319"],["node","root","data","_mesh","_effectAsset"],[["cc.Node",["_name","_layer","_components","_prefab","_children","_parent","_lscale"],1,9,4,2,1,5],["cc.Mesh",["_native","_hash","_struct"],1,11],["cc.Prefab",["_name"],2],["ebadb4aDHZLDab3+bnOdv0i",["speed","node","__prefab"],2,1,4],["cc.CompPrefabInfo",["fileId"],2],["cc.BoxCollider",["_isTrigger","node","__prefab","_size"],2,1,4,5],["cc.PrefabInfo",["fileId","root","asset"],2,1,1],["cc.MeshRenderer",["_name","node","__prefab","_materials","lightmapSettings","_mesh"],2,1,4,3,4,6],["cc.ModelLightmapSettings",[],3],["cc.Material",["_props","_defines"],1]],[[4,0,2],[6,0,1,2,2],[1,0,1,2,3],[2,0,2],[0,0,1,4,2,3,3],[0,0,5,2,3,6,2],[3,0,1,2,2],[5,0,1,2,3,2],[7,0,1,2,3,4,5,2],[8,1],[9,0,1,3]],[[[[2,".bin",2864929873,[{"primitives":[{"primitiveMode":7,"vertexBundelIndices":[0],"indexView":{"offset":73976,"length":24576,"count":6144,"stride":4}}],"vertexBundles":[{"view":{"offset":0,"length":73976,"count":1321,"stride":56},"attributes":[{"name":"a_position","format":32,"isNormalized":false},{"name":"a_normal","format":32,"isNormalized":false},{"name":"a_texCoord","format":21,"isNormalized":false},{"name":"a_tangent","format":44,"isNormalized":false},{"name":"a_texCoord1","format":21,"isNormalized":false}]}]},"minPosition",8,[1,-0.5,-1,-0.5],"maxPosition",8,[1,0.5,1,0.5]]],-1],0,0,[],[],[]],[[[3,"Missile"],[4,"Missile",4,[-4],[[6,15,-2,[0,"fbsMaSfNxLsrIcwP4I2rvI"]],[7,true,-3,[0,"ca0XiejGVMrbfTQ2VOXBFM"],[1,0.5,1,0.3]]],[1,"c46/YsCPVOJYA4mWEpNYRx",-1,0]],[5,"Capsule",1,[[8,"Capsule<ModelComponent>",-5,[0,"a3unvUBUJBx4UjdbyqWq90"],[0],[9],1]],[1,"29o2yRj8dIMYfQ4p7+qgmq",1,0],[1,0.5,0.5,0.5]]],0,[0,1,1,0,0,1,0,0,1,0,-1,2,0,0,2,0,2,1,5],[0,0],[-1,3],[0,1]],[[[10,[{}],[{}]]],0,0,[0],[4],[2]]]]
