[1,["b3fb4f30-7c9a-4b2b-934b-f014ac37f1bc@8dbc3","b3fb4f30-7c9a-4b2b-934b-f014ac37f1bc@3a0f4","b3fb4f30-7c9a-4b2b-934b-f014ac37f1bc@4b8d7","1baf0fc9-befa-459c-8bdd-af1a450a0319"],["root","node","data","_mesh","mainTexture","_effectAsset"],[["cc.Node",["_name","_prefab","_children","_parent","_components","_lpos","_lrot","_lscale","_euler"],2,4,2,1,9,5,5,5,5],["cc.Prefab",["_name"],2],["cc.PrefabInfo",["fileId","root","asset"],2,1,1],["cc.MeshRenderer",["node","__prefab","_materials","lightmapSettings","_mesh"],3,1,4,3,4,6],["cc.CompPrefabInfo",["fileId"],2],["cc.ModelLightmapSettings",[],3],["cc.Mesh",["_native","_hash","_struct"],1,11],["cc.Material",["_name","_states","_defines","_props"],0,12]],[[2,0,1,2,2],[1,0,2],[0,0,2,1,2],[0,0,3,2,1,2],[0,0,3,4,1,5,6,7,8,2],[3,0,1,2,3,4,1],[4,0,2],[5,1],[6,0,1,2,3],[7,0,1,2,3,4]],[[[[1,"road07"],[2,"road07",[-2],[0,"Node.236",-1,0]],[3,"RootNode",1,[-3],[0,"Node.237",1,0]],[4,"002",2,[[5,-4,[6,"54wkseQtRGh4cK0o/6CFMA"],[0],[7],1]],[0,"Node.238",1,0],[1,-3,0,0],[3,-0.5000000447034801,-0.4999999552965158,-0.4999999552965158,0.5000000447034801],[1,2.53999996185303,2.53999996185303,2.53999996185303],[1,-90,-89.99998975471657,0]]],0,[0,0,1,0,-1,2,0,-1,3,0,1,3,0,2,1,4],[0,0],[-1,3],[0,1]],[[[8,".bin",2826799243,[{"primitives":[{"primitiveMode":7,"vertexBundelIndices":[0],"indexView":{"offset":14592,"length":1116,"count":558,"stride":2}}],"vertexBundles":[{"view":{"offset":0,"length":14592,"count":304,"stride":48},"attributes":[{"name":"a_position","format":32,"isNormalized":false},{"name":"a_normal","format":32,"isNormalized":false},{"name":"a_texCoord","format":21,"isNormalized":false},{"name":"a_tangent","format":44,"isNormalized":false}]}]},"minPosition",8,[1,-1.574803113937378,-6.866454782539222e-7,1.3113022134803032e-7],"maxPosition",8,[1,6.866401349725493e-7,2.3622047901153564,0.01377981435507536]]],-1],0,0,[],[],[]],[[[9,"Material #90",[{"rasterizerState":{},"blendState":{"targets":[{}]},"depthStencilState":{}}],[{"USE_ALBEDO_MAP":true}],[[[{"metallic":0.400000005960464,"roughness":0.70710676908493},"albedoScale",8,[1,1,1,1],"mainTexture",6,0]],11]]],0,0,[0,0],[4,5],[2,3]]]]
