[1,0,0,[["cc.Mesh",["_native","_hash","_struct"],1,11],["cc.Skeleton",["_name","_hash","_joints","_bindposes"],0,12]],[[0,0,1,2,3],[1,0,1,2,3,4]],[[[[0,".bin",3180589685,[{"primitives":[{"primitiveMode":7,"jointMapIndex":0,"vertexBundelIndices":[0],"indexView":{"offset":11840,"length":2652,"count":663,"stride":4}}],"vertexBundles":[{"view":{"offset":0,"length":11840,"count":148,"stride":80},"attributes":[{"name":"a_position","format":32,"isNormalized":false},{"name":"a_normal","format":32,"isNormalized":false},{"name":"a_texCoord","format":21,"isNormalized":false},{"name":"a_tangent","format":44,"isNormalized":false},{"name":"a_joints","format":42,"isNormalized":false},{"name":"a_weights","format":44,"isNormalized":false},{"name":"a_texCoord1","format":21,"isNormalized":false}]}],"jointMaps":[[0,1,2,3,4,5,6,7,8]]},"minPosition",8,[1,-0.0016504022059962153,-0.0013250723714008927,0.0007041198550723493],"maxPosition",8,[1,0.0016437144950032234,0.0009622701327316463,0.006080076564103365]]],-1],0,0,[],[],[]],[[[0,".bin",520955576,[{"primitives":[{"primitiveMode":7,"vertexBundelIndices":[0],"indexView":{"offset":960,"length":192,"count":48,"stride":4}}],"vertexBundles":[{"view":{"offset":0,"length":960,"count":12,"stride":80},"attributes":[{"name":"a_position","format":32,"isNormalized":false},{"name":"a_normal","format":32,"isNormalized":false},{"name":"a_texCoord","format":21,"isNormalized":false},{"name":"a_tangent","format":44,"isNormalized":false},{"name":"a_joints","format":42,"isNormalized":false},{"name":"a_weights","format":44,"isNormalized":false},{"name":"a_texCoord1","format":21,"isNormalized":false}]}]},"minPosition",8,[1,-0.0012525635538622737,-0.0020472141914069653,0.012709399685263634],"maxPosition",8,[1,0.0012516032438725233,-0.001808525645174086,0.013091003522276878]]],-1],0,0,[],[],[]],[[[0,".bin",2761859130,[{"primitives":[{"primitiveMode":7,"jointMapIndex":0,"vertexBundelIndices":[0],"indexView":{"offset":8000,"length":390,"count":195,"stride":2}},{"primitiveMode":7,"jointMapIndex":1,"vertexBundelIndices":[1],"indexView":{"offset":17750,"length":474,"count":237,"stride":2}},{"primitiveMode":7,"jointMapIndex":0,"vertexBundelIndices":[2],"indexView":{"offset":27984,"length":570,"count":285,"stride":2}},{"primitiveMode":7,"jointMapIndex":1,"vertexBundelIndices":[3],"indexView":{"offset":37434,"length":582,"count":291,"stride":2}}],"vertexBundles":[{"view":{"offset":0,"length":8000,"count":100,"stride":80},"attributes":[{"name":"a_position","format":32,"isNormalized":false},{"name":"a_normal","format":32,"isNormalized":false},{"name":"a_texCoord","format":21,"isNormalized":false},{"name":"a_tangent","format":44,"isNormalized":false},{"name":"a_joints","format":42,"isNormalized":false},{"name":"a_weights","format":44,"isNormalized":false},{"name":"a_texCoord1","format":21,"isNormalized":false}]},{"view":{"offset":8390,"length":9360,"count":117,"stride":80},"attributes":[{"name":"a_position","format":32,"isNormalized":false},{"name":"a_normal","format":32,"isNormalized":false},{"name":"a_texCoord","format":21,"isNormalized":false},{"name":"a_tangent","format":44,"isNormalized":false},{"name":"a_joints","format":42,"isNormalized":false},{"name":"a_weights","format":44,"isNormalized":false},{"name":"a_texCoord1","format":21,"isNormalized":false}]},{"view":{"offset":18224,"length":9760,"count":122,"stride":80},"attributes":[{"name":"a_position","format":32,"isNormalized":false},{"name":"a_normal","format":32,"isNormalized":false},{"name":"a_texCoord","format":21,"isNormalized":false},{"name":"a_tangent","format":44,"isNormalized":false},{"name":"a_joints","format":42,"isNormalized":false},{"name":"a_weights","format":44,"isNormalized":false},{"name":"a_texCoord1","format":21,"isNormalized":false}]},{"view":{"offset":28554,"length":8880,"count":111,"stride":80},"attributes":[{"name":"a_position","format":32,"isNormalized":false},{"name":"a_normal","format":32,"isNormalized":false},{"name":"a_texCoord","format":21,"isNormalized":false},{"name":"a_tangent","format":44,"isNormalized":false},{"name":"a_joints","format":42,"isNormalized":false},{"name":"a_weights","format":44,"isNormalized":false},{"name":"a_texCoord1","format":21,"isNormalized":false}]}],"jointMaps":[[0,1,2,3,4,5,6,7,8,9,10,11,12,13,14,15,16,17,18,19,20,21,22,23,24,25,28,29],[0,1,2,3,4,5,6,7,8,9,11,12,21,22,23,24,25,26,27,28,29,30,31,32,33,34,35,36,37,38]]},"minPosition",8,[1,-0.007691908627748489,-0.0010680864797905087,0.008892246522009373],"maxPosition",8,[1,0.007692752406001091,0.0005134431994520128,0.010798466391861439]]],-1],0,0,[],[],[]],[[[1,"Skin-4",3707169967,["mixamorig:Hips/mixamorig:Spine/mixamorig:Spine1/mixamorig:Spine2/mixamorig:Neck/mixamorig:Head"],[[[7,100,0,0,0,0,0.000019470719053060748,-100,0,0,100,0.000019470719053060748,0,-0.00004222718416713178,0.2743651568889618,0.17144156992435455,1]],8]]],0,0,[],[],[]],[[[1,"Skin-8",3606887673,["mixamorig:Hips/mixamorig:Spine/mixamorig:Spine1/mixamorig:Spine2/mixamorig:Neck","mixamorig:Hips/mixamorig:Spine/mixamorig:Spine1/mixamorig:Spine2/mixamorig:Neck/mixamorig:Head","mixamorig:Hips/mixamorig:Spine/mixamorig:Spine1/mixamorig:Spine2"],[[[7,100,0,0,0,0,0.000019470719053060748,-100,0,0,100,0.000019470719053060748,0,-0.00004222718416713178,0.26267027854919434,0.019224468618631363,1],[7,100,0,0,0,0,0.000019470719053060748,-100,0,0,100,0.000019470719053060748,0,-0.00004222718416713178,0.17941458523273468,0.014646110124886036,1],[7,100,0,0,0,0,3.1155004501342773,-99.95145416259766,0,0,99.95145416259766,3.1155004501342773,0,-0.00004222718416713178,0.3744580149650574,0.02739858254790306,1]],8,8,8]]],0,0,[],[],[]],[[[1,"Skin-0",3109932913,["mixamorig:Hips/mixamorig:Spine/mixamorig:Spine1/mixamorig:Spine2/mixamorig:LeftShoulder/mixamorig:LeftArm","mixamorig:Hips/mixamorig:Spine/mixamorig:Spine1/mixamorig:Spine2/mixamorig:LeftShoulder/mixamorig:LeftArm/mixamorig:LeftForeArm","mixamorig:Hips/mixamorig:Spine/mixamorig:Spine1/mixamorig:Spine2/mixamorig:LeftShoulder/mixamorig:LeftArm/mixamorig:LeftForeArm/mixamorig:LeftHand","mixamorig:Hips/mixamorig:Spine/mixamorig:Spine1/mixamorig:Spine2","mixamorig:Hips/mixamorig:Spine/mixamorig:Spine1/mixamorig:Spine2/mixamorig:LeftShoulder","mixamorig:Hips/mixamorig:Spine/mixamorig:Spine1","mixamorig:Hips","mixamorig:Hips/mixamorig:Spine","mixamorig:Hips/mixamorig:Spine/mixamorig:Spine1/mixamorig:Spine2/mixamorig:Neck","mixamorig:Hips/mixamorig:LeftUpLeg","mixamorig:Hips/mixamorig:Spine/mixamorig:Spine1/mixamorig:Spine2/mixamorig:LeftShoulder/mixamorig:LeftArm/mixamorig:LeftForeArm/mixamorig:LeftHand/mixamorig:LeftHandThumb1","mixamorig:Hips/mixamorig:Spine/mixamorig:Spine1/mixamorig:Spine2/mixamorig:Neck/mixamorig:Head","mixamorig:Hips/mixamorig:RightUpLeg","mixamorig:Hips/mixamorig:Spine/mixamorig:Spine1/mixamorig:Spine2/mixamorig:RightShoulder","mixamorig:Hips/mixamorig:Spine/mixamorig:Spine1/mixamorig:Spine2/mixamorig:RightShoulder/mixamorig:RightArm","mixamorig:Hips/mixamorig:Spine/mixamorig:Spine1/mixamorig:Spine2/mixamorig:RightShoulder/mixamorig:RightArm/mixamorig:RightForeArm","mixamorig:Hips/mixamorig:Spine/mixamorig:Spine1/mixamorig:Spine2/mixamorig:RightShoulder/mixamorig:RightArm/mixamorig:RightForeArm/mixamorig:RightHand","mixamorig:Hips/mixamorig:Spine/mixamorig:Spine1/mixamorig:Spine2/mixamorig:RightShoulder/mixamorig:RightArm/mixamorig:RightForeArm/mixamorig:RightHand/mixamorig:RightHandThumb1","mixamorig:Hips/mixamorig:Spine/mixamorig:Spine1/mixamorig:Spine2/mixamorig:RightShoulder/mixamorig:RightArm/mixamorig:RightForeArm/mixamorig:RightHand/mixamorig:RightHandMiddle1"],[[[7,-2.1474459171295166,99.92422485351562,-3.2462446689605713,0,99.93732452392578,2.054064989089966,-2.883068323135376,0,-2.8142035007476807,-3.306122064590454,-99.90570068359375,0,0.030881395563483238,-0.15590180456638336,0.9415371417999268,1],[7,3.3661959171295166,99.83329772949219,4.688364505767822,0,99.89852142333984,-3.220536470413208,-3.1484785079956055,0,-2.992239236831665,4.789590358734131,-99.84039306640625,0,0.010550031438469887,-0.4425065815448761,0.9092985987663269,1],[7,7.792042255401611,99.49573516845703,6.315240383148193,0,98.85493469238281,-6.889730930328369,-13.425134658813477,0,-12.922332763671875,7.289018154144287,-98.8932876586914,0,0.07803612947463989,-0.6448956727981567,0.8907859325408936,1],[7,100,-3.723481256656669e-7,-1.1606131167241074e-8,0,9.730374837845553e-15,3.1155004501342773,-99.95145416259766,0,3.725289445810631e-7,99.95144653320312,3.1155002117156982,0,-0.00004221659037284553,-0.8756220936775208,-0.03174864500761032,1],[7,-1.1053296327590942,96.27005004882812,-27.034334182739258,0,99.94560241699219,0.2235165685415268,-3.2904410362243652,0,-3.107282876968384,-27.055994033813477,-96.22014617919922,0,0.03167685121297836,0.20254231989383698,0.9515113234519958,1],[7,100,-3.723481256656669e-7,-1.1606131167241074e-8,0,9.730374837845553e-15,3.1155004501342773,-99.95145416259766,0,3.725289445810631e-7,99.95144653320312,3.1155002117156982,0,-0.00004221659037284553,-0.77560955286026,-0.03174864500761032,1],[7,100,-3.7252897300277255e-7,-6.280369155503909e-14,0,9.730374837845553e-15,0.000019470719053060748,-100,0,3.725289445810631e-7,99.99999237060547,0.000019470717234071344,0,-0.00004221659037284553,-0.6137806177139282,-0.012632552534341812,1],[7,100,-3.723481256656669e-7,-1.1606120509100037e-8,0,9.730374837845553e-15,3.115497350692749,-99.95145416259766,0,3.725289445810631e-7,99.95144653320312,3.11549711227417,0,-0.00004221659037284553,-0.6880986094474792,-0.03174862265586853,1],[7,100,-3.7252897300277255e-7,-6.280369155503909e-14,0,9.730374837845553e-15,0.000019470719053060748,-100,0,3.725289445810631e-7,99.99999237060547,0.000019470717234071344,0,-0.00004221659037284553,-0.9886457324028015,-0.0009480403969064355,1],[7,-99.97238159179688,2.350231409072876,1.195445609170065e-8,0,0.059985753148794174,2.5516293048858643,-99.96742248535156,0,-2.3494656085968018,-99.93980407714844,-2.5523343086242676,0,0.09642162919044495,0.5701865553855896,0.0031465718057006598,1],[7,90.95867156982422,41.37580490112305,-3.8162007331848145,0,41.551082611083984,-90.5363998413086,8.756032943725586,0,0.1678285002708435,-9.550043106079102,-99.54279327392578,0,-0.5366668701171875,-0.18687056005001068,0.9560109376907349,1],[7,100,-3.7252897300277255e-7,-6.280369155503909e-14,0,9.730374837845553e-15,0.000019470719053060748,-100,0,3.725289445810631e-7,99.99999237060547,0.000019470717234071344,0,-0.00004221659037284553,-1.0719014406204224,-0.005526397842913866,1],[7,-99.97238159179688,-2.349958658218384,1.1917479447731694e-8,0,-0.06981280446052551,2.9699888229370117,-99.95586395263672,0,2.348921298980713,-99.92825317382812,-2.970808982849121,0,-0.09633573889732361,0.5701918601989746,0.0048270877450704575,1],[7,-0.6416452527046204,-96.27005004882812,27.049314498901367,0,-99.9496078491211,-0.22352828085422516,-3.166485548019409,0,3.108839988708496,-27.055999755859375,-96.2200927734375,0,-0.03168993443250656,0.20261940360069275,0.9514892101287842,1],[7,-2.6797068119049072,-99.9116439819336,3.237661838531494,0,-99.93193054199219,2.5952954292297363,-2.621664047241211,0,2.53532075881958,-3.305710792541504,-99.91317749023438,0,-0.030129149556159973,-0.15577250719070435,0.9415670037269592,1],[7,3.7279481887817383,-99.82058715820312,-4.685305118560791,0,-99.89286041259766,-3.593799591064453,-2.9155449867248535,0,2.741933584213257,4.788975238800049,-99.84761047363281,0,-0.006503731478005648,-0.44234147667884827,0.909381091594696,1],[7,7.386144161224365,-99.48989868164062,-6.870538234710693,0,-99.0977554321289,-6.549503326416016,-11.693537712097168,0,11.183902740478516,7.672250270843506,-99.07601165771484,0,-0.06448289006948471,-0.6483917236328125,0.8892770409584045,1],[7,90.65279388427734,-42.12453842163086,2.755654811859131,0,-42.19435501098633,-90.214111328125,9.002788543701172,0,-1.3063932657241821,-9.324009895324707,-99.5557861328125,0,0.5452361106872559,-0.19341342151165009,0.9500270485877991,1],[7,2.9391798973083496,-99.74485778808594,-6.505702018737793,0,-99.29130554199219,-2.163633346557617,-11.685701370239258,0,11.51512622833252,6.8030595779418945,-99.10155487060547,0,-0.11018785834312439,-0.7455361485481262,0.892439067363739,1]],8,8,8,8,8,8,8,8,8,8,8,8,8,8,8,8,8,8,8]]],0,0,[],[],[]],[[[0,".bin",1275667323,[{"primitives":[{"primitiveMode":7,"jointMapIndex":0,"vertexBundelIndices":[0],"indexView":{"offset":3600,"length":696,"count":174,"stride":4}}],"vertexBundles":[{"view":{"offset":0,"length":3600,"count":45,"stride":80},"attributes":[{"name":"a_position","format":32,"isNormalized":false},{"name":"a_normal","format":32,"isNormalized":false},{"name":"a_texCoord","format":21,"isNormalized":false},{"name":"a_tangent","format":44,"isNormalized":false},{"name":"a_joints","format":42,"isNormalized":false},{"name":"a_weights","format":44,"isNormalized":false},{"name":"a_texCoord1","format":21,"isNormalized":false}]}],"jointMaps":[[0,1,2,3]]},"minPosition",8,[1,-0.0014551796484738588,-0.001083310809917748,-0.00002976420546474401],"maxPosition",8,[1,-0.0005114032537676394,0.0007545198313891888,0.0011143177980557084]]],-1],0,0,[],[],[]],[[[0,".bin",1805534378,[{"primitives":[{"primitiveMode":7,"jointMapIndex":0,"vertexBundelIndices":[0],"indexView":{"offset":3600,"length":696,"count":174,"stride":4}}],"vertexBundles":[{"view":{"offset":0,"length":3600,"count":45,"stride":80},"attributes":[{"name":"a_position","format":32,"isNormalized":false},{"name":"a_normal","format":32,"isNormalized":false},{"name":"a_texCoord","format":21,"isNormalized":false},{"name":"a_tangent","format":44,"isNormalized":false},{"name":"a_joints","format":42,"isNormalized":false},{"name":"a_weights","format":44,"isNormalized":false},{"name":"a_texCoord1","format":21,"isNormalized":false}]}],"jointMaps":[[0,1,2,3]]},"minPosition",8,[1,0.0005056327790953219,-0.0010972896125167608,-0.000028744816518155858],"maxPosition",8,[1,0.0014745894586667418,0.0007546803099103272,0.0011144153540953994]]],-1],0,0,[],[],[]],[[[0,".bin",3850491062,[{"primitives":[{"primitiveMode":7,"vertexBundelIndices":[0],"indexView":{"offset":3680,"length":408,"count":102,"stride":4}}],"vertexBundles":[{"view":{"offset":0,"length":3680,"count":46,"stride":80},"attributes":[{"name":"a_position","format":32,"isNormalized":false},{"name":"a_normal","format":32,"isNormalized":false},{"name":"a_texCoord","format":21,"isNormalized":false},{"name":"a_tangent","format":44,"isNormalized":false},{"name":"a_joints","format":42,"isNormalized":false},{"name":"a_weights","format":44,"isNormalized":false},{"name":"a_texCoord1","format":21,"isNormalized":false}]}]},"minPosition",8,[1,-0.001244621234945953,-0.0004114188195671886,-0.0001735937548801303],"maxPosition",8,[1,0.0012454631505534053,0.0004044152738060802,0.00014679908053949475]]],-1],0,0,[],[],[]],[[[1,"Skin-5",4170674300,["mixamorig:Hips/mixamorig:RightUpLeg/mixamorig:RightLeg/mixamorig:RightFoot","mixamorig:Hips/mixamorig:RightUpLeg/mixamorig:RightLeg","mixamorig:Hips/mixamorig:RightUpLeg/mixamorig:RightLeg/mixamorig:RightFoot/mixamorig:RightToeBase","mixamorig:Hips/mixamorig:RightUpLeg"],[[[7,-98.9154281616211,-13.64183521270752,-5.4439520835876465,0,14.071479797363281,-77.3890151977539,-61.74894332885742,0,4.210668563842773,-61.84528350830078,78.46929931640625,0,-0.10066861659288406,0.04396693408489227,-0.04612525552511215,1],[7,-99.95886993408203,-2.8612301349639893,-0.19208340346813202,0,-0.08519324660301208,9.658206939697266,-99.53245544433594,0,2.8664050102233887,-99.49137115478516,-9.656673431396484,0,-0.09797202795743942,0.3146710991859436,0.025962840765714645,1],[7,-98.20377349853516,-18.818618774414062,-1.369848608970642,0,18.778799057006836,-98.18618774414062,2.6130056381225586,0,-1.8367339372634888,2.3088295459747314,99.95646667480469,0,-0.09682305157184601,-0.07987356930971146,-0.0037451370153576136,1],[7,-99.97237396240234,-2.349958896636963,2.2609194161304913e-7,0,-0.06981302052736282,2.9699885845184326,-99.95585632324219,0,2.348921775817871,-99.92826080322266,-2.9708092212677,0,-0.09633573144674301,0.5701919198036194,0.004827088676393032,1]],8,8,8,8]]],0,0,[],[],[]],[[[1,"Skin-2",1344564671,["mixamorig:Hips/mixamorig:Spine/mixamorig:Spine1/mixamorig:Spine2/mixamorig:Neck/mixamorig:Head","mixamorig:Hips/mixamorig:Spine/mixamorig:Spine1/mixamorig:Spine2/mixamorig:Neck"],[[[7,100,0,0,0,0,0.000019470719053060748,-100,0,0,100,0.000019470719053060748,0,-0.000041517632780596614,0.2928583323955536,-0.03858870640397072,1],[7,100,0,0,0,0,0.000019470719053060748,-100,0,0,100,0.000019470719053060748,0,-0.000041517632780596614,0.37611404061317444,-0.03401034697890282,1]],8,8]]],0,0,[],[],[]],[[[1,"Skin-6",2982339836,["mixamorig:Hips/mixamorig:Spine/mixamorig:Spine1/mixamorig:Spine2/mixamorig:LeftShoulder/mixamorig:LeftArm","mixamorig:Hips/mixamorig:Spine/mixamorig:Spine1/mixamorig:Spine2/mixamorig:LeftShoulder/mixamorig:LeftArm/mixamorig:LeftForeArm","mixamorig:Hips/mixamorig:Spine/mixamorig:Spine1/mixamorig:Spine2/mixamorig:LeftShoulder/mixamorig:LeftArm/mixamorig:LeftForeArm/mixamorig:LeftHand","mixamorig:Hips/mixamorig:Spine/mixamorig:Spine1/mixamorig:Spine2/mixamorig:LeftShoulder/mixamorig:LeftArm/mixamorig:LeftForeArm/mixamorig:LeftHand/mixamorig:LeftHandThumb1","mixamorig:Hips/mixamorig:Spine/mixamorig:Spine1/mixamorig:Spine2","mixamorig:Hips/mixamorig:Spine/mixamorig:Spine1/mixamorig:Spine2/mixamorig:Neck","mixamorig:Hips/mixamorig:Spine/mixamorig:Spine1/mixamorig:Spine2/mixamorig:Neck/mixamorig:Head","mixamorig:Hips/mixamorig:Spine/mixamorig:Spine1/mixamorig:Spine2/mixamorig:LeftShoulder/mixamorig:LeftArm/mixamorig:LeftForeArm/mixamorig:LeftHand/mixamorig:LeftHandThumb1/mixamorig:LeftHandThumb2","mixamorig:Hips/mixamorig:Spine/mixamorig:Spine1/mixamorig:Spine2/mixamorig:LeftShoulder/mixamorig:LeftArm/mixamorig:LeftForeArm/mixamorig:LeftHand/mixamorig:LeftHandThumb1/mixamorig:LeftHandThumb2/mixamorig:LeftHandThumb3","mixamorig:Hips/mixamorig:Spine/mixamorig:Spine1/mixamorig:Spine2/mixamorig:LeftShoulder/mixamorig:LeftArm/mixamorig:LeftForeArm/mixamorig:LeftHand/mixamorig:LeftHandPinky1","mixamorig:Hips/mixamorig:Spine/mixamorig:Spine1/mixamorig:Spine2/mixamorig:LeftShoulder/mixamorig:LeftArm/mixamorig:LeftForeArm/mixamorig:LeftHand/mixamorig:LeftHandMiddle1","mixamorig:Hips/mixamorig:Spine/mixamorig:Spine1/mixamorig:Spine2/mixamorig:LeftShoulder/mixamorig:LeftArm/mixamorig:LeftForeArm/mixamorig:LeftHand/mixamorig:LeftHandRing1","mixamorig:Hips/mixamorig:Spine/mixamorig:Spine1/mixamorig:Spine2/mixamorig:LeftShoulder/mixamorig:LeftArm/mixamorig:LeftForeArm/mixamorig:LeftHand/mixamorig:LeftHandPinky1/mixamorig:LeftHandPinky2","mixamorig:Hips/mixamorig:Spine/mixamorig:Spine1/mixamorig:Spine2/mixamorig:LeftShoulder/mixamorig:LeftArm/mixamorig:LeftForeArm/mixamorig:LeftHand/mixamorig:LeftHandPinky1/mixamorig:LeftHandPinky2/mixamorig:LeftHandPinky3","mixamorig:Hips/mixamorig:Spine/mixamorig:Spine1/mixamorig:Spine2/mixamorig:LeftShoulder/mixamorig:LeftArm/mixamorig:LeftForeArm/mixamorig:LeftHand/mixamorig:LeftHandIndex1","mixamorig:Hips/mixamorig:Spine/mixamorig:Spine1/mixamorig:Spine2/mixamorig:LeftShoulder/mixamorig:LeftArm/mixamorig:LeftForeArm/mixamorig:LeftHand/mixamorig:LeftHandRing1/mixamorig:LeftHandRing2","mixamorig:Hips/mixamorig:Spine/mixamorig:Spine1/mixamorig:Spine2/mixamorig:LeftShoulder/mixamorig:LeftArm/mixamorig:LeftForeArm/mixamorig:LeftHand/mixamorig:LeftHandMiddle1/mixamorig:LeftHandMiddle2","mixamorig:Hips/mixamorig:Spine/mixamorig:Spine1/mixamorig:Spine2/mixamorig:LeftShoulder/mixamorig:LeftArm/mixamorig:LeftForeArm/mixamorig:LeftHand/mixamorig:LeftHandMiddle1/mixamorig:LeftHandMiddle2/mixamorig:LeftHandMiddle3","mixamorig:Hips/mixamorig:Spine/mixamorig:Spine1/mixamorig:Spine2/mixamorig:LeftShoulder/mixamorig:LeftArm/mixamorig:LeftForeArm/mixamorig:LeftHand/mixamorig:LeftHandRing1/mixamorig:LeftHandRing2/mixamorig:LeftHandRing3","mixamorig:Hips/mixamorig:Spine/mixamorig:Spine1/mixamorig:Spine2/mixamorig:LeftShoulder/mixamorig:LeftArm/mixamorig:LeftForeArm/mixamorig:LeftHand/mixamorig:LeftHandIndex1/mixamorig:LeftHandIndex2","mixamorig:Hips/mixamorig:Spine/mixamorig:Spine1/mixamorig:Spine2/mixamorig:LeftShoulder/mixamorig:LeftArm/mixamorig:LeftForeArm/mixamorig:LeftHand/mixamorig:LeftHandIndex1/mixamorig:LeftHandIndex2/mixamorig:LeftHandIndex3","mixamorig:Hips/mixamorig:Spine/mixamorig:Spine1/mixamorig:Spine2/mixamorig:RightShoulder/mixamorig:RightArm","mixamorig:Hips/mixamorig:Spine/mixamorig:Spine1/mixamorig:Spine2/mixamorig:RightShoulder/mixamorig:RightArm/mixamorig:RightForeArm","mixamorig:Hips/mixamorig:Spine/mixamorig:Spine1/mixamorig:Spine2/mixamorig:RightShoulder/mixamorig:RightArm/mixamorig:RightForeArm/mixamorig:RightHand","mixamorig:Hips/mixamorig:Spine/mixamorig:Spine1/mixamorig:Spine2/mixamorig:RightShoulder/mixamorig:RightArm/mixamorig:RightForeArm/mixamorig:RightHand/mixamorig:RightHandThumb1","mixamorig:Hips/mixamorig:Spine/mixamorig:Spine1/mixamorig:Spine2/mixamorig:RightShoulder/mixamorig:RightArm/mixamorig:RightForeArm/mixamorig:RightHand/mixamorig:RightHandMiddle1","mixamorig:Hips/mixamorig:Spine/mixamorig:Spine1/mixamorig:Spine2/mixamorig:RightShoulder/mixamorig:RightArm/mixamorig:RightForeArm/mixamorig:RightHand/mixamorig:RightHandThumb1/mixamorig:RightHandThumb2","mixamorig:Hips/mixamorig:Spine/mixamorig:Spine1/mixamorig:Spine2/mixamorig:RightShoulder/mixamorig:RightArm/mixamorig:RightForeArm/mixamorig:RightHand/mixamorig:RightHandIndex1","mixamorig:Hips/mixamorig:Spine/mixamorig:Spine1/mixamorig:Spine2/mixamorig:RightShoulder/mixamorig:RightArm/mixamorig:RightForeArm/mixamorig:RightHand/mixamorig:RightHandRing1","mixamorig:Hips/mixamorig:Spine/mixamorig:Spine1/mixamorig:Spine2/mixamorig:RightShoulder/mixamorig:RightArm/mixamorig:RightForeArm/mixamorig:RightHand/mixamorig:RightHandPinky1","mixamorig:Hips/mixamorig:Spine/mixamorig:Spine1/mixamorig:Spine2/mixamorig:RightShoulder/mixamorig:RightArm/mixamorig:RightForeArm/mixamorig:RightHand/mixamorig:RightHandPinky1/mixamorig:RightHandPinky2","mixamorig:Hips/mixamorig:Spine/mixamorig:Spine1/mixamorig:Spine2/mixamorig:RightShoulder/mixamorig:RightArm/mixamorig:RightForeArm/mixamorig:RightHand/mixamorig:RightHandIndex1/mixamorig:RightHandIndex2","mixamorig:Hips/mixamorig:Spine/mixamorig:Spine1/mixamorig:Spine2/mixamorig:RightShoulder/mixamorig:RightArm/mixamorig:RightForeArm/mixamorig:RightHand/mixamorig:RightHandMiddle1/mixamorig:RightHandMiddle2","mixamorig:Hips/mixamorig:Spine/mixamorig:Spine1/mixamorig:Spine2/mixamorig:RightShoulder/mixamorig:RightArm/mixamorig:RightForeArm/mixamorig:RightHand/mixamorig:RightHandRing1/mixamorig:RightHandRing2","mixamorig:Hips/mixamorig:Spine/mixamorig:Spine1/mixamorig:Spine2/mixamorig:RightShoulder/mixamorig:RightArm/mixamorig:RightForeArm/mixamorig:RightHand/mixamorig:RightHandMiddle1/mixamorig:RightHandMiddle2/mixamorig:RightHandMiddle3","mixamorig:Hips/mixamorig:Spine/mixamorig:Spine1/mixamorig:Spine2/mixamorig:RightShoulder/mixamorig:RightArm/mixamorig:RightForeArm/mixamorig:RightHand/mixamorig:RightHandRing1/mixamorig:RightHandRing2/mixamorig:RightHandRing3","mixamorig:Hips/mixamorig:Spine/mixamorig:Spine1/mixamorig:Spine2/mixamorig:RightShoulder/mixamorig:RightArm/mixamorig:RightForeArm/mixamorig:RightHand/mixamorig:RightHandPinky1/mixamorig:RightHandPinky2/mixamorig:RightHandPinky3","mixamorig:Hips/mixamorig:Spine/mixamorig:Spine1/mixamorig:Spine2/mixamorig:RightShoulder/mixamorig:RightArm/mixamorig:RightForeArm/mixamorig:RightHand/mixamorig:RightHandThumb1/mixamorig:RightHandThumb2/mixamorig:RightHandThumb3","mixamorig:Hips/mixamorig:Spine/mixamorig:Spine1/mixamorig:Spine2/mixamorig:RightShoulder/mixamorig:RightArm/mixamorig:RightForeArm/mixamorig:RightHand/mixamorig:RightHandIndex1/mixamorig:RightHandIndex2/mixamorig:RightHandIndex3"],[[[7,-2.1474454402923584,99.92422485351562,-3.2462453842163086,0,99.93732452392578,2.0540645122528076,-2.883068323135376,0,-2.8142037391662598,-3.3061232566833496,-99.90570831298828,0,0.030881386250257492,-0.15590178966522217,0.9415371417999268,1],[7,3.366196393966675,99.83329772949219,4.688363552093506,0,99.89852142333984,-3.220536947250366,-3.1484785079956055,0,-2.992239475250244,4.789589881896973,-99.84040069580078,0,0.010550023056566715,-0.4425065517425537,0.9092986583709717,1],[7,7.7920427322387695,99.49573516845703,6.315239429473877,0,98.85493469238281,-6.889731407165527,-13.425134658813477,0,-12.922333717346191,7.289018154144287,-98.89329528808594,0,0.07803612947463989,-0.6448956727981567,0.8907859325408936,1],[7,90.95867156982422,41.37580490112305,-3.8162012100219727,0,41.551082611083984,-90.5363998413086,8.756032943725586,0,0.16782782971858978,-9.550044059753418,-99.54280090332031,0,-0.5366668105125427,-0.1868705451488495,0.9560109376907349,1],[7,100,3.868557882924506e-7,-4.538289886113489e-7,0,-4.6566117362090154e-7,3.1155004501342773,-99.95145416259766,0,-3.725289445810631e-7,99.95145416259766,3.1155004501342773,0,-0.0000421905133407563,-0.8756221532821655,-0.031748637557029724,1],[7,100,3.725290298461914e-7,-4.656611167774827e-7,0,-4.6566117362090154e-7,0.000019470719053060748,-100,0,-3.725289445810631e-7,100,0.000019470719053060748,0,-0.0000421905133407563,-0.9886457324028015,-0.0009480310836806893,1],[7,100,3.725290298461914e-7,-4.656611167774827e-7,0,-4.6566117362090154e-7,0.000019470719053060748,-100,0,-3.725289445810631e-7,100,0.000019470719053060748,0,-0.0000421905133407563,-1.0719014406204224,-0.00552638852968812,1],[7,90.95867156982422,39.68886947631836,-12.300982475280762,0,41.551082611083984,-86.76114654541016,27.313201904296875,0,0.16782782971858978,-29.95491600036621,-95.4079360961914,0,-0.543856143951416,-0.012226860970258713,0.9797772765159607,1],[7,90.95867156982422,40.96989059448242,-6.927368640899658,0,41.551082611083984,-89.61759948730469,15.562572479248047,0,0.16782782971858978,-17.033905029296875,-98.53840637207031,0,-0.5373324751853943,-0.17048338055610657,0.965696394443512,1],[7,-4.186670303344727,99.21820831298828,11.756673812866211,0,98.96822357177734,5.732104301452637,-13.131416320800781,0,-13.70266056060791,11.085601806640625,-98.43447875976562,0,0.13389615714550018,-0.7763527035713196,0.8488734364509583,1],[7,4.648890018463135,99.2833023071289,11.00967788696289,0,99.0230941772461,-3.129927396774292,-13.587860107421875,0,-13.145881652832031,11.533808708190918,-98.45890808105469,0,0.11292672902345657,-0.7943803668022156,0.8536778688430786,1],[7,-0.4431003928184509,99.23076629638672,12.371716499328613,0,99.08634185791016,2.1033782958984375,-13.32188892364502,0,-13.479635238647461,12.199651718139648,-98.33345031738281,0,0.12844514846801758,-0.799488365650177,0.8430349826812744,1],[7,-4.186670303344727,99.5220718383789,8.822040557861328,0,98.96822357177734,5.341887950897217,-13.294937133789062,0,-13.70266056060791,8.17440128326416,-98.7188720703125,0,0.13394425809383392,-0.7809478640556335,0.8723119497299194,1],[7,-4.186670303344727,99.90995025634766,-0.688027024269104,0,98.96822357177734,4.052567481994629,-13.742918968200684,0,-13.70266056060791,-1.2562987804412842,-99.04876708984375,0,0.13395410776138306,-0.7180746793746948,0.9449280500411987,1],[7,14.071508407592773,98.99979400634766,-1.016526460647583,0,98.22096252441406,-14.088296890258789,-12.416242599487305,0,-12.435266494750977,0.748710572719574,-99.22098541259766,0,0.06336265057325363,-0.6874788403511047,0.9451700448989868,1],[7,-0.4431003928184509,99.74884033203125,7.069149494171143,0,99.08634185791016,1.3908721208572388,-13.415006637573242,0,-13.479635238647461,6.945119380950928,-98.84363555908203,0,0.12854763865470886,-0.7824032306671143,0.8859630823135376,1],[7,4.648890018463135,99.38734436035156,10.027135848999023,0,99.0230941772461,-3.2641706466674805,-13.556238174438477,0,-13.145881652832031,10.559394836425781,-98.56817626953125,0,0.11296890676021576,-0.8168908357620239,0.8617998361587524,1],[7,4.648890018463135,99.88928985595703,0.7199535369873047,0,99.0230941772461,-4.51348876953125,-13.192983627319336,0,-13.145881652832031,1.3262475728988647,-99.123291015625,0,0.11299405246973038,-0.7597549557685852,0.936691403388977,1],[7,-0.4431003928184509,98.67529296875,-16.21697998046875,0,99.08634185791016,-1.7527883052825928,-13.372533798217773,0,-13.479635238647461,-16.12806510925293,-97.7659683227539,0,0.12859216332435608,-0.5815945267677307,1.0491199493408203,1],[7,14.071508407592773,98.95296478271484,3.209982395172119,0,98.22096252441406,-13.54549789428711,-13.006255149841309,0,-12.435266494750977,4.983051776885986,-99.09860229492188,0,0.06329342722892761,-0.7571849822998047,0.9136839509010315,1],[7,14.071508407592773,98.3831787109375,11.078909873962402,0,98.22096252441406,-12.46686840057373,-14.04351806640625,0,-12.435266494750977,12.857946395874023,-98.3871841430664,0,0.06328872591257095,-0.854350745677948,0.8483499884605408,1],[7,-2.6797072887420654,-99.9116439819336,3.237661123275757,0,-99.93193054199219,2.5952959060668945,-2.621664047241211,0,2.535320997238159,-3.3057103157043457,-99.9131851196289,0,-0.030129142105579376,-0.15577253699302673,0.9415670037269592,1],[7,3.72794771194458,-99.82058715820312,-4.685306072235107,0,-99.89286041259766,-3.593799114227295,-2.9155449867248535,0,2.741933822631836,4.788976192474365,-99.84761810302734,0,-0.006503721699118614,-0.44234150648117065,0.909381091594696,1],[7,7.386144161224365,-99.48989868164062,-6.87053918838501,0,-99.0977554321289,-6.549502849578857,-11.693537712097168,0,11.183903694152832,7.6722517013549805,-99.07601928710938,0,-0.06448288261890411,-0.6483917832374573,0.8892770409584045,1],[7,90.65279388427734,-42.12453842163086,2.7556540966033936,0,-42.19435501098633,-90.214111328125,9.002788543701172,0,-1.3063939809799194,-9.324009895324707,-99.55579376220703,0,0.5452361106872559,-0.19341342151165009,0.9500270485877991,1],[7,2.9391794204711914,-99.74485778808594,-6.505702972412109,0,-99.29130554199219,-2.163632869720459,-11.685701370239258,0,11.515127182006836,6.803061008453369,-99.1015625,0,-0.11018785089254379,-0.7455361485481262,0.8924391269683838,1],[7,90.65279388427734,-40.557464599609375,11.711636543273926,0,-42.19435501098633,-86.19400024414062,28.111032485961914,0,-1.3063939809799194,-30.425086975097656,-95.25023651123047,0,0.5523591637611389,-0.012644889764487743,0.9753566980361938,1],[7,17.115365982055664,-98.34761810302734,-5.900064945220947,0,-97.97644805908203,-16.35890769958496,-11.532626152038574,0,10.376876831054688,7.754525184631348,-99.15738677978516,0,-0.02165595069527626,-0.7505607008934021,0.8962530493736267,1],[7,2.3936896324157715,-99.81394958496094,-5.6076154708862305,0,-99.30142211914062,-1.7256219387054443,-11.67263126373291,0,11.55414867401123,5.847847938537598,-99.15797424316406,0,-0.09084870666265488,-0.7375816702842712,0.8996286988258362,1],[7,-4.1127610206604,-99.49810028076172,-9.122159957885742,0,-99.19306182861328,5.16180944442749,-11.57980728149414,0,11.99255657196045,8.57229995727539,-98.90750122070312,0,-0.11752193421125412,-0.7565686106681824,0.8713854551315308,1],[7,-4.1127610206604,-99.39169311523438,-10.216471672058105,0,-99.19306182861328,5.288919925689697,-11.522306442260742,0,11.99255657196045,9.660146713256836,-98.80718994140625,0,-0.11753075569868088,-0.7949343323707581,0.8626903295516968,1],[7,17.115365982055664,-98.50699615478516,-1.8535255193710327,0,-97.97644805908203,-16.81901741027832,-10.850621223449707,0,10.376876831054688,3.6731419563293457,-99.39229583740234,0,-0.02166765369474888,-0.7430917620658875,0.9275736808776855,1],[7,2.9391794204711914,-99.55933380126953,-8.90510368347168,0,-99.29130554199219,-1.881680965423584,-11.734402656555176,0,11.515127182006836,9.186888694763184,-98.90906524658203,0,-0.11018110811710358,-0.7987642288208008,0.8734625577926636,1],[7,2.3936896324157715,-99.69158935546875,-7.473799705505371,0,-99.30142211914062,-1.5069663524627686,-11.702869415283203,0,11.55414867401123,7.701719760894775,-99.03123474121094,0,-0.09085182845592499,-0.7839860320091248,0.8851179480552673,1],[7,2.9391794204711914,-99.64932250976562,-7.834176063537598,0,-99.29130554199219,-2.007734775543213,-11.713493347167969,0,11.515127182006836,8.122936248779297,-99.00212097167969,0,-0.11018763482570648,-0.8195700645446777,0.8823251724243164,1],[7,2.3936896324157715,-99.84989166259766,4.926473617553711,0,-99.30142211914062,-2.94429874420166,-11.426250457763672,0,11.55414867401123,-4.618549346923828,-99.22283172607422,0,-0.0908697247505188,-0.6970140337944031,0.9789469838142395,1],[7,-4.1127610206604,-99.90936279296875,1.0977609157562256,0,-99.19306182861328,3.950909376144409,-12.046847343444824,0,11.99255657196045,-1.5843607187271118,-99.2656478881836,0,-0.11754261702299118,-0.7153494358062744,0.9497515559196472,1],[7,90.65279388427734,-40.57063293457031,11.665935516357422,0,-42.19435501098633,-86.22561645507812,28.013904571533203,0,-1.3063939809799194,-30.3177547454834,-95.28445434570312,0,0.5456263422966003,-0.04327025264501572,0.9753085374832153,1],[7,17.115365982055664,-98.49492645263672,-2.411134958267212,0,-97.97644805908203,-16.75732421875,-10.945658683776855,0,10.376876831054688,4.235733985900879,-99.36991119384766,0,-0.021655773743987083,-0.7753034234046936,0.9231995344161987,1]],8,8,8,8,8,8,8,8,8,8,8,8,8,8,8,8,8,8,8,8,8,8,8,8,8,8,8,8,8,8,8,8,8,8,8,8,8,8,8]]],0,0,[],[],[]],[[[0,".bin",1501062702,[{"primitives":[{"primitiveMode":7,"jointMapIndex":0,"vertexBundelIndices":[0],"indexView":{"offset":10480,"length":2376,"count":594,"stride":4}}],"vertexBundles":[{"view":{"offset":0,"length":10480,"count":131,"stride":80},"attributes":[{"name":"a_position","format":32,"isNormalized":false},{"name":"a_normal","format":32,"isNormalized":false},{"name":"a_texCoord","format":21,"isNormalized":false},{"name":"a_tangent","format":44,"isNormalized":false},{"name":"a_joints","format":42,"isNormalized":false},{"name":"a_weights","format":44,"isNormalized":false},{"name":"a_texCoord1","format":21,"isNormalized":false}]}],"jointMaps":[[0,1,2]]},"minPosition",8,[1,-0.0023688077926635742,-0.0021020330023020506,-0.0022812476381659508],"maxPosition",8,[1,0.002374175703153014,0.002161082811653614,0.0023996687959879637]]],-1],0,0,[],[],[]],[[[1,"Skin-9",882609461,["mixamorig:Hips/mixamorig:Spine/mixamorig:Spine1/mixamorig:Spine2/mixamorig:Neck/mixamorig:Head"],[[[7,100,0,0,0,0,0.000019470719053060748,-100,0,0,100,0.000019470719053060748,0,-0.00004222869756631553,-1.0719014406204224,-0.005526399705559015,1]],8]]],0,0,[],[],[]],[[[0,".bin",1480899940,[{"primitives":[{"primitiveMode":7,"vertexBundelIndices":[0],"indexView":{"offset":3200,"length":624,"count":156,"stride":4}}],"vertexBundles":[{"view":{"offset":0,"length":3200,"count":40,"stride":80},"attributes":[{"name":"a_position","format":32,"isNormalized":false},{"name":"a_normal","format":32,"isNormalized":false},{"name":"a_texCoord","format":21,"isNormalized":false},{"name":"a_tangent","format":44,"isNormalized":false},{"name":"a_joints","format":42,"isNormalized":false},{"name":"a_weights","format":44,"isNormalized":false},{"name":"a_texCoord1","format":21,"isNormalized":false}]}]},"minPosition",8,[1,-0.000861803418956697,-0.0020843942184001207,0.012505820952355862],"maxPosition",8,[1,0.0008618035353720188,-0.001902729389257729,0.01290628220885992]]],-1],0,0,[],[],[]],[[[1,"Skin-3",882609461,["mixamorig:Hips/mixamorig:Spine/mixamorig:Spine1/mixamorig:Spine2/mixamorig:Neck/mixamorig:Head"],[[[7,100,0,0,0,0,0.000019470719053060748,-100,0,0,100,0.000019470719053060748,0,-0.00004222869756631553,-1.0719014406204224,-0.005526399705559015,1]],8]]],0,0,[],[],[]],[[[0,".bin",1420284379,[{"primitives":[{"primitiveMode":7,"jointMapIndex":0,"vertexBundelIndices":[0],"indexView":{"offset":16000,"length":3780,"count":945,"stride":4}}],"vertexBundles":[{"view":{"offset":0,"length":16000,"count":200,"stride":80},"attributes":[{"name":"a_position","format":32,"isNormalized":false},{"name":"a_normal","format":32,"isNormalized":false},{"name":"a_texCoord","format":21,"isNormalized":false},{"name":"a_tangent","format":44,"isNormalized":false},{"name":"a_joints","format":42,"isNormalized":false},{"name":"a_weights","format":44,"isNormalized":false},{"name":"a_texCoord1","format":21,"isNormalized":false}]}],"jointMaps":[[0,1,2,3,4,5,6,7,8,9,10,11,12,13,14,15,16,17]]},"minPosition",8,[1,-0.005744374822825193,-0.0014186061453074217,0.005734332371503115],"maxPosition",8,[1,0.005744314286857843,0.0009778599487617612,0.010545318014919758]]],-1],0,0,[],[],[]],[[[1,"Skin-10",175803292,["mixamorig:Hips/mixamorig:LeftUpLeg/mixamorig:LeftLeg","mixamorig:Hips/mixamorig:LeftUpLeg/mixamorig:LeftLeg/mixamorig:LeftFoot","mixamorig:Hips/mixamorig:LeftUpLeg/mixamorig:LeftLeg/mixamorig:LeftFoot/mixamorig:LeftToeBase","mixamorig:Hips/mixamorig:LeftUpLeg"],[[[7,-99.95885467529297,2.8605117797851562,0.2114093005657196,0,0.07320887595415115,9.912450790405273,-99.50747680664062,0,-2.8673787117004395,-99.46636962890625,-9.910465240478516,0,0.09805923700332642,0.3146359920501709,0.026408664882183075,1],[7,-99.01707458496094,13.18261432647705,4.673133850097656,0,-13.347867965698242,-79.08560180664062,-59.726890563964844,0,-4.177789211273193,-59.76357650756836,80.06784057617188,0,0.10072501748800278,0.04356047138571739,-0.04668930545449257,1],[7,-97.96426391601562,19.71768569946289,3.7703495025634766,0,-19.602203369140625,-98.00694274902344,3.223745346069336,0,4.330852031707764,2.419046640396118,99.87687683105469,0,0.09520997107028961,-0.08498555421829224,-0.0058838739059865475,1],[7,-99.97238159179688,2.350231409072876,7.940381152593545e-8,0,0.0599856860935688,2.5516293048858643,-99.96742248535156,0,-2.3494656085968018,-99.93980407714844,-2.5523343086242676,0,0.09642164409160614,0.5701866149902344,0.003146568313241005,1]],8,8,8,8]]],0,0,[],[],[]],[[[1,"Skin-7",2335317030,["mixamorig:Hips","mixamorig:Hips/mixamorig:LeftUpLeg","mixamorig:Hips/mixamorig:RightUpLeg","mixamorig:Hips/mixamorig:LeftUpLeg/mixamorig:LeftLeg","mixamorig:Hips/mixamorig:LeftUpLeg/mixamorig:LeftLeg/mixamorig:LeftFoot","mixamorig:Hips/mixamorig:LeftUpLeg/mixamorig:LeftLeg/mixamorig:LeftFoot/mixamorig:LeftToeBase","mixamorig:Hips/mixamorig:RightUpLeg/mixamorig:RightLeg","mixamorig:Hips/mixamorig:RightUpLeg/mixamorig:RightLeg/mixamorig:RightFoot","mixamorig:Hips/mixamorig:RightUpLeg/mixamorig:RightLeg/mixamorig:RightFoot/mixamorig:RightToeBase"],[[[7,99.99999237060547,-1.3969838619232178e-7,2.2118902620604786e-7,0,2.2118905462775729e-7,0.000019470717234071344,-99.99999237060547,0,1.3969835777061235e-7,100,0.000019470719053060748,0,-0.00004223185533192009,-0.613780677318573,-0.012632553465664387,1],[7,-99.97237396240234,2.350231170654297,2.2712882241648913e-7,0,0.059985529631376266,2.5516293048858643,-99.96741485595703,0,-2.3494656085968018,-99.93981170654297,-2.5523343086242676,0,0.09642164409160614,0.5701866149902344,0.0031465725041925907,1],[7,-99.97237396240234,-2.349958896636963,2.2609194161304913e-7,0,-0.06981302052736282,2.9699885845184326,-99.95585632324219,0,2.348921775817871,-99.92826080322266,-2.9708092212677,0,-0.09633573144674301,0.5701919198036194,0.004827088676393032,1],[7,-99.95884704589844,2.860511541366577,0.21140941977500916,0,0.07320871949195862,9.912449836730957,-99.5074691772461,0,-2.8673787117004395,-99.46637725830078,-9.910466194152832,0,0.09805923700332642,0.3146359920501709,0.026408668607473373,1],[7,-99.0170669555664,13.182613372802734,4.673133373260498,0,-13.347867012023926,-79.08560180664062,-59.72688674926758,0,-4.177789688110352,-59.76358413696289,80.0678482055664,0,0.10072501748800278,0.04356047138571739,-0.04668930545449257,1],[7,-97.9642562866211,19.717683792114258,3.7703495025634766,0,-19.602203369140625,-98.0069351196289,3.223745107650757,0,4.330852508544922,2.4190468788146973,99.87688446044922,0,0.09520997107028961,-0.08498554676771164,-0.005883874371647835,1],[7,-99.95886993408203,-2.8612301349639893,-0.19208340346813202,0,-0.08519324660301208,9.658206939697266,-99.53245544433594,0,2.8664050102233887,-99.49137115478516,-9.656673431396484,0,-0.09797202795743942,0.3146710991859436,0.025962840765714645,1],[7,-98.9154281616211,-13.64183521270752,-5.4439520835876465,0,14.071479797363281,-77.3890151977539,-61.74894332885742,0,4.210668563842773,-61.84528350830078,78.46929931640625,0,-0.10066861659288406,0.04396693408489227,-0.04612525552511215,1],[7,-98.20377349853516,-18.818618774414062,-1.369848608970642,0,18.778799057006836,-98.18618774414062,2.6130056381225586,0,-1.8367339372634888,2.3088295459747314,99.95646667480469,0,-0.09682305157184601,-0.07987356930971146,-0.0037451370153576136,1]],8,8,8,8,8,8,8,8,8]]],0,0,[],[],[]],[[[0,".bin",2198283301,[{"primitives":[{"primitiveMode":7,"vertexBundelIndices":[0],"indexView":{"offset":1512,"length":372,"count":93,"stride":4}}],"vertexBundles":[{"view":{"offset":0,"length":1512,"count":21,"stride":72},"attributes":[{"name":"a_position","format":32,"isNormalized":false},{"name":"a_normal","format":32,"isNormalized":false},{"name":"a_texCoord","format":21,"isNormalized":false},{"name":"a_tangent","format":44,"isNormalized":false},{"name":"a_joints","format":42,"isNormalized":false},{"name":"a_weights","format":44,"isNormalized":false}]}]},"minPosition",8,[1,-0.0004074979806318879,-0.00018876745889429003,-0.00029330491088330746],"maxPosition",8,[1,0.0003886092163156718,0.0002375535696046427,0.0004339933511801064]]],-1],0,0,[],[],[]],[[[0,".bin",2657129788,[{"primitives":[{"primitiveMode":7,"jointMapIndex":0,"vertexBundelIndices":[0],"indexView":{"offset":6720,"length":1008,"count":252,"stride":4}}],"vertexBundles":[{"view":{"offset":0,"length":6720,"count":84,"stride":80},"attributes":[{"name":"a_position","format":32,"isNormalized":false},{"name":"a_normal","format":32,"isNormalized":false},{"name":"a_texCoord","format":21,"isNormalized":false},{"name":"a_tangent","format":44,"isNormalized":false},{"name":"a_joints","format":42,"isNormalized":false},{"name":"a_weights","format":44,"isNormalized":false},{"name":"a_texCoord1","format":21,"isNormalized":false}]}],"jointMaps":[[0,1]]},"minPosition",8,[1,-0.002054056618362665,-0.002232298022136092,-0.002066764747723937],"maxPosition",8,[1,0.002053912729024887,0.00184136803727597,0.001386331277899444]]],-1],0,0,[],[],[]],[[[1,"Skin-1",4041827778,["mixamorig:Hips/mixamorig:Spine/mixamorig:Spine1/mixamorig:Spine2/mixamorig:Neck/mixamorig:Head"],[[[7,100,0,0,0,0,0.000019470719053060748,-100,0,0,100,0.000019470719053060748,0,-0.00004222869756631553,0.13152556121349335,0.21884600818157196,1]],8]]],0,0,[],[],[]]]]
