[1,["de8c8721-4283-4350-8f65-ba5f594e1ae9","1baf0fc9-befa-459c-8bdd-af1a450a0319","4b67c463-e996-43be-877f-27659813b2b0","f107a2d1-22ca-4d3b-a0eb-47cc3adc0ab6@2f6d1"],["node","_effectAsset","root","data","_mesh","_defaultClip"],[["cc.Node",["_name","_prefab","_children","_parent","_components","_lscale","_lpos"],2,4,2,1,9,5,5],["cc.Material",["_techIdx","_states","_defines","_props"],0,12],["cc.Prefab",["_name"],2],["cc.PrefabInfo",["fileId","root","asset"],2,1,1],["cc.Animation",["playOnLoad","node","__prefab","_clips","_defaultClip"],2,1,4,3,6],["cc.CompPrefabInfo",["fileId"],2],["a7d3a3PqslFMrquqCOy6rhZ",["node","__prefab"],3,1,4],["cc.MeshRenderer",["node","__prefab","_materials","lightmapSettings","_mesh"],3,1,4,3,4,6],["cc.ModelLightmapSettings",[],3],["cc.Mesh",["_native","_hash","_struct"],1,11]],[[3,0,1,2,2],[5,0,2],[1,0,1,2,3,4],[2,0,2],[0,0,2,1,2],[0,0,3,2,4,1,6,5,2],[0,0,3,4,1,5,2],[4,0,1,2,3,4,2],[6,0,1,1],[7,0,1,2,3,4,1],[8,1],[9,0,1,2,3]],[[[[2,"0",[{"rasterizerState":{},"depthStencilState":{},"blendState":{"targets":[{}]}},{},{}],[{},{},{}],[[[{},"mainColor",8,[4,4278224383]],{},{}],11,0,0]]],0,0,[0],[1],[1]],[[[3,"indicator"],[4,"indicator",[-2],[0,"feHy4gpzZCwY77kkCkg4I5",-1,0]],[5,"Node",1,[-5],[[7,true,-3,[1,"3dRmpI+eVNT7IXnjm+B4rk"],[2],3],[8,-4,[1,"1cD3Qm7Z1P1IuAILfRklXs"]]],[0,"47gq9kUAZBJ6tGbBDGU1Be",1,0],[1,0,0,0.004],[1,0.01,0.01,0.01]],[6,"icon_01",2,[[9,-6,[1,"740PO6SapVOLCUIc5yzMaA"],[0],[10],1]],[0,"9b1v1U+YNUp67wZlvEKVAd",1,0],[1,0.1,0.1,0.1]]],0,[0,2,1,0,-1,2,0,0,2,0,0,2,0,-1,3,0,0,3,0,3,1,6],[0,0,0,0],[-1,4,-1,5],[2,3,0,0]],[[[11,".bin",3371907286,[{"primitives":[{"primitiveMode":7,"vertexBundelIndices":[0],"indexView":{"offset":768,"length":72,"count":18,"stride":4}}],"vertexBundles":[{"view":{"offset":0,"length":768,"count":16,"stride":48},"attributes":[{"name":"a_position","format":32,"isNormalized":false},{"name":"a_normal","format":32,"isNormalized":false},{"name":"a_texCoord","format":21,"isNormalized":false},{"name":"a_tangent","format":44,"isNormalized":false}]}]},"minPosition",8,[1,-1,-1,0],"maxPosition",8,[1,1,1,2]]],-1],0,0,[],[],[]]]]
