[1,0,0,[["cc.Mesh",["_native","_hash","_struct"],1,11]],[[0,0,1,2,3]],[[[[0,".bin",603443263,[{"primitives":[{"primitiveMode":7,"vertexBundelIndices":[0],"indexView":{"offset":20496,"length":1200,"count":600,"stride":2}}],"vertexBundles":[{"view":{"offset":0,"length":20496,"count":427,"stride":48},"attributes":[{"name":"a_position","format":32,"isNormalized":false},{"name":"a_normal","format":32,"isNormalized":false},{"name":"a_texCoord","format":21,"isNormalized":false},{"name":"a_tangent","format":44,"isNormalized":false}]}]},"minPosition",8,[1,-0.0002939049736596644,-0.0007358415168710053,-0.0007358408765867352],"maxPosition",8,[1,0.0002939054393209517,0.0007358422735705972,0.0007358409930020571]]],-1],0,0,[],[],[]],[[[0,".bin",73831601,[{"primitives":[{"primitiveMode":7,"vertexBundelIndices":[0],"indexView":{"offset":24816,"length":1200,"count":600,"stride":2}}],"vertexBundles":[{"view":{"offset":0,"length":24816,"count":517,"stride":48},"attributes":[{"name":"a_position","format":32,"isNormalized":false},{"name":"a_normal","format":32,"isNormalized":false},{"name":"a_texCoord","format":21,"isNormalized":false},{"name":"a_tangent","format":44,"isNormalized":false}]}]},"minPosition",8,[1,-0.014866208657622337,-0.03722008690237999,-0.037220023572444916],"maxPosition",8,[1,0.014866222627460957,0.03722003847360611,0.03722001612186432]]],-1],0,0,[],[],[]],[[[0,".bin",590617036,[{"primitives":[{"primitiveMode":7,"vertexBundelIndices":[0],"indexView":{"offset":20496,"length":1200,"count":600,"stride":2}}],"vertexBundles":[{"view":{"offset":0,"length":20496,"count":427,"stride":48},"attributes":[{"name":"a_position","format":32,"isNormalized":false},{"name":"a_normal","format":32,"isNormalized":false},{"name":"a_texCoord","format":21,"isNormalized":false},{"name":"a_tangent","format":44,"isNormalized":false}]}]},"minPosition",8,[1,-0.0002939049736596644,-0.0007358415168710053,-0.0007358408765867352],"maxPosition",8,[1,0.0002939054393209517,0.0007358422735705972,0.0007358409930020571]]],-1],0,0,[],[],[]],[[[0,".bin",699659482,[{"primitives":[{"primitiveMode":7,"vertexBundelIndices":[0],"indexView":{"offset":24816,"length":1200,"count":600,"stride":2}}],"vertexBundles":[{"view":{"offset":0,"length":24816,"count":517,"stride":48},"attributes":[{"name":"a_position","format":32,"isNormalized":false},{"name":"a_normal","format":32,"isNormalized":false},{"name":"a_texCoord","format":21,"isNormalized":false},{"name":"a_tangent","format":44,"isNormalized":false}]}]},"minPosition",8,[1,-0.014866208657622337,-0.03722008690237999,-0.037220023572444916],"maxPosition",8,[1,0.014866222627460957,0.03722003847360611,0.03722001612186432]]],-1],0,0,[],[],[]],[[[0,".bin",2208883368,[{"primitives":[{"primitiveMode":7,"vertexBundelIndices":[0],"indexView":{"offset":3264,"length":192,"count":96,"stride":2}}],"vertexBundles":[{"view":{"offset":0,"length":3264,"count":68,"stride":48},"attributes":[{"name":"a_position","format":32,"isNormalized":false},{"name":"a_normal","format":32,"isNormalized":false},{"name":"a_texCoord","format":21,"isNormalized":false},{"name":"a_tangent","format":44,"isNormalized":false}]}]},"minPosition",8,[1,-0.0018249566201120615,-0.0002027872105827555,-0.0004228048783261329],"maxPosition",8,[1,0.0018249567365273833,0.0002027875161729753,0.0004228048783261329]]],-1],0,0,[],[],[]],[[[0,".bin",469541291,[{"primitives":[{"primitiveMode":7,"vertexBundelIndices":[0],"indexView":{"offset":86208,"length":5856,"count":2928,"stride":2}}],"vertexBundles":[{"view":{"offset":0,"length":86208,"count":1796,"stride":48},"attributes":[{"name":"a_position","format":32,"isNormalized":false},{"name":"a_normal","format":32,"isNormalized":false},{"name":"a_texCoord","format":21,"isNormalized":false},{"name":"a_tangent","format":44,"isNormalized":false}]}]},"minPosition",8,[1,-0.0022984619718044996,-0.00469684274867177,0.0006535537540912628],"maxPosition",8,[1,0.0022984619718044996,0.004506838042289019,0.004238491412252188]]],-1],0,0,[],[],[]]]]
