[1,["a7ff2512-9e56-469c-810f-74529a97e426@0bac0","a7ff2512-9e56-469c-810f-74529a97e426@92060","a7ff2512-9e56-469c-810f-74529a97e426@442db","1baf0fc9-befa-459c-8bdd-af1a450a0319"],["root","node","data","_mesh","mainTexture","_effectAsset"],[["cc.Node",["_name","_prefab","_children","_parent","_components","_lrot","_lscale","_euler"],2,4,2,1,9,5,5,5],["cc.Prefab",["_name"],2],["cc.PrefabInfo",["fileId","root","asset"],2,1,1],["cc.MeshRenderer",["node","__prefab","_materials","lightmapSettings","_mesh"],3,1,4,3,4,6],["cc.CompPrefabInfo",["fileId"],2],["cc.ModelLightmapSettings",[],3],["cc.Material",["_name","_states","_defines","_props"],0,12],["cc.Mesh",["_native","_hash","_struct"],1,11]],[[2,0,1,2,2],[1,0,2],[0,0,2,1,2],[0,0,3,2,1,2],[0,0,3,4,1,5,6,7,2],[3,0,1,2,3,4,1],[4,0,2],[5,1],[6,0,1,2,3,4],[7,0,1,2,3]],[[[[1,"road01"],[2,"road01",[-2],[0,"Node.546",-1,0]],[3,"RootNode",1,[-3],[0,"Node.547",1,0]],[4,"Box054",2,[[5,-4,[6,"0bdXkUZfVA+ZceKPrjkBHa"],[0],[7],1]],[0,"Node.548",1,0],[3,-0.5000000447034801,-0.4999999552965158,-0.4999999552965158,0.5000000447034801],[1,2.53999996185303,2.53999996185303,2.53999996185303],[1,-90,-89.99998975471657,0]]],0,[0,0,1,0,-1,2,0,-1,3,0,1,3,0,2,1,4],[0,0],[-1,3],[0,1]],[[[8,"Material #87",[{"rasterizerState":{},"blendState":{"targets":[{}]},"depthStencilState":{}}],[{"USE_ALBEDO_MAP":true}],[[[{"metallic":0.400000005960464,"roughness":0.70710676908493},"albedoScale",8,[1,1,1,1],"mainTexture",6,0]],11]]],0,0,[0,0],[4,5],[2,3]],[[[9,".bin",1282249409,[{"primitives":[{"primitiveMode":7,"vertexBundelIndices":[0],"indexView":{"offset":1536,"length":180,"count":90,"stride":2}}],"vertexBundles":[{"view":{"offset":0,"length":1536,"count":48,"stride":32},"attributes":[{"name":"a_position","format":32,"isNormalized":false},{"name":"a_normal","format":32,"isNormalized":false},{"name":"a_texCoord","format":21,"isNormalized":false}]}]},"minPosition",8,[1,-0.3937007784843445,-0.3937007784843445,0],"maxPosition",8,[1,0.3937007784843445,0.3937007784843445,0.013779527507722378]]],-1],0,0,[],[],[]]]]
