[1,["1263d74c-8167-4928-91a6-4e2672411f47@fc873","0e592b2a-2a32-4212-8245-10845fdf771f@6c48a","27a18b80-5170-449a-bfdf-49a398804aaa@6c48a","8026204e-d821-461f-b95d-3710a94d1d2d@6c48a","8a8fa34f-14fb-4515-962d-02505bb39979@6c48a","73ff5794-0392-461f-a95d-a3fecaa54704@6c48a","a3cd009f-0ab0-420d-9278-b9fdab939bbc","91869634-5b67-4c13-9846-d0354ec30b54@6c48a","920df860-7a7a-44a2-a480-409bacd67d15@6c48a","a9ada255-84e0-4c47-bb46-8c8e088ecc10@6c48a","b7f2047f-b2ce-4e07-9203-96d2132583a7@6c48a","c3387fc5-7aae-43a7-967e-794209ff2fb9@6c48a","c62649f1-97ec-4f00-b83a-5bc3b2ac90ac@6c48a","d12f8f50-f14c-4599-9854-4d9640494214@6c48a","90e6292d-bedf-48aa-9c88-0d48c7561a75","8a8fa34f-14fb-4515-962d-02505bb39979@f9941","c62649f1-97ec-4f00-b83a-5bc3b2ac90ac@f9941","0e592b2a-2a32-4212-8245-10845fdf771f@f9941","b7f2047f-b2ce-4e07-9203-96d2132583a7@f9941","920df860-7a7a-44a2-a480-409bacd67d15@f9941","91869634-5b67-4c13-9846-d0354ec30b54@f9941","d12f8f50-f14c-4599-9854-4d9640494214@f9941","c3387fc5-7aae-43a7-967e-794209ff2fb9@f9941","27a18b80-5170-449a-bfdf-49a398804aaa@f9941","8026204e-d821-461f-b95d-3710a94d1d2d@f9941","fd015423-2dec-412b-b1e0-1b4f84b44971@f9941","a9ada255-84e0-4c47-bb46-8c8e088ecc10@f9941","6785db8f-3070-4679-9d46-a7f35c86aefd","42b8a85e-d500-44df-a6ff-65504431dc66","81be1b31-c89e-4276-9410-93d126051a62","a7145215-f4ba-4a39-b1a6-e6031587ec88","a577f10d-12f8-44b4-8a5d-8278ff63ff17","44acf5d2-b9b0-4ce6-9a8c-552a5765a232","81e5c431-af76-4ef9-894f-00ce2215bbb4","1e0d9983-f8b4-4d17-b923-995070de57af","f8724ed1-d9a6-4f56-9cc1-94f94fae126f","f6e4ff72-22f0-4810-b88d-b81cec05369c@6c48a","1baf0fc9-befa-459c-8bdd-af1a450a0319","fd015423-2dec-412b-b1e0-1b4f84b44971@6c48a"],["node","_textureSource","mainTexture","_effectAsset","_parent","_mesh","_spriteFrame","_cameraComponent","stageClear","combo","scene","groundMaterial","discMaterial","boderMaterial","pitMaterial","pitBreakMaterial"],["cc.SpriteFrame",["cc.Node",["_name","_layer","_id","_active","_parent","_components","_lpos","_children","_lrot","_euler","_lscale"],-1,1,9,5,2,5,5,5],["cc.Sprite",["_sizeMode","node","_spriteFrame","_color"],2,1,6,5],["cc.Camera",["_orthoHeight","_visibility","_projection","_priority","_clearFlags","_name","_far","_fov","_near","node","_color"],-6,1,5],["cc.Widget",["_alignFlags","_originalWidth","_originalHeight","node"],0,1],["cc.Mesh",["_native","_hash","_struct"],1,11],["cc.Material",["_techIdx","_states","_defines","_props"],0,12],["cc.EffectAsset",["_name","shaders","techniques"],0],["cc.SceneAsset",["_name"],2],["cc.Node",["_name","_layer","_parent","_components","_lpos"],1,1,12,5],["cc.Node",["_name","_parent","_components","_lpos"],2,1,2,5],["cc.UITransform",["node","_contentSize"],3,1,5],["cc.Canvas",["node","_cameraComponent"],3,1,1],["51a73DZNadP1IVpqC8pKXAx",["node","__prefab","pitPrefabs","stageClear","groundMaterial","discMaterial","boderMaterial","pitMaterial","pitBreakMaterial"],3,1,4,3,1,6,6,6,6,6],["cc.CompPrefabInfo",["fileId"],2],["c17d6fGIyZJhaj7VmodzVIa",["node"],3,1],["cc.Scene",["_name","_children","_prefab","_globals"],2,12,4,4],["cc.PrefabInfo",["fileId"],2],["cc.SceneGlobals",["ambient","shadows","_skybox","fog","octree"],3,4,4,4,4,4],["cc.AmbientInfo",["_skyIllumHDR","_skyIllumLDR","_skyColorHDR","_groundAlbedoHDR"],1,5,5],["cc.ShadowsInfo",["_shadowColor"],3,5],["cc.SkyboxInfo",[],3],["cc.FogInfo",[],3],["cc.OctreeInfo",[],3],["678f6cxLytHbpFlTLqjlisP",["node","comboSprites","combo"],3,1,3,1],["cc.MeshRenderer",["_name","node","_materials","lightmapSettings","_mesh"],2,1,3,4,6],["cc.ModelLightmapSettings",[],3],["cc.DirectionalLight",["_useColorTemperature","_colorTemperature","_illuminanceLDR","node","_staticSettings"],0,1,4],["cc.StaticLightSettings",[],3]],[[11,0,1,1],[1,0,1,4,5,3],[6,0,1,2,3,4],[1,0,2,4,5,6,8,9,3],[4,0,1,2,3,4],[25,0,1,2,3,4,2],[26,1],[5,0,1,2,3],[7,0,1,2,4],[8,0,2],[1,0,1,2,7,5,6,4],[1,0,2,4,3],[1,0,3,1,4,7,5,4],[1,0,1,2,4,7,4],[1,0,1,4,5,6,3],[1,0,3,1,2,4,7,6,5],[1,0,4,5,6,8,10,9,2],[9,0,1,2,3,4,3],[10,0,1,2,3,2],[12,0,1,1],[4,0,3,2],[13,0,1,2,3,4,5,6,7,8,1],[14,0,2],[15,0,1],[16,0,1,2,3,2],[17,0,2],[18,0,1,2,3,4,1],[19,0,1,2,3,3],[20,0,1],[21,1],[22,1],[23,1],[24,0,1,2,1],[2,0,1,3,2,2],[2,1,2,1],[2,1,1],[3,5,2,0,1,9,10,5],[3,2,3,0,6,4,1,9,10,7],[3,3,7,0,8,4,1,9,7],[27,0,1,2,3,4,4],[28,1]],[[[{"name":"nice","rect":{"x":1,"y":1,"width":118,"height":44},"offset":{"x":0,"y":0},"originalSize":{"width":120,"height":46},"rotated":false,"capInsets":[0,0,0,0],"packable":true}],[0],0,[0],[1],[1]],[[[7,".bin",3383603168,[{"primitives":[{"primitiveMode":7,"vertexBundelIndices":[0],"indexView":{"offset":224,"length":24,"count":6,"stride":4}}],"vertexBundles":[{"view":{"offset":0,"length":224,"count":4,"stride":56},"attributes":[{"name":"a_position","format":32,"isNormalized":false},{"name":"a_normal","format":32,"isNormalized":false},{"name":"a_texCoord","format":21,"isNormalized":false},{"name":"a_tangent","format":44,"isNormalized":false},{"name":"a_texCoord1","format":21,"isNormalized":false}]}]},"minPosition",8,[1,-0.5,-0.5,0],"maxPosition",8,[1,0.5,0.5,0]]],-1],0,0,[],[],[]],[[{"name":"perfect","rect":{"x":1,"y":1,"width":199,"height":44},"offset":{"x":0,"y":0},"originalSize":{"width":201,"height":46},"rotated":false,"capInsets":[0,0,0,0],"packable":true}],[0],0,[0],[1],[2]],[[{"name":"un","rect":{"x":1,"y":1,"width":330,"height":44},"offset":{"x":0,"y":0},"originalSize":{"width":332,"height":46},"rotated":false,"capInsets":[0,0,0,0],"packable":true}],[0],0,[0],[1],[3]],[[{"name":"ready","rect":{"x":11,"y":1,"width":167,"height":43},"offset":{"x":0,"y":0.5},"originalSize":{"width":189,"height":46},"rotated":false,"capInsets":[0,0,0,0],"packable":true}],[0],0,[0],[1],[4]],[[[2,"1",[{"rasterizerState":{"cullMode":0,"isDepthClip":false},"depthStencilState":{"depthTest":false},"blendState":{"targets":[{}]}}],[{"USE_TEXTURE":true}],[[[{},"mainTexture",6,0]],11]]],0,0,[0,0],[2,3],[5,6]],[[{"name":"ex","rect":{"x":1,"y":1,"width":223,"height":43},"offset":{"x":0,"y":0},"originalSize":{"width":225,"height":45},"rotated":false,"capInsets":[0,0,0,0],"packable":true}],[0],0,[0],[1],[7]],[[{"name":"great","rect":{"x":1,"y":1,"width":155,"height":44},"offset":{"x":0,"y":0},"originalSize":{"width":157,"height":46},"rotated":false,"capInsets":[0,0,0,0],"packable":true}],[0],0,[0],[1],[8]],[[[8,"builtin-unlit",[{"hash":3319190198,"name":"builtin-unlit|unlit-vs:vert|unlit-fs:frag","blocks":[{"name":"TexCoords","stageFlags":1,"binding":0,"members":[{"name":"tilingOffset","type":16,"count":1}],"defines":["USE_TEXTURE"]},{"name":"Constant","stageFlags":16,"binding":1,"members":[{"name":"mainColor","type":16,"count":1},{"name":"colorScaleAndCutoff","type":16,"count":1}],"defines":[]}],"samplerTextures":[{"name":"mainTexture","type":28,"count":1,"stageFlags":16,"binding":2,"defines":["USE_TEXTURE"]}],"samplers":[],"textures":[],"buffers":[],"images":[],"subpassInputs":[],"attributes":[{"name":"a_position","format":32,"location":0,"defines":[]},{"name":"a_normal","format":32,"location":1,"defines":[]},{"name":"a_texCoord","format":21,"location":2,"defines":[]},{"name":"a_tangent","format":44,"location":3,"defines":[]},{"name":"a_vertexId","format":11,"location":6,"defines":["CC_USE_MORPH"]},{"name":"a_joints","location":4,"defines":["CC_USE_SKINNING"]},{"name":"a_weights","format":44,"location":5,"defines":["CC_USE_SKINNING"]},{"name":"a_jointAnimInfo","format":44,"isInstanced":true,"location":7,"defines":["CC_USE_SKINNING","CC_USE_BAKED_ANIMATION","USE_INSTANCING"]},{"name":"a_matWorld0","format":44,"isInstanced":true,"location":8,"defines":["USE_INSTANCING"]},{"name":"a_matWorld1","format":44,"isInstanced":true,"location":9,"defines":["USE_INSTANCING"]},{"name":"a_matWorld2","format":44,"isInstanced":true,"location":10,"defines":["USE_INSTANCING"]},{"name":"a_lightingMapUVParam","format":44,"isInstanced":true,"location":11,"defines":["USE_INSTANCING","USE_LIGHTMAP"]},{"name":"a_dyn_batch_id","format":11,"location":12,"defines":["!USE_INSTANCING","USE_BATCHING"]},{"name":"a_color","format":44,"location":13,"defines":["USE_VERTEX_COLOR"]}],"varyings":[{"name":"v_fog_factor","type":13,"count":1,"stageFlags":17,"location":0,"defines":["!CC_USE_ACCURATE_FOG"]},{"name":"v_color","type":16,"count":1,"stageFlags":17,"location":1,"defines":["USE_VERTEX_COLOR"]},{"name":"v_uv","type":14,"count":1,"stageFlags":17,"location":2,"defines":["USE_TEXTURE"]}],"fragColors":[{"name":"cc_FragColor","typename":"vec4","type":16,"count":1,"stageFlags":16,"location":0,"defines":[]}],"glsl4":{"vert":"#extension GL_EXT_shader_explicit_arithmetic_types_int32: require\nprecision highp float;\nhighp float decode32 (highp vec4 rgba) {\n  rgba = rgba * 255.0;\n  highp float Sign = 1.0 - (step(128.0, (rgba[3]) + 0.5)) * 2.0;\n  highp float Exponent = 2.0 * (mod(float(int((rgba[3]) + 0.5)), 128.0)) + (step(128.0, (rgba[2]) + 0.5)) - 127.0;\n  highp float Mantissa = (mod(float(int((rgba[2]) + 0.5)), 128.0)) * 65536.0 + rgba[1] * 256.0 + rgba[0] + 8388608.0;\n  return Sign * exp2(Exponent - 23.0) * Mantissa;\n}\nstruct StandardVertInput {\n  highp vec4 position;\n  vec3 normal;\n  vec4 tangent;\n};\nlayout(location = 0) in vec3 a_position;\nlayout(location = 1) in vec3 a_normal;\nlayout(location = 2) in vec2 a_texCoord;\nlayout(location = 3) in vec4 a_tangent;\n#if CC_USE_MORPH\n    int getVertexId() {\n      return gl_VertexIndex;\n    }\n  layout(set = 2, binding = 4) uniform CCMorph {\n    vec4 cc_displacementWeights[15];\n    vec4 cc_displacementTextureInfo;\n  };\n  vec2 getPixelLocation(vec2 textureResolution, int pixelIndex) {\n    float pixelIndexF = float(pixelIndex);\n    float x = mod(pixelIndexF, textureResolution.x);\n    float y = floor(pixelIndexF / textureResolution.x);\n    return vec2(x, y);\n  }\n  vec2 getPixelCoordFromLocation(vec2 location, vec2 textureResolution) {\n    return (vec2(location.x, location.y) + .5) / textureResolution;\n  }\n  #if CC_DEVICE_SUPPORT_FLOAT_TEXTURE\n      vec4 fetchVec3ArrayFromTexture(sampler2D tex, int pixelIndex) {\n        ivec2 texSize = textureSize(tex, 0);\n        return texelFetch(tex, ivec2(pixelIndex % texSize.x, pixelIndex / texSize.x), 0);\n      }\n  #else\n    vec4 fetchVec3ArrayFromTexture(sampler2D tex, int elementIndex) {\n      int pixelIndex = elementIndex * 4;\n      vec2 location = getPixelLocation(cc_displacementTextureInfo.xy, pixelIndex);\n      vec2 x = getPixelCoordFromLocation(location + vec2(0.0, 0.0), cc_displacementTextureInfo.xy);\n      vec2 y = getPixelCoordFromLocation(location + vec2(1.0, 0.0), cc_displacementTextureInfo.xy);\n      vec2 z = getPixelCoordFromLocation(location + vec2(2.0, 0.0), cc_displacementTextureInfo.xy);\n      return vec4(\n        decode32(texture(tex, x)),\n        decode32(texture(tex, y)),\n        decode32(texture(tex, z)),\n        1.0\n      );\n    }\n  #endif\n  float getDisplacementWeight(int index) {\n    int quot = index / 4;\n    int remainder = index - quot * 4;\n    if (remainder == 0) {\n      return cc_displacementWeights[quot].x;\n    } else if (remainder == 1) {\n      return cc_displacementWeights[quot].y;\n    } else if (remainder == 2) {\n      return cc_displacementWeights[quot].z;\n    } else {\n      return cc_displacementWeights[quot].w;\n    }\n  }\n  vec3 getVec3DisplacementFromTexture(sampler2D tex, int vertexIndex) {\n  #if CC_MORPH_PRECOMPUTED\n    return fetchVec3ArrayFromTexture(tex, vertexIndex).rgb;\n  #else\n    vec3 result = vec3(0, 0, 0);\n    int nVertices = int(cc_displacementTextureInfo.z);\n    for (int iTarget = 0; iTarget < CC_MORPH_TARGET_COUNT; ++iTarget) {\n      result += (fetchVec3ArrayFromTexture(tex, nVertices * iTarget + vertexIndex).rgb * getDisplacementWeight(iTarget));\n    }\n    return result;\n  #endif\n  }\n  #if CC_MORPH_TARGET_HAS_POSITION\n    layout(set = 2, binding = 7) uniform sampler2D cc_PositionDisplacements;\n    vec3 getPositionDisplacement(int vertexId) {\n      return getVec3DisplacementFromTexture(cc_PositionDisplacements, vertexId);\n    }\n  #endif\n  #if CC_MORPH_TARGET_HAS_NORMAL\n    layout(set = 2, binding = 8) uniform sampler2D cc_NormalDisplacements;\n    vec3 getNormalDisplacement(int vertexId) {\n      return getVec3DisplacementFromTexture(cc_NormalDisplacements, vertexId);\n    }\n  #endif\n  #if CC_MORPH_TARGET_HAS_TANGENT\n    layout(set = 2, binding = 9) uniform sampler2D cc_TangentDisplacements;\n    vec3 getTangentDisplacement(int vertexId) {\n      return getVec3DisplacementFromTexture(cc_TangentDisplacements, vertexId);\n    }\n  #endif\n  void applyMorph (inout StandardVertInput attr) {\n    int vertexId = getVertexId();\n  #if CC_MORPH_TARGET_HAS_POSITION\n    attr.position.xyz = attr.position.xyz + getPositionDisplacement(vertexId);\n  #endif\n  #if CC_MORPH_TARGET_HAS_NORMAL\n    attr.normal.xyz = attr.normal.xyz + getNormalDisplacement(vertexId);\n  #endif\n  #if CC_MORPH_TARGET_HAS_TANGENT\n    attr.tangent.xyz = attr.tangent.xyz + getTangentDisplacement(vertexId);\n  #endif\n  }\n  void applyMorph (inout vec4 position) {\n  #if CC_MORPH_TARGET_HAS_POSITION\n    position.xyz = position.xyz + getPositionDisplacement(getVertexId());\n  #endif\n  }\n#endif\n#if CC_USE_SKINNING\n    layout(location = 4) in u32vec4 a_joints;\n  layout(location = 5) in vec4 a_weights;\n  #if CC_USE_BAKED_ANIMATION\n    #if USE_INSTANCING\n      layout(location = 7) in highp vec4 a_jointAnimInfo;\n    #endif\n    layout(set = 2, binding = 3) uniform CCSkinningTexture {\n      highp vec4 cc_jointTextureInfo;\n    };\n    layout(set = 2, binding = 2) uniform CCSkinningAnimation {\n      highp vec4 cc_jointAnimInfo;\n    };\n    layout(set = 2, binding = 6) uniform highp sampler2D cc_jointTexture;\n      #else\n    layout(set = 2, binding = 3) uniform CCSkinning {\n      highp vec4 cc_joints[30 * 3];\n    };\n  #endif\n  #if CC_USE_BAKED_ANIMATION\n    #if CC_DEVICE_SUPPORT_FLOAT_TEXTURE\n      mat4 getJointMatrix (float i) {\n              #if USE_INSTANCING\n                highp float j = 3.0 * (a_jointAnimInfo.x * a_jointAnimInfo.y + i) + a_jointAnimInfo.z;\n              #else\n                highp float j = 3.0 * (cc_jointAnimInfo.x * cc_jointTextureInfo.y + i) + cc_jointTextureInfo.z;\n              #endif\n              highp float invSize = cc_jointTextureInfo.w;\n              highp float y = floor(j * invSize);\n              highp float x = floor(j - y * cc_jointTextureInfo.x);\n              y = (y + 0.5) * invSize;\n        vec4 v1 = texture(cc_jointTexture, vec2((x + 0.5) * invSize, y));\n        vec4 v2 = texture(cc_jointTexture, vec2((x + 1.5) * invSize, y));\n        vec4 v3 = texture(cc_jointTexture, vec2((x + 2.5) * invSize, y));\n        return mat4(vec4(v1.xyz, 0.0), vec4(v2.xyz, 0.0), vec4(v3.xyz, 0.0), vec4(v1.w, v2.w, v3.w, 1.0));\n      }\n    #else\n      mat4 getJointMatrix (float i) {\n              #if USE_INSTANCING\n                highp float j = 12.0 * (a_jointAnimInfo.x * a_jointAnimInfo.y + i) + a_jointAnimInfo.z;\n              #else\n                highp float j = 12.0 * (cc_jointAnimInfo.x * cc_jointTextureInfo.y + i) + cc_jointTextureInfo.z;\n              #endif\n              highp float invSize = cc_jointTextureInfo.w;\n              highp float y = floor(j * invSize);\n              highp float x = floor(j - y * cc_jointTextureInfo.x);\n              y = (y + 0.5) * invSize;\n        vec4 v1 = vec4(\n          decode32(texture(cc_jointTexture, vec2((x + 0.5) * invSize, y))),\n          decode32(texture(cc_jointTexture, vec2((x + 1.5) * invSize, y))),\n          decode32(texture(cc_jointTexture, vec2((x + 2.5) * invSize, y))),\n          decode32(texture(cc_jointTexture, vec2((x + 3.5) * invSize, y)))\n        );\n        vec4 v2 = vec4(\n          decode32(texture(cc_jointTexture, vec2((x + 4.5) * invSize, y))),\n          decode32(texture(cc_jointTexture, vec2((x + 5.5) * invSize, y))),\n          decode32(texture(cc_jointTexture, vec2((x + 6.5) * invSize, y))),\n          decode32(texture(cc_jointTexture, vec2((x + 7.5) * invSize, y)))\n        );\n        vec4 v3 = vec4(\n          decode32(texture(cc_jointTexture, vec2((x + 8.5) * invSize, y))),\n          decode32(texture(cc_jointTexture, vec2((x + 9.5) * invSize, y))),\n          decode32(texture(cc_jointTexture, vec2((x + 10.5) * invSize, y))),\n          decode32(texture(cc_jointTexture, vec2((x + 11.5) * invSize, y)))\n        );\n        return mat4(vec4(v1.xyz, 0.0), vec4(v2.xyz, 0.0), vec4(v3.xyz, 0.0), vec4(v1.w, v2.w, v3.w, 1.0));\n      }\n    #endif\n  #else\n    mat4 getJointMatrix (float i) {\n      int idx = int(i);\n      vec4 v1 = cc_joints[idx * 3];\n      vec4 v2 = cc_joints[idx * 3 + 1];\n      vec4 v3 = cc_joints[idx * 3 + 2];\n      return mat4(vec4(v1.xyz, 0.0), vec4(v2.xyz, 0.0), vec4(v3.xyz, 0.0), vec4(v1.w, v2.w, v3.w, 1.0));\n    }\n  #endif\n  mat4 skinMatrix () {\n    vec4 joints = vec4(a_joints);\n    return getJointMatrix(joints.x) * a_weights.x\n         + getJointMatrix(joints.y) * a_weights.y\n         + getJointMatrix(joints.z) * a_weights.z\n         + getJointMatrix(joints.w) * a_weights.w;\n  }\n  void CCSkin (inout vec4 position) {\n    mat4 m = skinMatrix();\n    position = m * position;\n  }\n  void CCSkin (inout StandardVertInput attr) {\n    mat4 m = skinMatrix();\n    attr.position = m * attr.position;\n    attr.normal = (m * vec4(attr.normal, 0.0)).xyz;\n    attr.tangent.xyz = (m * vec4(attr.tangent.xyz, 0.0)).xyz;\n  }\n#endif\nlayout(set = 0, binding = 0) uniform CCGlobal {\n  highp   vec4 cc_time;\n  mediump vec4 cc_screenSize;\n  mediump vec4 cc_nativeSize;\n};\nlayout(set = 0, binding = 1) uniform CCCamera {\n  highp   mat4 cc_matView;\n  highp   mat4 cc_matViewInv;\n  highp   mat4 cc_matProj;\n  highp   mat4 cc_matProjInv;\n  highp   mat4 cc_matViewProj;\n  highp   mat4 cc_matViewProjInv;\n  highp   vec4 cc_cameraPos;\n  mediump vec4 cc_screenScale;\n  mediump vec4 cc_exposure;\n  mediump vec4 cc_mainLitDir;\n  mediump vec4 cc_mainLitColor;\n  mediump vec4 cc_ambientSky;\n  mediump vec4 cc_ambientGround;\n  mediump vec4 cc_fogColor;\n  mediump vec4 cc_fogBase;\n  mediump vec4 cc_fogAdd;\n  mediump vec4 cc_nearFar;\n  mediump vec4 cc_viewPort;\n};\n#if USE_INSTANCING\n  layout(location = 8) in vec4 a_matWorld0;\n  layout(location = 9) in vec4 a_matWorld1;\n  layout(location = 10) in vec4 a_matWorld2;\n  #if USE_LIGHTMAP\n    layout(location = 11) in vec4 a_lightingMapUVParam;\n  #endif\n#elif USE_BATCHING\n  layout(location = 12) in float a_dyn_batch_id;\n  layout(set = 2, binding = 0) uniform CCLocalBatched {\n    highp mat4 cc_matWorlds[10];\n  };\n#else\n  layout(set = 2, binding = 0) uniform CCLocal {\n    highp mat4 cc_matWorld;\n    highp mat4 cc_matWorldIT;\n    highp vec4 cc_lightingMapUVParam;\n  };\n#endif\nfloat LinearFog(vec4 pos) {\n  vec4 wPos = pos;\n  float cam_dis = distance(cc_cameraPos, wPos);\n  float fogStart = cc_fogBase.x;\n  float fogEnd = cc_fogBase.y;\n  return clamp((fogEnd - cam_dis) / (fogEnd - fogStart), 0., 1.);\n}\nfloat ExpFog(vec4 pos) {\n  vec4 wPos = pos;\n  float fogAtten = cc_fogAdd.z;\n  float fogStart = cc_fogBase.x;\n  float fogDensity = cc_fogBase.z;\n  float cam_dis = max(distance(cc_cameraPos, wPos) - fogStart, 0.0) / fogAtten * 4.;\n  float f = exp(-cam_dis * fogDensity);\n  return f;\n}\nfloat ExpSquaredFog(vec4 pos) {\n  vec4 wPos = pos;\n  float fogAtten = cc_fogAdd.z;\n  float fogStart = cc_fogBase.x;\n  float fogDensity = cc_fogBase.z;\n  float cam_dis = max(distance(cc_cameraPos, wPos) - fogStart, 0.0) / fogAtten * 4.;\n  float f = exp(-cam_dis * cam_dis * fogDensity * fogDensity);\n  return f;\n}\nfloat LayeredFog(vec4 pos) {\n  vec4 wPos = pos;\n  float fogAtten = cc_fogAdd.z;\n  float _FogTop = cc_fogAdd.x;\n  float _FogRange = cc_fogAdd.y;\n  vec3 camWorldProj = cc_cameraPos.xyz;\n  camWorldProj.y = 0.;\n  vec3 worldPosProj = wPos.xyz;\n  worldPosProj.y = 0.;\n  float fDeltaD = distance(worldPosProj, camWorldProj) / fogAtten * 2.0;\n  float fDeltaY, fDensityIntegral;\n  if (cc_cameraPos.y > _FogTop) {\n    if (wPos.y < _FogTop) {\n      fDeltaY = (_FogTop - wPos.y) / _FogRange * 2.0;\n      fDensityIntegral = fDeltaY * fDeltaY * 0.5;\n    } else {\n      fDeltaY = 0.;\n      fDensityIntegral = 0.;\n    }\n  } else {\n    if (wPos.y < _FogTop) {\n      float fDeltaA = (_FogTop - cc_cameraPos.y) / _FogRange * 2.;\n      float fDeltaB = (_FogTop - wPos.y) / _FogRange * 2.;\n      fDeltaY = abs(fDeltaA - fDeltaB);\n      fDensityIntegral = abs((fDeltaA * fDeltaA * 0.5) - (fDeltaB * fDeltaB * 0.5));\n    } else {\n      fDeltaY = abs(_FogTop - cc_cameraPos.y) / _FogRange * 2.;\n      fDensityIntegral = abs(fDeltaY * fDeltaY * 0.5);\n    }\n  }\n  float fDensity;\n  if (fDeltaY != 0.) {\n    fDensity = (sqrt(1.0 + ((fDeltaD / fDeltaY) * (fDeltaD / fDeltaY)))) * fDensityIntegral;\n  } else {\n    fDensity = 0.;\n  }\n  float f = exp(-fDensity);\n  return f;\n}\nvoid CC_TRANSFER_FOG_BASE(vec4 pos, out float factor)\n{\n  #if CC_USE_FOG == 0\n\tfactor = LinearFog(pos);\n  #elif CC_USE_FOG == 1\n    factor = ExpFog(pos);\n  #elif CC_USE_FOG == 2\n    factor = ExpSquaredFog(pos);\n  #elif CC_USE_FOG == 3\n    factor = LayeredFog(pos);\n  #else\n    factor = 1.0;\n  #endif\n}\n#if !CC_USE_ACCURATE_FOG\nlayout(location = 0) out float v_fog_factor;\n#endif\nvoid CC_TRANSFER_FOG(vec4 pos) {\n#if !CC_USE_ACCURATE_FOG\n    CC_TRANSFER_FOG_BASE(pos, v_fog_factor);\n#endif\n}\n#if USE_VERTEX_COLOR\n  layout(location = 13) in lowp vec4 a_color;\n  layout(location = 1) out lowp vec4 v_color;\n#endif\n#if USE_TEXTURE\n  layout(location = 2) out vec2 v_uv;\n  layout(set = 1, binding = 0) uniform TexCoords {\n    vec4 tilingOffset;\n  };\n#endif\nvec4 vert () {\n  vec4 position;\n      position = vec4(a_position, 1.0);\n    #if CC_USE_MORPH\n      applyMorph(position);\n    #endif\n    #if CC_USE_SKINNING\n      CCSkin(position);\n    #endif\n  mat4 matWorld;\n    #if USE_INSTANCING\n      matWorld = mat4(\n        vec4(a_matWorld0.xyz, 0.0),\n        vec4(a_matWorld1.xyz, 0.0),\n        vec4(a_matWorld2.xyz, 0.0),\n        vec4(a_matWorld0.w, a_matWorld1.w, a_matWorld2.w, 1.0)\n      );\n    #elif USE_BATCHING\n      matWorld = cc_matWorlds[int(a_dyn_batch_id)];\n    #else\n      matWorld = cc_matWorld;\n    #endif\n  #if USE_TEXTURE\n    v_uv = a_texCoord * tilingOffset.xy + tilingOffset.zw;\n    #if SAMPLE_FROM_RT\n      v_uv = cc_cameraPos.w > 1.0 ? vec2(v_uv.x, 1.0 - v_uv.y) : v_uv;\n    #endif\n  #endif\n  #if USE_VERTEX_COLOR\n    v_color = a_color;\n  #endif\n  CC_TRANSFER_FOG(matWorld * position);\n  return cc_matProj * (cc_matView * matWorld) * position;\n}\nvoid main() { gl_Position = vert(); }","frag":"\nprecision highp float;\nvec3 ACESToneMap (vec3 color) {\n  color = min(color, vec3(8.0));\n  const float A = 2.51;\n  const float B = 0.03;\n  const float C = 2.43;\n  const float D = 0.59;\n  const float E = 0.14;\n  return (color * (A * color + B)) / (color * (C * color + D) + E);\n}\nvec3 SRGBToLinear (vec3 gamma) {\n  return gamma * gamma;\n}\nvec4 CCFragOutput (vec4 color) {\n  #if CC_USE_HDR\n    color.rgb = ACESToneMap(color.rgb);\n  #endif\n  color.rgb = sqrt(color.rgb);\n  return color;\n}\nlayout(set = 0, binding = 0) uniform CCGlobal {\n  highp   vec4 cc_time;\n  mediump vec4 cc_screenSize;\n  mediump vec4 cc_nativeSize;\n};\nlayout(set = 0, binding = 1) uniform CCCamera {\n  highp   mat4 cc_matView;\n  highp   mat4 cc_matViewInv;\n  highp   mat4 cc_matProj;\n  highp   mat4 cc_matProjInv;\n  highp   mat4 cc_matViewProj;\n  highp   mat4 cc_matViewProjInv;\n  highp   vec4 cc_cameraPos;\n  mediump vec4 cc_screenScale;\n  mediump vec4 cc_exposure;\n  mediump vec4 cc_mainLitDir;\n  mediump vec4 cc_mainLitColor;\n  mediump vec4 cc_ambientSky;\n  mediump vec4 cc_ambientGround;\n  mediump vec4 cc_fogColor;\n  mediump vec4 cc_fogBase;\n  mediump vec4 cc_fogAdd;\n  mediump vec4 cc_nearFar;\n  mediump vec4 cc_viewPort;\n};\nfloat LinearFog(vec4 pos) {\n  vec4 wPos = pos;\n  float cam_dis = distance(cc_cameraPos, wPos);\n  float fogStart = cc_fogBase.x;\n  float fogEnd = cc_fogBase.y;\n  return clamp((fogEnd - cam_dis) / (fogEnd - fogStart), 0., 1.);\n}\nfloat ExpFog(vec4 pos) {\n  vec4 wPos = pos;\n  float fogAtten = cc_fogAdd.z;\n  float fogStart = cc_fogBase.x;\n  float fogDensity = cc_fogBase.z;\n  float cam_dis = max(distance(cc_cameraPos, wPos) - fogStart, 0.0) / fogAtten * 4.;\n  float f = exp(-cam_dis * fogDensity);\n  return f;\n}\nfloat ExpSquaredFog(vec4 pos) {\n  vec4 wPos = pos;\n  float fogAtten = cc_fogAdd.z;\n  float fogStart = cc_fogBase.x;\n  float fogDensity = cc_fogBase.z;\n  float cam_dis = max(distance(cc_cameraPos, wPos) - fogStart, 0.0) / fogAtten * 4.;\n  float f = exp(-cam_dis * cam_dis * fogDensity * fogDensity);\n  return f;\n}\nfloat LayeredFog(vec4 pos) {\n  vec4 wPos = pos;\n  float fogAtten = cc_fogAdd.z;\n  float _FogTop = cc_fogAdd.x;\n  float _FogRange = cc_fogAdd.y;\n  vec3 camWorldProj = cc_cameraPos.xyz;\n  camWorldProj.y = 0.;\n  vec3 worldPosProj = wPos.xyz;\n  worldPosProj.y = 0.;\n  float fDeltaD = distance(worldPosProj, camWorldProj) / fogAtten * 2.0;\n  float fDeltaY, fDensityIntegral;\n  if (cc_cameraPos.y > _FogTop) {\n    if (wPos.y < _FogTop) {\n      fDeltaY = (_FogTop - wPos.y) / _FogRange * 2.0;\n      fDensityIntegral = fDeltaY * fDeltaY * 0.5;\n    } else {\n      fDeltaY = 0.;\n      fDensityIntegral = 0.;\n    }\n  } else {\n    if (wPos.y < _FogTop) {\n      float fDeltaA = (_FogTop - cc_cameraPos.y) / _FogRange * 2.;\n      float fDeltaB = (_FogTop - wPos.y) / _FogRange * 2.;\n      fDeltaY = abs(fDeltaA - fDeltaB);\n      fDensityIntegral = abs((fDeltaA * fDeltaA * 0.5) - (fDeltaB * fDeltaB * 0.5));\n    } else {\n      fDeltaY = abs(_FogTop - cc_cameraPos.y) / _FogRange * 2.;\n      fDensityIntegral = abs(fDeltaY * fDeltaY * 0.5);\n    }\n  }\n  float fDensity;\n  if (fDeltaY != 0.) {\n    fDensity = (sqrt(1.0 + ((fDeltaD / fDeltaY) * (fDeltaD / fDeltaY)))) * fDensityIntegral;\n  } else {\n    fDensity = 0.;\n  }\n  float f = exp(-fDensity);\n  return f;\n}\nvoid CC_TRANSFER_FOG_BASE(vec4 pos, out float factor)\n{\n  #if CC_USE_FOG == 0\n\tfactor = LinearFog(pos);\n  #elif CC_USE_FOG == 1\n    factor = ExpFog(pos);\n  #elif CC_USE_FOG == 2\n    factor = ExpSquaredFog(pos);\n  #elif CC_USE_FOG == 3\n    factor = LayeredFog(pos);\n  #else\n    factor = 1.0;\n  #endif\n}\nvoid CC_APPLY_FOG_BASE(inout vec4 color, float factor) {\n  color = vec4(mix(cc_fogColor.rgb, color.rgb, factor), color.a);\n}\n#if !CC_USE_ACCURATE_FOG\nlayout(location = 0) in float v_fog_factor;\n#endif\nvoid CC_APPLY_FOG(inout vec4 color) {\n#if !CC_USE_ACCURATE_FOG\n    CC_APPLY_FOG_BASE(color, v_fog_factor);\n#endif\n}\nvoid CC_APPLY_FOG(inout vec4 color, vec3 worldPos) {\n#if CC_USE_ACCURATE_FOG\n    float factor;\n    CC_TRANSFER_FOG_BASE(vec4(worldPos, 1.0), factor);\n#else\n    float factor = v_fog_factor;\n#endif\n    CC_APPLY_FOG_BASE(color, factor);\n}\n#if USE_ALPHA_TEST\n#endif\n#if USE_TEXTURE\n  layout(location = 2) in vec2 v_uv;\n  layout(set = 1, binding = 2) uniform sampler2D mainTexture;\n#endif\nlayout(set = 1, binding = 1) uniform Constant {\n  vec4 mainColor;\n  vec4 colorScaleAndCutoff;\n};\n#if USE_VERTEX_COLOR\n  layout(location = 1) in lowp vec4 v_color;\n#endif\nvec4 frag () {\n  vec4 o = mainColor;\n  o.rgb *= colorScaleAndCutoff.xyz;\n  #if USE_VERTEX_COLOR\n    o.rgb *= SRGBToLinear(v_color.rgb);\n    o.a *= v_color.a;\n  #endif\n  #if USE_TEXTURE\n    vec4 texColor = texture(mainTexture, v_uv);\n    texColor.rgb = SRGBToLinear(texColor.rgb);\n    o *= texColor;\n  #endif\n  #if USE_ALPHA_TEST\n    if (o.ALPHA_TEST_CHANNEL < colorScaleAndCutoff.w) discard;\n  #endif\n  CC_APPLY_FOG(o);\n  return CCFragOutput(o);\n}\nlayout(location = 0) out vec4 cc_FragColor;\nvoid main() { cc_FragColor = frag(); }"},"glsl3":{"vert":"\nprecision highp float;\nhighp float decode32 (highp vec4 rgba) {\n  rgba = rgba * 255.0;\n  highp float Sign = 1.0 - (step(128.0, (rgba[3]) + 0.5)) * 2.0;\n  highp float Exponent = 2.0 * (mod(float(int((rgba[3]) + 0.5)), 128.0)) + (step(128.0, (rgba[2]) + 0.5)) - 127.0;\n  highp float Mantissa = (mod(float(int((rgba[2]) + 0.5)), 128.0)) * 65536.0 + rgba[1] * 256.0 + rgba[0] + 8388608.0;\n  return Sign * exp2(Exponent - 23.0) * Mantissa;\n}\nstruct StandardVertInput {\n  highp vec4 position;\n  vec3 normal;\n  vec4 tangent;\n};\nin vec3 a_position;\nin vec3 a_normal;\nin vec2 a_texCoord;\nin vec4 a_tangent;\n#if CC_USE_MORPH\n    in float a_vertexId;\n    int getVertexId() {\n      return int(a_vertexId);\n    }\n  layout(std140) uniform CCMorph {\n    vec4 cc_displacementWeights[15];\n    vec4 cc_displacementTextureInfo;\n  };\n  vec2 getPixelLocation(vec2 textureResolution, int pixelIndex) {\n    float pixelIndexF = float(pixelIndex);\n    float x = mod(pixelIndexF, textureResolution.x);\n    float y = floor(pixelIndexF / textureResolution.x);\n    return vec2(x, y);\n  }\n  vec2 getPixelCoordFromLocation(vec2 location, vec2 textureResolution) {\n    return (vec2(location.x, location.y) + .5) / textureResolution;\n  }\n  #if CC_DEVICE_SUPPORT_FLOAT_TEXTURE\n      vec4 fetchVec3ArrayFromTexture(sampler2D tex, int pixelIndex) {\n        ivec2 texSize = textureSize(tex, 0);\n        return texelFetch(tex, ivec2(pixelIndex % texSize.x, pixelIndex / texSize.x), 0);\n      }\n  #else\n    vec4 fetchVec3ArrayFromTexture(sampler2D tex, int elementIndex) {\n      int pixelIndex = elementIndex * 4;\n      vec2 location = getPixelLocation(cc_displacementTextureInfo.xy, pixelIndex);\n      vec2 x = getPixelCoordFromLocation(location + vec2(0.0, 0.0), cc_displacementTextureInfo.xy);\n      vec2 y = getPixelCoordFromLocation(location + vec2(1.0, 0.0), cc_displacementTextureInfo.xy);\n      vec2 z = getPixelCoordFromLocation(location + vec2(2.0, 0.0), cc_displacementTextureInfo.xy);\n      return vec4(\n        decode32(texture(tex, x)),\n        decode32(texture(tex, y)),\n        decode32(texture(tex, z)),\n        1.0\n      );\n    }\n  #endif\n  float getDisplacementWeight(int index) {\n    int quot = index / 4;\n    int remainder = index - quot * 4;\n    if (remainder == 0) {\n      return cc_displacementWeights[quot].x;\n    } else if (remainder == 1) {\n      return cc_displacementWeights[quot].y;\n    } else if (remainder == 2) {\n      return cc_displacementWeights[quot].z;\n    } else {\n      return cc_displacementWeights[quot].w;\n    }\n  }\n  vec3 getVec3DisplacementFromTexture(sampler2D tex, int vertexIndex) {\n  #if CC_MORPH_PRECOMPUTED\n    return fetchVec3ArrayFromTexture(tex, vertexIndex).rgb;\n  #else\n    vec3 result = vec3(0, 0, 0);\n    int nVertices = int(cc_displacementTextureInfo.z);\n    for (int iTarget = 0; iTarget < CC_MORPH_TARGET_COUNT; ++iTarget) {\n      result += (fetchVec3ArrayFromTexture(tex, nVertices * iTarget + vertexIndex).rgb * getDisplacementWeight(iTarget));\n    }\n    return result;\n  #endif\n  }\n  #if CC_MORPH_TARGET_HAS_POSITION\n    uniform sampler2D cc_PositionDisplacements;\n    vec3 getPositionDisplacement(int vertexId) {\n      return getVec3DisplacementFromTexture(cc_PositionDisplacements, vertexId);\n    }\n  #endif\n  #if CC_MORPH_TARGET_HAS_NORMAL\n    uniform sampler2D cc_NormalDisplacements;\n    vec3 getNormalDisplacement(int vertexId) {\n      return getVec3DisplacementFromTexture(cc_NormalDisplacements, vertexId);\n    }\n  #endif\n  #if CC_MORPH_TARGET_HAS_TANGENT\n    uniform sampler2D cc_TangentDisplacements;\n    vec3 getTangentDisplacement(int vertexId) {\n      return getVec3DisplacementFromTexture(cc_TangentDisplacements, vertexId);\n    }\n  #endif\n  void applyMorph (inout StandardVertInput attr) {\n    int vertexId = getVertexId();\n  #if CC_MORPH_TARGET_HAS_POSITION\n    attr.position.xyz = attr.position.xyz + getPositionDisplacement(vertexId);\n  #endif\n  #if CC_MORPH_TARGET_HAS_NORMAL\n    attr.normal.xyz = attr.normal.xyz + getNormalDisplacement(vertexId);\n  #endif\n  #if CC_MORPH_TARGET_HAS_TANGENT\n    attr.tangent.xyz = attr.tangent.xyz + getTangentDisplacement(vertexId);\n  #endif\n  }\n  void applyMorph (inout vec4 position) {\n  #if CC_MORPH_TARGET_HAS_POSITION\n    position.xyz = position.xyz + getPositionDisplacement(getVertexId());\n  #endif\n  }\n#endif\n#if CC_USE_SKINNING\n    in vec4 a_joints;\n  in vec4 a_weights;\n  #if CC_USE_BAKED_ANIMATION\n    #if USE_INSTANCING\n      in highp vec4 a_jointAnimInfo;\n    #endif\n    layout(std140) uniform CCSkinningTexture {\n      highp vec4 cc_jointTextureInfo;\n    };\n    layout(std140) uniform CCSkinningAnimation {\n      highp vec4 cc_jointAnimInfo;\n    };\n    uniform highp sampler2D cc_jointTexture;\n      #else\n    layout(std140) uniform CCSkinning {\n      highp vec4 cc_joints[30 * 3];\n    };\n  #endif\n  #if CC_USE_BAKED_ANIMATION\n    #if CC_DEVICE_SUPPORT_FLOAT_TEXTURE\n      mat4 getJointMatrix (float i) {\n              #if USE_INSTANCING\n                highp float j = 3.0 * (a_jointAnimInfo.x * a_jointAnimInfo.y + i) + a_jointAnimInfo.z;\n              #else\n                highp float j = 3.0 * (cc_jointAnimInfo.x * cc_jointTextureInfo.y + i) + cc_jointTextureInfo.z;\n              #endif\n              highp float invSize = cc_jointTextureInfo.w;\n              highp float y = floor(j * invSize);\n              highp float x = floor(j - y * cc_jointTextureInfo.x);\n              y = (y + 0.5) * invSize;\n        vec4 v1 = texture(cc_jointTexture, vec2((x + 0.5) * invSize, y));\n        vec4 v2 = texture(cc_jointTexture, vec2((x + 1.5) * invSize, y));\n        vec4 v3 = texture(cc_jointTexture, vec2((x + 2.5) * invSize, y));\n        return mat4(vec4(v1.xyz, 0.0), vec4(v2.xyz, 0.0), vec4(v3.xyz, 0.0), vec4(v1.w, v2.w, v3.w, 1.0));\n      }\n    #else\n      mat4 getJointMatrix (float i) {\n              #if USE_INSTANCING\n                highp float j = 12.0 * (a_jointAnimInfo.x * a_jointAnimInfo.y + i) + a_jointAnimInfo.z;\n              #else\n                highp float j = 12.0 * (cc_jointAnimInfo.x * cc_jointTextureInfo.y + i) + cc_jointTextureInfo.z;\n              #endif\n              highp float invSize = cc_jointTextureInfo.w;\n              highp float y = floor(j * invSize);\n              highp float x = floor(j - y * cc_jointTextureInfo.x);\n              y = (y + 0.5) * invSize;\n        vec4 v1 = vec4(\n          decode32(texture(cc_jointTexture, vec2((x + 0.5) * invSize, y))),\n          decode32(texture(cc_jointTexture, vec2((x + 1.5) * invSize, y))),\n          decode32(texture(cc_jointTexture, vec2((x + 2.5) * invSize, y))),\n          decode32(texture(cc_jointTexture, vec2((x + 3.5) * invSize, y)))\n        );\n        vec4 v2 = vec4(\n          decode32(texture(cc_jointTexture, vec2((x + 4.5) * invSize, y))),\n          decode32(texture(cc_jointTexture, vec2((x + 5.5) * invSize, y))),\n          decode32(texture(cc_jointTexture, vec2((x + 6.5) * invSize, y))),\n          decode32(texture(cc_jointTexture, vec2((x + 7.5) * invSize, y)))\n        );\n        vec4 v3 = vec4(\n          decode32(texture(cc_jointTexture, vec2((x + 8.5) * invSize, y))),\n          decode32(texture(cc_jointTexture, vec2((x + 9.5) * invSize, y))),\n          decode32(texture(cc_jointTexture, vec2((x + 10.5) * invSize, y))),\n          decode32(texture(cc_jointTexture, vec2((x + 11.5) * invSize, y)))\n        );\n        return mat4(vec4(v1.xyz, 0.0), vec4(v2.xyz, 0.0), vec4(v3.xyz, 0.0), vec4(v1.w, v2.w, v3.w, 1.0));\n      }\n    #endif\n  #else\n    mat4 getJointMatrix (float i) {\n      int idx = int(i);\n      vec4 v1 = cc_joints[idx * 3];\n      vec4 v2 = cc_joints[idx * 3 + 1];\n      vec4 v3 = cc_joints[idx * 3 + 2];\n      return mat4(vec4(v1.xyz, 0.0), vec4(v2.xyz, 0.0), vec4(v3.xyz, 0.0), vec4(v1.w, v2.w, v3.w, 1.0));\n    }\n  #endif\n  mat4 skinMatrix () {\n    vec4 joints = vec4(a_joints);\n    return getJointMatrix(joints.x) * a_weights.x\n         + getJointMatrix(joints.y) * a_weights.y\n         + getJointMatrix(joints.z) * a_weights.z\n         + getJointMatrix(joints.w) * a_weights.w;\n  }\n  void CCSkin (inout vec4 position) {\n    mat4 m = skinMatrix();\n    position = m * position;\n  }\n  void CCSkin (inout StandardVertInput attr) {\n    mat4 m = skinMatrix();\n    attr.position = m * attr.position;\n    attr.normal = (m * vec4(attr.normal, 0.0)).xyz;\n    attr.tangent.xyz = (m * vec4(attr.tangent.xyz, 0.0)).xyz;\n  }\n#endif\nlayout(std140) uniform CCGlobal {\n  highp   vec4 cc_time;\n  mediump vec4 cc_screenSize;\n  mediump vec4 cc_nativeSize;\n};\nlayout(std140) uniform CCCamera {\n  highp   mat4 cc_matView;\n  highp   mat4 cc_matViewInv;\n  highp   mat4 cc_matProj;\n  highp   mat4 cc_matProjInv;\n  highp   mat4 cc_matViewProj;\n  highp   mat4 cc_matViewProjInv;\n  highp   vec4 cc_cameraPos;\n  mediump vec4 cc_screenScale;\n  mediump vec4 cc_exposure;\n  mediump vec4 cc_mainLitDir;\n  mediump vec4 cc_mainLitColor;\n  mediump vec4 cc_ambientSky;\n  mediump vec4 cc_ambientGround;\n  mediump vec4 cc_fogColor;\n  mediump vec4 cc_fogBase;\n  mediump vec4 cc_fogAdd;\n  mediump vec4 cc_nearFar;\n  mediump vec4 cc_viewPort;\n};\n#if USE_INSTANCING\n  in vec4 a_matWorld0;\n  in vec4 a_matWorld1;\n  in vec4 a_matWorld2;\n  #if USE_LIGHTMAP\n    in vec4 a_lightingMapUVParam;\n  #endif\n#elif USE_BATCHING\n  in float a_dyn_batch_id;\n  layout(std140) uniform CCLocalBatched {\n    highp mat4 cc_matWorlds[10];\n  };\n#else\n  layout(std140) uniform CCLocal {\n    highp mat4 cc_matWorld;\n    highp mat4 cc_matWorldIT;\n    highp vec4 cc_lightingMapUVParam;\n  };\n#endif\nfloat LinearFog(vec4 pos) {\n  vec4 wPos = pos;\n  float cam_dis = distance(cc_cameraPos, wPos);\n  float fogStart = cc_fogBase.x;\n  float fogEnd = cc_fogBase.y;\n  return clamp((fogEnd - cam_dis) / (fogEnd - fogStart), 0., 1.);\n}\nfloat ExpFog(vec4 pos) {\n  vec4 wPos = pos;\n  float fogAtten = cc_fogAdd.z;\n  float fogStart = cc_fogBase.x;\n  float fogDensity = cc_fogBase.z;\n  float cam_dis = max(distance(cc_cameraPos, wPos) - fogStart, 0.0) / fogAtten * 4.;\n  float f = exp(-cam_dis * fogDensity);\n  return f;\n}\nfloat ExpSquaredFog(vec4 pos) {\n  vec4 wPos = pos;\n  float fogAtten = cc_fogAdd.z;\n  float fogStart = cc_fogBase.x;\n  float fogDensity = cc_fogBase.z;\n  float cam_dis = max(distance(cc_cameraPos, wPos) - fogStart, 0.0) / fogAtten * 4.;\n  float f = exp(-cam_dis * cam_dis * fogDensity * fogDensity);\n  return f;\n}\nfloat LayeredFog(vec4 pos) {\n  vec4 wPos = pos;\n  float fogAtten = cc_fogAdd.z;\n  float _FogTop = cc_fogAdd.x;\n  float _FogRange = cc_fogAdd.y;\n  vec3 camWorldProj = cc_cameraPos.xyz;\n  camWorldProj.y = 0.;\n  vec3 worldPosProj = wPos.xyz;\n  worldPosProj.y = 0.;\n  float fDeltaD = distance(worldPosProj, camWorldProj) / fogAtten * 2.0;\n  float fDeltaY, fDensityIntegral;\n  if (cc_cameraPos.y > _FogTop) {\n    if (wPos.y < _FogTop) {\n      fDeltaY = (_FogTop - wPos.y) / _FogRange * 2.0;\n      fDensityIntegral = fDeltaY * fDeltaY * 0.5;\n    } else {\n      fDeltaY = 0.;\n      fDensityIntegral = 0.;\n    }\n  } else {\n    if (wPos.y < _FogTop) {\n      float fDeltaA = (_FogTop - cc_cameraPos.y) / _FogRange * 2.;\n      float fDeltaB = (_FogTop - wPos.y) / _FogRange * 2.;\n      fDeltaY = abs(fDeltaA - fDeltaB);\n      fDensityIntegral = abs((fDeltaA * fDeltaA * 0.5) - (fDeltaB * fDeltaB * 0.5));\n    } else {\n      fDeltaY = abs(_FogTop - cc_cameraPos.y) / _FogRange * 2.;\n      fDensityIntegral = abs(fDeltaY * fDeltaY * 0.5);\n    }\n  }\n  float fDensity;\n  if (fDeltaY != 0.) {\n    fDensity = (sqrt(1.0 + ((fDeltaD / fDeltaY) * (fDeltaD / fDeltaY)))) * fDensityIntegral;\n  } else {\n    fDensity = 0.;\n  }\n  float f = exp(-fDensity);\n  return f;\n}\nvoid CC_TRANSFER_FOG_BASE(vec4 pos, out float factor)\n{\n  #if CC_USE_FOG == 0\n\tfactor = LinearFog(pos);\n  #elif CC_USE_FOG == 1\n    factor = ExpFog(pos);\n  #elif CC_USE_FOG == 2\n    factor = ExpSquaredFog(pos);\n  #elif CC_USE_FOG == 3\n    factor = LayeredFog(pos);\n  #else\n    factor = 1.0;\n  #endif\n}\n#if !CC_USE_ACCURATE_FOG\nout float v_fog_factor;\n#endif\nvoid CC_TRANSFER_FOG(vec4 pos) {\n#if !CC_USE_ACCURATE_FOG\n    CC_TRANSFER_FOG_BASE(pos, v_fog_factor);\n#endif\n}\n#if USE_VERTEX_COLOR\n  in lowp vec4 a_color;\n  out lowp vec4 v_color;\n#endif\n#if USE_TEXTURE\n  out vec2 v_uv;\n  layout(std140) uniform TexCoords {\n    vec4 tilingOffset;\n  };\n#endif\nvec4 vert () {\n  vec4 position;\n      position = vec4(a_position, 1.0);\n    #if CC_USE_MORPH\n      applyMorph(position);\n    #endif\n    #if CC_USE_SKINNING\n      CCSkin(position);\n    #endif\n  mat4 matWorld;\n    #if USE_INSTANCING\n      matWorld = mat4(\n        vec4(a_matWorld0.xyz, 0.0),\n        vec4(a_matWorld1.xyz, 0.0),\n        vec4(a_matWorld2.xyz, 0.0),\n        vec4(a_matWorld0.w, a_matWorld1.w, a_matWorld2.w, 1.0)\n      );\n    #elif USE_BATCHING\n      matWorld = cc_matWorlds[int(a_dyn_batch_id)];\n    #else\n      matWorld = cc_matWorld;\n    #endif\n  #if USE_TEXTURE\n    v_uv = a_texCoord * tilingOffset.xy + tilingOffset.zw;\n    #if SAMPLE_FROM_RT\n      v_uv = cc_cameraPos.w > 1.0 ? vec2(v_uv.x, 1.0 - v_uv.y) : v_uv;\n    #endif\n  #endif\n  #if USE_VERTEX_COLOR\n    v_color = a_color;\n  #endif\n  CC_TRANSFER_FOG(matWorld * position);\n  return cc_matProj * (cc_matView * matWorld) * position;\n}\nvoid main() { gl_Position = vert(); }","frag":"\nprecision highp float;\nvec3 ACESToneMap (vec3 color) {\n  color = min(color, vec3(8.0));\n  const float A = 2.51;\n  const float B = 0.03;\n  const float C = 2.43;\n  const float D = 0.59;\n  const float E = 0.14;\n  return (color * (A * color + B)) / (color * (C * color + D) + E);\n}\nvec3 SRGBToLinear (vec3 gamma) {\n  return gamma * gamma;\n}\nvec4 CCFragOutput (vec4 color) {\n  #if CC_USE_HDR\n    color.rgb = ACESToneMap(color.rgb);\n  #endif\n  color.rgb = sqrt(color.rgb);\n  return color;\n}\nlayout(std140) uniform CCGlobal {\n  highp   vec4 cc_time;\n  mediump vec4 cc_screenSize;\n  mediump vec4 cc_nativeSize;\n};\nlayout(std140) uniform CCCamera {\n  highp   mat4 cc_matView;\n  highp   mat4 cc_matViewInv;\n  highp   mat4 cc_matProj;\n  highp   mat4 cc_matProjInv;\n  highp   mat4 cc_matViewProj;\n  highp   mat4 cc_matViewProjInv;\n  highp   vec4 cc_cameraPos;\n  mediump vec4 cc_screenScale;\n  mediump vec4 cc_exposure;\n  mediump vec4 cc_mainLitDir;\n  mediump vec4 cc_mainLitColor;\n  mediump vec4 cc_ambientSky;\n  mediump vec4 cc_ambientGround;\n  mediump vec4 cc_fogColor;\n  mediump vec4 cc_fogBase;\n  mediump vec4 cc_fogAdd;\n  mediump vec4 cc_nearFar;\n  mediump vec4 cc_viewPort;\n};\nfloat LinearFog(vec4 pos) {\n  vec4 wPos = pos;\n  float cam_dis = distance(cc_cameraPos, wPos);\n  float fogStart = cc_fogBase.x;\n  float fogEnd = cc_fogBase.y;\n  return clamp((fogEnd - cam_dis) / (fogEnd - fogStart), 0., 1.);\n}\nfloat ExpFog(vec4 pos) {\n  vec4 wPos = pos;\n  float fogAtten = cc_fogAdd.z;\n  float fogStart = cc_fogBase.x;\n  float fogDensity = cc_fogBase.z;\n  float cam_dis = max(distance(cc_cameraPos, wPos) - fogStart, 0.0) / fogAtten * 4.;\n  float f = exp(-cam_dis * fogDensity);\n  return f;\n}\nfloat ExpSquaredFog(vec4 pos) {\n  vec4 wPos = pos;\n  float fogAtten = cc_fogAdd.z;\n  float fogStart = cc_fogBase.x;\n  float fogDensity = cc_fogBase.z;\n  float cam_dis = max(distance(cc_cameraPos, wPos) - fogStart, 0.0) / fogAtten * 4.;\n  float f = exp(-cam_dis * cam_dis * fogDensity * fogDensity);\n  return f;\n}\nfloat LayeredFog(vec4 pos) {\n  vec4 wPos = pos;\n  float fogAtten = cc_fogAdd.z;\n  float _FogTop = cc_fogAdd.x;\n  float _FogRange = cc_fogAdd.y;\n  vec3 camWorldProj = cc_cameraPos.xyz;\n  camWorldProj.y = 0.;\n  vec3 worldPosProj = wPos.xyz;\n  worldPosProj.y = 0.;\n  float fDeltaD = distance(worldPosProj, camWorldProj) / fogAtten * 2.0;\n  float fDeltaY, fDensityIntegral;\n  if (cc_cameraPos.y > _FogTop) {\n    if (wPos.y < _FogTop) {\n      fDeltaY = (_FogTop - wPos.y) / _FogRange * 2.0;\n      fDensityIntegral = fDeltaY * fDeltaY * 0.5;\n    } else {\n      fDeltaY = 0.;\n      fDensityIntegral = 0.;\n    }\n  } else {\n    if (wPos.y < _FogTop) {\n      float fDeltaA = (_FogTop - cc_cameraPos.y) / _FogRange * 2.;\n      float fDeltaB = (_FogTop - wPos.y) / _FogRange * 2.;\n      fDeltaY = abs(fDeltaA - fDeltaB);\n      fDensityIntegral = abs((fDeltaA * fDeltaA * 0.5) - (fDeltaB * fDeltaB * 0.5));\n    } else {\n      fDeltaY = abs(_FogTop - cc_cameraPos.y) / _FogRange * 2.;\n      fDensityIntegral = abs(fDeltaY * fDeltaY * 0.5);\n    }\n  }\n  float fDensity;\n  if (fDeltaY != 0.) {\n    fDensity = (sqrt(1.0 + ((fDeltaD / fDeltaY) * (fDeltaD / fDeltaY)))) * fDensityIntegral;\n  } else {\n    fDensity = 0.;\n  }\n  float f = exp(-fDensity);\n  return f;\n}\nvoid CC_TRANSFER_FOG_BASE(vec4 pos, out float factor)\n{\n  #if CC_USE_FOG == 0\n\tfactor = LinearFog(pos);\n  #elif CC_USE_FOG == 1\n    factor = ExpFog(pos);\n  #elif CC_USE_FOG == 2\n    factor = ExpSquaredFog(pos);\n  #elif CC_USE_FOG == 3\n    factor = LayeredFog(pos);\n  #else\n    factor = 1.0;\n  #endif\n}\nvoid CC_APPLY_FOG_BASE(inout vec4 color, float factor) {\n  color = vec4(mix(cc_fogColor.rgb, color.rgb, factor), color.a);\n}\n#if !CC_USE_ACCURATE_FOG\nin float v_fog_factor;\n#endif\nvoid CC_APPLY_FOG(inout vec4 color) {\n#if !CC_USE_ACCURATE_FOG\n    CC_APPLY_FOG_BASE(color, v_fog_factor);\n#endif\n}\nvoid CC_APPLY_FOG(inout vec4 color, vec3 worldPos) {\n#if CC_USE_ACCURATE_FOG\n    float factor;\n    CC_TRANSFER_FOG_BASE(vec4(worldPos, 1.0), factor);\n#else\n    float factor = v_fog_factor;\n#endif\n    CC_APPLY_FOG_BASE(color, factor);\n}\n#if USE_ALPHA_TEST\n#endif\n#if USE_TEXTURE\n  in vec2 v_uv;\n  uniform sampler2D mainTexture;\n#endif\nlayout(std140) uniform Constant {\n  vec4 mainColor;\n  vec4 colorScaleAndCutoff;\n};\n#if USE_VERTEX_COLOR\n  in lowp vec4 v_color;\n#endif\nvec4 frag () {\n  vec4 o = mainColor;\n  o.rgb *= colorScaleAndCutoff.xyz;\n  #if USE_VERTEX_COLOR\n    o.rgb *= SRGBToLinear(v_color.rgb);\n    o.a *= v_color.a;\n  #endif\n  #if USE_TEXTURE\n    vec4 texColor = texture(mainTexture, v_uv);\n    texColor.rgb = SRGBToLinear(texColor.rgb);\n    o *= texColor;\n  #endif\n  #if USE_ALPHA_TEST\n    if (o.ALPHA_TEST_CHANNEL < colorScaleAndCutoff.w) discard;\n  #endif\n  CC_APPLY_FOG(o);\n  return CCFragOutput(o);\n}\nlayout(location = 0) out vec4 cc_FragColor;\nvoid main() { cc_FragColor = frag(); }"},"glsl1":{"vert":"\nprecision highp float;\nhighp float decode32 (highp vec4 rgba) {\n  rgba = rgba * 255.0;\n  highp float Sign = 1.0 - (step(128.0, (rgba[3]) + 0.5)) * 2.0;\n  highp float Exponent = 2.0 * (mod(float(int((rgba[3]) + 0.5)), 128.0)) + (step(128.0, (rgba[2]) + 0.5)) - 127.0;\n  highp float Mantissa = (mod(float(int((rgba[2]) + 0.5)), 128.0)) * 65536.0 + rgba[1] * 256.0 + rgba[0] + 8388608.0;\n  return Sign * exp2(Exponent - 23.0) * Mantissa;\n}\nstruct StandardVertInput {\n  highp vec4 position;\n  vec3 normal;\n  vec4 tangent;\n};\nattribute vec3 a_position;\nattribute vec3 a_normal;\nattribute vec2 a_texCoord;\nattribute vec4 a_tangent;\n#if CC_USE_MORPH\n    attribute float a_vertexId;\n    int getVertexId() {\n      return int(a_vertexId);\n    }\n  uniform vec4 cc_displacementWeights[15];\n  uniform vec4 cc_displacementTextureInfo;\n  vec2 getPixelLocation(vec2 textureResolution, int pixelIndex) {\n    float pixelIndexF = float(pixelIndex);\n    float x = mod(pixelIndexF, textureResolution.x);\n    float y = floor(pixelIndexF / textureResolution.x);\n    return vec2(x, y);\n  }\n  vec2 getPixelCoordFromLocation(vec2 location, vec2 textureResolution) {\n    return (vec2(location.x, location.y) + .5) / textureResolution;\n  }\n  #if CC_DEVICE_SUPPORT_FLOAT_TEXTURE\n      vec4 fetchVec3ArrayFromTexture(sampler2D tex, int elementIndex) {\n        int pixelIndex = elementIndex;\n        vec2 location = getPixelLocation(cc_displacementTextureInfo.xy, pixelIndex);\n        vec2 uv = getPixelCoordFromLocation(location, cc_displacementTextureInfo.xy);\n        return texture2D(tex, uv);\n      }\n  #else\n    vec4 fetchVec3ArrayFromTexture(sampler2D tex, int elementIndex) {\n      int pixelIndex = elementIndex * 4;\n      vec2 location = getPixelLocation(cc_displacementTextureInfo.xy, pixelIndex);\n      vec2 x = getPixelCoordFromLocation(location + vec2(0.0, 0.0), cc_displacementTextureInfo.xy);\n      vec2 y = getPixelCoordFromLocation(location + vec2(1.0, 0.0), cc_displacementTextureInfo.xy);\n      vec2 z = getPixelCoordFromLocation(location + vec2(2.0, 0.0), cc_displacementTextureInfo.xy);\n      return vec4(\n        decode32(texture2D(tex, x)),\n        decode32(texture2D(tex, y)),\n        decode32(texture2D(tex, z)),\n        1.0\n      );\n    }\n  #endif\n  float getDisplacementWeight(int index) {\n    int quot = index / 4;\n    int remainder = index - quot * 4;\n    if (remainder == 0) {\n      return cc_displacementWeights[quot].x;\n    } else if (remainder == 1) {\n      return cc_displacementWeights[quot].y;\n    } else if (remainder == 2) {\n      return cc_displacementWeights[quot].z;\n    } else {\n      return cc_displacementWeights[quot].w;\n    }\n  }\n  vec3 getVec3DisplacementFromTexture(sampler2D tex, int vertexIndex) {\n  #if CC_MORPH_PRECOMPUTED\n    return fetchVec3ArrayFromTexture(tex, vertexIndex).rgb;\n  #else\n    vec3 result = vec3(0, 0, 0);\n    int nVertices = int(cc_displacementTextureInfo.z);\n    for (int iTarget = 0; iTarget < CC_MORPH_TARGET_COUNT; ++iTarget) {\n      result += (fetchVec3ArrayFromTexture(tex, nVertices * iTarget + vertexIndex).rgb * getDisplacementWeight(iTarget));\n    }\n    return result;\n  #endif\n  }\n  #if CC_MORPH_TARGET_HAS_POSITION\n    uniform sampler2D cc_PositionDisplacements;\n    vec3 getPositionDisplacement(int vertexId) {\n      return getVec3DisplacementFromTexture(cc_PositionDisplacements, vertexId);\n    }\n  #endif\n  #if CC_MORPH_TARGET_HAS_NORMAL\n    uniform sampler2D cc_NormalDisplacements;\n    vec3 getNormalDisplacement(int vertexId) {\n      return getVec3DisplacementFromTexture(cc_NormalDisplacements, vertexId);\n    }\n  #endif\n  #if CC_MORPH_TARGET_HAS_TANGENT\n    uniform sampler2D cc_TangentDisplacements;\n    vec3 getTangentDisplacement(int vertexId) {\n      return getVec3DisplacementFromTexture(cc_TangentDisplacements, vertexId);\n    }\n  #endif\n  void applyMorph (inout StandardVertInput attr) {\n    int vertexId = getVertexId();\n  #if CC_MORPH_TARGET_HAS_POSITION\n    attr.position.xyz = attr.position.xyz + getPositionDisplacement(vertexId);\n  #endif\n  #if CC_MORPH_TARGET_HAS_NORMAL\n    attr.normal.xyz = attr.normal.xyz + getNormalDisplacement(vertexId);\n  #endif\n  #if CC_MORPH_TARGET_HAS_TANGENT\n    attr.tangent.xyz = attr.tangent.xyz + getTangentDisplacement(vertexId);\n  #endif\n  }\n  void applyMorph (inout vec4 position) {\n  #if CC_MORPH_TARGET_HAS_POSITION\n    position.xyz = position.xyz + getPositionDisplacement(getVertexId());\n  #endif\n  }\n#endif\n#if CC_USE_SKINNING\n    attribute vec4 a_joints;\n  attribute vec4 a_weights;\n  #if CC_USE_BAKED_ANIMATION\n    #if USE_INSTANCING\n      attribute highp vec4 a_jointAnimInfo;\n    #endif\n    uniform highp vec4 cc_jointTextureInfo;\n    uniform highp vec4 cc_jointAnimInfo;\n    uniform highp sampler2D cc_jointTexture;\n      #else\n    uniform highp vec4 cc_joints[90];\n  #endif\n  #if CC_USE_BAKED_ANIMATION\n    #if CC_DEVICE_SUPPORT_FLOAT_TEXTURE\n      mat4 getJointMatrix (float i) {\n              #if USE_INSTANCING\n                highp float j = 3.0 * (a_jointAnimInfo.x * a_jointAnimInfo.y + i) + a_jointAnimInfo.z;\n              #else\n                highp float j = 3.0 * (cc_jointAnimInfo.x * cc_jointTextureInfo.y + i) + cc_jointTextureInfo.z;\n              #endif\n              highp float invSize = cc_jointTextureInfo.w;\n              highp float y = floor(j * invSize);\n              highp float x = floor(j - y * cc_jointTextureInfo.x);\n              y = (y + 0.5) * invSize;\n        vec4 v1 = texture2D(cc_jointTexture, vec2((x + 0.5) * invSize, y));\n        vec4 v2 = texture2D(cc_jointTexture, vec2((x + 1.5) * invSize, y));\n        vec4 v3 = texture2D(cc_jointTexture, vec2((x + 2.5) * invSize, y));\n        return mat4(vec4(v1.xyz, 0.0), vec4(v2.xyz, 0.0), vec4(v3.xyz, 0.0), vec4(v1.w, v2.w, v3.w, 1.0));\n      }\n    #else\n      mat4 getJointMatrix (float i) {\n              #if USE_INSTANCING\n                highp float j = 12.0 * (a_jointAnimInfo.x * a_jointAnimInfo.y + i) + a_jointAnimInfo.z;\n              #else\n                highp float j = 12.0 * (cc_jointAnimInfo.x * cc_jointTextureInfo.y + i) + cc_jointTextureInfo.z;\n              #endif\n              highp float invSize = cc_jointTextureInfo.w;\n              highp float y = floor(j * invSize);\n              highp float x = floor(j - y * cc_jointTextureInfo.x);\n              y = (y + 0.5) * invSize;\n        vec4 v1 = vec4(\n          decode32(texture2D(cc_jointTexture, vec2((x + 0.5) * invSize, y))),\n          decode32(texture2D(cc_jointTexture, vec2((x + 1.5) * invSize, y))),\n          decode32(texture2D(cc_jointTexture, vec2((x + 2.5) * invSize, y))),\n          decode32(texture2D(cc_jointTexture, vec2((x + 3.5) * invSize, y)))\n        );\n        vec4 v2 = vec4(\n          decode32(texture2D(cc_jointTexture, vec2((x + 4.5) * invSize, y))),\n          decode32(texture2D(cc_jointTexture, vec2((x + 5.5) * invSize, y))),\n          decode32(texture2D(cc_jointTexture, vec2((x + 6.5) * invSize, y))),\n          decode32(texture2D(cc_jointTexture, vec2((x + 7.5) * invSize, y)))\n        );\n        vec4 v3 = vec4(\n          decode32(texture2D(cc_jointTexture, vec2((x + 8.5) * invSize, y))),\n          decode32(texture2D(cc_jointTexture, vec2((x + 9.5) * invSize, y))),\n          decode32(texture2D(cc_jointTexture, vec2((x + 10.5) * invSize, y))),\n          decode32(texture2D(cc_jointTexture, vec2((x + 11.5) * invSize, y)))\n        );\n        return mat4(vec4(v1.xyz, 0.0), vec4(v2.xyz, 0.0), vec4(v3.xyz, 0.0), vec4(v1.w, v2.w, v3.w, 1.0));\n      }\n    #endif\n  #else\n    mat4 getJointMatrix (float i) {\n      int idx = int(i);\n      vec4 v1 = cc_joints[idx * 3];\n      vec4 v2 = cc_joints[idx * 3 + 1];\n      vec4 v3 = cc_joints[idx * 3 + 2];\n      return mat4(vec4(v1.xyz, 0.0), vec4(v2.xyz, 0.0), vec4(v3.xyz, 0.0), vec4(v1.w, v2.w, v3.w, 1.0));\n    }\n  #endif\n  mat4 skinMatrix () {\n    vec4 joints = vec4(a_joints);\n    return getJointMatrix(joints.x) * a_weights.x\n         + getJointMatrix(joints.y) * a_weights.y\n         + getJointMatrix(joints.z) * a_weights.z\n         + getJointMatrix(joints.w) * a_weights.w;\n  }\n  void CCSkin (inout vec4 position) {\n    mat4 m = skinMatrix();\n    position = m * position;\n  }\n  void CCSkin (inout StandardVertInput attr) {\n    mat4 m = skinMatrix();\n    attr.position = m * attr.position;\n    attr.normal = (m * vec4(attr.normal, 0.0)).xyz;\n    attr.tangent.xyz = (m * vec4(attr.tangent.xyz, 0.0)).xyz;\n  }\n#endif\nuniform highp mat4 cc_matView;\n  uniform highp mat4 cc_matProj;\n  uniform highp vec4 cc_cameraPos;\n  uniform mediump vec4 cc_fogBase;\n  uniform mediump vec4 cc_fogAdd;\n#if USE_INSTANCING\n  attribute vec4 a_matWorld0;\n  attribute vec4 a_matWorld1;\n  attribute vec4 a_matWorld2;\n  #if USE_LIGHTMAP\n    attribute vec4 a_lightingMapUVParam;\n  #endif\n#elif USE_BATCHING\n  attribute float a_dyn_batch_id;\n  uniform highp mat4 cc_matWorlds[10];\n#else\n  uniform highp mat4 cc_matWorld;\n#endif\nfloat LinearFog(vec4 pos) {\n  vec4 wPos = pos;\n  float cam_dis = distance(cc_cameraPos, wPos);\n  float fogStart = cc_fogBase.x;\n  float fogEnd = cc_fogBase.y;\n  return clamp((fogEnd - cam_dis) / (fogEnd - fogStart), 0., 1.);\n}\nfloat ExpFog(vec4 pos) {\n  vec4 wPos = pos;\n  float fogAtten = cc_fogAdd.z;\n  float fogStart = cc_fogBase.x;\n  float fogDensity = cc_fogBase.z;\n  float cam_dis = max(distance(cc_cameraPos, wPos) - fogStart, 0.0) / fogAtten * 4.;\n  float f = exp(-cam_dis * fogDensity);\n  return f;\n}\nfloat ExpSquaredFog(vec4 pos) {\n  vec4 wPos = pos;\n  float fogAtten = cc_fogAdd.z;\n  float fogStart = cc_fogBase.x;\n  float fogDensity = cc_fogBase.z;\n  float cam_dis = max(distance(cc_cameraPos, wPos) - fogStart, 0.0) / fogAtten * 4.;\n  float f = exp(-cam_dis * cam_dis * fogDensity * fogDensity);\n  return f;\n}\nfloat LayeredFog(vec4 pos) {\n  vec4 wPos = pos;\n  float fogAtten = cc_fogAdd.z;\n  float _FogTop = cc_fogAdd.x;\n  float _FogRange = cc_fogAdd.y;\n  vec3 camWorldProj = cc_cameraPos.xyz;\n  camWorldProj.y = 0.;\n  vec3 worldPosProj = wPos.xyz;\n  worldPosProj.y = 0.;\n  float fDeltaD = distance(worldPosProj, camWorldProj) / fogAtten * 2.0;\n  float fDeltaY, fDensityIntegral;\n  if (cc_cameraPos.y > _FogTop) {\n    if (wPos.y < _FogTop) {\n      fDeltaY = (_FogTop - wPos.y) / _FogRange * 2.0;\n      fDensityIntegral = fDeltaY * fDeltaY * 0.5;\n    } else {\n      fDeltaY = 0.;\n      fDensityIntegral = 0.;\n    }\n  } else {\n    if (wPos.y < _FogTop) {\n      float fDeltaA = (_FogTop - cc_cameraPos.y) / _FogRange * 2.;\n      float fDeltaB = (_FogTop - wPos.y) / _FogRange * 2.;\n      fDeltaY = abs(fDeltaA - fDeltaB);\n      fDensityIntegral = abs((fDeltaA * fDeltaA * 0.5) - (fDeltaB * fDeltaB * 0.5));\n    } else {\n      fDeltaY = abs(_FogTop - cc_cameraPos.y) / _FogRange * 2.;\n      fDensityIntegral = abs(fDeltaY * fDeltaY * 0.5);\n    }\n  }\n  float fDensity;\n  if (fDeltaY != 0.) {\n    fDensity = (sqrt(1.0 + ((fDeltaD / fDeltaY) * (fDeltaD / fDeltaY)))) * fDensityIntegral;\n  } else {\n    fDensity = 0.;\n  }\n  float f = exp(-fDensity);\n  return f;\n}\nvoid CC_TRANSFER_FOG_BASE(vec4 pos, out float factor)\n{\n  #if CC_USE_FOG == 0\n\tfactor = LinearFog(pos);\n  #elif CC_USE_FOG == 1\n    factor = ExpFog(pos);\n  #elif CC_USE_FOG == 2\n    factor = ExpSquaredFog(pos);\n  #elif CC_USE_FOG == 3\n    factor = LayeredFog(pos);\n  #else\n    factor = 1.0;\n  #endif\n}\n#if !CC_USE_ACCURATE_FOG\nvarying float v_fog_factor;\n#endif\nvoid CC_TRANSFER_FOG(vec4 pos) {\n#if !CC_USE_ACCURATE_FOG\n    CC_TRANSFER_FOG_BASE(pos, v_fog_factor);\n#endif\n}\n#if USE_VERTEX_COLOR\n  attribute lowp vec4 a_color;\n  varying lowp vec4 v_color;\n#endif\n#if USE_TEXTURE\n  varying vec2 v_uv;\n      uniform vec4 tilingOffset;\n#endif\nvec4 vert () {\n  vec4 position;\n      position = vec4(a_position, 1.0);\n    #if CC_USE_MORPH\n      applyMorph(position);\n    #endif\n    #if CC_USE_SKINNING\n      CCSkin(position);\n    #endif\n  mat4 matWorld;\n    #if USE_INSTANCING\n      matWorld = mat4(\n        vec4(a_matWorld0.xyz, 0.0),\n        vec4(a_matWorld1.xyz, 0.0),\n        vec4(a_matWorld2.xyz, 0.0),\n        vec4(a_matWorld0.w, a_matWorld1.w, a_matWorld2.w, 1.0)\n      );\n    #elif USE_BATCHING\n      matWorld = cc_matWorlds[int(a_dyn_batch_id)];\n    #else\n      matWorld = cc_matWorld;\n    #endif\n  #if USE_TEXTURE\n    v_uv = a_texCoord * tilingOffset.xy + tilingOffset.zw;\n    #if SAMPLE_FROM_RT\n      v_uv = cc_cameraPos.w > 1.0 ? vec2(v_uv.x, 1.0 - v_uv.y) : v_uv;\n    #endif\n  #endif\n  #if USE_VERTEX_COLOR\n    v_color = a_color;\n  #endif\n  CC_TRANSFER_FOG(matWorld * position);\n  return cc_matProj * (cc_matView * matWorld) * position;\n}\nvoid main() { gl_Position = vert(); }","frag":"\nprecision highp float;\nvec3 ACESToneMap (vec3 color) {\n  color = min(color, vec3(8.0));\n  const float A = 2.51;\n  const float B = 0.03;\n  const float C = 2.43;\n  const float D = 0.59;\n  const float E = 0.14;\n  return (color * (A * color + B)) / (color * (C * color + D) + E);\n}\nvec3 SRGBToLinear (vec3 gamma) {\n  return gamma * gamma;\n}\nvec4 CCFragOutput (vec4 color) {\n  #if CC_USE_HDR\n    color.rgb = ACESToneMap(color.rgb);\n  #endif\n  color.rgb = sqrt(color.rgb);\n  return color;\n}\nuniform highp vec4 cc_cameraPos;\n  uniform mediump vec4 cc_fogColor;\n  uniform mediump vec4 cc_fogBase;\n  uniform mediump vec4 cc_fogAdd;\nfloat LinearFog(vec4 pos) {\n  vec4 wPos = pos;\n  float cam_dis = distance(cc_cameraPos, wPos);\n  float fogStart = cc_fogBase.x;\n  float fogEnd = cc_fogBase.y;\n  return clamp((fogEnd - cam_dis) / (fogEnd - fogStart), 0., 1.);\n}\nfloat ExpFog(vec4 pos) {\n  vec4 wPos = pos;\n  float fogAtten = cc_fogAdd.z;\n  float fogStart = cc_fogBase.x;\n  float fogDensity = cc_fogBase.z;\n  float cam_dis = max(distance(cc_cameraPos, wPos) - fogStart, 0.0) / fogAtten * 4.;\n  float f = exp(-cam_dis * fogDensity);\n  return f;\n}\nfloat ExpSquaredFog(vec4 pos) {\n  vec4 wPos = pos;\n  float fogAtten = cc_fogAdd.z;\n  float fogStart = cc_fogBase.x;\n  float fogDensity = cc_fogBase.z;\n  float cam_dis = max(distance(cc_cameraPos, wPos) - fogStart, 0.0) / fogAtten * 4.;\n  float f = exp(-cam_dis * cam_dis * fogDensity * fogDensity);\n  return f;\n}\nfloat LayeredFog(vec4 pos) {\n  vec4 wPos = pos;\n  float fogAtten = cc_fogAdd.z;\n  float _FogTop = cc_fogAdd.x;\n  float _FogRange = cc_fogAdd.y;\n  vec3 camWorldProj = cc_cameraPos.xyz;\n  camWorldProj.y = 0.;\n  vec3 worldPosProj = wPos.xyz;\n  worldPosProj.y = 0.;\n  float fDeltaD = distance(worldPosProj, camWorldProj) / fogAtten * 2.0;\n  float fDeltaY, fDensityIntegral;\n  if (cc_cameraPos.y > _FogTop) {\n    if (wPos.y < _FogTop) {\n      fDeltaY = (_FogTop - wPos.y) / _FogRange * 2.0;\n      fDensityIntegral = fDeltaY * fDeltaY * 0.5;\n    } else {\n      fDeltaY = 0.;\n      fDensityIntegral = 0.;\n    }\n  } else {\n    if (wPos.y < _FogTop) {\n      float fDeltaA = (_FogTop - cc_cameraPos.y) / _FogRange * 2.;\n      float fDeltaB = (_FogTop - wPos.y) / _FogRange * 2.;\n      fDeltaY = abs(fDeltaA - fDeltaB);\n      fDensityIntegral = abs((fDeltaA * fDeltaA * 0.5) - (fDeltaB * fDeltaB * 0.5));\n    } else {\n      fDeltaY = abs(_FogTop - cc_cameraPos.y) / _FogRange * 2.;\n      fDensityIntegral = abs(fDeltaY * fDeltaY * 0.5);\n    }\n  }\n  float fDensity;\n  if (fDeltaY != 0.) {\n    fDensity = (sqrt(1.0 + ((fDeltaD / fDeltaY) * (fDeltaD / fDeltaY)))) * fDensityIntegral;\n  } else {\n    fDensity = 0.;\n  }\n  float f = exp(-fDensity);\n  return f;\n}\nvoid CC_TRANSFER_FOG_BASE(vec4 pos, out float factor)\n{\n  #if CC_USE_FOG == 0\n\tfactor = LinearFog(pos);\n  #elif CC_USE_FOG == 1\n    factor = ExpFog(pos);\n  #elif CC_USE_FOG == 2\n    factor = ExpSquaredFog(pos);\n  #elif CC_USE_FOG == 3\n    factor = LayeredFog(pos);\n  #else\n    factor = 1.0;\n  #endif\n}\nvoid CC_APPLY_FOG_BASE(inout vec4 color, float factor) {\n  color = vec4(mix(cc_fogColor.rgb, color.rgb, factor), color.a);\n}\n#if !CC_USE_ACCURATE_FOG\nvarying float v_fog_factor;\n#endif\nvoid CC_APPLY_FOG(inout vec4 color) {\n#if !CC_USE_ACCURATE_FOG\n    CC_APPLY_FOG_BASE(color, v_fog_factor);\n#endif\n}\nvoid CC_APPLY_FOG(inout vec4 color, vec3 worldPos) {\n#if CC_USE_ACCURATE_FOG\n    float factor;\n    CC_TRANSFER_FOG_BASE(vec4(worldPos, 1.0), factor);\n#else\n    float factor = v_fog_factor;\n#endif\n    CC_APPLY_FOG_BASE(color, factor);\n}\n#if USE_ALPHA_TEST\n#endif\n#if USE_TEXTURE\n  varying vec2 v_uv;\n  uniform sampler2D mainTexture;\n#endif\n   uniform vec4 mainColor;\n   uniform vec4 colorScaleAndCutoff;\n#if USE_VERTEX_COLOR\n  varying lowp vec4 v_color;\n#endif\nvec4 frag () {\n  vec4 o = mainColor;\n  o.rgb *= colorScaleAndCutoff.xyz;\n  #if USE_VERTEX_COLOR\n    o.rgb *= SRGBToLinear(v_color.rgb);\n    o.a *= v_color.a;\n  #endif\n  #if USE_TEXTURE\n    vec4 texColor = texture2D(mainTexture, v_uv);\n    texColor.rgb = SRGBToLinear(texColor.rgb);\n    o *= texColor;\n  #endif\n  #if USE_ALPHA_TEST\n    if (o.ALPHA_TEST_CHANNEL < colorScaleAndCutoff.w) discard;\n  #endif\n  CC_APPLY_FOG(o);\n  return CCFragOutput(o);\n}\nvoid main() { gl_FragColor = frag(); }"},"builtins":{"globals":{"blocks":[{"name":"CCGlobal","defines":[]},{"name":"CCCamera","defines":[]}],"samplerTextures":[],"buffers":[],"images":[]},"locals":{"blocks":[{"name":"CCMorph","defines":["CC_USE_MORPH"]},{"name":"CCSkinningTexture","defines":["CC_USE_SKINNING","CC_USE_BAKED_ANIMATION"]},{"name":"CCSkinningAnimation","defines":["CC_USE_SKINNING","CC_USE_BAKED_ANIMATION"]},{"name":"CCSkinning","defines":["CC_USE_SKINNING","!CC_USE_BAKED_ANIMATION"]},{"name":"CCLocalBatched","defines":["!USE_INSTANCING","USE_BATCHING"]},{"name":"CCLocal","defines":["!USE_INSTANCING","!USE_BATCHING"]}],"samplerTextures":[{"name":"cc_PositionDisplacements","defines":["CC_USE_MORPH","CC_MORPH_TARGET_HAS_POSITION"]},{"name":"cc_NormalDisplacements","defines":["CC_USE_MORPH","CC_MORPH_TARGET_HAS_NORMAL"]},{"name":"cc_TangentDisplacements","defines":["CC_USE_MORPH","CC_MORPH_TARGET_HAS_TANGENT"]},{"name":"cc_jointTexture","defines":["CC_USE_SKINNING","CC_USE_BAKED_ANIMATION"]}],"buffers":[],"images":[]},"statistics":{"CC_EFFECT_USED_VERTEX_UNIFORM_VECTORS":197,"CC_EFFECT_USED_FRAGMENT_UNIFORM_VECTORS":41}},"defines":[{"name":"CC_USE_MORPH","type":"boolean","defines":[]},{"name":"CC_MORPH_TARGET_COUNT","type":"number","defines":["CC_USE_MORPH"],"range":[2,8]},{"name":"CC_MORPH_PRECOMPUTED","type":"boolean","defines":["CC_USE_MORPH"]},{"name":"CC_MORPH_TARGET_HAS_POSITION","type":"boolean","defines":["CC_USE_MORPH"]},{"name":"CC_MORPH_TARGET_HAS_NORMAL","type":"boolean","defines":["CC_USE_MORPH"]},{"name":"CC_MORPH_TARGET_HAS_TANGENT","type":"boolean","defines":["CC_USE_MORPH"]},{"name":"CC_USE_SKINNING","type":"boolean","defines":[]},{"name":"CC_USE_BAKED_ANIMATION","type":"boolean","defines":["CC_USE_SKINNING"]},{"name":"USE_INSTANCING","type":"boolean","defines":[],"editor":{"elevated":true}},{"name":"USE_BATCHING","type":"boolean","defines":["!USE_INSTANCING"],"editor":{"elevated":true}},{"name":"USE_LIGHTMAP","type":"boolean","defines":["USE_INSTANCING"]},{"name":"CC_USE_FOG","type":"number","defines":[],"range":[0,4]},{"name":"CC_USE_ACCURATE_FOG","type":"boolean","defines":[]},{"name":"USE_VERTEX_COLOR","type":"boolean","defines":[]},{"name":"USE_TEXTURE","type":"boolean","defines":[]},{"name":"SAMPLE_FROM_RT","type":"boolean","defines":["USE_TEXTURE"]},{"name":"CC_USE_HDR","type":"boolean","defines":[]},{"name":"USE_ALPHA_TEST","type":"boolean","defines":[]},{"name":"ALPHA_TEST_CHANNEL","type":"string","defines":["USE_ALPHA_TEST"],"options":["a","r","g","b"]}]}],[{"name":"opaque","passes":[{"program":"builtin-unlit|unlit-vs:vert|unlit-fs:frag","properties":{"mainTexture":{"value":"grey","type":28},"tilingOffset":{"type":16,"value":[1,1,0,0]},"mainColor":{"linear":true,"type":16,"value":[1,1,1,1],"editor":{"type":"color"}},"colorScale":{"type":15,"value":[1,1,1],"handleInfo":["colorScaleAndCutoff",0,15]},"alphaThreshold":{"type":13,"value":[0.5],"editor":{"parent":"USE_ALPHA_TEST"},"handleInfo":["colorScaleAndCutoff",3,13]},"color":{"linear":true,"type":16,"editor":{"visible":false},"handleInfo":["mainColor",0,16]},"colorScaleAndCutoff":{"type":16,"editor":{"visible":false,"deprecated":true},"value":[1,1,1,0.5]}},"migrations":{"properties":{"mainColor":{"formerlySerializedAs":"color"}}}}]},{"name":"transparent","passes":[{"program":"builtin-unlit|unlit-vs:vert|unlit-fs:frag","blendState":{"targets":[{"blend":true,"blendSrc":2,"blendDst":4,"blendDstAlpha":4}]},"depthStencilState":{"depthTest":true,"depthWrite":false},"properties":{"mainTexture":{"value":"grey","type":28},"tilingOffset":{"type":16,"value":[1,1,0,0]},"mainColor":{"linear":true,"type":16,"value":[1,1,1,1],"editor":{"type":"color"}},"colorScale":{"type":15,"value":[1,1,1],"handleInfo":["colorScaleAndCutoff",0,15]},"alphaThreshold":{"type":13,"value":[0.5],"editor":{"parent":"USE_ALPHA_TEST"},"handleInfo":["colorScaleAndCutoff",3,13]},"color":{"linear":true,"type":16,"editor":{"visible":false},"handleInfo":["mainColor",0,16]},"colorScaleAndCutoff":{"type":16,"editor":{"visible":false,"deprecated":true},"value":[1,1,1,0.5]}},"migrations":{"properties":{"mainColor":{"formerlySerializedAs":"color"}}}}]},{"name":"add","passes":[{"program":"builtin-unlit|unlit-vs:vert|unlit-fs:frag","rasterizerState":{"cullMode":0},"blendState":{"targets":[{"blend":true,"blendSrc":2,"blendDst":1,"blendSrcAlpha":2,"blendDstAlpha":1}]},"depthStencilState":{"depthTest":true,"depthWrite":false},"properties":{"mainTexture":{"value":"grey","type":28},"tilingOffset":{"type":16,"value":[1,1,0,0]},"mainColor":{"linear":true,"type":16,"value":[1,1,1,1],"editor":{"type":"color"}},"colorScale":{"type":15,"value":[1,1,1],"handleInfo":["colorScaleAndCutoff",0,15]},"alphaThreshold":{"type":13,"value":[0.5],"editor":{"parent":"USE_ALPHA_TEST"},"handleInfo":["colorScaleAndCutoff",3,13]},"color":{"linear":true,"type":16,"editor":{"visible":false},"handleInfo":["mainColor",0,16]},"colorScaleAndCutoff":{"type":16,"editor":{"visible":false,"deprecated":true},"value":[1,1,1,0.5]}},"migrations":{"properties":{"mainColor":{"formerlySerializedAs":"color"}}}}]},{"name":"alpha-blend","passes":[{"program":"builtin-unlit|unlit-vs:vert|unlit-fs:frag","rasterizerState":{"cullMode":0},"blendState":{"targets":[{"blend":true,"blendSrc":2,"blendDst":4,"blendSrcAlpha":2,"blendDstAlpha":4}]},"depthStencilState":{"depthTest":true,"depthWrite":false},"properties":{"mainTexture":{"value":"grey","type":28},"tilingOffset":{"type":16,"value":[1,1,0,0]},"mainColor":{"linear":true,"type":16,"value":[1,1,1,1],"editor":{"type":"color"}},"colorScale":{"type":15,"value":[1,1,1],"handleInfo":["colorScaleAndCutoff",0,15]},"alphaThreshold":{"type":13,"value":[0.5],"editor":{"parent":"USE_ALPHA_TEST"},"handleInfo":["colorScaleAndCutoff",3,13]},"color":{"linear":true,"type":16,"editor":{"visible":false},"handleInfo":["mainColor",0,16]},"colorScaleAndCutoff":{"type":16,"editor":{"visible":false,"deprecated":true},"value":[1,1,1,0.5]}},"migrations":{"properties":{"mainColor":{"formerlySerializedAs":"color"}}}}]}]]],0,0,[],[],[]],[[{"name":"stage clear","rect":{"x":0,"y":0,"width":392,"height":254},"offset":{"x":0,"y":0},"originalSize":{"width":392,"height":254},"rotated":false,"capInsets":[0,0,0,0],"packable":true}],[0],0,[0],[1],[9]],[[{"name":"combo","rect":{"x":1,"y":1,"width":172,"height":44},"offset":{"x":0,"y":0},"originalSize":{"width":174,"height":46},"rotated":false,"capInsets":[0,0,0,0],"packable":true}],[0],0,[0],[1],[10]],[[{"name":"ama","rect":{"x":1,"y":1,"width":241,"height":44},"offset":{"x":0,"y":0},"originalSize":{"width":243,"height":46},"rotated":false,"capInsets":[0,0,0,0],"packable":true}],[0],0,[0],[1],[11]],[[{"name":"good","rect":{"x":1,"y":1,"width":140,"height":44},"offset":{"x":0,"y":0},"originalSize":{"width":142,"height":46},"rotated":false,"capInsets":[0,0,0,0],"packable":true}],[0],0,[0],[1],[12]],[[{"name":"aw","rect":{"x":1,"y":1,"width":230,"height":43},"offset":{"x":0,"y":0.5},"originalSize":{"width":232,"height":46},"rotated":false,"capInsets":[0,0,0,0],"packable":true}],[0],0,[0],[1],[13]],[[[9,"main"],[10,"Canvas",33554432,"26SZ8XXHpLnLStPhyEqfCM",[-8,-9,-10],[[0,-1,[5,640,960]],[19,-3,-2],[20,45,-4],[21,-6,[22,"fb+i1wcwREaIXc9Jcy+Wg+"],[17,18,19],-5,14,15,16,20,21],[23,-7]],[1,320,480,0]],[24,"main",[[-11,1,-12,-13,-14,[11,"pitHolder","8fpOIbo5lLXJ3n3T5NjUC0",-15]],1,1,1,1,1,4],[25,"f43dc201-d674-4067-bfbe-44dad2e11bd8"],[26,[27,20500,0.5208,[2,1,1,1,0.5338539531250001],[2,1,1,1,1]],[28,[4,4283190348]],[29],[30],[31]]],[12,"StageClear",false,33554432,1,[-18,-19],[[0,-16,[5,640,960]],[4,45,640,960,-17]]],[17,"Combo",33554432,1,[[[0,-20,[5,167,43]],[32,-22,[2,3,4,5,6,7,8,9,10,11],-21],-23],4,4,1],[1,0,270,0]],[1,"blackSprite",33554432,3,[[0,-24,[5,640,960]],[33,0,-25,[4,1677721600],12],[4,45,649,960,-26]]],[13,"Background",8388608,"e5UJ/wmYhK441NjYKJBEMe",2,[-27,-28]],[1,"stage clear",33554432,3,[[0,-29,[5,392,254]],[34,-30,13]]],[1,"Quad",8388608,6,[[5,"Quad<ModelComponent>",-31,[0],[6],1]]],[14,"Camera",8388608,6,[[36,"Camera<CameraComponent>",0,0.5,8388608,-32,[4,4280887593]]],[1,0,0,1]],[18,"Camera",1,[-33],[1,0,0,1000]],[37,0,1073741824,480,2000,6,33554432,10,[4,4278190080]],[35,4],[3,"Main Light","c0y6F5f+pAvI805TdmxIjx",2,[[39,true,8500,1.6927083333333335,-34,[40]]],[1,-3.132,3.617,5.425],[3,-0.24999999999999997,-0.24999999999999997,-0.06698729810778066,0.9330127018922194],[1,-30,-30,0]],[3,"Main Camera","c9DMICJLFO5IeO07EPon7U",2,[[38,1,60,4,0.1,6,1822425087,-35]],[1,-5.5,7.300000190734863,0],[3,-0.24184476264797528,-0.6644630243886747,-0.24184476264797522,0.6644630243886748],[1,-40,-90,0]],[15,"arrow",false,2,"f3J2ZzsVBEsJlzi7F64YD6",2,[-36],[1,-1.2999999523162842,0.8999999761581421,0]],[16,"Quad",15,[[5,"Quad<ModelComponent>",-37,[22],[6],23]],[1,0,0,-0.5],[3,-0.7071067811865475,0,0,0.7071067811865476],[1,0.5,1,1],[1,-90,0,0]]],0,[0,0,1,0,7,11,0,0,1,0,0,1,0,8,3,0,0,1,0,0,1,0,-1,10,0,-2,4,0,-3,3,0,-1,6,0,-3,13,0,-4,14,0,-5,15,0,4,2,0,0,3,0,0,3,0,-1,5,0,-2,7,0,0,4,0,9,12,0,0,4,0,-3,12,0,0,5,0,0,5,0,0,5,0,-1,8,0,-2,9,0,0,7,0,0,7,0,0,8,0,0,9,0,-1,11,0,0,13,0,0,14,0,-1,16,0,0,16,0,10,2,1,4,2,37],[0,0,0,0,0,0,0,0,0,0,0,0,0,0,0,0,0,0,0,0,0,0,0,0],[-1,5,-1,-2,-3,-4,-5,-6,-7,-8,-9,-10,6,6,11,12,13,-1,-2,-3,14,15,-1,5],[14,0,15,16,17,18,19,20,21,22,23,24,25,26,27,28,29,30,31,32,33,34,35,0]],[[[2,"1",[{"rasterizerState":{},"depthStencilState":{},"blendState":{"targets":[{}]}},{},{}],[{"USE_ALBEDO_MAP":true},{},{}],[[[{"roughness":1,"metallic":0,"SpecularIntensity":0},"mainTexture",6,0],{},{}],11,0,0]]],0,0,[0,0],[2,3],[36,37]],[[{"name":"singleColor","rect":{"x":0,"y":0,"width":2,"height":2},"offset":{"x":0,"y":0},"originalSize":{"width":2,"height":2},"rotated":false,"capInsets":[0,0,0,0],"packable":true}],[0],0,[0],[1],[38]]]]
