[1,["f8017fa6-4d87-4e23-8ebf-34c942fe254a@6c48a","1baf0fc9-befa-459c-8bdd-af1a450a0319","07cc7013-53a9-4b20-8c89-8bd9d79f76f8","4451fd8c-7289-46c1-906f-4d0e8ef9c962@41ac8","bebc390c-bb36-4449-a828-78f791e1a9b2@6c48a","a5bbc5ac-5103-4ea5-8066-6cd97600e5f2@6c48a"],["node","mainTexture","_effectAsset","root","data","_mesh"],[["cc.Node",["_name","_components","_prefab","_lpos","_children","_parent"],2,9,4,5,2,1],["cc.Material",["_states","_defines","_props"],1,12],["cc.Mesh",["_native","_hash","_struct"],1,11],["cc.Prefab",["_name"],2],["71580NKgklL3r8iOFA5VatK",["node","__prefab","textures"],3,1,4,3],["cc.CompPrefabInfo",["fileId"],2],["cc.PrefabInfo",["fileId","root","asset"],2,1,1],["cc.MeshRenderer",["_name","_shadowCastingMode","node","__prefab","_materials","lightmapSettings","_mesh"],1,1,4,3,4,6],["cc.ModelLightmapSettings",["_receiveShadow"],2]],[[5,0,2],[6,0,1,2,2],[1,0,1,2,3],[2,0,1,2,3],[3,0,2],[0,0,4,1,2,3,2],[0,0,5,1,2,3,2],[4,0,1,2,1],[7,0,1,2,3,4,5,6,3],[8,0,2]],[[[[2,[{"rasterizerState":{},"depthStencilState":{},"blendState":{"targets":[{}]}},{},{}],[{"USE_ALBEDO_MAP":true},{},{}],[[[{},"mainTexture",6,0],{},{}],11,0,0]]],0,0,[0,0],[1,2],[0,1]],[[[3,".bin",1357265443,[{"primitives":[{"primitiveMode":7,"vertexBundelIndices":[0],"indexView":{"offset":4992,"length":624,"count":156,"stride":4}}],"vertexBundles":[{"view":{"offset":0,"length":4992,"count":104,"stride":48},"attributes":[{"name":"a_position","format":32,"isNormalized":false},{"name":"a_normal","format":32,"isNormalized":false},{"name":"a_texCoord","format":21,"isNormalized":false},{"name":"a_tangent","format":44,"isNormalized":false}]}]},"minPosition",8,[1,-0.5,-0.5000000596046448,-0.5],"maxPosition",8,[1,0.5,0.5,0.5000000596046448]]],-1],0,0,[],[],[]],[[[4,"platform"],[5,"platform",[-3],[[7,-2,[0,"49er0aw3dLr7Xikq0oSoTY"],[2,3,4]]],[1,"05sHkTOzVE6JtoOGWA4uGG",-1,0],[1,0,50,0]],[6,"Cube",1,[[8,"Cube<ModelComponent>",1,-4,[0,"72X/0g8gFAAKwj/vR6K0rm"],[0],[9,true],1]],[1,"8cIHKgXM1H2bN/RiItYjmn",1,0],[1,0,0.5,0]]],0,[0,3,1,0,0,1,0,-1,2,0,0,2,0,4,1,4],[0,0,0,0,0],[-1,5,-1,-2,-3],[2,3,4,0,5]]]]
