[1,["815cQxr3ZO+YlPAM4iFbu0","5fvarV7CxK0oKYcd9/73Ld@fe6ae"],["node","root","data","_mesh"],[["cc.Node",["_name","_layer","_components","_prefab","_children","_lpos","_parent","_lrot","_lscale","_euler"],1,9,4,2,5,1,5,5,5],["cc.Mesh",["_native","_hash","_struct"],1,11],["cc.Prefab",["_name"],2],["cb937Hy7iRG4Lmi4bEDP0Xo",["type","node","__prefab"],2,1,4],["cc.CompPrefabInfo",["fileId"],2],["cc.CylinderCollider",["_isTrigger","_radius","_height","node","__prefab","_center"],0,1,4,5],["cc.RigidBody",["_type","node","__prefab"],2,1,4],["cc.PrefabInfo",["fileId","root","asset"],2,1,1],["cc.MeshRenderer",["node","__prefab","_materials","lightmapSettings","_mesh"],3,1,4,3,4,6],["cc.ModelLightmapSettings",[],3]],[[4,0,2],[7,0,1,2,2],[1,0,1,2,3],[2,0,2],[0,0,1,4,2,3,5,3],[0,0,1,6,2,3,7,8,9,3],[3,0,1,2,2],[5,0,1,2,3,4,5,4],[6,0,1,2,2],[8,0,1,2,3,4,1],[9,1]],[[[[2,".bin",781209593,[{"primitives":[{"primitiveMode":7,"vertexBundelIndices":[0],"indexView":{"offset":1152,"length":96,"count":24,"stride":4}}],"vertexBundles":[{"view":{"offset":0,"length":1152,"count":24,"stride":48},"attributes":[{"name":"a_position","format":32,"isNormalized":false},{"name":"a_normal","format":32,"isNormalized":false},{"name":"a_texCoord","format":21,"isNormalized":false},{"name":"a_tangent","format":44,"isNormalized":false}]}]},"minPosition",8,[1,-0.002307221060618758,-0.002307221060618758,-0.0002999550197273493],"maxPosition",8,[1,0.002307221060618758,0.002307221060618758,0.009050260297954082]]],-1],0,0,[],[],[]],[[[3,"pit_1"],[4,"pit_1",1,[-5],[[6,1,-2,[0,"29Bnyin7BL7rTDMqxdNLFl"]],[7,true,0.2,0.9,-3,[0,"72xlokuExO1bw09EdKkx6X"],[1,0,0.45,0]],[8,2,-4,[0,"c6OPqERk9OmbtH7NEWGDmO"]]],[1,"06Ls2ecRdW5Jl8FRQRAfun",-1,0],[1,1.2000000476837158,0.699999988079071,0]],[5,"Cone",1,1,[[9,-6,[0,"0cfX9r2EpcS4xwAkGIHLOp"],[0],[10],1]],[1,"b6XCL65gdfZq7Q/WJXimCs",1,0],[3,-0.7071068407911908,0,0,0.7071067215818992],[1,100,100,100],[1,-90.00000965934633,0,0]]],0,[0,1,1,0,0,1,0,0,1,0,0,1,0,-1,2,0,0,2,0,2,1,6],[0,0],[-1,3],[0,1]]]]
