{"version":1,"document":[{"__type__":"cc.AnimationClip","_name":"lv1-walk","_objFlags":0,"_native":"","sample":60,"speed":1,"wrapMode":2,"enableTrsBlending":false,"_duration":0.85,"_hash":500763545,"_tracks":[{"__id__":1}],"_exoticAnimation":null,"_events":[]},{"__type__":"cc.animation.ObjectTrack","_binding":{"__type__":"cc.animation.TrackBinding","path":{"__id__":2}},"_channel":{"__id__":4}},{"__type__":"cc.animation.TrackPath","_paths":[{"__id__":3},"spriteFrame"]},{"__type__":"cc.animation.ComponentPath","component":"cc.Sprite"},{"__type__":"cc.animation.Channel","_curve":{"__id__":5}},{"__type__":"cc.ObjectCurve","_times":[0,0.16666666666666666,0.3333333333333333,0.5,0.6666666666666666,0.8333333333333334],"_values":[{"__uuid__":"0887c2f6-988b-4909-a920-3072f502eca9@f9941","__expectedType__":"cc.Asset"},{"__uuid__":"0fa1c2f8-abc6-42da-9f3e-30c1614c298d@f9941","__expectedType__":"cc.Asset"},{"__uuid__":"662f85dc-5480-40c0-9161-daea3e321e3f@f9941","__expectedType__":"cc.Asset"},{"__uuid__":"884cb420-9c21-4432-a34a-44ce78e70414@f9941","__expectedType__":"cc.Asset"},{"__uuid__":"da313b81-ec37-4c5b-b940-2cd099de0918@f9941","__expectedType__":"cc.Asset"},{"__uuid__":"7a64e599-06f8-4bee-ace5-aff0f4cf7257@f9941","__expectedType__":"cc.Asset"}]}],"chunks":[]}
