[1,["12f901c89@6c48a"],["_textureSource"],["cc.SpriteFrame"],0,[[[{"name":"bg-mini-progress","rect":{"x":3,"y":1776,"width":148,"height":190},"offset":{"x":0,"y":0},"originalSize":{"width":148,"height":190},"rotated":false,"capInsets":[0,0,0,0],"packable":true}],[0],0,[0],[0],[0]],[[{"name":"bar-background","rect":{"x":372,"y":1621,"width":324,"height":149},"offset":{"x":0,"y":0},"originalSize":{"width":324,"height":149},"rotated":false,"capInsets":[95,54,86,95],"packable":true}],[0],0,[0],[0],[0]],[[{"name":"btn-back","rect":{"x":1165,"y":255,"width":70,"height":70},"offset":{"x":0,"y":0},"originalSize":{"width":72,"height":72},"rotated":false,"capInsets":[0,0,0,0],"packable":true}],[0],0,[0],[0],[0]],[[{"name":"title","rect":{"x":1165,"y":645,"width":310,"height":67},"offset":{"x":-1,"y":1.5},"originalSize":{"width":332,"height":70},"rotated":true,"capInsets":[153,0,153,0],"packable":true}],[0],0,[0],[0],[0]],[[{"name":"head-phone-effect","rect":{"x":1151,"y":1508,"width":86,"height":86},"offset":{"x":0,"y":0},"originalSize":{"width":86,"height":86},"rotated":false,"capInsets":[0,0,0,0],"packable":true}],[0],0,[0],[0],[0]],[[{"name":"head-phone","rect":{"x":1134,"y":1830,"width":79,"height":78},"offset":{"x":-0.5,"y":0},"originalSize":{"width":80,"height":78},"rotated":false,"capInsets":[0,0,0,0],"packable":true}],[0],0,[0],[0],[0]],[[{"name":"music-icon-2","rect":{"x":1165,"y":559,"width":68,"height":80},"offset":{"x":0,"y":0},"originalSize":{"width":70,"height":80},"rotated":false,"capInsets":[0,0,0,0],"packable":true}],[0],0,[0],[0],[0]],[[{"name":"header-small","rect":{"x":759,"y":3,"width":662,"height":400},"offset":{"x":0,"y":0},"originalSize":{"width":662,"height":400},"rotated":true,"capInsets":[0,0,0,0],"packable":true}],[0],0,[0],[0],[0]],[[{"name":"glasses","rect":{"x":655,"y":917,"width":100,"height":80},"offset":{"x":0,"y":0},"originalSize":{"width":100,"height":80},"rotated":true,"capInsets":[0,0,0,0],"packable":true}],[0],0,[0],[0],[0]],[[{"name":"glasses-effect","rect":{"x":654,"y":1023,"width":100,"height":80},"offset":{"x":0,"y":0},"originalSize":{"width":100,"height":80},"rotated":true,"capInsets":[0,0,0,0],"packable":true}],[0],0,[0],[0],[0]],[[{"name":"bg-ob","rect":{"x":219,"y":1776,"width":160,"height":160},"offset":{"x":0,"y":0},"originalSize":{"width":160,"height":160},"rotated":false,"capInsets":[25,25,25,25],"packable":true}],[0],0,[0],[0],[0]],[[{"name":"btn-1","rect":{"x":841,"y":1928,"width":95,"height":96},"offset":{"x":0,"y":0},"originalSize":{"width":95,"height":96},"rotated":false,"capInsets":[29,48,21,48],"packable":true}],[0],0,[0],[0],[0]],[[{"name":"banner-border","rect":{"x":1107,"y":1690,"width":50,"height":50},"offset":{"x":0,"y":0},"originalSize":{"width":50,"height":50},"rotated":false,"capInsets":[24,24,24,24],"packable":true}],[0],0,[0],[0],[0]],[[{"name":"collection-btn","rect":{"x":541,"y":1776,"width":148,"height":98},"offset":{"x":0,"y":1},"originalSize":{"width":164,"height":104},"rotated":true,"capInsets":[0,0,0,0],"packable":true}],[0],0,[0],[0],[0]],[[{"name":"music-disc-reader-effect","rect":{"x":631,"y":1930,"width":102,"height":114},"offset":{"x":0,"y":0},"originalSize":{"width":102,"height":114},"rotated":false,"capInsets":[0,0,0,0],"packable":true}],[0],0,[0],[0],[0]],[[{"name":"energy-plus","rect":{"x":1156,"y":1970,"width":43,"height":50},"offset":{"x":0.5,"y":0},"originalSize":{"width":46,"height":50},"rotated":false,"capInsets":[0,0,0,0],"packable":true}],[0],0,[0],[0],[0]],[[{"name":"music-disc-reader","rect":{"x":405,"y":1932,"width":96,"height":106},"offset":{"x":0,"y":0},"originalSize":{"width":96,"height":106},"rotated":false,"capInsets":[0,0,0,0],"packable":true}],[0],0,[0],[0],[0]],[[{"name":"hand@2x","rect":{"x":923,"y":1766,"width":125,"height":141},"offset":{"x":-2.5,"y":0.5},"originalSize":{"width":130,"height":142},"rotated":false,"capInsets":[0,0,0,0],"packable":true}],[0],0,[0],[0],[0]],[[{"name":"speaker","rect":{"x":1145,"y":1046,"width":91,"height":108},"offset":{"x":-0.5,"y":0},"originalSize":{"width":92,"height":110},"rotated":false,"capInsets":[0,0,0,0],"packable":true}],[0],0,[0],[0],[0]],[[{"name":"gift-effect","rect":{"x":942,"y":1913,"width":130,"height":128},"offset":{"x":0,"y":-1},"originalSize":{"width":148,"height":148},"rotated":true,"capInsets":[0,0,0,0],"packable":true}],[0],0,[0],[0],[0]],[[{"name":"board-2","rect":{"x":743,"y":671,"width":398,"height":275},"offset":{"x":-36,"y":0.5},"originalSize":{"width":470,"height":276},"rotated":false,"capInsets":[0,0,0,0],"packable":true}],[0],0,[0],[0],[0]],[[{"name":"sound-background","rect":{"x":1069,"y":1508,"width":94,"height":76},"offset":{"x":0,"y":0},"originalSize":{"width":94,"height":76},"rotated":true,"capInsets":[0,0,0,0],"packable":true}],[0],0,[0],[0],[0]],[[{"name":"hanger-1-effect","rect":{"x":1054,"y":1756,"width":74,"height":134},"offset":{"x":0,"y":0},"originalSize":{"width":74,"height":134},"rotated":false,"capInsets":[0,0,0,0],"packable":true}],[0],0,[0],[0],[0]],[[{"name":"btn-close","rect":{"x":1165,"y":331,"width":70,"height":70},"offset":{"x":0,"y":0},"originalSize":{"width":72,"height":72},"rotated":false,"capInsets":[0,0,0,0],"packable":true}],[0],0,[0],[0],[0]],[[{"name":"energy","rect":{"x":711,"y":499,"width":38,"height":50},"offset":{"x":1,"y":-1},"originalSize":{"width":52,"height":52},"rotated":false,"capInsets":[0,0,0,0],"packable":true}],[0],0,[0],[0],[0]],[[{"name":"avartar-boder","rect":{"x":1151,"y":1600,"width":84,"height":85},"offset":{"x":0,"y":-0.5},"originalSize":{"width":88,"height":88},"rotated":true,"capInsets":[0,0,0,0],"packable":true}],[0],0,[0],[0],[0]],[[{"name":"header-3","rect":{"x":3,"y":409,"width":702,"height":291},"offset":{"x":0,"y":-54.5},"originalSize":{"width":702,"height":400},"rotated":false,"capInsets":[0,0,0,0],"packable":true}],[0],0,[0],[0],[0]],[[{"name":"btn-3","rect":{"x":157,"y":1776,"width":190,"height":56},"offset":{"x":0,"y":0},"originalSize":{"width":190,"height":56},"rotated":true,"capInsets":[20,20,20,23],"packable":true}],[0],0,[0],[0],[0]],[[{"name":"music-icon-1","rect":{"x":654,"y":1129,"width":76,"height":80},"offset":{"x":0,"y":0},"originalSize":{"width":76,"height":80},"rotated":true,"capInsets":[0,0,0,0],"packable":true}],[0],0,[0],[0],[0]],[[{"name":"kol-1","rect":{"x":3,"y":1451,"width":363,"height":319},"offset":{"x":-2.5,"y":-9.5},"originalSize":{"width":398,"height":354},"rotated":false,"capInsets":[0,0,0,0],"packable":true}],[0],0,[0],[0],[0]],[[{"name":"speaker-effect","rect":{"x":3,"y":1972,"width":73,"height":86},"offset":{"x":-0.5,"y":0},"originalSize":{"width":74,"height":88},"rotated":true,"capInsets":[0,0,0,0],"packable":true}],[0],0,[0],[0],[0]],[[{"name":"sound-disable-btn","rect":{"x":1165,"y":407,"width":70,"height":70},"offset":{"x":0,"y":0},"originalSize":{"width":72,"height":72},"rotated":false,"capInsets":[0,0,0,0],"packable":true}],[0],0,[0],[0],[0]],[[{"name":"loading","rect":{"x":711,"y":605,"width":30,"height":30},"offset":{"x":0,"y":0},"originalSize":{"width":30,"height":30},"rotated":false,"capInsets":[0,0,0,0],"packable":true}],[0],0,[0],[0],[0]],[[{"name":"oval","rect":{"x":712,"y":1293,"width":16,"height":16},"offset":{"x":0,"y":0},"originalSize":{"width":16,"height":16},"rotated":false,"capInsets":[7,7,7,7],"packable":true}],[0],0,[0],[0],[0]],[[{"name":"board-1","rect":{"x":741,"y":952,"width":398,"height":275},"offset":{"x":-36,"y":0.5},"originalSize":{"width":470,"height":276},"rotated":false,"capInsets":[0,0,0,0],"packable":true}],[0],0,[0],[0],[0]],[[{"name":"ship","rect":{"x":3,"y":1013,"width":396,"height":151},"offset":{"x":0,"y":-37.5},"originalSize":{"width":398,"height":276},"rotated":false,"capInsets":[0,0,0,0],"packable":true}],[0],0,[0],[0],[0]],[[{"name":"header-2","rect":{"x":3,"y":706,"width":660,"height":75},"offset":{"x":11,"y":-0.5},"originalSize":{"width":686,"height":76},"rotated":false,"capInsets":[0,0,0,0],"packable":true}],[0],0,[0],[0],[0]],[[{"name":"avatarhub-bg","rect":{"x":711,"y":409,"width":84,"height":41},"offset":{"x":0,"y":0},"originalSize":{"width":84,"height":41},"rotated":true,"capInsets":[7,7,7,7],"packable":true}],[0],0,[0],[0],[0]],[[{"name":"event-btn","rect":{"x":864,"y":1508,"width":93,"height":102},"offset":{"x":-0.5,"y":0},"originalSize":{"width":164,"height":106},"rotated":false,"capInsets":[0,0,0,0],"packable":true}],[0],0,[0],[0],[0]],[[{"name":"music-disc-effect","rect":{"x":852,"y":1616,"width":125,"height":144},"offset":{"x":-0.5,"y":0},"originalSize":{"width":128,"height":146},"rotated":false,"capInsets":[0,0,0,0],"packable":true}],[0],0,[0],[0],[0]],[[{"name":"singleColor","rect":{"x":751,"y":555,"width":2,"height":2},"offset":{"x":0,"y":0},"originalSize":{"width":2,"height":2},"rotated":false,"capInsets":[0,0,0,0],"packable":true}],[0],0,[0],[0],[0]],[[{"name":"avatar-ob","rect":{"x":1076,"y":1952,"width":74,"height":74},"offset":{"x":0,"y":0},"originalSize":{"width":84,"height":84},"rotated":false,"capInsets":[0,0,0,0],"packable":true}],[0],0,[0],[0],[0]],[[{"name":"leaderboard-btn","rect":{"x":507,"y":1932,"width":118,"height":102},"offset":{"x":0,"y":0},"originalSize":{"width":164,"height":106},"rotated":false,"capInsets":[0,0,0,0],"packable":true}],[0],0,[0],[0],[0]],[[{"name":"tutorial","rect":{"x":654,"y":1293,"width":52,"height":52},"offset":{"x":0,"y":0},"originalSize":{"width":56,"height":56},"rotated":false,"capInsets":[0,0,0,0],"packable":true}],[0],0,[0],[0],[0]],[[{"name":"btn-2","rect":{"x":739,"y":1928,"width":96,"height":96},"offset":{"x":0,"y":0},"originalSize":{"width":96,"height":96},"rotated":false,"capInsets":[29,48,21,48],"packable":true}],[0],0,[0],[0],[0]],[[{"name":"mission-btn","rect":{"x":279,"y":1942,"width":120,"height":102},"offset":{"x":0,"y":0},"originalSize":{"width":164,"height":106},"rotated":false,"capInsets":[0,0,0,0],"packable":true}],[0],0,[0],[0],[0]],[[{"name":"background-timer","rect":{"x":1076,"y":1896,"width":50,"height":50},"offset":{"x":0,"y":0},"originalSize":{"width":52,"height":52},"rotated":false,"capInsets":[0,0,0,0],"packable":true}],[0],0,[0],[0],[0]],[[{"name":"rectangle-1","rect":{"x":385,"y":1776,"width":150,"height":150},"offset":{"x":0,"y":0},"originalSize":{"width":150,"height":150},"rotated":false,"capInsets":[20,20,20,20],"packable":true}],[0],0,[0],[0],[0]],[[{"name":"kol-2","rect":{"x":405,"y":1013,"width":243,"height":335},"offset":{"x":-4.5,"y":-8.5},"originalSize":{"width":398,"height":354},"rotated":false,"capInsets":[0,0,0,0],"packable":true}],[0],0,[0],[0],[0]],[[{"name":"arrow@2x","rect":{"x":711,"y":555,"width":44,"height":34},"offset":{"x":-1,"y":-1},"originalSize":{"width":56,"height":56},"rotated":true,"capInsets":[0,0,0,0],"packable":true}],[0],0,[0],[0],[0]],[[{"name":"kol","rect":{"x":740,"y":1233,"width":378,"height":269},"offset":{"x":4,"y":-41.5},"originalSize":{"width":398,"height":354},"rotated":false,"capInsets":[0,0,0,0],"packable":true}],[0],0,[0],[0],[0]],[[{"name":"board","rect":{"x":3,"y":1170,"width":386,"height":275},"offset":{"x":-42,"y":0.5},"originalSize":{"width":470,"height":276},"rotated":false,"capInsets":[0,0,0,0],"packable":true}],[0],0,[0],[0],[0]],[[{"name":"music-icon-1-effect","rect":{"x":654,"y":1211,"width":76,"height":80},"offset":{"x":0,"y":0},"originalSize":{"width":76,"height":80},"rotated":true,"capInsets":[0,0,0,0],"packable":true}],[0],0,[0],[0],[0]],[[{"name":"background","rect":{"x":1156,"y":1914,"width":50,"height":50},"offset":{"x":0,"y":0},"originalSize":{"width":50,"height":50},"rotated":false,"capInsets":[24,24,24,24],"packable":true}],[0],0,[0],[0],[0]],[[{"name":"sound-btn","rect":{"x":1165,"y":483,"width":70,"height":70},"offset":{"x":0,"y":0},"originalSize":{"width":72,"height":72},"rotated":false,"capInsets":[0,0,0,0],"packable":true}],[0],0,[0],[0],[0]],[[{"name":"header","rect":{"x":3,"y":3,"width":750,"height":400},"offset":{"x":0,"y":0},"originalSize":{"width":750,"height":400},"rotated":false,"capInsets":[0,0,0,0],"packable":true}],[0],0,[0],[0],[0]],[[{"name":"micro","rect":{"x":1124,"y":1326,"width":111,"height":176},"offset":{"x":0,"y":0},"originalSize":{"width":111,"height":176},"rotated":false,"capInsets":[0,0,0,0],"packable":true}],[0],0,[0],[0],[0]],[[{"name":"micro-effect","rect":{"x":1145,"y":1179,"width":89,"height":141},"offset":{"x":-0.5,"y":0.5},"originalSize":{"width":90,"height":142},"rotated":false,"capInsets":[0,0,0,0],"packable":true}],[0],0,[0],[0],[0]],[[{"name":"score-border-left","rect":{"x":711,"y":641,"width":26,"height":76},"offset":{"x":0,"y":0},"originalSize":{"width":26,"height":76},"rotated":false,"capInsets":[0,0,0,0],"packable":true}],[0],0,[0],[0],[0]],[[{"name":"gift-btn","rect":{"x":740,"y":1508,"width":118,"height":102},"offset":{"x":0,"y":0},"originalSize":{"width":164,"height":106},"rotated":false,"capInsets":[0,0,0,0],"packable":true}],[0],0,[0],[0],[0]],[[{"name":"arrow-right","rect":{"x":743,"y":641,"width":10,"height":16},"offset":{"x":0,"y":1},"originalSize":{"width":32,"height":32},"rotated":false,"capInsets":[0,0,0,0],"packable":true}],[0],0,[0],[0],[0]],[[{"name":"banner-mask","rect":{"x":3,"y":787,"width":646,"height":220},"offset":{"x":0,"y":0},"originalSize":{"width":646,"height":220},"rotated":false,"capInsets":[40,40,40,40],"packable":true}],[0],0,[0],[0],[0]],[[{"name":"kol","rect":{"x":395,"y":1354,"width":261,"height":339},"offset":{"x":3.5,"y":-6.5},"originalSize":{"width":398,"height":354},"rotated":true,"capInsets":[0,0,0,0],"packable":true}],[0],0,[0],[0],[0]],[[{"name":"bg-score","rect":{"x":95,"y":1972,"width":178,"height":58},"offset":{"x":0,"y":0},"originalSize":{"width":182,"height":60},"rotated":false,"capInsets":[0,0,0,0],"packable":true}],[0],0,[0],[0],[0]],[[{"name":"hanger-1","rect":{"x":1163,"y":1690,"width":74,"height":134},"offset":{"x":0,"y":0},"originalSize":{"width":74,"height":134},"rotated":false,"capInsets":[0,0,0,0],"packable":true}],[0],0,[0],[0],[0]],[[{"name":"avatar","rect":{"x":1165,"y":3,"width":72,"height":74},"offset":{"x":0,"y":0},"originalSize":{"width":72,"height":74},"rotated":false,"capInsets":[0,0,0,0],"packable":true}],[0],0,[0],[0],[0]],[[{"name":"gift-1","rect":{"x":1145,"y":961,"width":79,"height":92},"offset":{"x":-0.5,"y":0},"originalSize":{"width":80,"height":92},"rotated":true,"capInsets":[0,0,0,0],"packable":true}],[0],0,[0],[0],[0]],[[{"name":"box","rect":{"x":963,"y":1508,"width":100,"height":100},"offset":{"x":0,"y":0},"originalSize":{"width":100,"height":100},"rotated":false,"capInsets":[45,45,45,45],"packable":true}],[0],0,[0],[0],[0]],[[{"name":"trail","rect":{"x":1145,"y":1160,"width":13,"height":90},"offset":{"x":0.5,"y":0},"originalSize":{"width":14,"height":90},"rotated":true,"capInsets":[0,0,0,0],"packable":true}],[0],0,[0],[0],[0]],[[{"name":"rectangle","rect":{"x":702,"y":1621,"width":144,"height":144},"offset":{"x":0,"y":0},"originalSize":{"width":150,"height":150},"rotated":false,"capInsets":[22,22,22,22],"packable":true}],[0],0,[0],[0],[0]],[[{"name":"hanger-2-effect","rect":{"x":1165,"y":83,"width":80,"height":70},"offset":{"x":0,"y":0},"originalSize":{"width":80,"height":70},"rotated":true,"capInsets":[0,0,0,0],"packable":true}],[0],0,[0],[0],[0]],[[{"name":"light","rect":{"x":645,"y":1776,"width":272,"height":146},"offset":{"x":-1,"y":1},"originalSize":{"width":276,"height":148},"rotated":false,"capInsets":[0,0,0,0],"packable":true}],[0],0,[0],[0],[0]],[[{"name":"music-icon-2-effect","rect":{"x":1165,"y":169,"width":70,"height":80},"offset":{"x":0,"y":0},"originalSize":{"width":70,"height":80},"rotated":false,"capInsets":[0,0,0,0],"packable":true}],[0],0,[0],[0],[0]],[[{"name":"bottom","rect":{"x":669,"y":723,"width":62,"height":188},"offset":{"x":-1,"y":1},"originalSize":{"width":80,"height":194},"rotated":false,"capInsets":[6,0,7,0],"packable":true}],[0],0,[0],[0],[0]],[[{"name":"music-disc","rect":{"x":983,"y":1614,"width":118,"height":136},"offset":{"x":0,"y":0},"originalSize":{"width":118,"height":136},"rotated":false,"capInsets":[0,0,0,0],"packable":true}],[0],0,[0],[0],[0]]]]
