[1,["75KBwi17ROI7oXfFuyHQsw@4f17a","1brw/JvvpFnIvdrxpFCgMZ","75KBwi17ROI7oXfFuyHQsw@d4bdc","75KBwi17ROI7oXfFuyHQsw@6a85e","75KBwi17ROI7oXfFuyHQsw@040e2","75KBwi17ROI7oXfFuyHQsw@2530c","75KBwi17ROI7oXfFuyHQsw@b4a40","75KBwi17ROI7oXfFuyHQsw@a6683","75KBwi17ROI7oXfFuyHQsw@1c83d","75KBwi17ROI7oXfFuyHQsw@003bc","75KBwi17ROI7oXfFuyHQsw@ce0a2","75KBwi17ROI7oXfFuyHQsw@30c1a","75KBwi17ROI7oXfFuyHQsw@e59ff","75KBwi17ROI7oXfFuyHQsw@d2bee","75KBwi17ROI7oXfFuyHQsw@6d945","75KBwi17ROI7oXfFuyHQsw@1c908","75KBwi17ROI7oXfFuyHQsw@3e8c2","75KBwi17ROI7oXfFuyHQsw@a774e","75KBwi17ROI7oXfFuyHQsw@c780a","75KBwi17ROI7oXfFuyHQsw@9d298"],["mainTexture","_effectAsset","root","node","data","_mesh"],[["cc.Node",["_name","_prefab","_children","_parent","_components"],2,4,2,1,9],["cc.Prefab",["_name"],2],["cc.PrefabInfo",["fileId","root","asset"],2,1,1],["cc.MeshRenderer",["node","__prefab","_materials","lightmapSettings","_mesh"],3,1,4,12,4,6],["cc.CompPrefabInfo",["fileId"],2],["cc.ModelLightmapSettings",[],3],["cc.Material",["_name","_states","_defines","_props"],0,12],["cc.Mesh",["_native","_hash","_struct"],1,11]],[[6,0,1,2,3,4],[2,0,1,2,2],[1,0,2],[0,0,2,1,2],[0,0,3,4,1,2],[3,0,1,2,3,4,1],[4,0,2],[5,1],[7,0,1,2,3]],[[[[2,"tile_52196_30803"],[3,"tile_52196_30803",[-2],[1,"95rMA9P8NURJWrk107gXhn",-1,0]],[4,"tile_52196_30803",1,[[5,-3,[6,"23AFD+VPtfZqTcSUN+1aul"],[[0,1,2,3,4,5,6,7,8,9,10,11,12,13,14,15,16,null],6,6,6,6,6,6,6,6,6,6,6,6,6,6,6,6,6,0],[7],17]],[1,"e3nM9xYdJZxoxGvH5w2F8q",1,0]]],0,[0,2,1,0,-1,2,0,3,2,0,4,1,3],[0,0,0,0,0,0,0,0,0,0,0,0,0,0,0,0,0,0],[-1,-2,-3,-4,-5,-6,-7,-8,-9,-10,-11,-12,-13,-14,-15,-16,-17,5],[2,3,4,5,6,7,8,9,10,11,12,13,14,15,16,17,18,19]],[[[0,"Building__Instance__7",[{"rasterizerState":{},"blendState":{"targets":[{}]},"depthStencilState":{}}],[{"USE_ALBEDO_MAP":true}],[[[{},"mainTexture",6,0]],11]]],0,0,[0,0],[0,1],[0,1]],[[[0,"Building__Instance__2",[{"rasterizerState":{},"blendState":{"targets":[{}]},"depthStencilState":{}}],[{"USE_ALBEDO_MAP":true}],[[[{},"mainTexture",6,0]],11]]],0,0,[0,0],[0,1],[0,1]],[[[0,"Building__Instance__6",[{"rasterizerState":{},"blendState":{"targets":[{}]},"depthStencilState":{}}],[{"USE_ALBEDO_MAP":true}],[[[{},"mainTexture",6,0]],11]]],0,0,[0,0],[0,1],[0,1]],[[[0,"Building__Instance__13",[{"rasterizerState":{},"blendState":{"targets":[{}]},"depthStencilState":{}}],[{"USE_ALBEDO_MAP":true}],[[[{},"mainTexture",6,0]],11]]],0,0,[0,0],[0,1],[0,1]],[[[0,"Building__Instance__3",[{"rasterizerState":{},"blendState":{"targets":[{}]},"depthStencilState":{}}],[{"USE_ALBEDO_MAP":true}],[[[{},"mainTexture",6,0]],11]]],0,0,[0,0],[0,1],[0,1]],[[[0,"Building__Instance__9",[{"rasterizerState":{},"blendState":{"targets":[{}]},"depthStencilState":{}}],[{"USE_ALBEDO_MAP":true}],[[[{},"mainTexture",6,0]],11]]],0,0,[0,0],[0,1],[0,1]],[[[0,"Building__Instance__14",[{"rasterizerState":{},"blendState":{"targets":[{}]},"depthStencilState":{}}],[{"USE_ALBEDO_MAP":true}],[[[{},"mainTexture",6,0]],11]]],0,0,[0,0],[0,1],[0,1]],[[[0,"Building__Instance__1",[{"rasterizerState":{},"blendState":{"targets":[{}]},"depthStencilState":{}}],[{"USE_ALBEDO_MAP":true}],[[[{},"mainTexture",6,0]],11]]],0,0,[0,0],[0,1],[0,1]],[[[0,"Building__Instance__12",[{"rasterizerState":{},"blendState":{"targets":[{}]},"depthStencilState":{}}],[{"USE_ALBEDO_MAP":true}],[[[{},"mainTexture",6,0]],11]]],0,0,[0,0],[0,1],[0,1]],[[[8,".bin",1798918212,[{"primitives":[{"primitiveMode":7,"vertexBundelIndices":[0],"indexView":{"offset":277488,"length":38688,"count":9672,"stride":4}},{"primitiveMode":7,"vertexBundelIndices":[1],"indexView":{"offset":317280,"length":132,"count":33,"stride":4}},{"primitiveMode":7,"vertexBundelIndices":[2],"indexView":{"offset":318612,"length":144,"count":36,"stride":4}},{"primitiveMode":7,"vertexBundelIndices":[3],"indexView":{"offset":319956,"length":144,"count":36,"stride":4}},{"primitiveMode":7,"vertexBundelIndices":[4],"indexView":{"offset":321204,"length":132,"count":33,"stride":4}},{"primitiveMode":7,"vertexBundelIndices":[5],"indexView":{"offset":322536,"length":144,"count":36,"stride":4}},{"primitiveMode":7,"vertexBundelIndices":[6],"indexView":{"offset":324360,"length":204,"count":51,"stride":4}},{"primitiveMode":7,"vertexBundelIndices":[7],"indexView":{"offset":328068,"length":432,"count":108,"stride":4}},{"primitiveMode":7,"vertexBundelIndices":[8],"indexView":{"offset":329604,"length":132,"count":33,"stride":4}},{"primitiveMode":7,"vertexBundelIndices":[9],"indexView":{"offset":331512,"length":216,"count":54,"stride":4}},{"primitiveMode":7,"vertexBundelIndices":[10],"indexView":{"offset":332928,"length":144,"count":36,"stride":4}},{"primitiveMode":7,"vertexBundelIndices":[11],"indexView":{"offset":334176,"length":132,"count":33,"stride":4}},{"primitiveMode":7,"vertexBundelIndices":[12],"indexView":{"offset":338100,"length":468,"count":117,"stride":4}},{"primitiveMode":7,"vertexBundelIndices":[13],"indexView":{"offset":342072,"length":432,"count":108,"stride":4}},{"primitiveMode":7,"vertexBundelIndices":[14],"indexView":{"offset":343704,"length":144,"count":36,"stride":4}},{"primitiveMode":7,"vertexBundelIndices":[15],"indexView":{"offset":345048,"length":144,"count":36,"stride":4}},{"primitiveMode":7,"vertexBundelIndices":[16],"indexView":{"offset":346392,"length":144,"count":36,"stride":4}},{"primitiveMode":7,"vertexBundelIndices":[17],"indexView":{"offset":347736,"length":144,"count":36,"stride":4}}],"vertexBundles":[{"view":{"offset":0,"length":277488,"count":5781,"stride":48},"attributes":[{"name":"a_position","format":32,"isNormalized":false},{"name":"a_normal","format":32,"isNormalized":false},{"name":"a_texCoord","format":21,"isNormalized":false},{"name":"a_tangent","format":44,"isNormalized":false}]},{"view":{"offset":316176,"length":1104,"count":23,"stride":48},"attributes":[{"name":"a_position","format":32,"isNormalized":false},{"name":"a_normal","format":32,"isNormalized":false},{"name":"a_texCoord","format":21,"isNormalized":false},{"name":"a_tangent","format":44,"isNormalized":false}]},{"view":{"offset":317412,"length":1200,"count":25,"stride":48},"attributes":[{"name":"a_position","format":32,"isNormalized":false},{"name":"a_normal","format":32,"isNormalized":false},{"name":"a_texCoord","format":21,"isNormalized":false},{"name":"a_tangent","format":44,"isNormalized":false}]},{"view":{"offset":318756,"length":1200,"count":25,"stride":48},"attributes":[{"name":"a_position","format":32,"isNormalized":false},{"name":"a_normal","format":32,"isNormalized":false},{"name":"a_texCoord","format":21,"isNormalized":false},{"name":"a_tangent","format":44,"isNormalized":false}]},{"view":{"offset":320100,"length":1104,"count":23,"stride":48},"attributes":[{"name":"a_position","format":32,"isNormalized":false},{"name":"a_normal","format":32,"isNormalized":false},{"name":"a_texCoord","format":21,"isNormalized":false},{"name":"a_tangent","format":44,"isNormalized":false}]},{"view":{"offset":321336,"length":1200,"count":25,"stride":48},"attributes":[{"name":"a_position","format":32,"isNormalized":false},{"name":"a_normal","format":32,"isNormalized":false},{"name":"a_texCoord","format":21,"isNormalized":false},{"name":"a_tangent","format":44,"isNormalized":false}]},{"view":{"offset":322680,"length":1680,"count":35,"stride":48},"attributes":[{"name":"a_position","format":32,"isNormalized":false},{"name":"a_normal","format":32,"isNormalized":false},{"name":"a_texCoord","format":21,"isNormalized":false},{"name":"a_tangent","format":44,"isNormalized":false}]},{"view":{"offset":324564,"length":3504,"count":73,"stride":48},"attributes":[{"name":"a_position","format":32,"isNormalized":false},{"name":"a_normal","format":32,"isNormalized":false},{"name":"a_texCoord","format":21,"isNormalized":false},{"name":"a_tangent","format":44,"isNormalized":false}]},{"view":{"offset":328500,"length":1104,"count":23,"stride":48},"attributes":[{"name":"a_position","format":32,"isNormalized":false},{"name":"a_normal","format":32,"isNormalized":false},{"name":"a_texCoord","format":21,"isNormalized":false},{"name":"a_tangent","format":44,"isNormalized":false}]},{"view":{"offset":329736,"length":1776,"count":37,"stride":48},"attributes":[{"name":"a_position","format":32,"isNormalized":false},{"name":"a_normal","format":32,"isNormalized":false},{"name":"a_texCoord","format":21,"isNormalized":false},{"name":"a_tangent","format":44,"isNormalized":false}]},{"view":{"offset":331728,"length":1200,"count":25,"stride":48},"attributes":[{"name":"a_position","format":32,"isNormalized":false},{"name":"a_normal","format":32,"isNormalized":false},{"name":"a_texCoord","format":21,"isNormalized":false},{"name":"a_tangent","format":44,"isNormalized":false}]},{"view":{"offset":333072,"length":1104,"count":23,"stride":48},"attributes":[{"name":"a_position","format":32,"isNormalized":false},{"name":"a_normal","format":32,"isNormalized":false},{"name":"a_texCoord","format":21,"isNormalized":false},{"name":"a_tangent","format":44,"isNormalized":false}]},{"view":{"offset":334308,"length":3792,"count":79,"stride":48},"attributes":[{"name":"a_position","format":32,"isNormalized":false},{"name":"a_normal","format":32,"isNormalized":false},{"name":"a_texCoord","format":21,"isNormalized":false},{"name":"a_tangent","format":44,"isNormalized":false}]},{"view":{"offset":338568,"length":3504,"count":73,"stride":48},"attributes":[{"name":"a_position","format":32,"isNormalized":false},{"name":"a_normal","format":32,"isNormalized":false},{"name":"a_texCoord","format":21,"isNormalized":false},{"name":"a_tangent","format":44,"isNormalized":false}]},{"view":{"offset":342504,"length":1200,"count":25,"stride":48},"attributes":[{"name":"a_position","format":32,"isNormalized":false},{"name":"a_normal","format":32,"isNormalized":false},{"name":"a_texCoord","format":21,"isNormalized":false},{"name":"a_tangent","format":44,"isNormalized":false}]},{"view":{"offset":343848,"length":1200,"count":25,"stride":48},"attributes":[{"name":"a_position","format":32,"isNormalized":false},{"name":"a_normal","format":32,"isNormalized":false},{"name":"a_texCoord","format":21,"isNormalized":false},{"name":"a_tangent","format":44,"isNormalized":false}]},{"view":{"offset":345192,"length":1200,"count":25,"stride":48},"attributes":[{"name":"a_position","format":32,"isNormalized":false},{"name":"a_normal","format":32,"isNormalized":false},{"name":"a_texCoord","format":21,"isNormalized":false},{"name":"a_tangent","format":44,"isNormalized":false}]},{"view":{"offset":346536,"length":1200,"count":25,"stride":48},"attributes":[{"name":"a_position","format":32,"isNormalized":false},{"name":"a_normal","format":32,"isNormalized":false},{"name":"a_texCoord","format":21,"isNormalized":false},{"name":"a_tangent","format":44,"isNormalized":false}]}]},"minPosition",8,[1,-730.8466186523438,0,-201.3229217529297],"maxPosition",8,[1,170.86692810058594,0.10000000149011612,913.626220703125]]],-1],0,0,[],[],[]],[[[0,"Building__Instance__5",[{"rasterizerState":{},"blendState":{"targets":[{}]},"depthStencilState":{}}],[{"USE_ALBEDO_MAP":true}],[[[{},"mainTexture",6,0]],11]]],0,0,[0,0],[0,1],[0,1]],[[[0,"Building__Instance__15",[{"rasterizerState":{},"blendState":{"targets":[{}]},"depthStencilState":{}}],[{"USE_ALBEDO_MAP":true}],[[[{},"mainTexture",6,0]],11]]],0,0,[0,0],[0,1],[0,1]],[[[0,"Building__Instance__4",[{"rasterizerState":{},"blendState":{"targets":[{}]},"depthStencilState":{}}],[{"USE_ALBEDO_MAP":true}],[[[{},"mainTexture",6,0]],11]]],0,0,[0,0],[0,1],[0,1]],[[[0,"Building",[{"rasterizerState":{},"blendState":{"targets":[{}]},"depthStencilState":{}}],[{"USE_ALBEDO_MAP":true}],[[[{},"mainTexture",6,0]],11]]],0,0,[0,0],[0,1],[0,1]],[[[0,"Building__Instance__8",[{"rasterizerState":{},"blendState":{"targets":[{}]},"depthStencilState":{}}],[{"USE_ALBEDO_MAP":true}],[[[{},"mainTexture",6,0]],11]]],0,0,[0,0],[0,1],[0,1]],[[[0,"Building__Instance__11",[{"rasterizerState":{},"blendState":{"targets":[{}]},"depthStencilState":{}}],[{"USE_ALBEDO_MAP":true}],[[[{},"mainTexture",6,0]],11]]],0,0,[0,0],[0,1],[0,1]],[[[0,"Building__Instance_",[{"rasterizerState":{},"blendState":{"targets":[{}]},"depthStencilState":{}}],[{"USE_ALBEDO_MAP":true}],[[[{},"mainTexture",6,0]],11]]],0,0,[0,0],[0,1],[0,1]],[[[0,"Building__Instance__10",[{"rasterizerState":{},"blendState":{"targets":[{}]},"depthStencilState":{}}],[{"USE_ALBEDO_MAP":true}],[[[{},"mainTexture",6,0]],11]]],0,0,[0,0],[0,1],[0,1]]]]
