{"version":1,"document":[{"__type__":"cc.AnimationClip","_name":"lv2-push","_objFlags":0,"_native":"","sample":60,"speed":1,"wrapMode":2,"enableTrsBlending":false,"_duration":1.2666666666666666,"_hash":500763545,"_tracks":[{"__id__":1},{"__id__":6}],"_exoticAnimation":null,"_events":[]},{"__type__":"cc.animation.ObjectTrack","_binding":{"__type__":"cc.animation.TrackBinding","path":{"__id__":2}},"_channel":{"__id__":4}},{"__type__":"cc.animation.TrackPath","_paths":[{"__id__":3},"spriteFrame"]},{"__type__":"cc.animation.ComponentPath","component":"cc.Sprite"},{"__type__":"cc.animation.Channel","_curve":{"__id__":5}},{"__type__":"cc.ObjectCurve","_times":[0,0.25,0.5,0.75,1,1.25],"_values":[{"__uuid__":"c174433e-ea85-4234-998f-5a9264873547@f9941","__expectedType__":"cc.Asset"},{"__uuid__":"ee83d3a5-7281-480a-9587-abf489cf68e8@f9941","__expectedType__":"cc.Asset"},{"__uuid__":"f7fc44e2-6d3c-4e50-8ffe-218ad3ae498a@f9941","__expectedType__":"cc.Asset"},{"__uuid__":"e75b7213-0074-4a9a-9125-d4a2c102ca8a@f9941","__expectedType__":"cc.Asset"},{"__uuid__":"5c695e8d-1fe2-4887-a112-3eefaa978ece@f9941","__expectedType__":"cc.Asset"},{"__uuid__":"c947d01c-ba3c-4fd7-b89c-813b14004468@f9941","__expectedType__":"cc.Asset"}]},{"__type__":"cc.animation.SizeTrack","_binding":{"__type__":"cc.animation.TrackBinding","path":{"__id__":7}},"_channels":[{"__id__":9},{"__id__":11}]},{"__type__":"cc.animation.TrackPath","_paths":[{"__id__":8},"contentSize"]},{"__type__":"cc.animation.ComponentPath","component":"cc.UITransform"},{"__type__":"cc.animation.Channel","_curve":{"__id__":10}},{"__type__":"cc.RealCurve","bytes":{"__type__":"TypedArrayRef","ctor":"Uint8Array","offset":0,"length":26}},{"__type__":"cc.animation.Channel","_curve":{"__id__":12}},{"__type__":"cc.RealCurve","bytes":{"__type__":"TypedArrayRef","ctor":"Uint8Array","offset":26,"length":26}}],"chunks":[".bin"]}
