{"version":1,"document":[{"__type__":"cc.AnimationClip","_name":"SheepStartEffect","_objFlags":0,"_native":"","sample":60,"speed":1,"wrapMode":1,"enableTrsBlending":false,"_duration":0.55,"_hash":500763545,"_tracks":[{"__id__":1},{"__id__":6}],"_exoticAnimation":null,"_events":[]},{"__type__":"cc.animation.ObjectTrack","_binding":{"__type__":"cc.animation.TrackBinding","path":{"__id__":2}},"_channel":{"__id__":4}},{"__type__":"cc.animation.TrackPath","_paths":[{"__id__":3},"spriteFrame"]},{"__type__":"cc.animation.ComponentPath","component":"cc.Sprite"},{"__type__":"cc.animation.Channel","_curve":{"__id__":5}},{"__type__":"cc.ObjectCurve","_times":[0,0.13333333333333333,0.26666666666666666,0.4,0.5333333333333333],"_values":[{"__uuid__":"b985c00b-de0e-462a-9f69-dc8c7baddd9f@f9941","__expectedType__":"cc.Asset"},{"__uuid__":"533d9dd9-44c9-43c0-8535-15614ed4c680@f9941","__expectedType__":"cc.Asset"},{"__uuid__":"d8f1862d-4fa2-4cff-b7c6-385363ced0e6@f9941","__expectedType__":"cc.Asset"},{"__uuid__":"5f3a61d5-cd2c-4711-a395-fe610028ab2a@f9941","__expectedType__":"cc.Asset"},{"__uuid__":"c1f1cff5-6fdc-4754-a1ae-dbfbf382feeb@f9941","__expectedType__":"cc.Asset"}]},{"__type__":"cc.animation.VectorTrack","_binding":{"__type__":"cc.animation.TrackBinding","path":{"__id__":7}},"_channels":[{"__id__":8},{"__id__":10},{"__id__":12},{"__id__":14}],"_nComponents":3},{"__type__":"cc.animation.TrackPath","_paths":["eulerAngles"]},{"__type__":"cc.animation.Channel","_curve":{"__id__":9}},{"__type__":"cc.RealCurve","bytes":{"__type__":"TypedArrayRef","ctor":"Uint8Array","offset":0,"length":26}},{"__type__":"cc.animation.Channel","_curve":{"__id__":11}},{"__type__":"cc.RealCurve","bytes":{"__type__":"TypedArrayRef","ctor":"Uint8Array","offset":26,"length":26}},{"__type__":"cc.animation.Channel","_curve":{"__id__":13}},{"__type__":"cc.RealCurve","bytes":{"__type__":"TypedArrayRef","ctor":"Uint8Array","offset":52,"length":26}},{"__type__":"cc.animation.Channel","_curve":{"__id__":15}},{"__type__":"cc.RealCurve","bytes":{"__type__":"TypedArrayRef","ctor":"Uint8Array","offset":78,"length":6}}],"chunks":[".bin"]}
