[1,["7c38322a-1a39-49e8-b573-18ab7476cec2","8686a340-0ec8-4c48-83fa-dc9150b8ee6f","92f30b3e-41ee-4852-af2b-9216acc52291","428dcc3e-3f38-4b8c-880a-f155ae67e42e","7ac2b127-0cb3-430c-81e6-0bbeb06388dc","55a56c28-6d0f-45da-96a7-eadc9bee7853","525c67c2-75bf-429b-82ab-c769368c4871"],["node","root","asset","_effectAsset","_cameraComponent","_parent","target","Container","scene","randomSwitch","_customMaterial"],[["cc.Node",["_name","_layer","_id","_objFlags","__editorExtras__","_components","_parent","_children","_lpos","_prefab","_lrot","_euler"],-2,9,1,2,5,4,5,5],["cc.Widget",["_alignFlags","_top","_bottom","_originalHeight","_left","_right","_originalWidth","node"],-4,1],["cc.PrefabInfo",["fileId","root","instance","targetOverrides","asset","nestedPrefabInstanceRoots"],2,1,4,9,6,2],["cc.UITransform",["node","_contentSize","_anchorPoint"],3,1,5,5],["cc.Camera",["_orthoHeight","_visibility","_priority","_clearFlags","_projection","_far","_fov","_fovAxis","node","_color"],-5,1,5],["cc.PrefabInstance",["fileId","prefabRootNode","propertyOverrides"],1,9],["cc.TargetOverrideInfo",["propertyPath","target","targetInfo","source","sourceInfo"],2,1,4,1,4],["cc.EffectAsset",["_name","shaders","techniques"],0],["cc.Material",["_props","_states","_defines"],0],["cc.SceneAsset",["_name"],2],["cc.Node",["_name","_layer","_parent","_components","_lpos"],1,1,2,5],["cc.PrefabInstance",["fileId","prefabRootNode","propertyOverrides"],2,1,9],["CCPropertyOverrideInfo",["value","propertyPath","targetInfo"],1,4],["CCPropertyOverrideInfo",["propertyPath","targetInfo","value"],2,4,8],["CCPropertyOverrideInfo",["value","propertyPath","targetInfo"],1,1],["CCPropertyOverrideInfo",["propertyPath","targetInfo","value"],2,1,8],["cc.TargetInfo",["localID"],2],["cc.Canvas",["node","_cameraComponent"],3,1,1],["613e4KXbZpIVYqI2TneTBBG",["node","Container","scenes"],3,1,1,2],["e1c6c5BxUBFlrIibwgDLx5h",["node"],3,1],["c11c1DECexCEJoTf4nhLRP9",["node","__prefab","prefabs"],3,1,4,3],["cc.CompPrefabInfo",["fileId"],2],["cc.Scene",["_name","_children","_prefab","_globals"],2,2,4,4],["cc.SceneGlobals",["ambient","shadows","_skybox","fog","octree"],3,4,4,4,4,4],["cc.AmbientInfo",["_skyIllumHDR","_skyIllumLDR","_skyColorHDR","_skyColorLDR"],1,5,5],["cc.ShadowsInfo",["_shadowColor"],3,5],["cc.SkyboxInfo",["_useHDR"],2],["cc.FogInfo",[],3],["cc.OctreeInfo",[],3],["1b646ExIr9IsqaF0ZUBt1tk",["node","randomSwitch"],3,1,6],["cc.Sprite",["_sizeMode","node","_customMaterial"],2,1,6],["6d146Tt/kZC6KzQpSN9ul80",["node"],3,1],["1268aruiMJMSbuwaNTXSCd4",["node"],3,1],["67aa1RXrxpDSpvvCVnAeht+",["node"],3,1],["fb70chVwDpNe5DpzETj+HsT",["node"],3,1],["d37df9wkkBFFL8FU0kD3P8f",["node","cameras","mags"],3,1,2,12],["cc.DirectionalLight",["_illuminanceHDR","_illuminanceLDR","node","_staticSettings"],1,1,4],["cc.StaticLightSettings",["_castShadow"],2]],[[16,0,2],[15,0,1,2,2],[6,0,3,4,1,2,2],[14,0,1,2,3],[12,0,1,2,3],[13,0,1,2,2],[3,0,1,1],[8,0,1,2,4],[0,3,4,6,9,3],[10,0,1,2,3,4,3],[2,0,1,2,4,2],[17,0,1,1],[7,0,1,2,4],[9,0,2],[0,3,4,9,3],[0,0,1,2,7,5,8,4],[0,0,1,2,6,7,5,8,4],[0,0,1,6,7,5,3],[0,0,1,6,5,8,3],[0,0,2,6,5,3],[0,0,1,6,5,3],[0,0,2,6,7,5,3],[0,0,6,5,8,10,11,2],[0,0,2,6,5,10,11,3],[2,0,1,2,3,4,2],[2,0,3,5,2],[5,0,1,2,3],[5,0,2,2],[11,0,1,2,2],[6,0,1,2,2],[3,0,1,2,1],[3,0,1],[1,0,4,5,1,2,7,6],[1,0,4,5,1,2,3,7,7],[1,0,6,3,7,4],[1,0,2,6,3,7,5],[1,0,1,7,3],[18,0,1,2,1],[19,0,1],[20,0,1,2,1],[21,0,2],[22,0,1,2,3,2],[23,0,1,2,3,4,1],[24,0,1,2,3,3],[25,0,1],[26,0,2],[27,1],[28,1],[29,0,1,1],[30,0,1,2,2],[31,0,1],[32,0,1],[33,0,1],[34,0,1],[35,0,1,2,1],[4,2,6,7,0,3,1,8,9,7],[4,4,0,5,1,8,9,5],[4,4,2,0,5,3,1,8,9,7],[36,0,1,2,3,3],[37,0,2]],[[[[12,"../models/background",[{"hash":4244939902,"name":"../models/background|sprite-vs:vert|sprite-fs:frag","blocks":[{"name":"Constants","stageFlags":16,"binding":0,"members":[{"name":"albedoScaleAndCutoff","type":16,"count":1}],"defines":[]},{"name":"ALPHA_TEST_DATA","stageFlags":16,"binding":1,"members":[{"name":"alphaThreshold","type":13,"count":1}],"defines":["USE_ALPHA_TEST"]}],"samplerTextures":[{"name":"next","type":28,"count":1,"stageFlags":16,"binding":2,"defines":["USE_TEXTURE"]}],"samplers":[],"textures":[],"buffers":[],"images":[],"subpassInputs":[],"attributes":[{"name":"a_position","format":32,"location":0,"defines":[]},{"name":"a_texCoord","format":21,"location":1,"defines":[]},{"name":"a_color","format":44,"location":2,"defines":[]}],"varyings":[{"name":"color","type":16,"count":1,"stageFlags":17,"location":0,"defines":[]},{"name":"uv0","type":14,"count":1,"stageFlags":17,"location":1,"defines":[]}],"fragColors":[{"name":"cc_FragColor","typename":"vec4","type":16,"count":1,"stageFlags":16,"location":0,"defines":[]}],"glsl4":{"vert":"\nprecision highp float;\nlayout(set = 0, binding = 0) uniform CCGlobal {\n  highp   vec4 cc_time;\n  mediump vec4 cc_screenSize;\n  mediump vec4 cc_nativeSize;\n};\nlayout(set = 0, binding = 1) uniform CCCamera {\n  highp   mat4 cc_matView;\n  highp   mat4 cc_matViewInv;\n  highp   mat4 cc_matProj;\n  highp   mat4 cc_matProjInv;\n  highp   mat4 cc_matViewProj;\n  highp   mat4 cc_matViewProjInv;\n  highp   vec4 cc_cameraPos;\n  mediump vec4 cc_screenScale;\n  mediump vec4 cc_exposure;\n  mediump vec4 cc_mainLitDir;\n  mediump vec4 cc_mainLitColor;\n  mediump vec4 cc_ambientSky;\n  mediump vec4 cc_ambientGround;\n  mediump vec4 cc_fogColor;\n  mediump vec4 cc_fogBase;\n  mediump vec4 cc_fogAdd;\n  mediump vec4 cc_nearFar;\n  mediump vec4 cc_viewPort;\n};\n#if USE_LOCAL\n  layout(set = 2, binding = 0) uniform CCLocal {\n    highp mat4 cc_matWorld;\n    highp mat4 cc_matWorldIT;\n    highp vec4 cc_lightingMapUVParam;\n  };\n#endif\n#if SAMPLE_FROM_RT\n#endif\nlayout(location = 0) in vec3 a_position;\nlayout(location = 1) in vec2 a_texCoord;\nlayout(location = 2) in vec4 a_color;\nlayout(location = 0) out vec4 color;\nlayout(location = 1) out vec2 uv0;\nvec4 vert () {\n  vec4 pos = vec4(a_position, 1);\n  #if USE_LOCAL\n    pos = cc_matWorld * pos;\n  #endif\n  #if USE_PIXEL_ALIGNMENT\n    pos = cc_matView * pos;\n    pos.xyz = floor(pos.xyz);\n    pos = cc_matProj * pos;\n  #else\n    pos = cc_matViewProj * pos;\n  #endif\n  uv0 = a_texCoord;\n  #if SAMPLE_FROM_RT\n    uv0 = cc_cameraPos.w > 1.0 ? vec2(uv0.x, 1.0 - uv0.y) : uv0;\n  #endif\n  color = a_color;\n  return pos;\n}\nvoid main() { gl_Position = vert(); }","frag":"\nprecision highp float;\nvec4 CCSampleWithAlphaSeparated(sampler2D tex, vec2 uv) {\n#if CC_USE_EMBEDDED_ALPHA\n  return vec4(texture(tex, uv).rgb, texture(tex, uv + vec2(0.0, 0.5)).r);\n#else\n  return texture(tex, uv);\n#endif\n}\nlayout(set = 1, binding = 0) uniform Constants {\n  vec4 albedoScaleAndCutoff;\n};\n#if USE_ALPHA_TEST\n  layout(set = 1, binding = 1) uniform ALPHA_TEST_DATA {\n    float alphaThreshold;\n  };\n#endif\nlayout(location = 0) in vec4 color;\n#if USE_TEXTURE\n  layout(location = 1) in vec2 uv0;\n  layout(set = 2, binding = 11) uniform sampler2D cc_spriteTexture;\n  layout(set = 1, binding = 2) uniform sampler2D next;\n#endif\nvec4 frag () {\n  vec4 o = vec4(1, 1, 1, 1);\n  #if USE_TEXTURE\n    o *= CCSampleWithAlphaSeparated(cc_spriteTexture, uv0);\n    vec4 c = CCSampleWithAlphaSeparated(next, uv0);\n    float alpha = 0.;\n    #if IS_GRAY\n      alpha = 1. - albedoScaleAndCutoff.w;\n    #else\n      alpha = smoothstep(1., 0., (albedoScaleAndCutoff.w * 1.2 - uv0.y) / .2);\n    #endif\n    o = o * alpha + c * (1. - alpha);\n  #endif\n  return o;\n}\nlayout(location = 0) out vec4 cc_FragColor;\nvoid main() { cc_FragColor = frag(); }"},"glsl3":{"vert":"\nprecision highp float;\nlayout(std140) uniform CCGlobal {\n  highp   vec4 cc_time;\n  mediump vec4 cc_screenSize;\n  mediump vec4 cc_nativeSize;\n};\nlayout(std140) uniform CCCamera {\n  highp   mat4 cc_matView;\n  highp   mat4 cc_matViewInv;\n  highp   mat4 cc_matProj;\n  highp   mat4 cc_matProjInv;\n  highp   mat4 cc_matViewProj;\n  highp   mat4 cc_matViewProjInv;\n  highp   vec4 cc_cameraPos;\n  mediump vec4 cc_screenScale;\n  mediump vec4 cc_exposure;\n  mediump vec4 cc_mainLitDir;\n  mediump vec4 cc_mainLitColor;\n  mediump vec4 cc_ambientSky;\n  mediump vec4 cc_ambientGround;\n  mediump vec4 cc_fogColor;\n  mediump vec4 cc_fogBase;\n  mediump vec4 cc_fogAdd;\n  mediump vec4 cc_nearFar;\n  mediump vec4 cc_viewPort;\n};\n#if USE_LOCAL\n  layout(std140) uniform CCLocal {\n    highp mat4 cc_matWorld;\n    highp mat4 cc_matWorldIT;\n    highp vec4 cc_lightingMapUVParam;\n  };\n#endif\n#if SAMPLE_FROM_RT\n#endif\nin vec3 a_position;\nin vec2 a_texCoord;\nin vec4 a_color;\nout vec4 color;\nout vec2 uv0;\nvec4 vert () {\n  vec4 pos = vec4(a_position, 1);\n  #if USE_LOCAL\n    pos = cc_matWorld * pos;\n  #endif\n  #if USE_PIXEL_ALIGNMENT\n    pos = cc_matView * pos;\n    pos.xyz = floor(pos.xyz);\n    pos = cc_matProj * pos;\n  #else\n    pos = cc_matViewProj * pos;\n  #endif\n  uv0 = a_texCoord;\n  #if SAMPLE_FROM_RT\n    uv0 = cc_cameraPos.w > 1.0 ? vec2(uv0.x, 1.0 - uv0.y) : uv0;\n  #endif\n  color = a_color;\n  return pos;\n}\nvoid main() { gl_Position = vert(); }","frag":"\nprecision highp float;\nvec4 CCSampleWithAlphaSeparated(sampler2D tex, vec2 uv) {\n#if CC_USE_EMBEDDED_ALPHA\n  return vec4(texture(tex, uv).rgb, texture(tex, uv + vec2(0.0, 0.5)).r);\n#else\n  return texture(tex, uv);\n#endif\n}\nlayout(std140) uniform Constants {\n  vec4 albedoScaleAndCutoff;\n};\n#if USE_ALPHA_TEST\n  layout(std140) uniform ALPHA_TEST_DATA {\n    float alphaThreshold;\n  };\n#endif\nin vec4 color;\n#if USE_TEXTURE\n  in vec2 uv0;\n  uniform sampler2D cc_spriteTexture;\n  uniform sampler2D next;\n#endif\nvec4 frag () {\n  vec4 o = vec4(1, 1, 1, 1);\n  #if USE_TEXTURE\n    o *= CCSampleWithAlphaSeparated(cc_spriteTexture, uv0);\n    vec4 c = CCSampleWithAlphaSeparated(next, uv0);\n    float alpha = 0.;\n    #if IS_GRAY\n      alpha = 1. - albedoScaleAndCutoff.w;\n    #else\n      alpha = smoothstep(1., 0., (albedoScaleAndCutoff.w * 1.2 - uv0.y) / .2);\n    #endif\n    o = o * alpha + c * (1. - alpha);\n  #endif\n  return o;\n}\nlayout(location = 0) out vec4 cc_FragColor;\nvoid main() { cc_FragColor = frag(); }"},"glsl1":{"vert":"\nprecision highp float;\nuniform highp mat4 cc_matView;\n  uniform highp mat4 cc_matProj;\n  uniform highp mat4 cc_matViewProj;\n  uniform highp vec4 cc_cameraPos;\n#if USE_LOCAL\n  uniform highp mat4 cc_matWorld;\n#endif\n#if SAMPLE_FROM_RT\n#endif\nattribute vec3 a_position;\nattribute vec2 a_texCoord;\nattribute vec4 a_color;\nvarying vec4 color;\nvarying vec2 uv0;\nvec4 vert () {\n  vec4 pos = vec4(a_position, 1);\n  #if USE_LOCAL\n    pos = cc_matWorld * pos;\n  #endif\n  #if USE_PIXEL_ALIGNMENT\n    pos = cc_matView * pos;\n    pos.xyz = floor(pos.xyz);\n    pos = cc_matProj * pos;\n  #else\n    pos = cc_matViewProj * pos;\n  #endif\n  uv0 = a_texCoord;\n  #if SAMPLE_FROM_RT\n    uv0 = cc_cameraPos.w > 1.0 ? vec2(uv0.x, 1.0 - uv0.y) : uv0;\n  #endif\n  color = a_color;\n  return pos;\n}\nvoid main() { gl_Position = vert(); }","frag":"\nprecision highp float;\nvec4 CCSampleWithAlphaSeparated(sampler2D tex, vec2 uv) {\n#if CC_USE_EMBEDDED_ALPHA\n  return vec4(texture2D(tex, uv).rgb, texture2D(tex, uv + vec2(0.0, 0.5)).r);\n#else\n  return texture2D(tex, uv);\n#endif\n}\n    uniform vec4 albedoScaleAndCutoff;\n#if USE_ALPHA_TEST\n#endif\nvarying vec4 color;\n#if USE_TEXTURE\n  varying vec2 uv0;\n  uniform sampler2D cc_spriteTexture;\n  uniform sampler2D next;\n#endif\nvec4 frag () {\n  vec4 o = vec4(1, 1, 1, 1);\n  #if USE_TEXTURE\n    o *= CCSampleWithAlphaSeparated(cc_spriteTexture, uv0);\n    vec4 c = CCSampleWithAlphaSeparated(next, uv0);\n    float alpha = 0.;\n    #if IS_GRAY\n      alpha = 1. - albedoScaleAndCutoff.w;\n    #else\n      alpha = smoothstep(1., 0., (albedoScaleAndCutoff.w * 1.2 - uv0.y) / .2);\n    #endif\n    o = o * alpha + c * (1. - alpha);\n  #endif\n  return o;\n}\nvoid main() { gl_FragColor = frag(); }"},"builtins":{"globals":{"blocks":[{"name":"CCGlobal","defines":[]},{"name":"CCCamera","defines":[]}],"samplerTextures":[],"buffers":[],"images":[]},"locals":{"blocks":[{"name":"CCLocal","defines":["USE_LOCAL"]}],"samplerTextures":[{"name":"cc_spriteTexture","defines":["USE_TEXTURE"]}],"buffers":[],"images":[]},"statistics":{"CC_EFFECT_USED_VERTEX_UNIFORM_VECTORS":48,"CC_EFFECT_USED_FRAGMENT_UNIFORM_VECTORS":2}},"defines":[{"name":"USE_LOCAL","type":"boolean","defines":[]},{"name":"SAMPLE_FROM_RT","type":"boolean","defines":[]},{"name":"USE_PIXEL_ALIGNMENT","type":"boolean","defines":[]},{"name":"CC_USE_EMBEDDED_ALPHA","type":"boolean","defines":[]},{"name":"USE_ALPHA_TEST","type":"boolean","defines":[]},{"name":"USE_TEXTURE","type":"boolean","defines":[]},{"name":"IS_GRAY","type":"boolean","defines":["USE_TEXTURE"]}]}],[{"passes":[{"program":"../models/background|sprite-vs:vert|sprite-fs:frag","blendState":{"targets":[{"blend":true,"blendSrc":2,"blendDst":4,"blendDstAlpha":4}]},"rasterizerState":{"cullMode":0},"depthStencilState":{"depthTest":false,"depthWrite":false},"properties":{"alphaThreshold":{"type":13,"value":[0.5],"editor":{"parent":"USE_ALPHA_TEST","slide":true,"step":0.001,"range":[0,1]},"handleInfo":["albedoScaleAndCutoff",3,13]},"next":{"value":"black","type":28},"albedoScaleAndCutoff":{"type":16,"editor":{"visible":false,"deprecated":true},"value":[0,0,0,0.5]}}}]}]]],0,0,[],[],[]],[[[7,[{"alphaThreshold":0}],[{"rasterizerState":{},"depthStencilState":{},"blendState":{"targets":[{}]}}],[{"USE_ALPHA_TEST":true,"USE_TEXTURE":true,"IS_GRAY":true}]]],0,0,[0],[3],[0]],[[[7,[{"alphaThreshold":0}],[{"rasterizerState":{},"depthStencilState":{},"blendState":{"targets":[{}]}}],[{"USE_ALPHA_TEST":true,"USE_TEXTURE":true}]]],0,0,[0],[3],[0]],[[[13,"main"],[14,0,null,[24,"8fdHBNktJL1LynUN644w2h",-2,[26,"65myR+HhpEGLREHdg29L8U",null,[[4,"InGame",["_name"],[0,["8fdHBNktJL1LynUN644w2h"]]],[5,["_lpos"],[0,["8fdHBNktJL1LynUN644w2h"]],[1,0,0,0]],[5,["_lrot"],[0,["8fdHBNktJL1LynUN644w2h"]],[3,0,0,0,1]],[5,["_euler"],[0,["8fdHBNktJL1LynUN644w2h"]],[1,0,0,0]],[4,true,["_active"],[0,["9dExzd/aFHgr60XSPswYVY"]]],[4,false,["_active"],[0,["463OEs77lNWZMQ4+BRZx89"]]]]],[[29,["miniProgress"],-1,[0,["20NVym589EIoE+ku9gwLvI"]]]],2]],[15,"Canvas",33554432,"66Oqdjs9tA66UbGN5Zkzjp",[-12,-13,-14],[[6,-3,[5,750,1334]],[11,-5,-4],[32,45,-5.684341886080802e-14,-5.684341886080802e-14,-1.1368683772161603e-13,-1.1368683772161603e-13,-6],[37,-9,-8,[1,-7]],[38,-10],[39,-11,[40,"4bK7o0UAhEd756/IyQ2S2t"],[5]]],[1,374.99999999999994,666.9999999999999,0]],[41,"main",[-16,2,-17,-18,-19],[25,"d09e02ce-2512-486f-ae20-8e7405a98471",[[2,["_target"],1,[0,["1ahbtcz8hFDI+t8VVdJ4pt"]],1,[0,["58nCd8RidDT5seA1ROJTt8"]]],[2,["_target"],1,[0,["aeDIhezeRB8qKu1azRxc4i"]],1,[0,["afOqzk5WVHWLV98j7HYrNo"]]],[2,["_target"],1,[0,["f5WcZkSrpHjIC7QADS/i2H"]],1,[0,["2cPYiU1EtFQaQjQlWb5HGa"]]],[2,["_target"],1,[0,["59Bn9SXn1AiJuLrV6zcg9T"]],1,[0,["fcSmOZ5HdLxaYdGEnOjn9Z"]]],[2,["_target"],1,[0,["7bBMMsimBJ0KdktX4MiX7R"]],1,[0,["2bjjJlRC5OaITqqCaKVriF"]]]],[1,-15]],[42,[43,50000,2,[2,1,1,1,1.3020828125],[2,1,1,1,2]],[44,[4,838860800]],[45,false],[46],[47]]],[16,"Background",8388608,"27Xrdk2NZIbJ2S9atD7USj",3,[-24,-25],[[6,-20,[5,750,1334]],[11,-22,-21],[33,45,-5.684341886080802e-14,-5.684341886080802e-14,-1.1368683772161603e-13,-1.1368683772161603e-13,1334,-23]],[1,374.99999999999994,666.9999999999999,0]],[17,"ScreenContainer",33554432,2,[1,-28],[[6,-26,[5,750,1334]],[34,45,100,100,-27]]],[18,"background",8388608,4,[[30,-29,[5,750,1624],[0,0.5,1]],[48,-30,0],[35,41,-290,750,1624,-31],[49,0,-32,1]],[1,0,667,0]],[0,["24E0aS+JdB6JP1HaxqUpiB"]],[0,["83ZjAGhG5KZIFBvkChIpC9"]],[19,"GameMgr","01zkApsY5CL6S9bLdqZo6a",3,[[50,-33],[51,-34],[52,-35],[53,-36]]],[8,0,{},5,[10,"83ZjAGhG5KZIFBvkChIpC9",-37,[27,"72e84fFDpDOZDPIPJ/2amq",[[3,"Loading",["_name"],8],[1,["_lpos"],8,[1,0,0,0]],[1,["_lrot"],8,[3,0,0,0,1]],[1,["_euler"],8,[1,0,0,0]],[3,false,["_active"],8]]],4]],[9,"Camera",33554432,2,[-38],[1,0,0,1000]],[20,"ScoreContainer",33554432,2,[[31,-39],[36,1,617,-40]]],[21,"CameraHolder","ffT6XcePRAYJUkNfKNl45L",3,[-43],[[54,-42,[-41,11],[[[1,0.1,0.1,0.1],[1,10,10,10]],8,8]]]],[22,"MainCamera",13,[[55,1,33.387888707037646,1,1,6,1073741824,-44,[4,4293975680]]],[1,-5,10,-8],[3,-0.06698729810778073,-0.9330127018922194,-0.24999999999999992,0.24999999999999975],[1,-29.999999999999993,-150.00000000000003,1.749305074804934e-14]],[9,"Camera",8388608,4,[-45],[1,0,0,1000]],[56,0,667,2000,8388608,15,[4,4278190080]],[57,0,1073741824,667,2000,6,33554432,11,[4,4278190080]],[8,0,{},1,[10,"24E0aS+JdB6JP1HaxqUpiB",-46,[28,"08WNqP7DRGb5MAxXpsyCoz",1,[[3,"miniProgress",["_name"],7],[1,["_lpos"],7,[1,291,-350,0]],[1,["_lrot"],7,[3,0,0,0,1]],[1,["_euler"],7,[1,0,0,0]],[3,false,["_active"],7]]],3]],[23,"Main Light","49oJcEQX1Ew4KXgECtLlIk",3,[[58,100000,2.604166666666667,-47,[59,true]]],[3,-0.4330127018922193,-0.4330127018922193,-0.24999999999999994,0.7500000000000001],[1,-60,-60,0]]],0,[0,6,18,0,1,1,0,0,2,0,4,17,0,0,2,0,0,2,0,-2,10,0,7,5,0,0,2,0,0,2,0,0,2,0,-1,11,0,-2,5,0,-3,12,0,-2,10,0,-1,4,0,-3,13,0,-4,19,0,-5,9,0,0,4,0,4,16,0,0,4,0,0,4,0,-1,6,0,-2,15,0,0,5,0,0,5,0,-2,10,0,0,6,0,0,6,0,0,6,0,0,6,0,0,9,0,0,9,0,0,9,0,0,9,0,1,10,0,-1,17,0,0,12,0,0,12,0,-1,14,0,0,13,0,-1,14,0,0,14,0,-1,16,0,1,18,0,0,19,0,8,3,1,5,5,2,5,3,47],[0,0,0,0,0,0],[9,10,2,2,2,-1],[1,2,3,4,5,6]]]]
