[1,["c4995fba-9b4b-4968-957c-6eb66f4e73eb@4eb3d","c4995fba-9b4b-4968-957c-6eb66f4e73eb@604e5","c4995fba-9b4b-4968-957c-6eb66f4e73eb@a96a6","1baf0fc9-befa-459c-8bdd-af1a450a0319"],["root","node","data","_mesh","mainTexture","_effectAsset"],[["cc.Node",["_name","_prefab","_children","_parent","_components","_lrot","_lscale","_euler"],2,4,2,1,9,5,5,5],["cc.Prefab",["_name"],2],["cc.PrefabInfo",["fileId","root","asset"],2,1,1],["cc.MeshRenderer",["node","__prefab","_materials","lightmapSettings","_mesh"],3,1,4,3,4,6],["cc.CompPrefabInfo",["fileId"],2],["cc.ModelLightmapSettings",[],3],["cc.Material",["_name","_states","_defines","_props"],0,12],["cc.Mesh",["_native","_hash","_struct"],1,11]],[[2,0,1,2,2],[1,0,2],[0,0,2,1,2],[0,0,3,2,1,2],[0,0,3,4,1,5,6,7,2],[3,0,1,2,3,4,1],[4,0,2],[5,1],[6,0,1,2,3,4],[7,0,1,2,3]],[[[[1,"house02"],[2,"house02",[-2],[0,"Node.702",-1,0]],[3,"RootNode",1,[-3],[0,"Node.703",1,0]],[4,"Box022",2,[[5,-4,[6,"97m90xTTRN65GhCZ7wWRKA"],[0],[7],1]],[0,"Node.704",1,0],[3,-0.7071067811865476,0,0,0.7071067811865476],[1,4.55663251876831,4.55663251876831,4.55663251876831],[1,-90.00000000000003,0,0]]],0,[0,0,1,0,-1,2,0,-1,3,0,1,3,0,2,1,4],[0,0],[-1,3],[0,1]],[[[8,"Material #117",[{"rasterizerState":{},"blendState":{"targets":[{}]},"depthStencilState":{}}],[{"USE_ALBEDO_MAP":true}],[[[{"metallic":0.400000005960464,"roughness":0.70710676908493},"albedoScale",8,[1,1,1,1],"mainTexture",6,0]],11]]],0,0,[0,0],[4,5],[2,3]],[[[9,".bin",477030823,[{"primitives":[{"primitiveMode":7,"vertexBundelIndices":[0],"indexView":{"offset":28864,"length":2904,"count":1452,"stride":2}}],"vertexBundles":[{"view":{"offset":0,"length":28864,"count":902,"stride":32},"attributes":[{"name":"a_position","format":32,"isNormalized":false},{"name":"a_normal","format":32,"isNormalized":false},{"name":"a_texCoord","format":21,"isNormalized":false}]}]},"minPosition",8,[1,-0.3818300664424896,-0.4993759095668793,-0.015018911100924015],"maxPosition",8,[1,0.3180922567844391,0.45580849051475525,0.4699755012989044]]],-1],0,0,[],[],[]]]]
