{"version":1,"document":[{"__type__":"cc.AnimationClip","_name":"lv4-walk","_objFlags":0,"_native":"","sample":60,"speed":1,"wrapMode":2,"enableTrsBlending":false,"_duration":1.2666666666666666,"_hash":500763545,"_tracks":[{"__id__":1},{"__id__":6}],"_exoticAnimation":null,"_events":[]},{"__type__":"cc.animation.ObjectTrack","_binding":{"__type__":"cc.animation.TrackBinding","path":{"__id__":2}},"_channel":{"__id__":4}},{"__type__":"cc.animation.TrackPath","_paths":[{"__id__":3},"spriteFrame"]},{"__type__":"cc.animation.ComponentPath","component":"cc.Sprite"},{"__type__":"cc.animation.Channel","_curve":{"__id__":5}},{"__type__":"cc.ObjectCurve","_times":[0,0.25,0.5,0.75,1,1.25],"_values":[{"__uuid__":"d6a0b44a-dad7-451b-8dc7-3f81333e38fc@f9941","__expectedType__":"cc.Asset"},{"__uuid__":"148f0fee-b879-4cfc-bc95-920b8276d7fd@f9941","__expectedType__":"cc.Asset"},{"__uuid__":"9c20e3ef-a37b-41c4-974f-828349b3aea9@f9941","__expectedType__":"cc.Asset"},{"__uuid__":"05e3d17e-f7bc-4ac5-b0e3-11fe008b9928@f9941","__expectedType__":"cc.Asset"},{"__uuid__":"76a51671-76c8-497c-a903-cf8fef11b785@f9941","__expectedType__":"cc.Asset"},{"__uuid__":"9403ee4b-2ff2-4127-99f8-48d4ecfa0695@f9941","__expectedType__":"cc.Asset"}]},{"__type__":"cc.animation.SizeTrack","_binding":{"__type__":"cc.animation.TrackBinding","path":{"__id__":7}},"_channels":[{"__id__":9},{"__id__":11}]},{"__type__":"cc.animation.TrackPath","_paths":[{"__id__":8},"contentSize"]},{"__type__":"cc.animation.ComponentPath","component":"cc.UITransform"},{"__type__":"cc.animation.Channel","_curve":{"__id__":10}},{"__type__":"cc.RealCurve","bytes":{"__type__":"TypedArrayRef","ctor":"Uint8Array","offset":0,"length":26}},{"__type__":"cc.animation.Channel","_curve":{"__id__":12}},{"__type__":"cc.RealCurve","bytes":{"__type__":"TypedArrayRef","ctor":"Uint8Array","offset":26,"length":26}}],"chunks":[".bin"]}
