[1,["6ad641aa-7593-4ad5-8d46-d8d9728ac072@6c48a","6ad641aa-7593-4ad5-8d46-d8d9728ac072@f9941"],["_textureSource","spriteFrame"],["cc.SpriteFrame",["cc.BitmapFont",["_name","fontSize","fntConfig"],0]],[[1,0,1,2,4]],[[[{"name":"SheepFightFont","rect":{"x":1,"y":1,"width":456,"height":459},"offset":{"x":0,"y":0},"originalSize":{"width":458,"height":461},"rotated":false,"capInsets":[0,0,0,0],"packable":true}],[0],0,[0],[0],[0]],[[[0,"SheepFightFont",72,{"commonHeight":72,"fontSize":72,"atlasName":"SheepFightFont.png","fontDefDictionary":{"32":{"xOffset":0,"yOffset":0,"xAdvance":14,"rect":{"x":0,"y":0,"width":0,"height":0}},"33":{"xOffset":4.9390625,"yOffset":17.05390625,"xAdvance":27,"rect":{"x":436,"y":138,"width":17,"height":54}},"34":{"xOffset":1.9695312500000002,"yOffset":17.05390625,"xAdvance":37,"rect":{"x":366,"y":297,"width":33,"height":24}},"35":{"xOffset":-1,"yOffset":17.046875,"xAdvance":49,"rect":{"x":127,"y":54,"width":50,"height":53}},"36":{"xOffset":2.96640625,"yOffset":12.034375,"xAdvance":50,"rect":{"x":234,"y":0,"width":44,"height":63}},"37":{"xOffset":0.90234375,"yOffset":16.064062500000002,"xAdvance":70,"rect":{"x":0,"y":108,"width":69,"height":55}},"38":{"xOffset":0.97265625,"yOffset":16.9625,"xAdvance":53,"rect":{"x":0,"y":364,"width":54,"height":54}},"39":{"xOffset":1.9695312500000002,"yOffset":17.05390625,"xAdvance":18,"rect":{"x":145,"y":437,"width":14,"height":24}},"40":{"xOffset":5.0234375,"yOffset":17.05390625,"xAdvance":32,"rect":{"x":404,"y":200,"width":27,"height":64}},"41":{"xOffset":0.010937500000000044,"yOffset":17.05390625,"xAdvance":32,"rect":{"x":404,"y":265,"width":27,"height":64}},"42":{"xOffset":2.91015625,"yOffset":17.05390625,"xAdvance":36,"rect":{"x":323,"y":426,"width":31,"height":30}},"43":{"xOffset":4.06171875,"yOffset":27.06484375,"xAdvance":50,"rect":{"x":323,"y":283,"width":41,"height":42}},"44":{"xOffset":2.0679687500000004,"yOffset":58.08046875,"xAdvance":22,"rect":{"x":127,"y":437,"width":17,"height":24}},"45":{"xOffset":3.95625,"yOffset":41.0421875,"xAdvance":33,"rect":{"x":91,"y":443,"width":26,"height":15}},"46":{"xOffset":2.91015625,"yOffset":53.973437499999996,"xAdvance":22,"rect":{"x":73,"y":443,"width":17,"height":17}},"47":{"xOffset":-1,"yOffset":17.05390625,"xAdvance":32,"rect":{"x":366,"y":204,"width":34,"height":64}},"48":{"xOffset":1.9343750000000002,"yOffset":15.965625,"xAdvance":51,"rect":{"x":127,"y":270,"width":47,"height":55}},"49":{"xOffset":1.9484375000000003,"yOffset":17.05390625,"xAdvance":38,"rect":{"x":405,"y":0,"width":30,"height":53}},"50":{"xOffset":1.0359375000000002,"yOffset":15.97265625,"xAdvance":47,"rect":{"x":234,"y":368,"width":43,"height":54}},"51":{"xOffset":1.02890625,"yOffset":15.97265625,"xAdvance":49,"rect":{"x":178,"y":54,"width":46,"height":55}},"52":{"xOffset":1.0640625,"yOffset":17.05390625,"xAdvance":50,"rect":{"x":127,"y":162,"width":48,"height":53}},"53":{"xOffset":2.9875,"yOffset":17.05390625,"xAdvance":48,"rect":{"x":234,"y":64,"width":44,"height":54}},"54":{"xOffset":1.90625,"yOffset":15.965625,"xAdvance":50,"rect":{"x":178,"y":110,"width":46,"height":55}},"55":{"xOffset":0.9585937499999999,"yOffset":17.05390625,"xAdvance":43,"rect":{"x":323,"y":97,"width":41,"height":53}},"56":{"xOffset":1.9343750000000002,"yOffset":15.97265625,"xAdvance":51,"rect":{"x":127,"y":326,"width":47,"height":55}},"57":{"xOffset":1.9695312500000002,"yOffset":15.97265625,"xAdvance":50,"rect":{"x":178,"y":166,"width":46,"height":55}},"58":{"xOffset":2.91015625,"yOffset":32,"xAdvance":22,"rect":{"x":234,"y":423,"width":17,"height":38}},"59":{"xOffset":2.0679687500000004,"yOffset":32,"xAdvance":22,"rect":{"x":436,"y":301,"width":17,"height":50}},"61":{"xOffset":4.06171875,"yOffset":32.00703125,"xAdvance":50,"rect":{"x":279,"y":427,"width":41,"height":33}},"63":{"xOffset":0.9585937499999999,"yOffset":16.95546875,"xAdvance":42,"rect":{"x":323,"y":370,"width":39,"height":55}},"64":{"xOffset":1.0359375000000002,"yOffset":16.91328125,"xAdvance":65,"rect":{"x":0,"y":249,"width":61,"height":60}},"65":{"xOffset":0.010937500000000044,"yOffset":17.05390625,"xAdvance":54,"rect":{"x":80,"y":0,"width":54,"height":53}},"66":{"xOffset":2.903125,"yOffset":17.05390625,"xAdvance":49,"rect":{"x":178,"y":278,"width":46,"height":53}},"67":{"xOffset":1.05703125,"yOffset":16.078125,"xAdvance":54,"rect":{"x":73,"y":331,"width":51,"height":55}},"68":{"xOffset":2.903125,"yOffset":17.05390625,"xAdvance":52,"rect":{"x":127,"y":216,"width":48,"height":53}},"69":{"xOffset":2.903125,"yOffset":17.05390625,"xAdvance":43,"rect":{"x":366,"y":0,"width":38,"height":53}},"70":{"xOffset":2.903125,"yOffset":17.05390625,"xAdvance":41,"rect":{"x":366,"y":54,"width":38,"height":53}},"71":{"xOffset":1.05703125,"yOffset":16.078125,"xAdvance":54,"rect":{"x":73,"y":387,"width":51,"height":55}},"72":{"xOffset":2.903125,"yOffset":17.05390625,"xAdvance":55,"rect":{"x":135,"y":0,"width":50,"height":53}},"73":{"xOffset":2.903125,"yOffset":17.05390625,"xAdvance":22,"rect":{"x":436,"y":247,"width":17,"height":53}},"74":{"xOffset":-0.059374999999999956,"yOffset":17.05390625,"xAdvance":45,"rect":{"x":279,"y":372,"width":42,"height":54}},"75":{"xOffset":2.903125,"yOffset":17.05390625,"xAdvance":51,"rect":{"x":127,"y":108,"width":49,"height":53}},"76":{"xOffset":2.903125,"yOffset":17.05390625,"xAdvance":41,"rect":{"x":366,"y":108,"width":37,"height":53}},"77":{"xOffset":2.903125,"yOffset":17.05390625,"xAdvance":65,"rect":{"x":0,"y":310,"width":59,"height":53}},"78":{"xOffset":2.903125,"yOffset":17.05390625,"xAdvance":53,"rect":{"x":186,"y":0,"width":47,"height":53}},"79":{"xOffset":1.05703125,"yOffset":16.078125,"xAdvance":56,"rect":{"x":73,"y":113,"width":53,"height":55}},"80":{"xOffset":2.903125,"yOffset":17.05390625,"xAdvance":48,"rect":{"x":234,"y":119,"width":44,"height":53}},"81":{"xOffset":1.0499999999999998,"yOffset":16.078125,"xAdvance":56,"rect":{"x":73,"y":54,"width":53,"height":58}},"82":{"xOffset":2.903125,"yOffset":17.05390625,"xAdvance":50,"rect":{"x":178,"y":332,"width":46,"height":53}},"83":{"xOffset":1.021875,"yOffset":16.078125,"xAdvance":49,"rect":{"x":178,"y":222,"width":46,"height":55}},"84":{"xOffset":0.9164062500000001,"yOffset":17.05390625,"xAdvance":45,"rect":{"x":234,"y":173,"width":44,"height":53}},"85":{"xOffset":2.903125,"yOffset":17.05390625,"xAdvance":52,"rect":{"x":127,"y":382,"width":47,"height":54}},"86":{"xOffset":0.010937500000000044,"yOffset":17.05390625,"xAdvance":53,"rect":{"x":73,"y":223,"width":52,"height":53}},"87":{"xOffset":0.08125000000000004,"yOffset":17.05390625,"xAdvance":73,"rect":{"x":0,"y":54,"width":72,"height":53}},"88":{"xOffset":0.08125000000000004,"yOffset":17.05390625,"xAdvance":53,"rect":{"x":73,"y":169,"width":53,"height":53}},"89":{"xOffset":0.010937500000000044,"yOffset":17.05390625,"xAdvance":52,"rect":{"x":73,"y":277,"width":52,"height":53}},"90":{"xOffset":1.9625000000000004,"yOffset":17.05390625,"xAdvance":47,"rect":{"x":279,"y":274,"width":43,"height":53}},"91":{"xOffset":6.0062500000000005,"yOffset":17.05390625,"xAdvance":32,"rect":{"x":404,"y":330,"width":26,"height":64}},"93":{"xOffset":0.010937500000000044,"yOffset":17.05390625,"xAdvance":32,"rect":{"x":404,"y":395,"width":26,"height":64}},"94":{"xOffset":0.9796875,"yOffset":19.0125,"xAdvance":36,"rect":{"x":366,"y":269,"width":34,"height":27}},"95":{"xOffset":-2.0671875,"yOffset":71.95234375,"xAdvance":32,"rect":{"x":178,"y":442,"width":36,"height":13}},"97":{"xOffset":0.05312500000000009,"yOffset":28.040625000000002,"xAdvance":43,"rect":{"x":323,"y":151,"width":41,"height":43}},"98":{"xOffset":1.9765625,"yOffset":17.05390625,"xAdvance":47,"rect":{"x":279,"y":0,"width":43,"height":54}},"99":{"xOffset":0.94453125,"yOffset":28.040625000000002,"xAdvance":43,"rect":{"x":323,"y":195,"width":41,"height":43}},"100":{"xOffset":0.94453125,"yOffset":17.05390625,"xAdvance":46,"rect":{"x":279,"y":55,"width":43,"height":54}},"101":{"xOffset":0.94453125,"yOffset":28.040625000000002,"xAdvance":44,"rect":{"x":323,"y":239,"width":41,"height":43}},"102":{"xOffset":0.010937500000000044,"yOffset":16.934375,"xAdvance":30,"rect":{"x":405,"y":54,"width":29,"height":53}},"103":{"xOffset":0.94453125,"yOffset":28.924999999999997,"xAdvance":46,"rect":{"x":234,"y":311,"width":43,"height":56}},"104":{"xOffset":1.9765625,"yOffset":17.05390625,"xAdvance":46,"rect":{"x":323,"y":0,"width":42,"height":53}},"105":{"xOffset":1.94140625,"yOffset":12.01328125,"xAdvance":20,"rect":{"x":436,"y":352,"width":16,"height":58}},"106":{"xOffset":-3.9976562500000004,"yOffset":12.01328125,"xAdvance":20,"rect":{"x":436,"y":0,"width":22,"height":72}},"107":{"xOffset":1.9765625,"yOffset":17.05390625,"xAdvance":43,"rect":{"x":279,"y":220,"width":43,"height":53}},"108":{"xOffset":1.9765625,"yOffset":17.05390625,"xAdvance":21,"rect":{"x":436,"y":193,"width":17,"height":53}},"109":{"xOffset":1.94140625,"yOffset":28.082812500000003,"xAdvance":67,"rect":{"x":0,"y":206,"width":63,"height":42}},"110":{"xOffset":1.94140625,"yOffset":28.082812500000003,"xAdvance":45,"rect":{"x":0,"y":419,"width":42,"height":42}},"111":{"xOffset":0.94453125,"yOffset":28.040625000000002,"xAdvance":45,"rect":{"x":279,"y":328,"width":43,"height":43}},"112":{"xOffset":1.94140625,"yOffset":28.924999999999997,"xAdvance":46,"rect":{"x":279,"y":110,"width":43,"height":54}},"113":{"xOffset":0.94453125,"yOffset":28.924999999999997,"xAdvance":46,"rect":{"x":279,"y":165,"width":43,"height":54}},"114":{"xOffset":1.94140625,"yOffset":28.924999999999997,"xAdvance":31,"rect":{"x":404,"y":108,"width":29,"height":41}},"115":{"xOffset":0.032031249999999956,"yOffset":28.040625000000002,"xAdvance":41,"rect":{"x":323,"y":326,"width":40,"height":43}},"116":{"xOffset":0.010937500000000044,"yOffset":20.9359375,"xAdvance":30,"rect":{"x":404,"y":150,"width":28,"height":49}},"117":{"xOffset":1.90625,"yOffset":29.037499999999998,"xAdvance":45,"rect":{"x":323,"y":54,"width":42,"height":42}},"118":{"xOffset":-1.07734375,"yOffset":29.037499999999998,"xAdvance":42,"rect":{"x":234,"y":227,"width":44,"height":41}},"119":{"xOffset":-0.93671875,"yOffset":29.037499999999998,"xAdvance":63,"rect":{"x":0,"y":164,"width":64,"height":41}},"120":{"xOffset":-0.93671875,"yOffset":29.037499999999998,"xAdvance":43,"rect":{"x":234,"y":269,"width":44,"height":41}},"121":{"xOffset":-1.00703125,"yOffset":29.037499999999998,"xAdvance":44,"rect":{"x":178,"y":386,"width":45,"height":55}},"122":{"xOffset":1.0078125,"yOffset":29.037499999999998,"xAdvance":40,"rect":{"x":366,"y":162,"width":37,"height":41}},"123":{"xOffset":0.010937500000000044,"yOffset":17.05390625,"xAdvance":32,"rect":{"x":366,"y":322,"width":32,"height":64}},"124":{"xOffset":7.971875000000001,"yOffset":17.05390625,"xAdvance":32,"rect":{"x":436,"y":73,"width":17,"height":64}},"125":{"xOffset":0.010937500000000044,"yOffset":17.05390625,"xAdvance":32,"rect":{"x":366,"y":387,"width":32,"height":64}},"8470":{"xOffset":3.0578125,"yOffset":16.90625,"xAdvance":82,"rect":{"x":0,"y":0,"width":79,"height":53}}},"kerningDict":{}}]],0,0,[0],[1],[1]]]]
