{"version":1,"document":[{"__type__":"cc.AnimationClip","_name":"lv2-walk","_objFlags":0,"_native":"","sample":60,"speed":1,"wrapMode":2,"enableTrsBlending":false,"_duration":1.2666666666666666,"_hash":500763545,"_tracks":[{"__id__":1},{"__id__":6}],"_exoticAnimation":null,"_events":[]},{"__type__":"cc.animation.ObjectTrack","_binding":{"__type__":"cc.animation.TrackBinding","path":{"__id__":2}},"_channel":{"__id__":4}},{"__type__":"cc.animation.TrackPath","_paths":[{"__id__":3},"spriteFrame"]},{"__type__":"cc.animation.ComponentPath","component":"cc.Sprite"},{"__type__":"cc.animation.Channel","_curve":{"__id__":5}},{"__type__":"cc.ObjectCurve","_times":[0,0.25,0.5,0.75,1,1.25],"_values":[{"__uuid__":"934319e3-b43e-4be6-b9ef-268fd5b40471@f9941","__expectedType__":"cc.Asset"},{"__uuid__":"23aae70f-2093-4add-89de-700e5f9d0e5e@f9941","__expectedType__":"cc.Asset"},{"__uuid__":"209ac884-a8c5-444c-9e47-0f0f5f898b4e@f9941","__expectedType__":"cc.Asset"},{"__uuid__":"abb3f830-29ac-4020-ae27-b79515dc0747@f9941","__expectedType__":"cc.Asset"},{"__uuid__":"c9e1843c-deb9-4d8b-b60f-7b915a9f73e0@f9941","__expectedType__":"cc.Asset"},{"__uuid__":"3644677b-26f0-4403-868b-80f32bdf7ad6@f9941","__expectedType__":"cc.Asset"}]},{"__type__":"cc.animation.SizeTrack","_binding":{"__type__":"cc.animation.TrackBinding","path":{"__id__":7}},"_channels":[{"__id__":9},{"__id__":11}]},{"__type__":"cc.animation.TrackPath","_paths":[{"__id__":8},"contentSize"]},{"__type__":"cc.animation.ComponentPath","component":"cc.UITransform"},{"__type__":"cc.animation.Channel","_curve":{"__id__":10}},{"__type__":"cc.RealCurve","bytes":{"__type__":"TypedArrayRef","ctor":"Uint8Array","offset":0,"length":26}},{"__type__":"cc.animation.Channel","_curve":{"__id__":12}},{"__type__":"cc.RealCurve","bytes":{"__type__":"TypedArrayRef","ctor":"Uint8Array","offset":26,"length":26}}],"chunks":[".bin"]}
