[1,["001uQAOjRLl5uYgr/AeQpX@4f17a","1brw/JvvpFnIvdrxpFCgMZ","001uQAOjRLl5uYgr/AeQpX@d4bdc","001uQAOjRLl5uYgr/AeQpX@6a85e","001uQAOjRLl5uYgr/AeQpX@040e2","001uQAOjRLl5uYgr/AeQpX@2530c","001uQAOjRLl5uYgr/AeQpX@b4a40","001uQAOjRLl5uYgr/AeQpX@a6683","001uQAOjRLl5uYgr/AeQpX@1c83d","001uQAOjRLl5uYgr/AeQpX@003bc","001uQAOjRLl5uYgr/AeQpX@ce0a2","001uQAOjRLl5uYgr/AeQpX@30c1a","001uQAOjRLl5uYgr/AeQpX@e59ff","001uQAOjRLl5uYgr/AeQpX@d2bee","001uQAOjRLl5uYgr/AeQpX@6d945","001uQAOjRLl5uYgr/AeQpX@1c908","001uQAOjRLl5uYgr/AeQpX@3e8c2","001uQAOjRLl5uYgr/AeQpX@a774e","001uQAOjRLl5uYgr/AeQpX@6dfa8","001uQAOjRLl5uYgr/AeQpX@4a1f3","001uQAOjRLl5uYgr/AeQpX@432eb","001uQAOjRLl5uYgr/AeQpX@4f867","001uQAOjRLl5uYgr/AeQpX@ffc56","001uQAOjRLl5uYgr/AeQpX@3238a","001uQAOjRLl5uYgr/AeQpX@8d9f4","001uQAOjRLl5uYgr/AeQpX@833f8","001uQAOjRLl5uYgr/AeQpX@54353","001uQAOjRLl5uYgr/AeQpX@8b5d5","001uQAOjRLl5uYgr/AeQpX@fed41","001uQAOjRLl5uYgr/AeQpX@eb1ac","001uQAOjRLl5uYgr/AeQpX@6d25f","001uQAOjRLl5uYgr/AeQpX@65455","001uQAOjRLl5uYgr/AeQpX@0133c","001uQAOjRLl5uYgr/AeQpX@4cb1c","001uQAOjRLl5uYgr/AeQpX@7acfb","001uQAOjRLl5uYgr/AeQpX@cedd2","001uQAOjRLl5uYgr/AeQpX@9f726","001uQAOjRLl5uYgr/AeQpX@810a5","001uQAOjRLl5uYgr/AeQpX@3a7ca","001uQAOjRLl5uYgr/AeQpX@13b40","001uQAOjRLl5uYgr/AeQpX@42fe6","001uQAOjRLl5uYgr/AeQpX@264e5","001uQAOjRLl5uYgr/AeQpX@d3b28","001uQAOjRLl5uYgr/AeQpX@a9545","001uQAOjRLl5uYgr/AeQpX@e3828","001uQAOjRLl5uYgr/AeQpX@fcc8d","001uQAOjRLl5uYgr/AeQpX@5f932","001uQAOjRLl5uYgr/AeQpX@4fee5","001uQAOjRLl5uYgr/AeQpX@b6d5d","001uQAOjRLl5uYgr/AeQpX@76ca3","001uQAOjRLl5uYgr/AeQpX@37be3","001uQAOjRLl5uYgr/AeQpX@e2a09","001uQAOjRLl5uYgr/AeQpX@36e2f","001uQAOjRLl5uYgr/AeQpX@58a8a","001uQAOjRLl5uYgr/AeQpX@ab65d","001uQAOjRLl5uYgr/AeQpX@3fd39","001uQAOjRLl5uYgr/AeQpX@c6863","001uQAOjRLl5uYgr/AeQpX@0f92d","001uQAOjRLl5uYgr/AeQpX@c39d3","001uQAOjRLl5uYgr/AeQpX@e7be4","001uQAOjRLl5uYgr/AeQpX@136b8","001uQAOjRLl5uYgr/AeQpX@4dec7","001uQAOjRLl5uYgr/AeQpX@9794c","001uQAOjRLl5uYgr/AeQpX@d61b8","001uQAOjRLl5uYgr/AeQpX@009e3","001uQAOjRLl5uYgr/AeQpX@c574b","001uQAOjRLl5uYgr/AeQpX@ad751","001uQAOjRLl5uYgr/AeQpX@975db","001uQAOjRLl5uYgr/AeQpX@7522d","001uQAOjRLl5uYgr/AeQpX@6afc6","001uQAOjRLl5uYgr/AeQpX@d5547","001uQAOjRLl5uYgr/AeQpX@5dbb9","001uQAOjRLl5uYgr/AeQpX@ed67e","001uQAOjRLl5uYgr/AeQpX@1f8c4","001uQAOjRLl5uYgr/AeQpX@ef334","001uQAOjRLl5uYgr/AeQpX@8d11a","001uQAOjRLl5uYgr/AeQpX@7127c","001uQAOjRLl5uYgr/AeQpX@a5ca9","001uQAOjRLl5uYgr/AeQpX@14702","001uQAOjRLl5uYgr/AeQpX@aa499","001uQAOjRLl5uYgr/AeQpX@6e3da","001uQAOjRLl5uYgr/AeQpX@f4d57","001uQAOjRLl5uYgr/AeQpX@31318","001uQAOjRLl5uYgr/AeQpX@a0eda","001uQAOjRLl5uYgr/AeQpX@5aa02","001uQAOjRLl5uYgr/AeQpX@51e08","001uQAOjRLl5uYgr/AeQpX@6b835","001uQAOjRLl5uYgr/AeQpX@a1b56","001uQAOjRLl5uYgr/AeQpX@9520d","001uQAOjRLl5uYgr/AeQpX@cf067","001uQAOjRLl5uYgr/AeQpX@79987","001uQAOjRLl5uYgr/AeQpX@83050","001uQAOjRLl5uYgr/AeQpX@2991e","001uQAOjRLl5uYgr/AeQpX@f0dd0","001uQAOjRLl5uYgr/AeQpX@2b0cb","001uQAOjRLl5uYgr/AeQpX@a2e38","001uQAOjRLl5uYgr/AeQpX@15ec1","001uQAOjRLl5uYgr/AeQpX@2dfec","001uQAOjRLl5uYgr/AeQpX@72e4c","001uQAOjRLl5uYgr/AeQpX@6f2d9","001uQAOjRLl5uYgr/AeQpX@2de92","001uQAOjRLl5uYgr/AeQpX@613da","001uQAOjRLl5uYgr/AeQpX@1f6df","001uQAOjRLl5uYgr/AeQpX@fd1d8","001uQAOjRLl5uYgr/AeQpX@6b480","001uQAOjRLl5uYgr/AeQpX@60e78","001uQAOjRLl5uYgr/AeQpX@04dfa","001uQAOjRLl5uYgr/AeQpX@35e0e","001uQAOjRLl5uYgr/AeQpX@e0676","001uQAOjRLl5uYgr/AeQpX@80d25","001uQAOjRLl5uYgr/AeQpX@4e44c","001uQAOjRLl5uYgr/AeQpX@a463c","001uQAOjRLl5uYgr/AeQpX@2ddf4","001uQAOjRLl5uYgr/AeQpX@66bd3","001uQAOjRLl5uYgr/AeQpX@cf944","001uQAOjRLl5uYgr/AeQpX@37617","001uQAOjRLl5uYgr/AeQpX@c4eda","001uQAOjRLl5uYgr/AeQpX@de6be","001uQAOjRLl5uYgr/AeQpX@72e6d","001uQAOjRLl5uYgr/AeQpX@f6a77","001uQAOjRLl5uYgr/AeQpX@60bfe","001uQAOjRLl5uYgr/AeQpX@34121","001uQAOjRLl5uYgr/AeQpX@2368e","001uQAOjRLl5uYgr/AeQpX@f3db5","001uQAOjRLl5uYgr/AeQpX@34dfe","001uQAOjRLl5uYgr/AeQpX@e9c1b","001uQAOjRLl5uYgr/AeQpX@25578","001uQAOjRLl5uYgr/AeQpX@f497c","001uQAOjRLl5uYgr/AeQpX@8bfaa","001uQAOjRLl5uYgr/AeQpX@395e1","001uQAOjRLl5uYgr/AeQpX@12d22","001uQAOjRLl5uYgr/AeQpX@23f81","001uQAOjRLl5uYgr/AeQpX@9cf8d","001uQAOjRLl5uYgr/AeQpX@bfdd3","001uQAOjRLl5uYgr/AeQpX@b938b","001uQAOjRLl5uYgr/AeQpX@c780a","001uQAOjRLl5uYgr/AeQpX@e513a"],["mainTexture","_effectAsset","root","node","data","_mesh"],[["cc.Node",["_name","_prefab","_children","_parent","_components"],2,4,2,1,9],["cc.Material",["_name","_states","_defines","_props"],0,12],["cc.Mesh",["_native","_hash","_struct"],1,11],["cc.Prefab",["_name"],2],["cc.PrefabInfo",["fileId","root","asset"],2,1,1],["cc.MeshRenderer",["node","__prefab","_materials","lightmapSettings","_mesh"],3,1,4,12,4,6],["cc.CompPrefabInfo",["fileId"],2],["cc.ModelLightmapSettings",[],3]],[[1,0,1,2,3,4],[4,0,1,2,2],[2,0,1,2,3],[3,0,2],[0,0,2,1,2],[0,0,3,4,1,2],[5,0,1,2,3,4,1],[6,0,2],[7,1]],[[[[0,"Building__Instance__7",[{"rasterizerState":{},"blendState":{"targets":[{}]},"depthStencilState":{}}],[{"USE_ALBEDO_MAP":true}],[[[{},"mainTexture",6,0]],11]]],0,0,[0,0],[0,1],[0,1]],[[[0,"Building__Instance__62",[{"rasterizerState":{},"blendState":{"targets":[{}]},"depthStencilState":{}}],[{"USE_ALBEDO_MAP":true}],[[[{},"mainTexture",6,0]],11]]],0,0,[0,0],[0,1],[0,1]],[[[0,"Building__Instance__30",[{"rasterizerState":{},"blendState":{"targets":[{}]},"depthStencilState":{}}],[{"USE_ALBEDO_MAP":true}],[[[{},"mainTexture",6,0]],11]]],0,0,[0,0],[0,1],[0,1]],[[[0,"Building__Instance__2",[{"rasterizerState":{},"blendState":{"targets":[{}]},"depthStencilState":{}}],[{"USE_ALBEDO_MAP":true}],[[[{},"mainTexture",6,0]],11]]],0,0,[0,0],[0,1],[0,1]],[[[0,"Building__Instance__104",[{"rasterizerState":{},"blendState":{"targets":[{}]},"depthStencilState":{}}],[{"USE_ALBEDO_MAP":true}],[[[{},"mainTexture",6,0]],11]]],0,0,[0,0],[0,1],[0,1]],[[[0,"Building__Instance__55",[{"rasterizerState":{},"blendState":{"targets":[{}]},"depthStencilState":{}}],[{"USE_ALBEDO_MAP":true}],[[[{},"mainTexture",6,0]],11]]],0,0,[0,0],[0,1],[0,1]],[[[0,"Building__Instance__128",[{"rasterizerState":{},"blendState":{"targets":[{}]},"depthStencilState":{}}],[{"USE_ALBEDO_MAP":true}],[[[{},"mainTexture",6,0]],11]]],0,0,[0,0],[0,1],[0,1]],[[[0,"Building__Instance__58",[{"rasterizerState":{},"blendState":{"targets":[{}]},"depthStencilState":{}}],[{"USE_ALBEDO_MAP":true}],[[[{},"mainTexture",6,0]],11]]],0,0,[0,0],[0,1],[0,1]],[[[0,"Building__Instance__37",[{"rasterizerState":{},"blendState":{"targets":[{}]},"depthStencilState":{}}],[{"USE_ALBEDO_MAP":true}],[[[{},"mainTexture",6,0]],11]]],0,0,[0,0],[0,1],[0,1]],[[[0,"Building__Instance__76",[{"rasterizerState":{},"blendState":{"targets":[{}]},"depthStencilState":{}}],[{"USE_ALBEDO_MAP":true}],[[[{},"mainTexture",6,0]],11]]],0,0,[0,0],[0,1],[0,1]],[[[0,"Building__Instance__94",[{"rasterizerState":{},"blendState":{"targets":[{}]},"depthStencilState":{}}],[{"USE_ALBEDO_MAP":true}],[[[{},"mainTexture",6,0]],11]]],0,0,[0,0],[0,1],[0,1]],[[[0,"Building__Instance__6",[{"rasterizerState":{},"blendState":{"targets":[{}]},"depthStencilState":{}}],[{"USE_ALBEDO_MAP":true}],[[[{},"mainTexture",6,0]],11]]],0,0,[0,0],[0,1],[0,1]],[[[0,"Building__Instance__13",[{"rasterizerState":{},"blendState":{"targets":[{}]},"depthStencilState":{}}],[{"USE_ALBEDO_MAP":true}],[[[{},"mainTexture",6,0]],11]]],0,0,[0,0],[0,1],[0,1]],[[[0,"Building__Instance__100",[{"rasterizerState":{},"blendState":{"targets":[{}]},"depthStencilState":{}}],[{"USE_ALBEDO_MAP":true}],[[[{},"mainTexture",6,0]],11]]],0,0,[0,0],[0,1],[0,1]],[[[0,"Building__Instance__71",[{"rasterizerState":{},"blendState":{"targets":[{}]},"depthStencilState":{}}],[{"USE_ALBEDO_MAP":true}],[[[{},"mainTexture",6,0]],11]]],0,0,[0,0],[0,1],[0,1]],[[[0,"Building__Instance__120",[{"rasterizerState":{},"blendState":{"targets":[{}]},"depthStencilState":{}}],[{"USE_ALBEDO_MAP":true}],[[[{},"mainTexture",6,0]],11]]],0,0,[0,0],[0,1],[0,1]],[[[0,"Building__Instance__129",[{"rasterizerState":{},"blendState":{"targets":[{}]},"depthStencilState":{}}],[{"USE_ALBEDO_MAP":true}],[[[{},"mainTexture",6,0]],11]]],0,0,[0,0],[0,1],[0,1]],[[[0,"Building__Instance__3",[{"rasterizerState":{},"blendState":{"targets":[{}]},"depthStencilState":{}}],[{"USE_ALBEDO_MAP":true}],[[[{},"mainTexture",6,0]],11]]],0,0,[0,0],[0,1],[0,1]],[[[0,"Building__Instance__124",[{"rasterizerState":{},"blendState":{"targets":[{}]},"depthStencilState":{}}],[{"USE_ALBEDO_MAP":true}],[[[{},"mainTexture",6,0]],11]]],0,0,[0,0],[0,1],[0,1]],[[[0,"Building__Instance__39",[{"rasterizerState":{},"blendState":{"targets":[{}]},"depthStencilState":{}}],[{"USE_ALBEDO_MAP":true}],[[[{},"mainTexture",6,0]],11]]],0,0,[0,0],[0,1],[0,1]],[[[0,"Building__Instance__90",[{"rasterizerState":{},"blendState":{"targets":[{}]},"depthStencilState":{}}],[{"USE_ALBEDO_MAP":true}],[[[{},"mainTexture",6,0]],11]]],0,0,[0,0],[0,1],[0,1]],[[[0,"Building__Instance__92",[{"rasterizerState":{},"blendState":{"targets":[{}]},"depthStencilState":{}}],[{"USE_ALBEDO_MAP":true}],[[[{},"mainTexture",6,0]],11]]],0,0,[0,0],[0,1],[0,1]],[[[0,"Building__Instance__110",[{"rasterizerState":{},"blendState":{"targets":[{}]},"depthStencilState":{}}],[{"USE_ALBEDO_MAP":true}],[[[{},"mainTexture",6,0]],11]]],0,0,[0,0],[0,1],[0,1]],[[[0,"Building__Instance__98",[{"rasterizerState":{},"blendState":{"targets":[{}]},"depthStencilState":{}}],[{"USE_ALBEDO_MAP":true}],[[[{},"mainTexture",6,0]],11]]],0,0,[0,0],[0,1],[0,1]],[[[0,"Building__Instance__95",[{"rasterizerState":{},"blendState":{"targets":[{}]},"depthStencilState":{}}],[{"USE_ALBEDO_MAP":true}],[[[{},"mainTexture",6,0]],11]]],0,0,[0,0],[0,1],[0,1]],[[[0,"Building__Instance__9",[{"rasterizerState":{},"blendState":{"targets":[{}]},"depthStencilState":{}}],[{"USE_ALBEDO_MAP":true}],[[[{},"mainTexture",6,0]],11]]],0,0,[0,0],[0,1],[0,1]],[[[0,"Building__Instance__80",[{"rasterizerState":{},"blendState":{"targets":[{}]},"depthStencilState":{}}],[{"USE_ALBEDO_MAP":true}],[[[{},"mainTexture",6,0]],11]]],0,0,[0,0],[0,1],[0,1]],[[[0,"Building__Instance__21",[{"rasterizerState":{},"blendState":{"targets":[{}]},"depthStencilState":{}}],[{"USE_ALBEDO_MAP":true}],[[[{},"mainTexture",6,0]],11]]],0,0,[0,0],[0,1],[0,1]],[[[0,"Building__Instance__119",[{"rasterizerState":{},"blendState":{"targets":[{}]},"depthStencilState":{}}],[{"USE_ALBEDO_MAP":true}],[[[{},"mainTexture",6,0]],11]]],0,0,[0,0],[0,1],[0,1]],[[[0,"Building__Instance__122",[{"rasterizerState":{},"blendState":{"targets":[{}]},"depthStencilState":{}}],[{"USE_ALBEDO_MAP":true}],[[[{},"mainTexture",6,0]],11]]],0,0,[0,0],[0,1],[0,1]],[[[0,"Building__Instance__105",[{"rasterizerState":{},"blendState":{"targets":[{}]},"depthStencilState":{}}],[{"USE_ALBEDO_MAP":true}],[[[{},"mainTexture",6,0]],11]]],0,0,[0,0],[0,1],[0,1]],[[[0,"Building__Instance__50",[{"rasterizerState":{},"blendState":{"targets":[{}]},"depthStencilState":{}}],[{"USE_ALBEDO_MAP":true}],[[[{},"mainTexture",6,0]],11]]],0,0,[0,0],[0,1],[0,1]],[[[0,"Building__Instance__113",[{"rasterizerState":{},"blendState":{"targets":[{}]},"depthStencilState":{}}],[{"USE_ALBEDO_MAP":true}],[[[{},"mainTexture",6,0]],11]]],0,0,[0,0],[0,1],[0,1]],[[[0,"Building__Instance__48",[{"rasterizerState":{},"blendState":{"targets":[{}]},"depthStencilState":{}}],[{"USE_ALBEDO_MAP":true}],[[[{},"mainTexture",6,0]],11]]],0,0,[0,0],[0,1],[0,1]],[[[0,"Building__Instance__127",[{"rasterizerState":{},"blendState":{"targets":[{}]},"depthStencilState":{}}],[{"USE_ALBEDO_MAP":true}],[[[{},"mainTexture",6,0]],11]]],0,0,[0,0],[0,1],[0,1]],[[[0,"Building__Instance__36",[{"rasterizerState":{},"blendState":{"targets":[{}]},"depthStencilState":{}}],[{"USE_ALBEDO_MAP":true}],[[[{},"mainTexture",6,0]],11]]],0,0,[0,0],[0,1],[0,1]],[[[0,"Building__Instance__14",[{"rasterizerState":{},"blendState":{"targets":[{}]},"depthStencilState":{}}],[{"USE_ALBEDO_MAP":true}],[[[{},"mainTexture",6,0]],11]]],0,0,[0,0],[0,1],[0,1]],[[[0,"Building__Instance__53",[{"rasterizerState":{},"blendState":{"targets":[{}]},"depthStencilState":{}}],[{"USE_ALBEDO_MAP":true}],[[[{},"mainTexture",6,0]],11]]],0,0,[0,0],[0,1],[0,1]],[[[0,"Building__Instance__38",[{"rasterizerState":{},"blendState":{"targets":[{}]},"depthStencilState":{}}],[{"USE_ALBEDO_MAP":true}],[[[{},"mainTexture",6,0]],11]]],0,0,[0,0],[0,1],[0,1]],[[[0,"Building__Instance__18",[{"rasterizerState":{},"blendState":{"targets":[{}]},"depthStencilState":{}}],[{"USE_ALBEDO_MAP":true}],[[[{},"mainTexture",6,0]],11]]],0,0,[0,0],[0,1],[0,1]],[[[0,"Building__Instance__17",[{"rasterizerState":{},"blendState":{"targets":[{}]},"depthStencilState":{}}],[{"USE_ALBEDO_MAP":true}],[[[{},"mainTexture",6,0]],11]]],0,0,[0,0],[0,1],[0,1]],[[[0,"Building__Instance__31",[{"rasterizerState":{},"blendState":{"targets":[{}]},"depthStencilState":{}}],[{"USE_ALBEDO_MAP":true}],[[[{},"mainTexture",6,0]],11]]],0,0,[0,0],[0,1],[0,1]],[[[0,"Building__Instance__59",[{"rasterizerState":{},"blendState":{"targets":[{}]},"depthStencilState":{}}],[{"USE_ALBEDO_MAP":true}],[[[{},"mainTexture",6,0]],11]]],0,0,[0,0],[0,1],[0,1]],[[[0,"Building__Instance__108",[{"rasterizerState":{},"blendState":{"targets":[{}]},"depthStencilState":{}}],[{"USE_ALBEDO_MAP":true}],[[[{},"mainTexture",6,0]],11]]],0,0,[0,0],[0,1],[0,1]],[[[0,"Building__Instance__19",[{"rasterizerState":{},"blendState":{"targets":[{}]},"depthStencilState":{}}],[{"USE_ALBEDO_MAP":true}],[[[{},"mainTexture",6,0]],11]]],0,0,[0,0],[0,1],[0,1]],[[[0,"Building__Instance__45",[{"rasterizerState":{},"blendState":{"targets":[{}]},"depthStencilState":{}}],[{"USE_ALBEDO_MAP":true}],[[[{},"mainTexture",6,0]],11]]],0,0,[0,0],[0,1],[0,1]],[[[0,"Building__Instance__83",[{"rasterizerState":{},"blendState":{"targets":[{}]},"depthStencilState":{}}],[{"USE_ALBEDO_MAP":true}],[[[{},"mainTexture",6,0]],11]]],0,0,[0,0],[0,1],[0,1]],[[[0,"Building__Instance__24",[{"rasterizerState":{},"blendState":{"targets":[{}]},"depthStencilState":{}}],[{"USE_ALBEDO_MAP":true}],[[[{},"mainTexture",6,0]],11]]],0,0,[0,0],[0,1],[0,1]],[[[0,"Building__Instance__51",[{"rasterizerState":{},"blendState":{"targets":[{}]},"depthStencilState":{}}],[{"USE_ALBEDO_MAP":true}],[[[{},"mainTexture",6,0]],11]]],0,0,[0,0],[0,1],[0,1]],[[[0,"Building__Instance__82",[{"rasterizerState":{},"blendState":{"targets":[{}]},"depthStencilState":{}}],[{"USE_ALBEDO_MAP":true}],[[[{},"mainTexture",6,0]],11]]],0,0,[0,0],[0,1],[0,1]],[[[0,"Building__Instance__69",[{"rasterizerState":{},"blendState":{"targets":[{}]},"depthStencilState":{}}],[{"USE_ALBEDO_MAP":true}],[[[{},"mainTexture",6,0]],11]]],0,0,[0,0],[0,1],[0,1]],[[[0,"Building__Instance__44",[{"rasterizerState":{},"blendState":{"targets":[{}]},"depthStencilState":{}}],[{"USE_ALBEDO_MAP":true}],[[[{},"mainTexture",6,0]],11]]],0,0,[0,0],[0,1],[0,1]],[[[0,"Building__Instance__118",[{"rasterizerState":{},"blendState":{"targets":[{}]},"depthStencilState":{}}],[{"USE_ALBEDO_MAP":true}],[[[{},"mainTexture",6,0]],11]]],0,0,[0,0],[0,1],[0,1]],[[[0,"Building__Instance__103",[{"rasterizerState":{},"blendState":{"targets":[{}]},"depthStencilState":{}}],[{"USE_ALBEDO_MAP":true}],[[[{},"mainTexture",6,0]],11]]],0,0,[0,0],[0,1],[0,1]],[[[0,"Building__Instance__99",[{"rasterizerState":{},"blendState":{"targets":[{}]},"depthStencilState":{}}],[{"USE_ALBEDO_MAP":true}],[[[{},"mainTexture",6,0]],11]]],0,0,[0,0],[0,1],[0,1]],[[[0,"Building__Instance__29",[{"rasterizerState":{},"blendState":{"targets":[{}]},"depthStencilState":{}}],[{"USE_ALBEDO_MAP":true}],[[[{},"mainTexture",6,0]],11]]],0,0,[0,0],[0,1],[0,1]],[[[0,"Building__Instance__111",[{"rasterizerState":{},"blendState":{"targets":[{}]},"depthStencilState":{}}],[{"USE_ALBEDO_MAP":true}],[[[{},"mainTexture",6,0]],11]]],0,0,[0,0],[0,1],[0,1]],[[[0,"Building__Instance__1",[{"rasterizerState":{},"blendState":{"targets":[{}]},"depthStencilState":{}}],[{"USE_ALBEDO_MAP":true}],[[[{},"mainTexture",6,0]],11]]],0,0,[0,0],[0,1],[0,1]],[[[0,"Building__Instance__67",[{"rasterizerState":{},"blendState":{"targets":[{}]},"depthStencilState":{}}],[{"USE_ALBEDO_MAP":true}],[[[{},"mainTexture",6,0]],11]]],0,0,[0,0],[0,1],[0,1]],[[[0,"Building__Instance__102",[{"rasterizerState":{},"blendState":{"targets":[{}]},"depthStencilState":{}}],[{"USE_ALBEDO_MAP":true}],[[[{},"mainTexture",6,0]],11]]],0,0,[0,0],[0,1],[0,1]],[[[0,"Building__Instance__84",[{"rasterizerState":{},"blendState":{"targets":[{}]},"depthStencilState":{}}],[{"USE_ALBEDO_MAP":true}],[[[{},"mainTexture",6,0]],11]]],0,0,[0,0],[0,1],[0,1]],[[[0,"Building__Instance__28",[{"rasterizerState":{},"blendState":{"targets":[{}]},"depthStencilState":{}}],[{"USE_ALBEDO_MAP":true}],[[[{},"mainTexture",6,0]],11]]],0,0,[0,0],[0,1],[0,1]],[[[0,"Building__Instance__12",[{"rasterizerState":{},"blendState":{"targets":[{}]},"depthStencilState":{}}],[{"USE_ALBEDO_MAP":true}],[[[{},"mainTexture",6,0]],11]]],0,0,[0,0],[0,1],[0,1]],[[[0,"Building__Instance__16",[{"rasterizerState":{},"blendState":{"targets":[{}]},"depthStencilState":{}}],[{"USE_ALBEDO_MAP":true}],[[[{},"mainTexture",6,0]],11]]],0,0,[0,0],[0,1],[0,1]],[[[0,"Building__Instance__78",[{"rasterizerState":{},"blendState":{"targets":[{}]},"depthStencilState":{}}],[{"USE_ALBEDO_MAP":true}],[[[{},"mainTexture",6,0]],11]]],0,0,[0,0],[0,1],[0,1]],[[[0,"Building__Instance__97",[{"rasterizerState":{},"blendState":{"targets":[{}]},"depthStencilState":{}}],[{"USE_ALBEDO_MAP":true}],[[[{},"mainTexture",6,0]],11]]],0,0,[0,0],[0,1],[0,1]],[[[0,"Building__Instance__74",[{"rasterizerState":{},"blendState":{"targets":[{}]},"depthStencilState":{}}],[{"USE_ALBEDO_MAP":true}],[[[{},"mainTexture",6,0]],11]]],0,0,[0,0],[0,1],[0,1]],[[[0,"Building__Instance__96",[{"rasterizerState":{},"blendState":{"targets":[{}]},"depthStencilState":{}}],[{"USE_ALBEDO_MAP":true}],[[[{},"mainTexture",6,0]],11]]],0,0,[0,0],[0,1],[0,1]],[[[0,"Building__Instance__116",[{"rasterizerState":{},"blendState":{"targets":[{}]},"depthStencilState":{}}],[{"USE_ALBEDO_MAP":true}],[[[{},"mainTexture",6,0]],11]]],0,0,[0,0],[0,1],[0,1]],[[[0,"Building__Instance__66",[{"rasterizerState":{},"blendState":{"targets":[{}]},"depthStencilState":{}}],[{"USE_ALBEDO_MAP":true}],[[[{},"mainTexture",6,0]],11]]],0,0,[0,0],[0,1],[0,1]],[[[0,"Building__Instance__47",[{"rasterizerState":{},"blendState":{"targets":[{}]},"depthStencilState":{}}],[{"USE_ALBEDO_MAP":true}],[[[{},"mainTexture",6,0]],11]]],0,0,[0,0],[0,1],[0,1]],[[[0,"Building__Instance__88",[{"rasterizerState":{},"blendState":{"targets":[{}]},"depthStencilState":{}}],[{"USE_ALBEDO_MAP":true}],[[[{},"mainTexture",6,0]],11]]],0,0,[0,0],[0,1],[0,1]],[[[0,"Building__Instance__32",[{"rasterizerState":{},"blendState":{"targets":[{}]},"depthStencilState":{}}],[{"USE_ALBEDO_MAP":true}],[[[{},"mainTexture",6,0]],11]]],0,0,[0,0],[0,1],[0,1]],[[[0,"Building__Instance__107",[{"rasterizerState":{},"blendState":{"targets":[{}]},"depthStencilState":{}}],[{"USE_ALBEDO_MAP":true}],[[[{},"mainTexture",6,0]],11]]],0,0,[0,0],[0,1],[0,1]],[[[0,"Building__Instance__35",[{"rasterizerState":{},"blendState":{"targets":[{}]},"depthStencilState":{}}],[{"USE_ALBEDO_MAP":true}],[[[{},"mainTexture",6,0]],11]]],0,0,[0,0],[0,1],[0,1]],[[[0,"Building__Instance__89",[{"rasterizerState":{},"blendState":{"targets":[{}]},"depthStencilState":{}}],[{"USE_ALBEDO_MAP":true}],[[[{},"mainTexture",6,0]],11]]],0,0,[0,0],[0,1],[0,1]],[[[0,"Building__Instance__23",[{"rasterizerState":{},"blendState":{"targets":[{}]},"depthStencilState":{}}],[{"USE_ALBEDO_MAP":true}],[[[{},"mainTexture",6,0]],11]]],0,0,[0,0],[0,1],[0,1]],[[[0,"Building__Instance__25",[{"rasterizerState":{},"blendState":{"targets":[{}]},"depthStencilState":{}}],[{"USE_ALBEDO_MAP":true}],[[[{},"mainTexture",6,0]],11]]],0,0,[0,0],[0,1],[0,1]],[[[0,"Building__Instance__126",[{"rasterizerState":{},"blendState":{"targets":[{}]},"depthStencilState":{}}],[{"USE_ALBEDO_MAP":true}],[[[{},"mainTexture",6,0]],11]]],0,0,[0,0],[0,1],[0,1]],[[[0,"Building__Instance__73",[{"rasterizerState":{},"blendState":{"targets":[{}]},"depthStencilState":{}}],[{"USE_ALBEDO_MAP":true}],[[[{},"mainTexture",6,0]],11]]],0,0,[0,0],[0,1],[0,1]],[[[0,"Building__Instance__22",[{"rasterizerState":{},"blendState":{"targets":[{}]},"depthStencilState":{}}],[{"USE_ALBEDO_MAP":true}],[[[{},"mainTexture",6,0]],11]]],0,0,[0,0],[0,1],[0,1]],[[[0,"Building__Instance__86",[{"rasterizerState":{},"blendState":{"targets":[{}]},"depthStencilState":{}}],[{"USE_ALBEDO_MAP":true}],[[[{},"mainTexture",6,0]],11]]],0,0,[0,0],[0,1],[0,1]],[[[0,"Building__Instance__65",[{"rasterizerState":{},"blendState":{"targets":[{}]},"depthStencilState":{}}],[{"USE_ALBEDO_MAP":true}],[[[{},"mainTexture",6,0]],11]]],0,0,[0,0],[0,1],[0,1]],[[[0,"Building__Instance__60",[{"rasterizerState":{},"blendState":{"targets":[{}]},"depthStencilState":{}}],[{"USE_ALBEDO_MAP":true}],[[[{},"mainTexture",6,0]],11]]],0,0,[0,0],[0,1],[0,1]],[[[0,"Building__Instance__130",[{"rasterizerState":{},"blendState":{"targets":[{}]},"depthStencilState":{}}],[{"USE_ALBEDO_MAP":true}],[[[{},"mainTexture",6,0]],11]]],0,0,[0,0],[0,1],[0,1]],[[[0,"Building__Instance__34",[{"rasterizerState":{},"blendState":{"targets":[{}]},"depthStencilState":{}}],[{"USE_ALBEDO_MAP":true}],[[[{},"mainTexture",6,0]],11]]],0,0,[0,0],[0,1],[0,1]],[[[0,"Building__Instance__81",[{"rasterizerState":{},"blendState":{"targets":[{}]},"depthStencilState":{}}],[{"USE_ALBEDO_MAP":true}],[[[{},"mainTexture",6,0]],11]]],0,0,[0,0],[0,1],[0,1]],[[[0,"Building__Instance__85",[{"rasterizerState":{},"blendState":{"targets":[{}]},"depthStencilState":{}}],[{"USE_ALBEDO_MAP":true}],[[[{},"mainTexture",6,0]],11]]],0,0,[0,0],[0,1],[0,1]],[[[0,"Building__Instance__93",[{"rasterizerState":{},"blendState":{"targets":[{}]},"depthStencilState":{}}],[{"USE_ALBEDO_MAP":true}],[[[{},"mainTexture",6,0]],11]]],0,0,[0,0],[0,1],[0,1]],[[[0,"Building__Instance__109",[{"rasterizerState":{},"blendState":{"targets":[{}]},"depthStencilState":{}}],[{"USE_ALBEDO_MAP":true}],[[[{},"mainTexture",6,0]],11]]],0,0,[0,0],[0,1],[0,1]],[[[0,"Building__Instance__75",[{"rasterizerState":{},"blendState":{"targets":[{}]},"depthStencilState":{}}],[{"USE_ALBEDO_MAP":true}],[[[{},"mainTexture",6,0]],11]]],0,0,[0,0],[0,1],[0,1]],[[[0,"Building__Instance__5",[{"rasterizerState":{},"blendState":{"targets":[{}]},"depthStencilState":{}}],[{"USE_ALBEDO_MAP":true}],[[[{},"mainTexture",6,0]],11]]],0,0,[0,0],[0,1],[0,1]],[[[0,"Building__Instance__15",[{"rasterizerState":{},"blendState":{"targets":[{}]},"depthStencilState":{}}],[{"USE_ALBEDO_MAP":true}],[[[{},"mainTexture",6,0]],11]]],0,0,[0,0],[0,1],[0,1]],[[[0,"Building__Instance__41",[{"rasterizerState":{},"blendState":{"targets":[{}]},"depthStencilState":{}}],[{"USE_ALBEDO_MAP":true}],[[[{},"mainTexture",6,0]],11]]],0,0,[0,0],[0,1],[0,1]],[[[0,"Building__Instance__77",[{"rasterizerState":{},"blendState":{"targets":[{}]},"depthStencilState":{}}],[{"USE_ALBEDO_MAP":true}],[[[{},"mainTexture",6,0]],11]]],0,0,[0,0],[0,1],[0,1]],[[[0,"Building__Instance__52",[{"rasterizerState":{},"blendState":{"targets":[{}]},"depthStencilState":{}}],[{"USE_ALBEDO_MAP":true}],[[[{},"mainTexture",6,0]],11]]],0,0,[0,0],[0,1],[0,1]],[[[0,"Building__Instance__64",[{"rasterizerState":{},"blendState":{"targets":[{}]},"depthStencilState":{}}],[{"USE_ALBEDO_MAP":true}],[[[{},"mainTexture",6,0]],11]]],0,0,[0,0],[0,1],[0,1]],[[[0,"Building__Instance__4",[{"rasterizerState":{},"blendState":{"targets":[{}]},"depthStencilState":{}}],[{"USE_ALBEDO_MAP":true}],[[[{},"mainTexture",6,0]],11]]],0,0,[0,0],[0,1],[0,1]],[[[0,"Building__Instance__46",[{"rasterizerState":{},"blendState":{"targets":[{}]},"depthStencilState":{}}],[{"USE_ALBEDO_MAP":true}],[[[{},"mainTexture",6,0]],11]]],0,0,[0,0],[0,1],[0,1]],[[[0,"Building__Instance__132",[{"rasterizerState":{},"blendState":{"targets":[{}]},"depthStencilState":{}}],[{"USE_ALBEDO_MAP":true}],[[[{},"mainTexture",6,0]],11]]],0,0,[0,0],[0,1],[0,1]],[[[0,"Building__Instance__131",[{"rasterizerState":{},"blendState":{"targets":[{}]},"depthStencilState":{}}],[{"USE_ALBEDO_MAP":true}],[[[{},"mainTexture",6,0]],11]]],0,0,[0,0],[0,1],[0,1]],[[[0,"Building__Instance__56",[{"rasterizerState":{},"blendState":{"targets":[{}]},"depthStencilState":{}}],[{"USE_ALBEDO_MAP":true}],[[[{},"mainTexture",6,0]],11]]],0,0,[0,0],[0,1],[0,1]],[[[0,"Building__Instance__114",[{"rasterizerState":{},"blendState":{"targets":[{}]},"depthStencilState":{}}],[{"USE_ALBEDO_MAP":true}],[[[{},"mainTexture",6,0]],11]]],0,0,[0,0],[0,1],[0,1]],[[[0,"Building__Instance__63",[{"rasterizerState":{},"blendState":{"targets":[{}]},"depthStencilState":{}}],[{"USE_ALBEDO_MAP":true}],[[[{},"mainTexture",6,0]],11]]],0,0,[0,0],[0,1],[0,1]],[[[0,"Building__Instance__54",[{"rasterizerState":{},"blendState":{"targets":[{}]},"depthStencilState":{}}],[{"USE_ALBEDO_MAP":true}],[[[{},"mainTexture",6,0]],11]]],0,0,[0,0],[0,1],[0,1]],[[[0,"Building",[{"rasterizerState":{},"blendState":{"targets":[{}]},"depthStencilState":{}}],[{"USE_ALBEDO_MAP":true}],[[[{},"mainTexture",6,0]],11]]],0,0,[0,0],[0,1],[0,1]],[[[0,"Building__Instance__8",[{"rasterizerState":{},"blendState":{"targets":[{}]},"depthStencilState":{}}],[{"USE_ALBEDO_MAP":true}],[[[{},"mainTexture",6,0]],11]]],0,0,[0,0],[0,1],[0,1]],[[[0,"Building__Instance__33",[{"rasterizerState":{},"blendState":{"targets":[{}]},"depthStencilState":{}}],[{"USE_ALBEDO_MAP":true}],[[[{},"mainTexture",6,0]],11]]],0,0,[0,0],[0,1],[0,1]],[[[0,"Building__Instance__87",[{"rasterizerState":{},"blendState":{"targets":[{}]},"depthStencilState":{}}],[{"USE_ALBEDO_MAP":true}],[[[{},"mainTexture",6,0]],11]]],0,0,[0,0],[0,1],[0,1]],[[[0,"Building__Instance__112",[{"rasterizerState":{},"blendState":{"targets":[{}]},"depthStencilState":{}}],[{"USE_ALBEDO_MAP":true}],[[[{},"mainTexture",6,0]],11]]],0,0,[0,0],[0,1],[0,1]],[[[0,"Building__Instance__11",[{"rasterizerState":{},"blendState":{"targets":[{}]},"depthStencilState":{}}],[{"USE_ALBEDO_MAP":true}],[[[{},"mainTexture",6,0]],11]]],0,0,[0,0],[0,1],[0,1]],[[[0,"Building__Instance__40",[{"rasterizerState":{},"blendState":{"targets":[{}]},"depthStencilState":{}}],[{"USE_ALBEDO_MAP":true}],[[[{},"mainTexture",6,0]],11]]],0,0,[0,0],[0,1],[0,1]],[[[0,"Building__Instance_",[{"rasterizerState":{},"blendState":{"targets":[{}]},"depthStencilState":{}}],[{"USE_ALBEDO_MAP":true}],[[[{},"mainTexture",6,0]],11]]],0,0,[0,0],[0,1],[0,1]],[[[0,"Building__Instance__68",[{"rasterizerState":{},"blendState":{"targets":[{}]},"depthStencilState":{}}],[{"USE_ALBEDO_MAP":true}],[[[{},"mainTexture",6,0]],11]]],0,0,[0,0],[0,1],[0,1]],[[[0,"Building__Instance__61",[{"rasterizerState":{},"blendState":{"targets":[{}]},"depthStencilState":{}}],[{"USE_ALBEDO_MAP":true}],[[[{},"mainTexture",6,0]],11]]],0,0,[0,0],[0,1],[0,1]],[[[0,"Building__Instance__115",[{"rasterizerState":{},"blendState":{"targets":[{}]},"depthStencilState":{}}],[{"USE_ALBEDO_MAP":true}],[[[{},"mainTexture",6,0]],11]]],0,0,[0,0],[0,1],[0,1]],[[[0,"Building__Instance__106",[{"rasterizerState":{},"blendState":{"targets":[{}]},"depthStencilState":{}}],[{"USE_ALBEDO_MAP":true}],[[[{},"mainTexture",6,0]],11]]],0,0,[0,0],[0,1],[0,1]],[[[0,"Building__Instance__49",[{"rasterizerState":{},"blendState":{"targets":[{}]},"depthStencilState":{}}],[{"USE_ALBEDO_MAP":true}],[[[{},"mainTexture",6,0]],11]]],0,0,[0,0],[0,1],[0,1]],[[[0,"Building__Instance__42",[{"rasterizerState":{},"blendState":{"targets":[{}]},"depthStencilState":{}}],[{"USE_ALBEDO_MAP":true}],[[[{},"mainTexture",6,0]],11]]],0,0,[0,0],[0,1],[0,1]],[[[2,".bin",145676136,[{"primitives":[{"primitiveMode":7,"vertexBundelIndices":[0],"indexView":{"offset":566832,"length":75888,"count":18972,"stride":4}},{"primitiveMode":7,"vertexBundelIndices":[1],"indexView":{"offset":649104,"length":792,"count":198,"stride":4}},{"primitiveMode":7,"vertexBundelIndices":[2],"indexView":{"offset":654216,"length":528,"count":132,"stride":4}},{"primitiveMode":7,"vertexBundelIndices":[3],"indexView":{"offset":657672,"length":360,"count":90,"stride":4}},{"primitiveMode":7,"vertexBundelIndices":[4],"indexView":{"offset":659232,"length":144,"count":36,"stride":4}},{"primitiveMode":7,"vertexBundelIndices":[5],"indexView":{"offset":660480,"length":132,"count":33,"stride":4}},{"primitiveMode":7,"vertexBundelIndices":[6],"indexView":{"offset":661812,"length":144,"count":36,"stride":4}},{"primitiveMode":7,"vertexBundelIndices":[7],"indexView":{"offset":663156,"length":144,"count":36,"stride":4}},{"primitiveMode":7,"vertexBundelIndices":[8],"indexView":{"offset":664404,"length":132,"count":33,"stride":4}},{"primitiveMode":7,"vertexBundelIndices":[9],"indexView":{"offset":665736,"length":144,"count":36,"stride":4}},{"primitiveMode":7,"vertexBundelIndices":[10],"indexView":{"offset":666984,"length":132,"count":33,"stride":4}},{"primitiveMode":7,"vertexBundelIndices":[11],"indexView":{"offset":668220,"length":132,"count":33,"stride":4}},{"primitiveMode":7,"vertexBundelIndices":[12],"indexView":{"offset":669552,"length":144,"count":36,"stride":4}},{"primitiveMode":7,"vertexBundelIndices":[13],"indexView":{"offset":670800,"length":132,"count":33,"stride":4}},{"primitiveMode":7,"vertexBundelIndices":[14],"indexView":{"offset":672132,"length":144,"count":36,"stride":4}},{"primitiveMode":7,"vertexBundelIndices":[15],"indexView":{"offset":673380,"length":132,"count":33,"stride":4}},{"primitiveMode":7,"vertexBundelIndices":[16],"indexView":{"offset":674616,"length":132,"count":33,"stride":4}},{"primitiveMode":7,"vertexBundelIndices":[17],"indexView":{"offset":675852,"length":132,"count":33,"stride":4}},{"primitiveMode":7,"vertexBundelIndices":[18],"indexView":{"offset":677184,"length":144,"count":36,"stride":4}},{"primitiveMode":7,"vertexBundelIndices":[19],"indexView":{"offset":678528,"length":144,"count":36,"stride":4}},{"primitiveMode":7,"vertexBundelIndices":[20],"indexView":{"offset":679776,"length":132,"count":33,"stride":4}},{"primitiveMode":7,"vertexBundelIndices":[21],"indexView":{"offset":681108,"length":144,"count":36,"stride":4}},{"primitiveMode":7,"vertexBundelIndices":[22],"indexView":{"offset":682452,"length":144,"count":36,"stride":4}},{"primitiveMode":7,"vertexBundelIndices":[23],"indexView":{"offset":683796,"length":144,"count":36,"stride":4}},{"primitiveMode":7,"vertexBundelIndices":[24],"indexView":{"offset":685140,"length":144,"count":36,"stride":4}},{"primitiveMode":7,"vertexBundelIndices":[25],"indexView":{"offset":686484,"length":144,"count":36,"stride":4}},{"primitiveMode":7,"vertexBundelIndices":[26],"indexView":{"offset":687828,"length":144,"count":36,"stride":4}},{"primitiveMode":7,"vertexBundelIndices":[27],"indexView":{"offset":689172,"length":144,"count":36,"stride":4}},{"primitiveMode":7,"vertexBundelIndices":[28],"indexView":{"offset":690516,"length":144,"count":36,"stride":4}},{"primitiveMode":7,"vertexBundelIndices":[29],"indexView":{"offset":691860,"length":144,"count":36,"stride":4}},{"primitiveMode":7,"vertexBundelIndices":[30],"indexView":{"offset":693204,"length":144,"count":36,"stride":4}},{"primitiveMode":7,"vertexBundelIndices":[31],"indexView":{"offset":694548,"length":144,"count":36,"stride":4}},{"primitiveMode":7,"vertexBundelIndices":[32],"indexView":{"offset":695892,"length":144,"count":36,"stride":4}},{"primitiveMode":7,"vertexBundelIndices":[33],"indexView":{"offset":697236,"length":144,"count":36,"stride":4}},{"primitiveMode":7,"vertexBundelIndices":[34],"indexView":{"offset":698580,"length":144,"count":36,"stride":4}},{"primitiveMode":7,"vertexBundelIndices":[35],"indexView":{"offset":699924,"length":144,"count":36,"stride":4}},{"primitiveMode":7,"vertexBundelIndices":[36],"indexView":{"offset":701268,"length":144,"count":36,"stride":4}},{"primitiveMode":7,"vertexBundelIndices":[37],"indexView":{"offset":702612,"length":144,"count":36,"stride":4}},{"primitiveMode":7,"vertexBundelIndices":[38],"indexView":{"offset":703956,"length":144,"count":36,"stride":4}},{"primitiveMode":7,"vertexBundelIndices":[39],"indexView":{"offset":705300,"length":144,"count":36,"stride":4}},{"primitiveMode":7,"vertexBundelIndices":[40],"indexView":{"offset":706644,"length":144,"count":36,"stride":4}},{"primitiveMode":7,"vertexBundelIndices":[41],"indexView":{"offset":707988,"length":144,"count":36,"stride":4}},{"primitiveMode":7,"vertexBundelIndices":[42],"indexView":{"offset":709332,"length":144,"count":36,"stride":4}},{"primitiveMode":7,"vertexBundelIndices":[43],"indexView":{"offset":710676,"length":144,"count":36,"stride":4}},{"primitiveMode":7,"vertexBundelIndices":[44],"indexView":{"offset":712020,"length":144,"count":36,"stride":4}},{"primitiveMode":7,"vertexBundelIndices":[45],"indexView":{"offset":713364,"length":144,"count":36,"stride":4}},{"primitiveMode":7,"vertexBundelIndices":[46],"indexView":{"offset":714708,"length":144,"count":36,"stride":4}},{"primitiveMode":7,"vertexBundelIndices":[47],"indexView":{"offset":716052,"length":144,"count":36,"stride":4}},{"primitiveMode":7,"vertexBundelIndices":[48],"indexView":{"offset":717396,"length":144,"count":36,"stride":4}},{"primitiveMode":7,"vertexBundelIndices":[49],"indexView":{"offset":718740,"length":144,"count":36,"stride":4}},{"primitiveMode":7,"vertexBundelIndices":[50],"indexView":{"offset":720084,"length":144,"count":36,"stride":4}},{"primitiveMode":7,"vertexBundelIndices":[51],"indexView":{"offset":721428,"length":144,"count":36,"stride":4}},{"primitiveMode":7,"vertexBundelIndices":[52],"indexView":{"offset":722772,"length":144,"count":36,"stride":4}},{"primitiveMode":7,"vertexBundelIndices":[53],"indexView":{"offset":724116,"length":144,"count":36,"stride":4}},{"primitiveMode":7,"vertexBundelIndices":[54],"indexView":{"offset":725460,"length":144,"count":36,"stride":4}},{"primitiveMode":7,"vertexBundelIndices":[55],"indexView":{"offset":726804,"length":144,"count":36,"stride":4}},{"primitiveMode":7,"vertexBundelIndices":[56],"indexView":{"offset":728148,"length":144,"count":36,"stride":4}},{"primitiveMode":7,"vertexBundelIndices":[57],"indexView":{"offset":729492,"length":144,"count":36,"stride":4}},{"primitiveMode":7,"vertexBundelIndices":[58],"indexView":{"offset":730836,"length":144,"count":36,"stride":4}},{"primitiveMode":7,"vertexBundelIndices":[59],"indexView":{"offset":732180,"length":144,"count":36,"stride":4}},{"primitiveMode":7,"vertexBundelIndices":[60],"indexView":{"offset":733524,"length":144,"count":36,"stride":4}},{"primitiveMode":7,"vertexBundelIndices":[61],"indexView":{"offset":734868,"length":144,"count":36,"stride":4}},{"primitiveMode":7,"vertexBundelIndices":[62],"indexView":{"offset":736212,"length":144,"count":36,"stride":4}},{"primitiveMode":7,"vertexBundelIndices":[63],"indexView":{"offset":737556,"length":144,"count":36,"stride":4}},{"primitiveMode":7,"vertexBundelIndices":[64],"indexView":{"offset":738900,"length":144,"count":36,"stride":4}},{"primitiveMode":7,"vertexBundelIndices":[65],"indexView":{"offset":740244,"length":144,"count":36,"stride":4}},{"primitiveMode":7,"vertexBundelIndices":[66],"indexView":{"offset":741588,"length":144,"count":36,"stride":4}},{"primitiveMode":7,"vertexBundelIndices":[67],"indexView":{"offset":742932,"length":144,"count":36,"stride":4}},{"primitiveMode":7,"vertexBundelIndices":[68],"indexView":{"offset":744276,"length":144,"count":36,"stride":4}},{"primitiveMode":7,"vertexBundelIndices":[69],"indexView":{"offset":745620,"length":144,"count":36,"stride":4}},{"primitiveMode":7,"vertexBundelIndices":[70],"indexView":{"offset":746964,"length":144,"count":36,"stride":4}},{"primitiveMode":7,"vertexBundelIndices":[71],"indexView":{"offset":748308,"length":144,"count":36,"stride":4}},{"primitiveMode":7,"vertexBundelIndices":[72],"indexView":{"offset":749652,"length":144,"count":36,"stride":4}},{"primitiveMode":7,"vertexBundelIndices":[73],"indexView":{"offset":750996,"length":144,"count":36,"stride":4}},{"primitiveMode":7,"vertexBundelIndices":[74],"indexView":{"offset":752340,"length":144,"count":36,"stride":4}},{"primitiveMode":7,"vertexBundelIndices":[75],"indexView":{"offset":753684,"length":144,"count":36,"stride":4}},{"primitiveMode":7,"vertexBundelIndices":[76],"indexView":{"offset":755028,"length":144,"count":36,"stride":4}},{"primitiveMode":7,"vertexBundelIndices":[77],"indexView":{"offset":756372,"length":144,"count":36,"stride":4}},{"primitiveMode":7,"vertexBundelIndices":[78],"indexView":{"offset":757716,"length":144,"count":36,"stride":4}},{"primitiveMode":7,"vertexBundelIndices":[79],"indexView":{"offset":759060,"length":144,"count":36,"stride":4}},{"primitiveMode":7,"vertexBundelIndices":[80],"indexView":{"offset":760404,"length":144,"count":36,"stride":4}},{"primitiveMode":7,"vertexBundelIndices":[81],"indexView":{"offset":761748,"length":144,"count":36,"stride":4}},{"primitiveMode":7,"vertexBundelIndices":[82],"indexView":{"offset":763092,"length":144,"count":36,"stride":4}},{"primitiveMode":7,"vertexBundelIndices":[83],"indexView":{"offset":764436,"length":144,"count":36,"stride":4}},{"primitiveMode":7,"vertexBundelIndices":[84],"indexView":{"offset":765780,"length":144,"count":36,"stride":4}},{"primitiveMode":7,"vertexBundelIndices":[85],"indexView":{"offset":767124,"length":144,"count":36,"stride":4}},{"primitiveMode":7,"vertexBundelIndices":[86],"indexView":{"offset":768468,"length":144,"count":36,"stride":4}},{"primitiveMode":7,"vertexBundelIndices":[87],"indexView":{"offset":769812,"length":144,"count":36,"stride":4}},{"primitiveMode":7,"vertexBundelIndices":[88],"indexView":{"offset":771156,"length":144,"count":36,"stride":4}},{"primitiveMode":7,"vertexBundelIndices":[89],"indexView":{"offset":772500,"length":144,"count":36,"stride":4}},{"primitiveMode":7,"vertexBundelIndices":[90],"indexView":{"offset":773844,"length":144,"count":36,"stride":4}},{"primitiveMode":7,"vertexBundelIndices":[91],"indexView":{"offset":775188,"length":144,"count":36,"stride":4}},{"primitiveMode":7,"vertexBundelIndices":[92],"indexView":{"offset":776532,"length":144,"count":36,"stride":4}},{"primitiveMode":7,"vertexBundelIndices":[93],"indexView":{"offset":777876,"length":144,"count":36,"stride":4}},{"primitiveMode":7,"vertexBundelIndices":[94],"indexView":{"offset":779220,"length":144,"count":36,"stride":4}},{"primitiveMode":7,"vertexBundelIndices":[95],"indexView":{"offset":780564,"length":144,"count":36,"stride":4}},{"primitiveMode":7,"vertexBundelIndices":[96],"indexView":{"offset":781908,"length":144,"count":36,"stride":4}},{"primitiveMode":7,"vertexBundelIndices":[97],"indexView":{"offset":783252,"length":144,"count":36,"stride":4}},{"primitiveMode":7,"vertexBundelIndices":[98],"indexView":{"offset":784596,"length":144,"count":36,"stride":4}},{"primitiveMode":7,"vertexBundelIndices":[99],"indexView":{"offset":785940,"length":144,"count":36,"stride":4}},{"primitiveMode":7,"vertexBundelIndices":[100],"indexView":{"offset":787284,"length":144,"count":36,"stride":4}},{"primitiveMode":7,"vertexBundelIndices":[101],"indexView":{"offset":788628,"length":144,"count":36,"stride":4}},{"primitiveMode":7,"vertexBundelIndices":[102],"indexView":{"offset":789972,"length":144,"count":36,"stride":4}},{"primitiveMode":7,"vertexBundelIndices":[103],"indexView":{"offset":791316,"length":144,"count":36,"stride":4}},{"primitiveMode":7,"vertexBundelIndices":[104],"indexView":{"offset":792660,"length":144,"count":36,"stride":4}},{"primitiveMode":7,"vertexBundelIndices":[105],"indexView":{"offset":794004,"length":144,"count":36,"stride":4}},{"primitiveMode":7,"vertexBundelIndices":[106],"indexView":{"offset":795348,"length":144,"count":36,"stride":4}},{"primitiveMode":7,"vertexBundelIndices":[107],"indexView":{"offset":796692,"length":144,"count":36,"stride":4}},{"primitiveMode":7,"vertexBundelIndices":[108],"indexView":{"offset":798036,"length":144,"count":36,"stride":4}},{"primitiveMode":7,"vertexBundelIndices":[109],"indexView":{"offset":799380,"length":144,"count":36,"stride":4}},{"primitiveMode":7,"vertexBundelIndices":[110],"indexView":{"offset":800724,"length":144,"count":36,"stride":4}},{"primitiveMode":7,"vertexBundelIndices":[111],"indexView":{"offset":802068,"length":144,"count":36,"stride":4}},{"primitiveMode":7,"vertexBundelIndices":[112],"indexView":{"offset":803412,"length":144,"count":36,"stride":4}},{"primitiveMode":7,"vertexBundelIndices":[113],"indexView":{"offset":804756,"length":144,"count":36,"stride":4}},{"primitiveMode":7,"vertexBundelIndices":[114],"indexView":{"offset":806100,"length":144,"count":36,"stride":4}},{"primitiveMode":7,"vertexBundelIndices":[115],"indexView":{"offset":807444,"length":144,"count":36,"stride":4}},{"primitiveMode":7,"vertexBundelIndices":[116],"indexView":{"offset":808788,"length":144,"count":36,"stride":4}},{"primitiveMode":7,"vertexBundelIndices":[117],"indexView":{"offset":810132,"length":144,"count":36,"stride":4}},{"primitiveMode":7,"vertexBundelIndices":[118],"indexView":{"offset":811476,"length":144,"count":36,"stride":4}},{"primitiveMode":7,"vertexBundelIndices":[119],"indexView":{"offset":812820,"length":144,"count":36,"stride":4}},{"primitiveMode":7,"vertexBundelIndices":[120],"indexView":{"offset":814164,"length":144,"count":36,"stride":4}},{"primitiveMode":7,"vertexBundelIndices":[121],"indexView":{"offset":815508,"length":144,"count":36,"stride":4}},{"primitiveMode":7,"vertexBundelIndices":[122],"indexView":{"offset":816852,"length":144,"count":36,"stride":4}},{"primitiveMode":7,"vertexBundelIndices":[123],"indexView":{"offset":818196,"length":144,"count":36,"stride":4}},{"primitiveMode":7,"vertexBundelIndices":[124],"indexView":{"offset":819540,"length":144,"count":36,"stride":4}},{"primitiveMode":7,"vertexBundelIndices":[125],"indexView":{"offset":820884,"length":144,"count":36,"stride":4}},{"primitiveMode":7,"vertexBundelIndices":[126],"indexView":{"offset":822228,"length":144,"count":36,"stride":4}},{"primitiveMode":7,"vertexBundelIndices":[127],"indexView":{"offset":823572,"length":144,"count":36,"stride":4}},{"primitiveMode":7,"vertexBundelIndices":[128],"indexView":{"offset":824916,"length":144,"count":36,"stride":4}},{"primitiveMode":7,"vertexBundelIndices":[129],"indexView":{"offset":826260,"length":144,"count":36,"stride":4}},{"primitiveMode":7,"vertexBundelIndices":[130],"indexView":{"offset":827604,"length":144,"count":36,"stride":4}},{"primitiveMode":7,"vertexBundelIndices":[131],"indexView":{"offset":828948,"length":144,"count":36,"stride":4}},{"primitiveMode":7,"vertexBundelIndices":[132],"indexView":{"offset":835476,"length":792,"count":198,"stride":4}},{"primitiveMode":7,"vertexBundelIndices":[133],"indexView":{"offset":840924,"length":576,"count":144,"stride":4}},{"primitiveMode":7,"vertexBundelIndices":[134],"indexView":{"offset":845868,"length":540,"count":135,"stride":4}}],"vertexBundles":[{"view":{"offset":0,"length":566832,"count":11809,"stride":48},"attributes":[{"name":"a_position","format":32,"isNormalized":false},{"name":"a_normal","format":32,"isNormalized":false},{"name":"a_texCoord","format":21,"isNormalized":false},{"name":"a_tangent","format":44,"isNormalized":false}]},{"view":{"offset":642720,"length":6384,"count":133,"stride":48},"attributes":[{"name":"a_position","format":32,"isNormalized":false},{"name":"a_normal","format":32,"isNormalized":false},{"name":"a_texCoord","format":21,"isNormalized":false},{"name":"a_tangent","format":44,"isNormalized":false}]},{"view":{"offset":649896,"length":4320,"count":90,"stride":48},"attributes":[{"name":"a_position","format":32,"isNormalized":false},{"name":"a_normal","format":32,"isNormalized":false},{"name":"a_texCoord","format":21,"isNormalized":false},{"name":"a_tangent","format":44,"isNormalized":false}]},{"view":{"offset":654744,"length":2928,"count":61,"stride":48},"attributes":[{"name":"a_position","format":32,"isNormalized":false},{"name":"a_normal","format":32,"isNormalized":false},{"name":"a_texCoord","format":21,"isNormalized":false},{"name":"a_tangent","format":44,"isNormalized":false}]},{"view":{"offset":658032,"length":1200,"count":25,"stride":48},"attributes":[{"name":"a_position","format":32,"isNormalized":false},{"name":"a_normal","format":32,"isNormalized":false},{"name":"a_texCoord","format":21,"isNormalized":false},{"name":"a_tangent","format":44,"isNormalized":false}]},{"view":{"offset":659376,"length":1104,"count":23,"stride":48},"attributes":[{"name":"a_position","format":32,"isNormalized":false},{"name":"a_normal","format":32,"isNormalized":false},{"name":"a_texCoord","format":21,"isNormalized":false},{"name":"a_tangent","format":44,"isNormalized":false}]},{"view":{"offset":660612,"length":1200,"count":25,"stride":48},"attributes":[{"name":"a_position","format":32,"isNormalized":false},{"name":"a_normal","format":32,"isNormalized":false},{"name":"a_texCoord","format":21,"isNormalized":false},{"name":"a_tangent","format":44,"isNormalized":false}]},{"view":{"offset":661956,"length":1200,"count":25,"stride":48},"attributes":[{"name":"a_position","format":32,"isNormalized":false},{"name":"a_normal","format":32,"isNormalized":false},{"name":"a_texCoord","format":21,"isNormalized":false},{"name":"a_tangent","format":44,"isNormalized":false}]},{"view":{"offset":663300,"length":1104,"count":23,"stride":48},"attributes":[{"name":"a_position","format":32,"isNormalized":false},{"name":"a_normal","format":32,"isNormalized":false},{"name":"a_texCoord","format":21,"isNormalized":false},{"name":"a_tangent","format":44,"isNormalized":false}]},{"view":{"offset":664536,"length":1200,"count":25,"stride":48},"attributes":[{"name":"a_position","format":32,"isNormalized":false},{"name":"a_normal","format":32,"isNormalized":false},{"name":"a_texCoord","format":21,"isNormalized":false},{"name":"a_tangent","format":44,"isNormalized":false}]},{"view":{"offset":665880,"length":1104,"count":23,"stride":48},"attributes":[{"name":"a_position","format":32,"isNormalized":false},{"name":"a_normal","format":32,"isNormalized":false},{"name":"a_texCoord","format":21,"isNormalized":false},{"name":"a_tangent","format":44,"isNormalized":false}]},{"view":{"offset":667116,"length":1104,"count":23,"stride":48},"attributes":[{"name":"a_position","format":32,"isNormalized":false},{"name":"a_normal","format":32,"isNormalized":false},{"name":"a_texCoord","format":21,"isNormalized":false},{"name":"a_tangent","format":44,"isNormalized":false}]},{"view":{"offset":668352,"length":1200,"count":25,"stride":48},"attributes":[{"name":"a_position","format":32,"isNormalized":false},{"name":"a_normal","format":32,"isNormalized":false},{"name":"a_texCoord","format":21,"isNormalized":false},{"name":"a_tangent","format":44,"isNormalized":false}]},{"view":{"offset":669696,"length":1104,"count":23,"stride":48},"attributes":[{"name":"a_position","format":32,"isNormalized":false},{"name":"a_normal","format":32,"isNormalized":false},{"name":"a_texCoord","format":21,"isNormalized":false},{"name":"a_tangent","format":44,"isNormalized":false}]},{"view":{"offset":670932,"length":1200,"count":25,"stride":48},"attributes":[{"name":"a_position","format":32,"isNormalized":false},{"name":"a_normal","format":32,"isNormalized":false},{"name":"a_texCoord","format":21,"isNormalized":false},{"name":"a_tangent","format":44,"isNormalized":false}]},{"view":{"offset":672276,"length":1104,"count":23,"stride":48},"attributes":[{"name":"a_position","format":32,"isNormalized":false},{"name":"a_normal","format":32,"isNormalized":false},{"name":"a_texCoord","format":21,"isNormalized":false},{"name":"a_tangent","format":44,"isNormalized":false}]},{"view":{"offset":673512,"length":1104,"count":23,"stride":48},"attributes":[{"name":"a_position","format":32,"isNormalized":false},{"name":"a_normal","format":32,"isNormalized":false},{"name":"a_texCoord","format":21,"isNormalized":false},{"name":"a_tangent","format":44,"isNormalized":false}]},{"view":{"offset":674748,"length":1104,"count":23,"stride":48},"attributes":[{"name":"a_position","format":32,"isNormalized":false},{"name":"a_normal","format":32,"isNormalized":false},{"name":"a_texCoord","format":21,"isNormalized":false},{"name":"a_tangent","format":44,"isNormalized":false}]},{"view":{"offset":675984,"length":1200,"count":25,"stride":48},"attributes":[{"name":"a_position","format":32,"isNormalized":false},{"name":"a_normal","format":32,"isNormalized":false},{"name":"a_texCoord","format":21,"isNormalized":false},{"name":"a_tangent","format":44,"isNormalized":false}]},{"view":{"offset":677328,"length":1200,"count":25,"stride":48},"attributes":[{"name":"a_position","format":32,"isNormalized":false},{"name":"a_normal","format":32,"isNormalized":false},{"name":"a_texCoord","format":21,"isNormalized":false},{"name":"a_tangent","format":44,"isNormalized":false}]},{"view":{"offset":678672,"length":1104,"count":23,"stride":48},"attributes":[{"name":"a_position","format":32,"isNormalized":false},{"name":"a_normal","format":32,"isNormalized":false},{"name":"a_texCoord","format":21,"isNormalized":false},{"name":"a_tangent","format":44,"isNormalized":false}]},{"view":{"offset":679908,"length":1200,"count":25,"stride":48},"attributes":[{"name":"a_position","format":32,"isNormalized":false},{"name":"a_normal","format":32,"isNormalized":false},{"name":"a_texCoord","format":21,"isNormalized":false},{"name":"a_tangent","format":44,"isNormalized":false}]},{"view":{"offset":681252,"length":1200,"count":25,"stride":48},"attributes":[{"name":"a_position","format":32,"isNormalized":false},{"name":"a_normal","format":32,"isNormalized":false},{"name":"a_texCoord","format":21,"isNormalized":false},{"name":"a_tangent","format":44,"isNormalized":false}]},{"view":{"offset":682596,"length":1200,"count":25,"stride":48},"attributes":[{"name":"a_position","format":32,"isNormalized":false},{"name":"a_normal","format":32,"isNormalized":false},{"name":"a_texCoord","format":21,"isNormalized":false},{"name":"a_tangent","format":44,"isNormalized":false}]},{"view":{"offset":683940,"length":1200,"count":25,"stride":48},"attributes":[{"name":"a_position","format":32,"isNormalized":false},{"name":"a_normal","format":32,"isNormalized":false},{"name":"a_texCoord","format":21,"isNormalized":false},{"name":"a_tangent","format":44,"isNormalized":false}]},{"view":{"offset":685284,"length":1200,"count":25,"stride":48},"attributes":[{"name":"a_position","format":32,"isNormalized":false},{"name":"a_normal","format":32,"isNormalized":false},{"name":"a_texCoord","format":21,"isNormalized":false},{"name":"a_tangent","format":44,"isNormalized":false}]},{"view":{"offset":686628,"length":1200,"count":25,"stride":48},"attributes":[{"name":"a_position","format":32,"isNormalized":false},{"name":"a_normal","format":32,"isNormalized":false},{"name":"a_texCoord","format":21,"isNormalized":false},{"name":"a_tangent","format":44,"isNormalized":false}]},{"view":{"offset":687972,"length":1200,"count":25,"stride":48},"attributes":[{"name":"a_position","format":32,"isNormalized":false},{"name":"a_normal","format":32,"isNormalized":false},{"name":"a_texCoord","format":21,"isNormalized":false},{"name":"a_tangent","format":44,"isNormalized":false}]},{"view":{"offset":689316,"length":1200,"count":25,"stride":48},"attributes":[{"name":"a_position","format":32,"isNormalized":false},{"name":"a_normal","format":32,"isNormalized":false},{"name":"a_texCoord","format":21,"isNormalized":false},{"name":"a_tangent","format":44,"isNormalized":false}]},{"view":{"offset":690660,"length":1200,"count":25,"stride":48},"attributes":[{"name":"a_position","format":32,"isNormalized":false},{"name":"a_normal","format":32,"isNormalized":false},{"name":"a_texCoord","format":21,"isNormalized":false},{"name":"a_tangent","format":44,"isNormalized":false}]},{"view":{"offset":692004,"length":1200,"count":25,"stride":48},"attributes":[{"name":"a_position","format":32,"isNormalized":false},{"name":"a_normal","format":32,"isNormalized":false},{"name":"a_texCoord","format":21,"isNormalized":false},{"name":"a_tangent","format":44,"isNormalized":false}]},{"view":{"offset":693348,"length":1200,"count":25,"stride":48},"attributes":[{"name":"a_position","format":32,"isNormalized":false},{"name":"a_normal","format":32,"isNormalized":false},{"name":"a_texCoord","format":21,"isNormalized":false},{"name":"a_tangent","format":44,"isNormalized":false}]},{"view":{"offset":694692,"length":1200,"count":25,"stride":48},"attributes":[{"name":"a_position","format":32,"isNormalized":false},{"name":"a_normal","format":32,"isNormalized":false},{"name":"a_texCoord","format":21,"isNormalized":false},{"name":"a_tangent","format":44,"isNormalized":false}]},{"view":{"offset":696036,"length":1200,"count":25,"stride":48},"attributes":[{"name":"a_position","format":32,"isNormalized":false},{"name":"a_normal","format":32,"isNormalized":false},{"name":"a_texCoord","format":21,"isNormalized":false},{"name":"a_tangent","format":44,"isNormalized":false}]},{"view":{"offset":697380,"length":1200,"count":25,"stride":48},"attributes":[{"name":"a_position","format":32,"isNormalized":false},{"name":"a_normal","format":32,"isNormalized":false},{"name":"a_texCoord","format":21,"isNormalized":false},{"name":"a_tangent","format":44,"isNormalized":false}]},{"view":{"offset":698724,"length":1200,"count":25,"stride":48},"attributes":[{"name":"a_position","format":32,"isNormalized":false},{"name":"a_normal","format":32,"isNormalized":false},{"name":"a_texCoord","format":21,"isNormalized":false},{"name":"a_tangent","format":44,"isNormalized":false}]},{"view":{"offset":700068,"length":1200,"count":25,"stride":48},"attributes":[{"name":"a_position","format":32,"isNormalized":false},{"name":"a_normal","format":32,"isNormalized":false},{"name":"a_texCoord","format":21,"isNormalized":false},{"name":"a_tangent","format":44,"isNormalized":false}]},{"view":{"offset":701412,"length":1200,"count":25,"stride":48},"attributes":[{"name":"a_position","format":32,"isNormalized":false},{"name":"a_normal","format":32,"isNormalized":false},{"name":"a_texCoord","format":21,"isNormalized":false},{"name":"a_tangent","format":44,"isNormalized":false}]},{"view":{"offset":702756,"length":1200,"count":25,"stride":48},"attributes":[{"name":"a_position","format":32,"isNormalized":false},{"name":"a_normal","format":32,"isNormalized":false},{"name":"a_texCoord","format":21,"isNormalized":false},{"name":"a_tangent","format":44,"isNormalized":false}]},{"view":{"offset":704100,"length":1200,"count":25,"stride":48},"attributes":[{"name":"a_position","format":32,"isNormalized":false},{"name":"a_normal","format":32,"isNormalized":false},{"name":"a_texCoord","format":21,"isNormalized":false},{"name":"a_tangent","format":44,"isNormalized":false}]},{"view":{"offset":705444,"length":1200,"count":25,"stride":48},"attributes":[{"name":"a_position","format":32,"isNormalized":false},{"name":"a_normal","format":32,"isNormalized":false},{"name":"a_texCoord","format":21,"isNormalized":false},{"name":"a_tangent","format":44,"isNormalized":false}]},{"view":{"offset":706788,"length":1200,"count":25,"stride":48},"attributes":[{"name":"a_position","format":32,"isNormalized":false},{"name":"a_normal","format":32,"isNormalized":false},{"name":"a_texCoord","format":21,"isNormalized":false},{"name":"a_tangent","format":44,"isNormalized":false}]},{"view":{"offset":708132,"length":1200,"count":25,"stride":48},"attributes":[{"name":"a_position","format":32,"isNormalized":false},{"name":"a_normal","format":32,"isNormalized":false},{"name":"a_texCoord","format":21,"isNormalized":false},{"name":"a_tangent","format":44,"isNormalized":false}]},{"view":{"offset":709476,"length":1200,"count":25,"stride":48},"attributes":[{"name":"a_position","format":32,"isNormalized":false},{"name":"a_normal","format":32,"isNormalized":false},{"name":"a_texCoord","format":21,"isNormalized":false},{"name":"a_tangent","format":44,"isNormalized":false}]},{"view":{"offset":710820,"length":1200,"count":25,"stride":48},"attributes":[{"name":"a_position","format":32,"isNormalized":false},{"name":"a_normal","format":32,"isNormalized":false},{"name":"a_texCoord","format":21,"isNormalized":false},{"name":"a_tangent","format":44,"isNormalized":false}]},{"view":{"offset":712164,"length":1200,"count":25,"stride":48},"attributes":[{"name":"a_position","format":32,"isNormalized":false},{"name":"a_normal","format":32,"isNormalized":false},{"name":"a_texCoord","format":21,"isNormalized":false},{"name":"a_tangent","format":44,"isNormalized":false}]},{"view":{"offset":713508,"length":1200,"count":25,"stride":48},"attributes":[{"name":"a_position","format":32,"isNormalized":false},{"name":"a_normal","format":32,"isNormalized":false},{"name":"a_texCoord","format":21,"isNormalized":false},{"name":"a_tangent","format":44,"isNormalized":false}]},{"view":{"offset":714852,"length":1200,"count":25,"stride":48},"attributes":[{"name":"a_position","format":32,"isNormalized":false},{"name":"a_normal","format":32,"isNormalized":false},{"name":"a_texCoord","format":21,"isNormalized":false},{"name":"a_tangent","format":44,"isNormalized":false}]},{"view":{"offset":716196,"length":1200,"count":25,"stride":48},"attributes":[{"name":"a_position","format":32,"isNormalized":false},{"name":"a_normal","format":32,"isNormalized":false},{"name":"a_texCoord","format":21,"isNormalized":false},{"name":"a_tangent","format":44,"isNormalized":false}]},{"view":{"offset":717540,"length":1200,"count":25,"stride":48},"attributes":[{"name":"a_position","format":32,"isNormalized":false},{"name":"a_normal","format":32,"isNormalized":false},{"name":"a_texCoord","format":21,"isNormalized":false},{"name":"a_tangent","format":44,"isNormalized":false}]},{"view":{"offset":718884,"length":1200,"count":25,"stride":48},"attributes":[{"name":"a_position","format":32,"isNormalized":false},{"name":"a_normal","format":32,"isNormalized":false},{"name":"a_texCoord","format":21,"isNormalized":false},{"name":"a_tangent","format":44,"isNormalized":false}]},{"view":{"offset":720228,"length":1200,"count":25,"stride":48},"attributes":[{"name":"a_position","format":32,"isNormalized":false},{"name":"a_normal","format":32,"isNormalized":false},{"name":"a_texCoord","format":21,"isNormalized":false},{"name":"a_tangent","format":44,"isNormalized":false}]},{"view":{"offset":721572,"length":1200,"count":25,"stride":48},"attributes":[{"name":"a_position","format":32,"isNormalized":false},{"name":"a_normal","format":32,"isNormalized":false},{"name":"a_texCoord","format":21,"isNormalized":false},{"name":"a_tangent","format":44,"isNormalized":false}]},{"view":{"offset":722916,"length":1200,"count":25,"stride":48},"attributes":[{"name":"a_position","format":32,"isNormalized":false},{"name":"a_normal","format":32,"isNormalized":false},{"name":"a_texCoord","format":21,"isNormalized":false},{"name":"a_tangent","format":44,"isNormalized":false}]},{"view":{"offset":724260,"length":1200,"count":25,"stride":48},"attributes":[{"name":"a_position","format":32,"isNormalized":false},{"name":"a_normal","format":32,"isNormalized":false},{"name":"a_texCoord","format":21,"isNormalized":false},{"name":"a_tangent","format":44,"isNormalized":false}]},{"view":{"offset":725604,"length":1200,"count":25,"stride":48},"attributes":[{"name":"a_position","format":32,"isNormalized":false},{"name":"a_normal","format":32,"isNormalized":false},{"name":"a_texCoord","format":21,"isNormalized":false},{"name":"a_tangent","format":44,"isNormalized":false}]},{"view":{"offset":726948,"length":1200,"count":25,"stride":48},"attributes":[{"name":"a_position","format":32,"isNormalized":false},{"name":"a_normal","format":32,"isNormalized":false},{"name":"a_texCoord","format":21,"isNormalized":false},{"name":"a_tangent","format":44,"isNormalized":false}]},{"view":{"offset":728292,"length":1200,"count":25,"stride":48},"attributes":[{"name":"a_position","format":32,"isNormalized":false},{"name":"a_normal","format":32,"isNormalized":false},{"name":"a_texCoord","format":21,"isNormalized":false},{"name":"a_tangent","format":44,"isNormalized":false}]},{"view":{"offset":729636,"length":1200,"count":25,"stride":48},"attributes":[{"name":"a_position","format":32,"isNormalized":false},{"name":"a_normal","format":32,"isNormalized":false},{"name":"a_texCoord","format":21,"isNormalized":false},{"name":"a_tangent","format":44,"isNormalized":false}]},{"view":{"offset":730980,"length":1200,"count":25,"stride":48},"attributes":[{"name":"a_position","format":32,"isNormalized":false},{"name":"a_normal","format":32,"isNormalized":false},{"name":"a_texCoord","format":21,"isNormalized":false},{"name":"a_tangent","format":44,"isNormalized":false}]},{"view":{"offset":732324,"length":1200,"count":25,"stride":48},"attributes":[{"name":"a_position","format":32,"isNormalized":false},{"name":"a_normal","format":32,"isNormalized":false},{"name":"a_texCoord","format":21,"isNormalized":false},{"name":"a_tangent","format":44,"isNormalized":false}]},{"view":{"offset":733668,"length":1200,"count":25,"stride":48},"attributes":[{"name":"a_position","format":32,"isNormalized":false},{"name":"a_normal","format":32,"isNormalized":false},{"name":"a_texCoord","format":21,"isNormalized":false},{"name":"a_tangent","format":44,"isNormalized":false}]},{"view":{"offset":735012,"length":1200,"count":25,"stride":48},"attributes":[{"name":"a_position","format":32,"isNormalized":false},{"name":"a_normal","format":32,"isNormalized":false},{"name":"a_texCoord","format":21,"isNormalized":false},{"name":"a_tangent","format":44,"isNormalized":false}]},{"view":{"offset":736356,"length":1200,"count":25,"stride":48},"attributes":[{"name":"a_position","format":32,"isNormalized":false},{"name":"a_normal","format":32,"isNormalized":false},{"name":"a_texCoord","format":21,"isNormalized":false},{"name":"a_tangent","format":44,"isNormalized":false}]},{"view":{"offset":737700,"length":1200,"count":25,"stride":48},"attributes":[{"name":"a_position","format":32,"isNormalized":false},{"name":"a_normal","format":32,"isNormalized":false},{"name":"a_texCoord","format":21,"isNormalized":false},{"name":"a_tangent","format":44,"isNormalized":false}]},{"view":{"offset":739044,"length":1200,"count":25,"stride":48},"attributes":[{"name":"a_position","format":32,"isNormalized":false},{"name":"a_normal","format":32,"isNormalized":false},{"name":"a_texCoord","format":21,"isNormalized":false},{"name":"a_tangent","format":44,"isNormalized":false}]},{"view":{"offset":740388,"length":1200,"count":25,"stride":48},"attributes":[{"name":"a_position","format":32,"isNormalized":false},{"name":"a_normal","format":32,"isNormalized":false},{"name":"a_texCoord","format":21,"isNormalized":false},{"name":"a_tangent","format":44,"isNormalized":false}]},{"view":{"offset":741732,"length":1200,"count":25,"stride":48},"attributes":[{"name":"a_position","format":32,"isNormalized":false},{"name":"a_normal","format":32,"isNormalized":false},{"name":"a_texCoord","format":21,"isNormalized":false},{"name":"a_tangent","format":44,"isNormalized":false}]},{"view":{"offset":743076,"length":1200,"count":25,"stride":48},"attributes":[{"name":"a_position","format":32,"isNormalized":false},{"name":"a_normal","format":32,"isNormalized":false},{"name":"a_texCoord","format":21,"isNormalized":false},{"name":"a_tangent","format":44,"isNormalized":false}]},{"view":{"offset":744420,"length":1200,"count":25,"stride":48},"attributes":[{"name":"a_position","format":32,"isNormalized":false},{"name":"a_normal","format":32,"isNormalized":false},{"name":"a_texCoord","format":21,"isNormalized":false},{"name":"a_tangent","format":44,"isNormalized":false}]},{"view":{"offset":745764,"length":1200,"count":25,"stride":48},"attributes":[{"name":"a_position","format":32,"isNormalized":false},{"name":"a_normal","format":32,"isNormalized":false},{"name":"a_texCoord","format":21,"isNormalized":false},{"name":"a_tangent","format":44,"isNormalized":false}]},{"view":{"offset":747108,"length":1200,"count":25,"stride":48},"attributes":[{"name":"a_position","format":32,"isNormalized":false},{"name":"a_normal","format":32,"isNormalized":false},{"name":"a_texCoord","format":21,"isNormalized":false},{"name":"a_tangent","format":44,"isNormalized":false}]},{"view":{"offset":748452,"length":1200,"count":25,"stride":48},"attributes":[{"name":"a_position","format":32,"isNormalized":false},{"name":"a_normal","format":32,"isNormalized":false},{"name":"a_texCoord","format":21,"isNormalized":false},{"name":"a_tangent","format":44,"isNormalized":false}]},{"view":{"offset":749796,"length":1200,"count":25,"stride":48},"attributes":[{"name":"a_position","format":32,"isNormalized":false},{"name":"a_normal","format":32,"isNormalized":false},{"name":"a_texCoord","format":21,"isNormalized":false},{"name":"a_tangent","format":44,"isNormalized":false}]},{"view":{"offset":751140,"length":1200,"count":25,"stride":48},"attributes":[{"name":"a_position","format":32,"isNormalized":false},{"name":"a_normal","format":32,"isNormalized":false},{"name":"a_texCoord","format":21,"isNormalized":false},{"name":"a_tangent","format":44,"isNormalized":false}]},{"view":{"offset":752484,"length":1200,"count":25,"stride":48},"attributes":[{"name":"a_position","format":32,"isNormalized":false},{"name":"a_normal","format":32,"isNormalized":false},{"name":"a_texCoord","format":21,"isNormalized":false},{"name":"a_tangent","format":44,"isNormalized":false}]},{"view":{"offset":753828,"length":1200,"count":25,"stride":48},"attributes":[{"name":"a_position","format":32,"isNormalized":false},{"name":"a_normal","format":32,"isNormalized":false},{"name":"a_texCoord","format":21,"isNormalized":false},{"name":"a_tangent","format":44,"isNormalized":false}]},{"view":{"offset":755172,"length":1200,"count":25,"stride":48},"attributes":[{"name":"a_position","format":32,"isNormalized":false},{"name":"a_normal","format":32,"isNormalized":false},{"name":"a_texCoord","format":21,"isNormalized":false},{"name":"a_tangent","format":44,"isNormalized":false}]},{"view":{"offset":756516,"length":1200,"count":25,"stride":48},"attributes":[{"name":"a_position","format":32,"isNormalized":false},{"name":"a_normal","format":32,"isNormalized":false},{"name":"a_texCoord","format":21,"isNormalized":false},{"name":"a_tangent","format":44,"isNormalized":false}]},{"view":{"offset":757860,"length":1200,"count":25,"stride":48},"attributes":[{"name":"a_position","format":32,"isNormalized":false},{"name":"a_normal","format":32,"isNormalized":false},{"name":"a_texCoord","format":21,"isNormalized":false},{"name":"a_tangent","format":44,"isNormalized":false}]},{"view":{"offset":759204,"length":1200,"count":25,"stride":48},"attributes":[{"name":"a_position","format":32,"isNormalized":false},{"name":"a_normal","format":32,"isNormalized":false},{"name":"a_texCoord","format":21,"isNormalized":false},{"name":"a_tangent","format":44,"isNormalized":false}]},{"view":{"offset":760548,"length":1200,"count":25,"stride":48},"attributes":[{"name":"a_position","format":32,"isNormalized":false},{"name":"a_normal","format":32,"isNormalized":false},{"name":"a_texCoord","format":21,"isNormalized":false},{"name":"a_tangent","format":44,"isNormalized":false}]},{"view":{"offset":761892,"length":1200,"count":25,"stride":48},"attributes":[{"name":"a_position","format":32,"isNormalized":false},{"name":"a_normal","format":32,"isNormalized":false},{"name":"a_texCoord","format":21,"isNormalized":false},{"name":"a_tangent","format":44,"isNormalized":false}]},{"view":{"offset":763236,"length":1200,"count":25,"stride":48},"attributes":[{"name":"a_position","format":32,"isNormalized":false},{"name":"a_normal","format":32,"isNormalized":false},{"name":"a_texCoord","format":21,"isNormalized":false},{"name":"a_tangent","format":44,"isNormalized":false}]},{"view":{"offset":764580,"length":1200,"count":25,"stride":48},"attributes":[{"name":"a_position","format":32,"isNormalized":false},{"name":"a_normal","format":32,"isNormalized":false},{"name":"a_texCoord","format":21,"isNormalized":false},{"name":"a_tangent","format":44,"isNormalized":false}]},{"view":{"offset":765924,"length":1200,"count":25,"stride":48},"attributes":[{"name":"a_position","format":32,"isNormalized":false},{"name":"a_normal","format":32,"isNormalized":false},{"name":"a_texCoord","format":21,"isNormalized":false},{"name":"a_tangent","format":44,"isNormalized":false}]},{"view":{"offset":767268,"length":1200,"count":25,"stride":48},"attributes":[{"name":"a_position","format":32,"isNormalized":false},{"name":"a_normal","format":32,"isNormalized":false},{"name":"a_texCoord","format":21,"isNormalized":false},{"name":"a_tangent","format":44,"isNormalized":false}]},{"view":{"offset":768612,"length":1200,"count":25,"stride":48},"attributes":[{"name":"a_position","format":32,"isNormalized":false},{"name":"a_normal","format":32,"isNormalized":false},{"name":"a_texCoord","format":21,"isNormalized":false},{"name":"a_tangent","format":44,"isNormalized":false}]},{"view":{"offset":769956,"length":1200,"count":25,"stride":48},"attributes":[{"name":"a_position","format":32,"isNormalized":false},{"name":"a_normal","format":32,"isNormalized":false},{"name":"a_texCoord","format":21,"isNormalized":false},{"name":"a_tangent","format":44,"isNormalized":false}]},{"view":{"offset":771300,"length":1200,"count":25,"stride":48},"attributes":[{"name":"a_position","format":32,"isNormalized":false},{"name":"a_normal","format":32,"isNormalized":false},{"name":"a_texCoord","format":21,"isNormalized":false},{"name":"a_tangent","format":44,"isNormalized":false}]},{"view":{"offset":772644,"length":1200,"count":25,"stride":48},"attributes":[{"name":"a_position","format":32,"isNormalized":false},{"name":"a_normal","format":32,"isNormalized":false},{"name":"a_texCoord","format":21,"isNormalized":false},{"name":"a_tangent","format":44,"isNormalized":false}]},{"view":{"offset":773988,"length":1200,"count":25,"stride":48},"attributes":[{"name":"a_position","format":32,"isNormalized":false},{"name":"a_normal","format":32,"isNormalized":false},{"name":"a_texCoord","format":21,"isNormalized":false},{"name":"a_tangent","format":44,"isNormalized":false}]},{"view":{"offset":775332,"length":1200,"count":25,"stride":48},"attributes":[{"name":"a_position","format":32,"isNormalized":false},{"name":"a_normal","format":32,"isNormalized":false},{"name":"a_texCoord","format":21,"isNormalized":false},{"name":"a_tangent","format":44,"isNormalized":false}]},{"view":{"offset":776676,"length":1200,"count":25,"stride":48},"attributes":[{"name":"a_position","format":32,"isNormalized":false},{"name":"a_normal","format":32,"isNormalized":false},{"name":"a_texCoord","format":21,"isNormalized":false},{"name":"a_tangent","format":44,"isNormalized":false}]},{"view":{"offset":778020,"length":1200,"count":25,"stride":48},"attributes":[{"name":"a_position","format":32,"isNormalized":false},{"name":"a_normal","format":32,"isNormalized":false},{"name":"a_texCoord","format":21,"isNormalized":false},{"name":"a_tangent","format":44,"isNormalized":false}]},{"view":{"offset":779364,"length":1200,"count":25,"stride":48},"attributes":[{"name":"a_position","format":32,"isNormalized":false},{"name":"a_normal","format":32,"isNormalized":false},{"name":"a_texCoord","format":21,"isNormalized":false},{"name":"a_tangent","format":44,"isNormalized":false}]},{"view":{"offset":780708,"length":1200,"count":25,"stride":48},"attributes":[{"name":"a_position","format":32,"isNormalized":false},{"name":"a_normal","format":32,"isNormalized":false},{"name":"a_texCoord","format":21,"isNormalized":false},{"name":"a_tangent","format":44,"isNormalized":false}]},{"view":{"offset":782052,"length":1200,"count":25,"stride":48},"attributes":[{"name":"a_position","format":32,"isNormalized":false},{"name":"a_normal","format":32,"isNormalized":false},{"name":"a_texCoord","format":21,"isNormalized":false},{"name":"a_tangent","format":44,"isNormalized":false}]},{"view":{"offset":783396,"length":1200,"count":25,"stride":48},"attributes":[{"name":"a_position","format":32,"isNormalized":false},{"name":"a_normal","format":32,"isNormalized":false},{"name":"a_texCoord","format":21,"isNormalized":false},{"name":"a_tangent","format":44,"isNormalized":false}]},{"view":{"offset":784740,"length":1200,"count":25,"stride":48},"attributes":[{"name":"a_position","format":32,"isNormalized":false},{"name":"a_normal","format":32,"isNormalized":false},{"name":"a_texCoord","format":21,"isNormalized":false},{"name":"a_tangent","format":44,"isNormalized":false}]},{"view":{"offset":786084,"length":1200,"count":25,"stride":48},"attributes":[{"name":"a_position","format":32,"isNormalized":false},{"name":"a_normal","format":32,"isNormalized":false},{"name":"a_texCoord","format":21,"isNormalized":false},{"name":"a_tangent","format":44,"isNormalized":false}]},{"view":{"offset":787428,"length":1200,"count":25,"stride":48},"attributes":[{"name":"a_position","format":32,"isNormalized":false},{"name":"a_normal","format":32,"isNormalized":false},{"name":"a_texCoord","format":21,"isNormalized":false},{"name":"a_tangent","format":44,"isNormalized":false}]},{"view":{"offset":788772,"length":1200,"count":25,"stride":48},"attributes":[{"name":"a_position","format":32,"isNormalized":false},{"name":"a_normal","format":32,"isNormalized":false},{"name":"a_texCoord","format":21,"isNormalized":false},{"name":"a_tangent","format":44,"isNormalized":false}]},{"view":{"offset":790116,"length":1200,"count":25,"stride":48},"attributes":[{"name":"a_position","format":32,"isNormalized":false},{"name":"a_normal","format":32,"isNormalized":false},{"name":"a_texCoord","format":21,"isNormalized":false},{"name":"a_tangent","format":44,"isNormalized":false}]},{"view":{"offset":791460,"length":1200,"count":25,"stride":48},"attributes":[{"name":"a_position","format":32,"isNormalized":false},{"name":"a_normal","format":32,"isNormalized":false},{"name":"a_texCoord","format":21,"isNormalized":false},{"name":"a_tangent","format":44,"isNormalized":false}]},{"view":{"offset":792804,"length":1200,"count":25,"stride":48},"attributes":[{"name":"a_position","format":32,"isNormalized":false},{"name":"a_normal","format":32,"isNormalized":false},{"name":"a_texCoord","format":21,"isNormalized":false},{"name":"a_tangent","format":44,"isNormalized":false}]},{"view":{"offset":794148,"length":1200,"count":25,"stride":48},"attributes":[{"name":"a_position","format":32,"isNormalized":false},{"name":"a_normal","format":32,"isNormalized":false},{"name":"a_texCoord","format":21,"isNormalized":false},{"name":"a_tangent","format":44,"isNormalized":false}]},{"view":{"offset":795492,"length":1200,"count":25,"stride":48},"attributes":[{"name":"a_position","format":32,"isNormalized":false},{"name":"a_normal","format":32,"isNormalized":false},{"name":"a_texCoord","format":21,"isNormalized":false},{"name":"a_tangent","format":44,"isNormalized":false}]},{"view":{"offset":796836,"length":1200,"count":25,"stride":48},"attributes":[{"name":"a_position","format":32,"isNormalized":false},{"name":"a_normal","format":32,"isNormalized":false},{"name":"a_texCoord","format":21,"isNormalized":false},{"name":"a_tangent","format":44,"isNormalized":false}]},{"view":{"offset":798180,"length":1200,"count":25,"stride":48},"attributes":[{"name":"a_position","format":32,"isNormalized":false},{"name":"a_normal","format":32,"isNormalized":false},{"name":"a_texCoord","format":21,"isNormalized":false},{"name":"a_tangent","format":44,"isNormalized":false}]},{"view":{"offset":799524,"length":1200,"count":25,"stride":48},"attributes":[{"name":"a_position","format":32,"isNormalized":false},{"name":"a_normal","format":32,"isNormalized":false},{"name":"a_texCoord","format":21,"isNormalized":false},{"name":"a_tangent","format":44,"isNormalized":false}]},{"view":{"offset":800868,"length":1200,"count":25,"stride":48},"attributes":[{"name":"a_position","format":32,"isNormalized":false},{"name":"a_normal","format":32,"isNormalized":false},{"name":"a_texCoord","format":21,"isNormalized":false},{"name":"a_tangent","format":44,"isNormalized":false}]},{"view":{"offset":802212,"length":1200,"count":25,"stride":48},"attributes":[{"name":"a_position","format":32,"isNormalized":false},{"name":"a_normal","format":32,"isNormalized":false},{"name":"a_texCoord","format":21,"isNormalized":false},{"name":"a_tangent","format":44,"isNormalized":false}]},{"view":{"offset":803556,"length":1200,"count":25,"stride":48},"attributes":[{"name":"a_position","format":32,"isNormalized":false},{"name":"a_normal","format":32,"isNormalized":false},{"name":"a_texCoord","format":21,"isNormalized":false},{"name":"a_tangent","format":44,"isNormalized":false}]},{"view":{"offset":804900,"length":1200,"count":25,"stride":48},"attributes":[{"name":"a_position","format":32,"isNormalized":false},{"name":"a_normal","format":32,"isNormalized":false},{"name":"a_texCoord","format":21,"isNormalized":false},{"name":"a_tangent","format":44,"isNormalized":false}]},{"view":{"offset":806244,"length":1200,"count":25,"stride":48},"attributes":[{"name":"a_position","format":32,"isNormalized":false},{"name":"a_normal","format":32,"isNormalized":false},{"name":"a_texCoord","format":21,"isNormalized":false},{"name":"a_tangent","format":44,"isNormalized":false}]},{"view":{"offset":807588,"length":1200,"count":25,"stride":48},"attributes":[{"name":"a_position","format":32,"isNormalized":false},{"name":"a_normal","format":32,"isNormalized":false},{"name":"a_texCoord","format":21,"isNormalized":false},{"name":"a_tangent","format":44,"isNormalized":false}]},{"view":{"offset":808932,"length":1200,"count":25,"stride":48},"attributes":[{"name":"a_position","format":32,"isNormalized":false},{"name":"a_normal","format":32,"isNormalized":false},{"name":"a_texCoord","format":21,"isNormalized":false},{"name":"a_tangent","format":44,"isNormalized":false}]},{"view":{"offset":810276,"length":1200,"count":25,"stride":48},"attributes":[{"name":"a_position","format":32,"isNormalized":false},{"name":"a_normal","format":32,"isNormalized":false},{"name":"a_texCoord","format":21,"isNormalized":false},{"name":"a_tangent","format":44,"isNormalized":false}]},{"view":{"offset":811620,"length":1200,"count":25,"stride":48},"attributes":[{"name":"a_position","format":32,"isNormalized":false},{"name":"a_normal","format":32,"isNormalized":false},{"name":"a_texCoord","format":21,"isNormalized":false},{"name":"a_tangent","format":44,"isNormalized":false}]},{"view":{"offset":812964,"length":1200,"count":25,"stride":48},"attributes":[{"name":"a_position","format":32,"isNormalized":false},{"name":"a_normal","format":32,"isNormalized":false},{"name":"a_texCoord","format":21,"isNormalized":false},{"name":"a_tangent","format":44,"isNormalized":false}]},{"view":{"offset":814308,"length":1200,"count":25,"stride":48},"attributes":[{"name":"a_position","format":32,"isNormalized":false},{"name":"a_normal","format":32,"isNormalized":false},{"name":"a_texCoord","format":21,"isNormalized":false},{"name":"a_tangent","format":44,"isNormalized":false}]},{"view":{"offset":815652,"length":1200,"count":25,"stride":48},"attributes":[{"name":"a_position","format":32,"isNormalized":false},{"name":"a_normal","format":32,"isNormalized":false},{"name":"a_texCoord","format":21,"isNormalized":false},{"name":"a_tangent","format":44,"isNormalized":false}]},{"view":{"offset":816996,"length":1200,"count":25,"stride":48},"attributes":[{"name":"a_position","format":32,"isNormalized":false},{"name":"a_normal","format":32,"isNormalized":false},{"name":"a_texCoord","format":21,"isNormalized":false},{"name":"a_tangent","format":44,"isNormalized":false}]},{"view":{"offset":818340,"length":1200,"count":25,"stride":48},"attributes":[{"name":"a_position","format":32,"isNormalized":false},{"name":"a_normal","format":32,"isNormalized":false},{"name":"a_texCoord","format":21,"isNormalized":false},{"name":"a_tangent","format":44,"isNormalized":false}]},{"view":{"offset":819684,"length":1200,"count":25,"stride":48},"attributes":[{"name":"a_position","format":32,"isNormalized":false},{"name":"a_normal","format":32,"isNormalized":false},{"name":"a_texCoord","format":21,"isNormalized":false},{"name":"a_tangent","format":44,"isNormalized":false}]},{"view":{"offset":821028,"length":1200,"count":25,"stride":48},"attributes":[{"name":"a_position","format":32,"isNormalized":false},{"name":"a_normal","format":32,"isNormalized":false},{"name":"a_texCoord","format":21,"isNormalized":false},{"name":"a_tangent","format":44,"isNormalized":false}]},{"view":{"offset":822372,"length":1200,"count":25,"stride":48},"attributes":[{"name":"a_position","format":32,"isNormalized":false},{"name":"a_normal","format":32,"isNormalized":false},{"name":"a_texCoord","format":21,"isNormalized":false},{"name":"a_tangent","format":44,"isNormalized":false}]},{"view":{"offset":823716,"length":1200,"count":25,"stride":48},"attributes":[{"name":"a_position","format":32,"isNormalized":false},{"name":"a_normal","format":32,"isNormalized":false},{"name":"a_texCoord","format":21,"isNormalized":false},{"name":"a_tangent","format":44,"isNormalized":false}]},{"view":{"offset":825060,"length":1200,"count":25,"stride":48},"attributes":[{"name":"a_position","format":32,"isNormalized":false},{"name":"a_normal","format":32,"isNormalized":false},{"name":"a_texCoord","format":21,"isNormalized":false},{"name":"a_tangent","format":44,"isNormalized":false}]},{"view":{"offset":826404,"length":1200,"count":25,"stride":48},"attributes":[{"name":"a_position","format":32,"isNormalized":false},{"name":"a_normal","format":32,"isNormalized":false},{"name":"a_texCoord","format":21,"isNormalized":false},{"name":"a_tangent","format":44,"isNormalized":false}]},{"view":{"offset":827748,"length":1200,"count":25,"stride":48},"attributes":[{"name":"a_position","format":32,"isNormalized":false},{"name":"a_normal","format":32,"isNormalized":false},{"name":"a_texCoord","format":21,"isNormalized":false},{"name":"a_tangent","format":44,"isNormalized":false}]},{"view":{"offset":829092,"length":6384,"count":133,"stride":48},"attributes":[{"name":"a_position","format":32,"isNormalized":false},{"name":"a_normal","format":32,"isNormalized":false},{"name":"a_texCoord","format":21,"isNormalized":false},{"name":"a_tangent","format":44,"isNormalized":false}]},{"view":{"offset":836268,"length":4656,"count":97,"stride":48},"attributes":[{"name":"a_position","format":32,"isNormalized":false},{"name":"a_normal","format":32,"isNormalized":false},{"name":"a_texCoord","format":21,"isNormalized":false},{"name":"a_tangent","format":44,"isNormalized":false}]},{"view":{"offset":841500,"length":4368,"count":91,"stride":48},"attributes":[{"name":"a_position","format":32,"isNormalized":false},{"name":"a_normal","format":32,"isNormalized":false},{"name":"a_texCoord","format":21,"isNormalized":false},{"name":"a_tangent","format":44,"isNormalized":false}]}]},"minPosition",8,[1,-809.5223388671875,0,-28.952919006347656],"maxPosition",8,[1,781.0195922851562,0.10000000149011612,1014.375]]],-1],0,0,[],[],[]],[[[0,"Building__Instance__10",[{"rasterizerState":{},"blendState":{"targets":[{}]},"depthStencilState":{}}],[{"USE_ALBEDO_MAP":true}],[[[{},"mainTexture",6,0]],11]]],0,0,[0,0],[0,1],[0,1]],[[[0,"Building__Instance__57",[{"rasterizerState":{},"blendState":{"targets":[{}]},"depthStencilState":{}}],[{"USE_ALBEDO_MAP":true}],[[[{},"mainTexture",6,0]],11]]],0,0,[0,0],[0,1],[0,1]],[[[0,"Building__Instance__123",[{"rasterizerState":{},"blendState":{"targets":[{}]},"depthStencilState":{}}],[{"USE_ALBEDO_MAP":true}],[[[{},"mainTexture",6,0]],11]]],0,0,[0,0],[0,1],[0,1]],[[[0,"Building__Instance__27",[{"rasterizerState":{},"blendState":{"targets":[{}]},"depthStencilState":{}}],[{"USE_ALBEDO_MAP":true}],[[[{},"mainTexture",6,0]],11]]],0,0,[0,0],[0,1],[0,1]],[[[0,"Building__Instance__70",[{"rasterizerState":{},"blendState":{"targets":[{}]},"depthStencilState":{}}],[{"USE_ALBEDO_MAP":true}],[[[{},"mainTexture",6,0]],11]]],0,0,[0,0],[0,1],[0,1]],[[[0,"Building__Instance__72",[{"rasterizerState":{},"blendState":{"targets":[{}]},"depthStencilState":{}}],[{"USE_ALBEDO_MAP":true}],[[[{},"mainTexture",6,0]],11]]],0,0,[0,0],[0,1],[0,1]],[[[0,"Building__Instance__91",[{"rasterizerState":{},"blendState":{"targets":[{}]},"depthStencilState":{}}],[{"USE_ALBEDO_MAP":true}],[[[{},"mainTexture",6,0]],11]]],0,0,[0,0],[0,1],[0,1]],[[[0,"Building__Instance__121",[{"rasterizerState":{},"blendState":{"targets":[{}]},"depthStencilState":{}}],[{"USE_ALBEDO_MAP":true}],[[[{},"mainTexture",6,0]],11]]],0,0,[0,0],[0,1],[0,1]],[[[0,"Building__Instance__125",[{"rasterizerState":{},"blendState":{"targets":[{}]},"depthStencilState":{}}],[{"USE_ALBEDO_MAP":true}],[[[{},"mainTexture",6,0]],11]]],0,0,[0,0],[0,1],[0,1]],[[[0,"Building__Instance__79",[{"rasterizerState":{},"blendState":{"targets":[{}]},"depthStencilState":{}}],[{"USE_ALBEDO_MAP":true}],[[[{},"mainTexture",6,0]],11]]],0,0,[0,0],[0,1],[0,1]],[[[0,"Building__Instance__117",[{"rasterizerState":{},"blendState":{"targets":[{}]},"depthStencilState":{}}],[{"USE_ALBEDO_MAP":true}],[[[{},"mainTexture",6,0]],11]]],0,0,[0,0],[0,1],[0,1]],[[[0,"Building__Instance__43",[{"rasterizerState":{},"blendState":{"targets":[{}]},"depthStencilState":{}}],[{"USE_ALBEDO_MAP":true}],[[[{},"mainTexture",6,0]],11]]],0,0,[0,0],[0,1],[0,1]],[[[0,"Building__Instance__101",[{"rasterizerState":{},"blendState":{"targets":[{}]},"depthStencilState":{}}],[{"USE_ALBEDO_MAP":true}],[[[{},"mainTexture",6,0]],11]]],0,0,[0,0],[0,1],[0,1]],[[[0,"Building__Instance__26",[{"rasterizerState":{},"blendState":{"targets":[{}]},"depthStencilState":{}}],[{"USE_ALBEDO_MAP":true}],[[[{},"mainTexture",6,0]],11]]],0,0,[0,0],[0,1],[0,1]],[[[0,"Building__Instance__20",[{"rasterizerState":{},"blendState":{"targets":[{}]},"depthStencilState":{}}],[{"USE_ALBEDO_MAP":true}],[[[{},"mainTexture",6,0]],11]]],0,0,[0,0],[0,1],[0,1]],[[[3,"tile_52195_30804"],[4,"tile_52195_30804",[-2],[1,"abEdljPihfhaYaZ9IZ43a4",-1,0]],[5,"tile_52195_30804",1,[[6,-3,[7,"673tOwnEZSvZiDJ4WVhQbb"],[[0,1,2,3,4,5,6,7,8,9,10,11,12,13,14,15,16,17,18,19,20,21,22,23,24,25,26,27,28,29,30,31,32,33,34,35,36,37,38,39,40,41,42,43,44,45,46,47,48,49,50,51,52,53,54,55,56,57,58,59,60,61,62,63,64,65,66,67,68,69,70,71,72,73,74,75,76,77,78,79,80,81,82,83,84,85,86,87,88,89,90,91,92,93,94,95,96,97,98,99,100,101,102,103,104,105,106,107,108,109,110,111,112,113,114,115,116,117,118,119,120,121,122,123,124,125,126,127,128,129,130,131,132,133,null],6,6,6,6,6,6,6,6,6,6,6,6,6,6,6,6,6,6,6,6,6,6,6,6,6,6,6,6,6,6,6,6,6,6,6,6,6,6,6,6,6,6,6,6,6,6,6,6,6,6,6,6,6,6,6,6,6,6,6,6,6,6,6,6,6,6,6,6,6,6,6,6,6,6,6,6,6,6,6,6,6,6,6,6,6,6,6,6,6,6,6,6,6,6,6,6,6,6,6,6,6,6,6,6,6,6,6,6,6,6,6,6,6,6,6,6,6,6,6,6,6,6,6,6,6,6,6,6,6,6,6,6,6,6,0],[8],134]],[1,"d03um/FU5S7pX4v22bU7J3",1,0]]],0,[0,2,1,0,-1,2,0,3,2,0,4,1,3],[0,0,0,0,0,0,0,0,0,0,0,0,0,0,0,0,0,0,0,0,0,0,0,0,0,0,0,0,0,0,0,0,0,0,0,0,0,0,0,0,0,0,0,0,0,0,0,0,0,0,0,0,0,0,0,0,0,0,0,0,0,0,0,0,0,0,0,0,0,0,0,0,0,0,0,0,0,0,0,0,0,0,0,0,0,0,0,0,0,0,0,0,0,0,0,0,0,0,0,0,0,0,0,0,0,0,0,0,0,0,0,0,0,0,0,0,0,0,0,0,0,0,0,0,0,0,0,0,0,0,0,0,0,0,0],[-1,-2,-3,-4,-5,-6,-7,-8,-9,-10,-11,-12,-13,-14,-15,-16,-17,-18,-19,-20,-21,-22,-23,-24,-25,-26,-27,-28,-29,-30,-31,-32,-33,-34,-35,-36,-37,-38,-39,-40,-41,-42,-43,-44,-45,-46,-47,-48,-49,-50,-51,-52,-53,-54,-55,-56,-57,-58,-59,-60,-61,-62,-63,-64,-65,-66,-67,-68,-69,-70,-71,-72,-73,-74,-75,-76,-77,-78,-79,-80,-81,-82,-83,-84,-85,-86,-87,-88,-89,-90,-91,-92,-93,-94,-95,-96,-97,-98,-99,-100,-101,-102,-103,-104,-105,-106,-107,-108,-109,-110,-111,-112,-113,-114,-115,-116,-117,-118,-119,-120,-121,-122,-123,-124,-125,-126,-127,-128,-129,-130,-131,-132,-133,-134,5],[2,3,4,5,6,7,8,9,10,11,12,13,14,15,16,17,18,19,20,21,22,23,24,25,26,27,28,29,30,31,32,33,34,35,36,37,38,39,40,41,42,43,44,45,46,47,48,49,50,51,52,53,54,55,56,57,58,59,60,61,62,63,64,65,66,67,68,69,70,71,72,73,74,75,76,77,78,79,80,81,82,83,84,85,86,87,88,89,90,91,92,93,94,95,96,97,98,99,100,101,102,103,104,105,106,107,108,109,110,111,112,113,114,115,116,117,118,119,120,121,122,123,124,125,126,127,128,129,130,131,132,133,134,135,136]]]]
