[1,["2179fd3d-71d7-4f24-a782-3c47a131f8a8@f9941","3dcd3116-8917-487d-bdaf-41674bb1f1b6@f9941","77d0cd8a-b396-40d5-b8a2-2a883c2b6ed3@f9941","f5f481dc-d359-494a-b2c1-234538837096","cef692b0-85b8-41b1-b8a2-f2775d7f92c7@6c48a","cef692b0-85b8-41b1-b8a2-f2775d7f92c7@f9941"],["node","_spriteFrame","root","xComboLabel","cool","perfect","good","data","_font","_textureSource","spriteFrame"],[["cc.Node",["_name","_layer","_components","_prefab","_lpos","_children","_parent"],1,9,4,5,2,1],["cc.UITransform",["node","__prefab","_contentSize"],3,1,4,5],"cc.SpriteFrame",["cc.Prefab",["_name"],2],["cc.Node",["_name","_layer","_parent","_components","_prefab","_lpos","_lrot","_euler"],1,1,12,4,5,5,5],["cc.CompPrefabInfo",["fileId"],2],["cc.Widget",["_alignFlags","_top","_isAbsTop","node","__prefab"],0,1,4],["e36b7n5B5ZLdpKAc4glyYxU",["node","__prefab","good","perfect","cool","xComboLabel"],3,1,4,1,1,1,1],["cc.PrefabInfo",["fileId","root","asset"],2,1,1],["cc.Sprite",["_sizeMode","_isTrimmedMode","node","__prefab","_spriteFrame"],1,1,4,6],["cc.Label",["_string","_actualFontSize","_fontSize","_lineHeight","_isSystemFontUsed","_isBold","node","__prefab","_color"],-3,1,4,5],["cc.BitmapFont",["_name","fontSize","fntConfig"],0]],[[5,0,2],[8,0,1,2,2],[1,0,1,2,1],[9,0,1,2,3,4,3],[0,0,1,6,2,3,4,3],[3,0,2],[0,0,5,2,3,4,2],[0,0,1,6,5,2,3,4,3],[4,0,1,2,3,4,5,6,7,3],[1,0,1,1],[6,0,1,2,3,4,4],[7,0,1,2,3,4,5,1],[10,0,1,2,3,4,5,6,7,8,7],[11,0,1,2,4]],[[[[5,"ScoreEffect"],[6,"ScoreEffect",[-9,-10,-11],[[9,-2,[0,"61Rq9/qLxO/LMxEpZuJer4"]],[10,1,0.28754064039408866,false,-3,[0,"6ctIDp7KhLAY9b++rpUZ6b"]],[11,-8,[0,"45sanmhXJHyKnirLTGHwQX"],-7,-6,-5,-4]],[1,"0fyueUpNVJjYr64TKruXjk",-1,0],[1,0,295.034,0]],[7,"Perfect",33554432,1,[-14],[[2,-12,[0,"b5O5KuSH5Fr7C3Paybk3J0"],[5,406,250]],[3,2,false,-13,[0,"2biLFoJLpBEIJg01q3s0fG"],0]],[1,"9dnirNv/pL3KGXfygEteDY",1,0],[1,0,-117.998,0]],[4,"Good",33554432,1,[[2,-15,[0,"62kzpcbApE6JHOSq6Gc3HX"],[5,406,250]],[3,2,false,-16,[0,"000DCuo31H9rwBkvwbmsYs"],1]],[1,"74yrKExKNNr63coj3sKwM9",1,0],[1,0,-117.998,0]],[4,"Cool",33554432,1,[[2,-17,[0,"fdhX/PNM5NkLVNDBVvne+V"],[5,406,250]],[3,2,false,-18,[0,"25F97Zi/xBdL1JgNM8oFwK"],2]],[1,"23/uKlzSxP/aVZ3V1iDQuP",1,0],[1,0,-117.998,0]],[8,"xCombo",33554432,2,[[[2,-19,[0,"f0IlTTgVlES7pjP1y4Mgyx"],[5,80.63,70]],-20],4,1],[1,"3cnbZ6dXxPx4gixqJOidTx",1,0],[1,138.838,-63.754,0],[3,0,0,-0.08715574274765818,0.9961946980917455],[1,0,0,-10.000000000000002]],[12,"×2",60,60,70,false,true,5,[0,"cb50/47y9DJqvaV0KKT7vi"],[4,4286395121]]],0,[0,2,1,0,0,1,0,0,1,0,3,6,0,4,4,0,5,2,0,6,3,0,0,1,0,-1,2,0,-2,3,0,-3,4,0,0,2,0,0,2,0,-1,5,0,0,3,0,0,3,0,0,4,0,0,4,0,0,5,0,-2,6,0,7,1,20],[0,0,0,6],[1,1,1,8],[0,1,2,3]],[[{"name":"number_normal","rect":{"x":1,"y":1,"width":243,"height":195},"offset":{"x":-5.5,"y":29.5},"originalSize":{"width":256,"height":256},"rotated":false,"capInsets":[0,0,0,0],"packable":true}],[2],0,[0],[9],[4]],[[[13,"number_normal",64,{"commonHeight":78,"fontSize":64,"atlasName":"number_normal.png","fontDefDictionary":{"0":{"xOffset":5,"yOffset":12,"xAdvance":64,"rect":{"x":25,"y":143,"width":54,"height":54}},"10":{"xOffset":-1,"yOffset":0,"xAdvance":0,"rect":{"x":0,"y":0,"width":0,"height":0}},"32":{"xOffset":-1,"yOffset":0,"xAdvance":14,"rect":{"x":0,"y":0,"width":0,"height":0}},"37":{"xOffset":1,"yOffset":14,"xAdvance":66,"rect":{"x":152,"y":51,"width":64,"height":49}},"42":{"xOffset":2,"yOffset":14,"xAdvance":46,"rect":{"x":82,"y":100,"width":42,"height":41}},"43":{"xOffset":3,"yOffset":18,"xAdvance":47,"rect":{"x":41,"y":100,"width":41,"height":41}},"45":{"xOffset":1,"yOffset":31,"xAdvance":27,"rect":{"x":0,"y":143,"width":25,"height":16}},"48":{"xOffset":2,"yOffset":13,"xAdvance":47,"rect":{"x":42,"y":0,"width":42,"height":51}},"49":{"xOffset":2,"yOffset":14,"xAdvance":38,"rect":{"x":165,"y":0,"width":35,"height":49}},"50":{"xOffset":1,"yOffset":14,"xAdvance":41,"rect":{"x":200,"y":0,"width":38,"height":49}},"51":{"xOffset":2,"yOffset":14,"xAdvance":41,"rect":{"x":0,"y":51,"width":38,"height":49}},"52":{"xOffset":3,"yOffset":14,"xAdvance":45,"rect":{"x":38,"y":51,"width":39,"height":49}},"53":{"xOffset":2,"yOffset":14,"xAdvance":41,"rect":{"x":77,"y":51,"width":38,"height":49}},"54":{"xOffset":2,"yOffset":14,"xAdvance":44,"rect":{"x":84,"y":0,"width":41,"height":50}},"55":{"xOffset":1,"yOffset":14,"xAdvance":40,"rect":{"x":115,"y":51,"width":37,"height":49}},"56":{"xOffset":2,"yOffset":13,"xAdvance":46,"rect":{"x":0,"y":0,"width":42,"height":51}},"57":{"xOffset":2,"yOffset":13,"xAdvance":44,"rect":{"x":125,"y":0,"width":40,"height":50}},"58":{"xOffset":2,"yOffset":19,"xAdvance":25,"rect":{"x":216,"y":51,"width":21,"height":44}},"61":{"xOffset":3,"yOffset":22,"xAdvance":47,"rect":{"x":163,"y":100,"width":41,"height":34}},"126":{"xOffset":3,"yOffset":29,"xAdvance":47,"rect":{"x":204,"y":100,"width":41,"height":17}},"215":{"xOffset":4,"yOffset":20,"xAdvance":47,"rect":{"x":124,"y":100,"width":39,"height":38}},"247":{"xOffset":3,"yOffset":17,"xAdvance":47,"rect":{"x":0,"y":100,"width":41,"height":43}}},"kerningDict":{"2818097":-1,"2818099":-1,"2818103":-1,"2818104":-1,"2949169":-1,"2949171":-1,"2949175":-1,"3211301":-4,"3211306":-1,"3211307":-1,"3211309":-3,"3211316":-2,"3211325":-1,"3211479":-1,"3211511":-1,"3342373":-2,"3342388":-1,"3342391":-1,"3473463":-1,"3538981":-2,"3538996":-1,"3538999":-1,"3670053":-2,"3670059":-1,"3670067":-1,"3670068":-1,"3670071":-1,"3670077":-1,"3670231":-1,"3670263":-1,"3997745":-1,"3997747":-1,"3997751":-1,"3997752":-1,"14090289":-1,"14090291":-1,"14090295":-1,"14090296":-1,"16187441":-1,"16187443":-1,"16187447":-1,"16187448":-1}}]],0,0,[0],[10],[5]]]]
