[1,["6a7feffe-f853-4a10-a5a8-06492d54ab17@6c48a","6f1d8442-7218-4a78-9ec0-c9d1eb218704@6c48a","732f89e6-a961-4787-9f8f-ddb4b391f37e@6c48a","89ded3eb-3991-48a4-8045-8e3f44e7dbb5@6c48a","c2eea998-84d8-4392-ba84-844d32a13ba7@6c48a"],["_textureSource"],["cc.SpriteFrame"],0,[[[{"name":"fightBox2c","rect":{"x":0,"y":0,"width":75,"height":31},"offset":{"x":0,"y":0},"originalSize":{"width":75,"height":31},"rotated":false,"capInsets":[0,0,0,0],"packable":true}],[0],0,[0],[0],[0]],[[{"name":"fightBox2a","rect":{"x":0,"y":0,"width":75,"height":31},"offset":{"x":0,"y":0},"originalSize":{"width":75,"height":31},"rotated":false,"capInsets":[0,0,0,0],"packable":true}],[0],0,[0],[0],[1]],[[{"name":"fightBox3a","rect":{"x":0,"y":0,"width":97,"height":66},"offset":{"x":0,"y":0},"originalSize":{"width":97,"height":66},"rotated":false,"capInsets":[0,0,0,0],"packable":true}],[0],0,[0],[0],[2]],[[{"name":"fightBox2b","rect":{"x":0,"y":0,"width":75,"height":31},"offset":{"x":0,"y":0},"originalSize":{"width":75,"height":31},"rotated":false,"capInsets":[0,0,0,0],"packable":true}],[0],0,[0],[0],[3]],[[{"name":"fightBox3b","rect":{"x":0,"y":0,"width":97,"height":66},"offset":{"x":0,"y":0},"originalSize":{"width":97,"height":66},"rotated":false,"capInsets":[0,0,0,0],"packable":true}],[0],0,[0],[0],[4]]]]
