[1,["14264a5c5@6c48a"],["_textureSource"],["cc.SpriteFrame"],0,[[[{"name":"grass4","rect":{"x":996,"y":306,"width":26,"height":21},"offset":{"x":-1,"y":-0.5},"originalSize":{"width":30,"height":30},"rotated":true,"capInsets":[0,0,0,0],"packable":true}],[0],0,[0],[0],[0]],[[{"name":"lvl3B","rect":{"x":549,"y":517,"width":36,"height":35},"offset":{"x":0,"y":0},"originalSize":{"width":36,"height":35},"rotated":false,"capInsets":[0,0,0,0],"packable":true}],[0],0,[0],[0],[0]],[[{"name":"sheep-3-w-push-003","rect":{"x":799,"y":645,"width":56,"height":54},"offset":{"x":0,"y":0.5},"originalSize":{"width":56,"height":59},"rotated":false,"capInsets":[0,0,0,0],"packable":true}],[0],0,[0],[0],[0]],[[{"name":"sheep-1-b-walk-000","rect":{"x":549,"y":3,"width":37,"height":42},"offset":{"x":0,"y":0},"originalSize":{"width":37,"height":42},"rotated":false,"capInsets":[0,0,0,0],"packable":true}],[0],0,[0],[0],[0]],[[{"name":"sheep-1-b-walk-001","rect":{"x":549,"y":51,"width":37,"height":41},"offset":{"x":0,"y":-0.5},"originalSize":{"width":37,"height":42},"rotated":false,"capInsets":[0,0,0,0],"packable":true}],[0],0,[0],[0],[0]],[[{"name":"no","rect":{"x":901,"y":911,"width":95,"height":103},"offset":{"x":0,"y":0},"originalSize":{"width":95,"height":103},"rotated":false,"capInsets":[0,0,0,0],"packable":true}],[0],0,[0],[0],[0]],[[{"name":"help-button","rect":{"x":102,"y":969,"width":51,"height":56},"offset":{"x":0,"y":0},"originalSize":{"width":51,"height":56},"rotated":true,"capInsets":[0,0,0,0],"packable":true}],[0],0,[0],[0],[0]],[[{"name":"weight-bar","rect":{"x":996,"y":547,"width":80,"height":17},"offset":{"x":0,"y":0},"originalSize":{"width":80,"height":17},"rotated":true,"capInsets":[0,0,0,0],"packable":true}],[0],0,[0],[0],[0]],[[{"name":"lvl2B","rect":{"x":549,"y":685,"width":36,"height":32},"offset":{"x":0,"y":0},"originalSize":{"width":36,"height":32},"rotated":false,"capInsets":[0,0,0,0],"packable":true}],[0],0,[0],[0],[0]],[[{"name":"end-panel","rect":{"x":592,"y":645,"width":374,"height":201},"offset":{"x":1,"y":-1},"originalSize":{"width":376,"height":203},"rotated":true,"capInsets":[0,0,0,0],"packable":true}],[0],0,[0],[0],[0]],[[{"name":"sheep-2-b-walk-002","rect":{"x":430,"y":969,"width":50,"height":48},"offset":{"x":0,"y":0},"originalSize":{"width":50,"height":50},"rotated":true,"capInsets":[0,0,0,0],"packable":true}],[0],0,[0],[0],[0]],[[{"name":"sheep-2-b-walk-000","rect":{"x":319,"y":969,"width":50,"height":50},"offset":{"x":0,"y":0},"originalSize":{"width":50,"height":50},"rotated":false,"capInsets":[0,0,0,0],"packable":true}],[0],0,[0],[0],[0]],[[{"name":"hp-frame","rect":{"x":549,"y":598,"width":439,"height":41},"offset":{"x":0,"y":0},"originalSize":{"width":439,"height":41},"rotated":false,"capInsets":[0,0,0,0],"packable":true}],[0],0,[0],[0],[0]],[[{"name":"blue-name-tag","rect":{"x":996,"y":338,"width":81,"height":18},"offset":{"x":0,"y":0},"originalSize":{"width":81,"height":18},"rotated":true,"capInsets":[0,0,0,0],"packable":true}],[0],0,[0],[0],[0]],[[{"name":"sheep-2-b-walk-001","rect":{"x":484,"y":969,"width":50,"height":48},"offset":{"x":0,"y":0},"originalSize":{"width":50,"height":50},"rotated":true,"capInsets":[0,0,0,0],"packable":true}],[0],0,[0],[0],[0]],[[{"name":"lvl2W","rect":{"x":549,"y":885,"width":35,"height":31},"offset":{"x":0,"y":0},"originalSize":{"width":35,"height":31},"rotated":false,"capInsets":[0,0,0,0],"packable":true}],[0],0,[0],[0],[0]],[[{"name":"tile003","rect":{"x":549,"y":306,"width":36,"height":66},"offset":{"x":0,"y":0},"originalSize":{"width":66,"height":66},"rotated":false,"capInsets":[0,0,0,0],"packable":true}],[0],0,[0],[0],[0]],[[{"name":"lvl5B","rect":{"x":549,"y":558,"width":36,"height":34},"offset":{"x":0,"y":0},"originalSize":{"width":36,"height":34},"rotated":false,"capInsets":[0,0,0,0],"packable":true}],[0],0,[0],[0],[0]],[[{"name":"sheep-1-b-walk-002","rect":{"x":549,"y":98,"width":37,"height":41},"offset":{"x":0,"y":-0.5},"originalSize":{"width":37,"height":42},"rotated":false,"capInsets":[0,0,0,0],"packable":true}],[0],0,[0],[0],[0]],[[{"name":"right-arrow","rect":{"x":996,"y":224,"width":21,"height":35},"offset":{"x":0,"y":0},"originalSize":{"width":21,"height":35},"rotated":false,"capInsets":[0,0,0,0],"packable":true}],[0],0,[0],[0],[0]],[[{"name":"sheep-3-b-push-003","rect":{"x":3,"y":969,"width":56,"height":52},"offset":{"x":0,"y":0.5},"originalSize":{"width":56,"height":57},"rotated":false,"capInsets":[0,0,0,0],"packable":true}],[0],0,[0],[0],[0]],[[{"name":"bg","rect":{"x":3,"y":3,"width":540,"height":960},"offset":{"x":0,"y":0},"originalSize":{"width":540,"height":960},"rotated":false,"capInsets":[0,0,0,0],"packable":true}],[0],0,[0],[0],[0]],[[{"name":"lvl4B","rect":{"x":549,"y":723,"width":35,"height":38},"offset":{"x":0,"y":0},"originalSize":{"width":35,"height":38},"rotated":false,"capInsets":[0,0,0,0],"packable":true}],[0],0,[0],[0],[0]],[[{"name":"sheep-1-w-push-003","rect":{"x":549,"y":186,"width":34,"height":37},"offset":{"x":0,"y":0.5},"originalSize":{"width":34,"height":42},"rotated":true,"capInsets":[0,0,0,0],"packable":true}],[0],0,[0],[0],[0]],[[{"name":"lvl3W","rect":{"x":549,"y":767,"width":35,"height":34},"offset":{"x":0,"y":0},"originalSize":{"width":35,"height":34},"rotated":false,"capInsets":[0,0,0,0],"packable":true}],[0],0,[0],[0],[0]],[[{"name":"lvl5W","rect":{"x":549,"y":847,"width":35,"height":32},"offset":{"x":0,"y":0},"originalSize":{"width":35,"height":32},"rotated":false,"capInsets":[0,0,0,0],"packable":true}],[0],0,[0],[0],[0]],[[{"name":"title","rect":{"x":592,"y":3,"width":410,"height":179},"offset":{"x":0,"y":0},"originalSize":{"width":410,"height":179},"rotated":false,"capInsets":[0,0,0,0],"packable":true}],[0],0,[0],[0],[0]],[[{"name":"sheep-1-b-walk-005","rect":{"x":549,"y":378,"width":36,"height":41},"offset":{"x":0.5,"y":-0.5},"originalSize":{"width":37,"height":42},"rotated":false,"capInsets":[0,0,0,0],"packable":true}],[0],0,[0],[0],[0]],[[{"name":"singleColor","rect":{"x":1008,"y":3,"width":2,"height":2},"offset":{"x":0,"y":0},"originalSize":{"width":2,"height":2},"rotated":false,"capInsets":[0,0,0,0],"packable":true}],[0],0,[0],[0],[0]],[[{"name":"red-name-tag","rect":{"x":996,"y":425,"width":80,"height":18},"offset":{"x":0,"y":0},"originalSize":{"width":80,"height":18},"rotated":true,"capInsets":[0,0,0,0],"packable":true}],[0],0,[0],[0],[0]],[[{"name":"lvl4W","rect":{"x":549,"y":145,"width":35,"height":37},"offset":{"x":0,"y":0},"originalSize":{"width":35,"height":37},"rotated":true,"capInsets":[0,0,0,0],"packable":true}],[0],0,[0],[0],[0]],[[{"name":"sheep-1-b-walk-003","rect":{"x":549,"y":472,"width":36,"height":39},"offset":{"x":-0.5,"y":-0.5},"originalSize":{"width":37,"height":42},"rotated":false,"capInsets":[0,0,0,0],"packable":true}],[0],0,[0],[0],[0]],[[{"name":"sheep-2-b-walk-004","rect":{"x":538,"y":969,"width":50,"height":48},"offset":{"x":0,"y":0},"originalSize":{"width":50,"height":50},"rotated":true,"capInsets":[0,0,0,0],"packable":true}],[0],0,[0],[0],[0]],[[{"name":"circle","rect":{"x":799,"y":705,"width":200,"height":200},"offset":{"x":0,"y":0},"originalSize":{"width":200,"height":200},"rotated":false,"capInsets":[0,0,0,0],"packable":true}],[0],0,[0],[0],[0]],[[{"name":"sheep-3-b-walk-001","rect":{"x":927,"y":645,"width":53,"height":58},"offset":{"x":0,"y":0},"originalSize":{"width":53,"height":60},"rotated":true,"capInsets":[0,0,0,0],"packable":true}],[0],0,[0],[0],[0]],[[{"name":"sheep-6-spawn000","rect":{"x":65,"y":969,"width":52,"height":31},"offset":{"x":-0.5,"y":-6.5},"originalSize":{"width":93,"height":70},"rotated":true,"capInsets":[0,0,0,0],"packable":true}],[0],0,[0],[0],[0]],[[{"name":"sheep-1-b-push-003","rect":{"x":549,"y":645,"width":34,"height":36},"offset":{"x":0,"y":0},"originalSize":{"width":34,"height":42},"rotated":true,"capInsets":[0,0,0,0],"packable":true}],[0],0,[0],[0],[0]],[[{"name":"sheep-1-w-walk-003","rect":{"x":549,"y":807,"width":34,"height":35},"offset":{"x":0,"y":0.5},"originalSize":{"width":34,"height":42},"rotated":true,"capInsets":[0,0,0,0],"packable":true}],[0],0,[0],[0],[0]],[[{"name":"left-arrow","rect":{"x":996,"y":265,"width":21,"height":35},"offset":{"x":0,"y":0},"originalSize":{"width":21,"height":35},"rotated":false,"capInsets":[0,0,0,0],"packable":true}],[0],0,[0],[0],[0]],[[{"name":"sheep-1-w-push-005","rect":{"x":549,"y":922,"width":34,"height":41},"offset":{"x":0,"y":0.5},"originalSize":{"width":34,"height":42},"rotated":false,"capInsets":[0,0,0,0],"packable":true}],[0],0,[0],[0],[0]],[[{"name":"tile004","rect":{"x":994,"y":633,"width":26,"height":66},"offset":{"x":0,"y":0},"originalSize":{"width":66,"height":66},"rotated":false,"capInsets":[0,0,0,0],"packable":true}],[0],0,[0],[0],[0]],[[{"name":"sheep-1-w-walk-004","rect":{"x":549,"y":226,"width":34,"height":37},"offset":{"x":0,"y":0.5},"originalSize":{"width":34,"height":42},"rotated":true,"capInsets":[0,0,0,0],"packable":true}],[0],0,[0],[0],[0]],[[{"name":"grass","rect":{"x":996,"y":511,"width":30,"height":18},"offset":{"x":0,"y":0},"originalSize":{"width":30,"height":30},"rotated":true,"capInsets":[0,0,0,0],"packable":true}],[0],0,[0],[0],[0]],[[{"name":"cells","rect":{"x":164,"y":969,"width":50,"height":51},"offset":{"x":0,"y":0},"originalSize":{"width":50,"height":51},"rotated":false,"capInsets":[10,10,10,10],"packable":true}],[0],0,[0],[0],[0]],[[{"name":"sheep-1-b-walk-004","rect":{"x":549,"y":425,"width":36,"height":41},"offset":{"x":0.5,"y":-0.5},"originalSize":{"width":37,"height":42},"rotated":false,"capInsets":[0,0,0,0],"packable":true}],[0],0,[0],[0],[0]],[[{"name":"ray","rect":{"x":592,"y":188,"width":398,"height":397},"offset":{"x":0,"y":0},"originalSize":{"width":398,"height":397},"rotated":false,"capInsets":[0,0,0,0],"packable":true}],[0],0,[0],[0],[0]],[[{"name":"sheep-6-spawn003","rect":{"x":220,"y":969,"width":93,"height":50},"offset":{"x":0,"y":-7},"originalSize":{"width":93,"height":70},"rotated":false,"capInsets":[0,0,0,0],"packable":true}],[0],0,[0],[0],[0]],[[{"name":"grass1","rect":{"x":996,"y":188,"width":25,"height":30},"offset":{"x":-2.5,"y":0},"originalSize":{"width":30,"height":30},"rotated":false,"capInsets":[0,0,0,0],"packable":true}],[0],0,[0],[0],[0]],[[{"name":"back-button","rect":{"x":799,"y":911,"width":96,"height":103},"offset":{"x":0,"y":0},"originalSize":{"width":96,"height":103},"rotated":false,"capInsets":[0,0,0,0],"packable":true}],[0],0,[0],[0],[0]],[[{"name":"sheep-3-b-walk-000","rect":{"x":861,"y":645,"width":53,"height":60},"offset":{"x":0,"y":0},"originalSize":{"width":53,"height":60},"rotated":true,"capInsets":[0,0,0,0],"packable":true}],[0],0,[0],[0],[0]],[[{"name":"sheep-ready","rect":{"x":375,"y":969,"width":50,"height":49},"offset":{"x":0,"y":0},"originalSize":{"width":50,"height":49},"rotated":true,"capInsets":[0,0,0,0],"packable":true}],[0],0,[0],[0],[0]],[[{"name":"sheep-1-w-walk-002","rect":{"x":549,"y":266,"width":34,"height":37},"offset":{"x":0,"y":0.5},"originalSize":{"width":34,"height":42},"rotated":true,"capInsets":[0,0,0,0],"packable":true}],[0],0,[0],[0],[0]]]]
