[1,["1eDZmD+LRNF7kjmVBw3lev","4aesRLNy5L8ZAIY9z3x3AU@49b2d","4aesRLNy5L8ZAIY9z3x3AU@57ca2","4aesRLNy5L8ZAIY9z3x3AU@be2d2","4aesRLNy5L8ZAIY9z3x3AU@b5f47","4aesRLNy5L8ZAIY9z3x3AU@81f09","4aesRLNy5L8ZAIY9z3x3AU@830d2","4aesRLNy5L8ZAIY9z3x3AU@11b52","4aesRLNy5L8ZAIY9z3x3AU@a0c9a","4aesRLNy5L8ZAIY9z3x3AU@ce7ba","4aesRLNy5L8ZAIY9z3x3AU@0cbbb","4aesRLNy5L8ZAIY9z3x3AU@9c3ec","4aesRLNy5L8ZAIY9z3x3AU@0ae73","4aesRLNy5L8ZAIY9z3x3AU@2a8ff","4aesRLNy5L8ZAIY9z3x3AU@4f776","4aesRLNy5L8ZAIY9z3x3AU@3e74b","4aesRLNy5L8ZAIY9z3x3AU@dcc2a","4aesRLNy5L8ZAIY9z3x3AU@b8348","4aesRLNy5L8ZAIY9z3x3AU@593db","4aesRLNy5L8ZAIY9z3x3AU@8fc7a","4aesRLNy5L8ZAIY9z3x3AU@dab25","4aesRLNy5L8ZAIY9z3x3AU@9ca6f","4aesRLNy5L8ZAIY9z3x3AU@52653","4aesRLNy5L8ZAIY9z3x3AU@0cde3","4aesRLNy5L8ZAIY9z3x3AU@7b495","4aesRLNy5L8ZAIY9z3x3AU@a3e88","4aesRLNy5L8ZAIY9z3x3AU@ab8a3","4aesRLNy5L8ZAIY9z3x3AU@d34e2","4aesRLNy5L8ZAIY9z3x3AU@41071","4aesRLNy5L8ZAIY9z3x3AU@1fc6c","4aesRLNy5L8ZAIY9z3x3AU@a43f2","4aesRLNy5L8ZAIY9z3x3AU@39f68","4aesRLNy5L8ZAIY9z3x3AU@c22ef","4aesRLNy5L8ZAIY9z3x3AU@0239d","4aesRLNy5L8ZAIY9z3x3AU@8eef7","4aesRLNy5L8ZAIY9z3x3AU@5fd05","4aesRLNy5L8ZAIY9z3x3AU@4465c","4aesRLNy5L8ZAIY9z3x3AU@fd4f9","4aesRLNy5L8ZAIY9z3x3AU@bdf56","4aesRLNy5L8ZAIY9z3x3AU@1044b","4aesRLNy5L8ZAIY9z3x3AU@47b23","4aesRLNy5L8ZAIY9z3x3AU@6e392","4aesRLNy5L8ZAIY9z3x3AU@39873","4aesRLNy5L8ZAIY9z3x3AU@a7167","4aesRLNy5L8ZAIY9z3x3AU@011f0","4aesRLNy5L8ZAIY9z3x3AU@02274","4aesRLNy5L8ZAIY9z3x3AU@1fd08","4aesRLNy5L8ZAIY9z3x3AU@ede78","4aesRLNy5L8ZAIY9z3x3AU@b40f0","4aesRLNy5L8ZAIY9z3x3AU@cacd6","4aesRLNy5L8ZAIY9z3x3AU@95786","4aesRLNy5L8ZAIY9z3x3AU@09326","4aesRLNy5L8ZAIY9z3x3AU@88663","4aesRLNy5L8ZAIY9z3x3AU@ddbb1","4aesRLNy5L8ZAIY9z3x3AU@a0481","4aesRLNy5L8ZAIY9z3x3AU@282a3","4aesRLNy5L8ZAIY9z3x3AU@365ef","4aesRLNy5L8ZAIY9z3x3AU@486d2","4aesRLNy5L8ZAIY9z3x3AU@e3bb9","4aesRLNy5L8ZAIY9z3x3AU@d3048","4aesRLNy5L8ZAIY9z3x3AU@ffb53","4aesRLNy5L8ZAIY9z3x3AU@21ceb","4aesRLNy5L8ZAIY9z3x3AU@37035","4aesRLNy5L8ZAIY9z3x3AU@5e61e","4aesRLNy5L8ZAIY9z3x3AU@d0a7b","4aesRLNy5L8ZAIY9z3x3AU@e9917","4aesRLNy5L8ZAIY9z3x3AU@95951","4aesRLNy5L8ZAIY9z3x3AU@76652","4aesRLNy5L8ZAIY9z3x3AU@d5c10","4aesRLNy5L8ZAIY9z3x3AU@a1119","4aesRLNy5L8ZAIY9z3x3AU@b64b1","4aesRLNy5L8ZAIY9z3x3AU@6772d","4aesRLNy5L8ZAIY9z3x3AU@a9735","4aesRLNy5L8ZAIY9z3x3AU@30545","4aesRLNy5L8ZAIY9z3x3AU@805f1","4aesRLNy5L8ZAIY9z3x3AU@b382d","4aesRLNy5L8ZAIY9z3x3AU@6110f","4aesRLNy5L8ZAIY9z3x3AU@ab17a","4aesRLNy5L8ZAIY9z3x3AU@85fbd","4aesRLNy5L8ZAIY9z3x3AU@859f6","4aesRLNy5L8ZAIY9z3x3AU@8dc3a","4aesRLNy5L8ZAIY9z3x3AU@67c3e"],["node","_mesh","root","data"],[["cc.Node",["_name","_active","_prefab","_parent","_components","_lpos","_lrot","_lscale","_euler","_children"],1,4,1,9,5,5,5,5,2],["cc.Mesh",["_native","_hash","_struct"],1,11],["cc.Prefab",["_name"],2],["cc.PrefabInfo",["fileId","root","asset"],2,1,1],["cc.MeshRenderer",["node","__prefab","_materials","lightmapSettings","_mesh"],3,1,4,3,4,6],["cc.CompPrefabInfo",["fileId"],2],["cc.ModelLightmapSettings",[],3],["cc.MeshCollider",["_convex","node","__prefab","_mesh"],2,1,4,6],["cc.RigidBody",["_group","node","__prefab"],2,1,4]],[[5,0,2],[3,0,1,2,2],[1,0,1,2,3],[4,0,1,2,3,4,1],[6,1],[7,0,1,2,3,2],[8,0,1,2,2],[0,0,1,3,4,2,5,6,7,8,3],[0,0,3,4,2,5,6,7,8,2],[2,0,2],[0,0,9,2,2]],[[[[2,".bin",816124930,[{"primitives":[{"primitiveMode":7,"vertexBundelIndices":[0],"indexView":{"offset":2688,"length":360,"count":90,"stride":4}}],"vertexBundles":[{"view":{"offset":0,"length":2688,"count":56,"stride":48},"attributes":[{"name":"a_position","format":32,"isNormalized":false},{"name":"a_normal","format":32,"isNormalized":false},{"name":"a_texCoord","format":21,"isNormalized":false},{"name":"a_tangent","format":44,"isNormalized":false}]}]},"minPosition",8,[1,-0.0006772630731575191,-0.0008253644919022918,-0.000541639281436801],"maxPosition",8,[1,0.0005352508742362261,0.0007915759342722595,0.0009291344322264194]]],-1],0,0,[],[],[]],[[[2,".bin",1227485416,[{"primitives":[{"primitiveMode":7,"vertexBundelIndices":[0],"indexView":{"offset":1344,"length":144,"count":36,"stride":4}}],"vertexBundles":[{"view":{"offset":0,"length":1344,"count":28,"stride":48},"attributes":[{"name":"a_position","format":32,"isNormalized":false},{"name":"a_normal","format":32,"isNormalized":false},{"name":"a_texCoord","format":21,"isNormalized":false},{"name":"a_tangent","format":44,"isNormalized":false}]}]},"minPosition",8,[1,-0.00041243911255151033,-0.00035069280420430005,-0.0005586004117503762],"maxPosition",8,[1,0.0004701203142758459,0.00023364780645351857,0.0005442911060526967]]],-1],0,0,[],[],[]],[[[2,".bin",1615061541,[{"primitives":[{"primitiveMode":7,"vertexBundelIndices":[0],"indexView":{"offset":1920,"length":240,"count":60,"stride":4}}],"vertexBundles":[{"view":{"offset":0,"length":1920,"count":40,"stride":48},"attributes":[{"name":"a_position","format":32,"isNormalized":false},{"name":"a_normal","format":32,"isNormalized":false},{"name":"a_texCoord","format":21,"isNormalized":false},{"name":"a_tangent","format":44,"isNormalized":false}]}]},"minPosition",8,[1,-0.0002915745135396719,-0.00047053751768544316,-0.0008274990250356495],"maxPosition",8,[1,0.0007616621442139149,0.00046781060518696904,0.0006776099908165634]]],-1],0,0,[],[],[]],[[[2,".bin",595685578,[{"primitives":[{"primitiveMode":7,"vertexBundelIndices":[0],"indexView":{"offset":3456,"length":432,"count":108,"stride":4}}],"vertexBundles":[{"view":{"offset":0,"length":3456,"count":72,"stride":48},"attributes":[{"name":"a_position","format":32,"isNormalized":false},{"name":"a_normal","format":32,"isNormalized":false},{"name":"a_texCoord","format":21,"isNormalized":false},{"name":"a_tangent","format":44,"isNormalized":false}]}]},"minPosition",8,[1,-0.0005354945897124708,-0.0005231010145507753,-0.0006492137326858938],"maxPosition",8,[1,0.0009153818828053772,0.0008202128810808063,0.0006558673921972513]]],-1],0,0,[],[],[]],[[[2,".bin",3584126203,[{"primitives":[{"primitiveMode":7,"vertexBundelIndices":[0],"indexView":{"offset":4032,"length":504,"count":126,"stride":4}}],"vertexBundles":[{"view":{"offset":0,"length":4032,"count":84,"stride":48},"attributes":[{"name":"a_position","format":32,"isNormalized":false},{"name":"a_normal","format":32,"isNormalized":false},{"name":"a_texCoord","format":21,"isNormalized":false},{"name":"a_tangent","format":44,"isNormalized":false}]}]},"minPosition",8,[1,-0.0006109516834840178,-0.0007961004157550633,-0.0008114898228086531],"maxPosition",8,[1,0.000440696399891749,0.0009914690162986517,0.0012508949730545282]]],-1],0,0,[],[],[]],[[[2,".bin",3239568537,[{"primitives":[{"primitiveMode":7,"vertexBundelIndices":[0],"indexView":{"offset":1344,"length":168,"count":42,"stride":4}}],"vertexBundles":[{"view":{"offset":0,"length":1344,"count":28,"stride":48},"attributes":[{"name":"a_position","format":32,"isNormalized":false},{"name":"a_normal","format":32,"isNormalized":false},{"name":"a_texCoord","format":21,"isNormalized":false},{"name":"a_tangent","format":44,"isNormalized":false}]}]},"minPosition",8,[1,-0.00042919389670714736,-0.0004871391865890473,-0.0006915301200933754],"maxPosition",8,[1,0.00037222501123324037,0.0006698291981592774,0.0006660257931798697]]],-1],0,0,[],[],[]],[[[2,".bin",2432781657,[{"primitives":[{"primitiveMode":7,"vertexBundelIndices":[0],"indexView":{"offset":3264,"length":432,"count":108,"stride":4}}],"vertexBundles":[{"view":{"offset":0,"length":3264,"count":68,"stride":48},"attributes":[{"name":"a_position","format":32,"isNormalized":false},{"name":"a_normal","format":32,"isNormalized":false},{"name":"a_texCoord","format":21,"isNormalized":false},{"name":"a_tangent","format":44,"isNormalized":false}]}]},"minPosition",8,[1,-0.000426392478402704,-0.0005807941779494286,-0.0009887056658044457],"maxPosition",8,[1,0.0006209193961694837,0.0004205805016681552,0.001333298976533115]]],-1],0,0,[],[],[]],[[[2,".bin",4202451829,[{"primitives":[{"primitiveMode":7,"vertexBundelIndices":[0],"indexView":{"offset":4224,"length":528,"count":132,"stride":4}}],"vertexBundles":[{"view":{"offset":0,"length":4224,"count":88,"stride":48},"attributes":[{"name":"a_position","format":32,"isNormalized":false},{"name":"a_normal","format":32,"isNormalized":false},{"name":"a_texCoord","format":21,"isNormalized":false},{"name":"a_tangent","format":44,"isNormalized":false}]}]},"minPosition",8,[1,-0.00040889729280024767,-0.00038263548049144447,-0.0009054213296622038],"maxPosition",8,[1,0.0005926680169068277,0.0005812466260977089,0.000993050867691636]]],-1],0,0,[],[],[]],[[[2,".bin",4081927984,[{"primitives":[{"primitiveMode":7,"vertexBundelIndices":[0],"indexView":{"offset":3744,"length":480,"count":120,"stride":4}}],"vertexBundles":[{"view":{"offset":0,"length":3744,"count":78,"stride":48},"attributes":[{"name":"a_position","format":32,"isNormalized":false},{"name":"a_normal","format":32,"isNormalized":false},{"name":"a_texCoord","format":21,"isNormalized":false},{"name":"a_tangent","format":44,"isNormalized":false}]}]},"minPosition",8,[1,-0.0005046051228418946,-0.0005410705925896764,-0.0009751980542205274],"maxPosition",8,[1,0.0006736177019774914,0.0006976228323765099,0.0013585479464381933]]],-1],0,0,[],[],[]],[[[2,".bin",2932852684,[{"primitives":[{"primitiveMode":7,"vertexBundelIndices":[0],"indexView":{"offset":2304,"length":312,"count":78,"stride":4}}],"vertexBundles":[{"view":{"offset":0,"length":2304,"count":48,"stride":48},"attributes":[{"name":"a_position","format":32,"isNormalized":false},{"name":"a_normal","format":32,"isNormalized":false},{"name":"a_texCoord","format":21,"isNormalized":false},{"name":"a_tangent","format":44,"isNormalized":false}]}]},"minPosition",8,[1,-0.0006899595027789474,-0.0007925385143607855,-0.0005437551881186664],"maxPosition",8,[1,0.0005249214009381831,0.0008258497109636664,0.0009307723958045244]]],-1],0,0,[],[],[]],[[[2,".bin",1781469899,[{"primitives":[{"primitiveMode":7,"vertexBundelIndices":[0],"indexView":{"offset":3552,"length":456,"count":114,"stride":4}}],"vertexBundles":[{"view":{"offset":0,"length":3552,"count":74,"stride":48},"attributes":[{"name":"a_position","format":32,"isNormalized":false},{"name":"a_normal","format":32,"isNormalized":false},{"name":"a_texCoord","format":21,"isNormalized":false},{"name":"a_tangent","format":44,"isNormalized":false}]}]},"minPosition",8,[1,-0.0005851589958183467,-0.00045620667515322566,-0.000594857323449105],"maxPosition",8,[1,0.0006233417079783976,0.00036653451388701797,0.0006704002153128386]]],-1],0,0,[],[],[]],[[[2,".bin",486327099,[{"primitives":[{"primitiveMode":7,"vertexBundelIndices":[0],"indexView":{"offset":3168,"length":384,"count":96,"stride":4}}],"vertexBundles":[{"view":{"offset":0,"length":3168,"count":66,"stride":48},"attributes":[{"name":"a_position","format":32,"isNormalized":false},{"name":"a_normal","format":32,"isNormalized":false},{"name":"a_texCoord","format":21,"isNormalized":false},{"name":"a_tangent","format":44,"isNormalized":false}]}]},"minPosition",8,[1,-0.000593701028265059,-0.001009272993542254,-0.0010302059818059206],"maxPosition",8,[1,0.00045931327622383833,0.0007728058262728155,0.0010281280847266316]]],-1],0,0,[],[],[]],[[[2,".bin",1557112210,[{"primitives":[{"primitiveMode":7,"vertexBundelIndices":[0],"indexView":{"offset":2880,"length":360,"count":90,"stride":4}}],"vertexBundles":[{"view":{"offset":0,"length":2880,"count":60,"stride":48},"attributes":[{"name":"a_position","format":32,"isNormalized":false},{"name":"a_normal","format":32,"isNormalized":false},{"name":"a_texCoord","format":21,"isNormalized":false},{"name":"a_tangent","format":44,"isNormalized":false}]}]},"minPosition",8,[1,-0.0005476367077790201,-0.000586563313845545,-0.0011080040130764246],"maxPosition",8,[1,0.0006247782148420811,0.0006368851172737777,0.0009957324946299195]]],-1],0,0,[],[],[]],[[[2,".bin",2777711179,[{"primitives":[{"primitiveMode":7,"vertexBundelIndices":[0],"indexView":{"offset":3072,"length":384,"count":96,"stride":4}}],"vertexBundles":[{"view":{"offset":0,"length":3072,"count":64,"stride":48},"attributes":[{"name":"a_position","format":32,"isNormalized":false},{"name":"a_normal","format":32,"isNormalized":false},{"name":"a_texCoord","format":21,"isNormalized":false},{"name":"a_tangent","format":44,"isNormalized":false}]}]},"minPosition",8,[1,-0.00045355368638411164,-0.0005795322940684855,-0.0006327097653411329],"maxPosition",8,[1,0.00046579528134316206,0.0006398575496859848,0.0007142727845348418]]],-1],0,0,[],[],[]],[[[2,".bin",2587733945,[{"primitives":[{"primitiveMode":7,"vertexBundelIndices":[0],"indexView":{"offset":3936,"length":504,"count":126,"stride":4}}],"vertexBundles":[{"view":{"offset":0,"length":3936,"count":82,"stride":48},"attributes":[{"name":"a_position","format":32,"isNormalized":false},{"name":"a_normal","format":32,"isNormalized":false},{"name":"a_texCoord","format":21,"isNormalized":false},{"name":"a_tangent","format":44,"isNormalized":false}]}]},"minPosition",8,[1,-0.0008695762371644378,-0.0007514487951993942,-0.0009293097537010908],"maxPosition",8,[1,0.0008165769977495074,0.0005725693190470338,0.0007352370303124189]]],-1],0,0,[],[],[]],[[[2,".bin",3820798172,[{"primitives":[{"primitiveMode":7,"vertexBundelIndices":[0],"indexView":{"offset":2880,"length":360,"count":90,"stride":4}}],"vertexBundles":[{"view":{"offset":0,"length":2880,"count":60,"stride":48},"attributes":[{"name":"a_position","format":32,"isNormalized":false},{"name":"a_normal","format":32,"isNormalized":false},{"name":"a_texCoord","format":21,"isNormalized":false},{"name":"a_tangent","format":44,"isNormalized":false}]}]},"minPosition",8,[1,-0.00042674478027038276,-0.0006395559757947922,-0.0006401473074220121],"maxPosition",8,[1,0.0004957538330927491,0.0005815022741444409,0.0007103490061126649]]],-1],0,0,[],[],[]],[[[2,".bin",1352998712,[{"primitives":[{"primitiveMode":7,"vertexBundelIndices":[0],"indexView":{"offset":1152,"length":144,"count":36,"stride":4}}],"vertexBundles":[{"view":{"offset":0,"length":1152,"count":24,"stride":48},"attributes":[{"name":"a_position","format":32,"isNormalized":false},{"name":"a_normal","format":32,"isNormalized":false},{"name":"a_texCoord","format":21,"isNormalized":false},{"name":"a_tangent","format":44,"isNormalized":false}]}]},"minPosition",8,[1,-0.0004335503908805549,-0.0005843352992087603,-0.0007168464944697917],"maxPosition",8,[1,0.000595677993260324,0.0006504886550828815,0.0006625484675168991]]],-1],0,0,[],[],[]],[[[2,".bin",1848663464,[{"primitives":[{"primitiveMode":7,"vertexBundelIndices":[0],"indexView":{"offset":3840,"length":480,"count":120,"stride":4}}],"vertexBundles":[{"view":{"offset":0,"length":3840,"count":80,"stride":48},"attributes":[{"name":"a_position","format":32,"isNormalized":false},{"name":"a_normal","format":32,"isNormalized":false},{"name":"a_texCoord","format":21,"isNormalized":false},{"name":"a_tangent","format":44,"isNormalized":false}]}]},"minPosition",8,[1,-0.0008953677606768906,-0.00031735419179312885,-0.0005438125226646662],"maxPosition",8,[1,0.0007281731814146042,0.00045102706644684076,0.001133435987867415]]],-1],0,0,[],[],[]],[[[2,".bin",1185639533,[{"primitives":[{"primitiveMode":7,"vertexBundelIndices":[0],"indexView":{"offset":1632,"length":216,"count":54,"stride":4}}],"vertexBundles":[{"view":{"offset":0,"length":1632,"count":34,"stride":48},"attributes":[{"name":"a_position","format":32,"isNormalized":false},{"name":"a_normal","format":32,"isNormalized":false},{"name":"a_texCoord","format":21,"isNormalized":false},{"name":"a_tangent","format":44,"isNormalized":false}]}]},"minPosition",8,[1,-0.0005241757025942206,-0.0003753732889890671,-0.000543303438462317],"maxPosition",8,[1,0.0006537908338941634,0.000568776682484895,0.0007343292236328125]]],-1],0,0,[],[],[]],[[[2,".bin",2130406971,[{"primitives":[{"primitiveMode":7,"vertexBundelIndices":[0],"indexView":{"offset":3264,"length":432,"count":108,"stride":4}}],"vertexBundles":[{"view":{"offset":0,"length":3264,"count":68,"stride":48},"attributes":[{"name":"a_position","format":32,"isNormalized":false},{"name":"a_normal","format":32,"isNormalized":false},{"name":"a_texCoord","format":21,"isNormalized":false},{"name":"a_tangent","format":44,"isNormalized":false}]}]},"minPosition",8,[1,-0.0006980448379181325,-0.0007738620042800903,-0.0005953102954663336],"maxPosition",8,[1,0.0007691180217079818,0.0007194458739832044,0.0006848543416708708]]],-1],0,0,[],[],[]],[[[2,".bin",391737279,[{"primitives":[{"primitiveMode":7,"vertexBundelIndices":[0],"indexView":{"offset":3552,"length":456,"count":114,"stride":4}}],"vertexBundles":[{"view":{"offset":0,"length":3552,"count":74,"stride":48},"attributes":[{"name":"a_position","format":32,"isNormalized":false},{"name":"a_normal","format":32,"isNormalized":false},{"name":"a_texCoord","format":21,"isNormalized":false},{"name":"a_tangent","format":44,"isNormalized":false}]}]},"minPosition",8,[1,-0.0007828205125406384,-0.0003962880000472069,-0.000794827239587903],"maxPosition",8,[1,0.0008472490590065718,0.00037066222284920514,0.0012653979938477278]]],-1],0,0,[],[],[]],[[[2,".bin",997273275,[{"primitives":[{"primitiveMode":7,"vertexBundelIndices":[0],"indexView":{"offset":2688,"length":360,"count":90,"stride":4}}],"vertexBundles":[{"view":{"offset":0,"length":2688,"count":56,"stride":48},"attributes":[{"name":"a_position","format":32,"isNormalized":false},{"name":"a_normal","format":32,"isNormalized":false},{"name":"a_texCoord","format":21,"isNormalized":false},{"name":"a_tangent","format":44,"isNormalized":false}]}]},"minPosition",8,[1,-0.0005738961044698954,-0.0004938070778734982,-0.0008211404201574624],"maxPosition",8,[1,0.000480344780953601,0.000271569995675236,0.0005569398053921759]]],-1],0,0,[],[],[]],[[[2,".bin",866531458,[{"primitives":[{"primitiveMode":7,"vertexBundelIndices":[0],"indexView":{"offset":1344,"length":168,"count":42,"stride":4}}],"vertexBundles":[{"view":{"offset":0,"length":1344,"count":28,"stride":48},"attributes":[{"name":"a_position","format":32,"isNormalized":false},{"name":"a_normal","format":32,"isNormalized":false},{"name":"a_texCoord","format":21,"isNormalized":false},{"name":"a_tangent","format":44,"isNormalized":false}]}]},"minPosition",8,[1,-0.0004884158843196929,-0.0004684345913119614,-0.0007090269937179983],"maxPosition",8,[1,0.0006234424654394388,0.0004674588853958994,0.0006886058836244047]]],-1],0,0,[],[],[]],[[[2,".bin",3095115213,[{"primitives":[{"primitiveMode":7,"vertexBundelIndices":[0],"indexView":{"offset":1728,"length":216,"count":54,"stride":4}}],"vertexBundles":[{"view":{"offset":0,"length":1728,"count":36,"stride":48},"attributes":[{"name":"a_position","format":32,"isNormalized":false},{"name":"a_normal","format":32,"isNormalized":false},{"name":"a_texCoord","format":21,"isNormalized":false},{"name":"a_tangent","format":44,"isNormalized":false}]}]},"minPosition",8,[1,-0.00040354489465244114,-0.0004060148785356432,-0.0005522376159206033],"maxPosition",8,[1,0.0005037373048253357,0.000559362699277699,0.0006439875578507781]]],-1],0,0,[],[],[]],[[[2,".bin",3894805144,[{"primitives":[{"primitiveMode":7,"vertexBundelIndices":[0],"indexView":{"offset":1920,"length":240,"count":60,"stride":4}}],"vertexBundles":[{"view":{"offset":0,"length":1920,"count":40,"stride":48},"attributes":[{"name":"a_position","format":32,"isNormalized":false},{"name":"a_normal","format":32,"isNormalized":false},{"name":"a_texCoord","format":21,"isNormalized":false},{"name":"a_tangent","format":44,"isNormalized":false}]}]},"minPosition",8,[1,-0.0008876465726643801,-0.0009022890590131283,-0.0007248371257446706],"maxPosition",8,[1,0.0009480869048275054,0.0009005945175886154,0.0012106939684599638]]],-1],0,0,[],[],[]],[[[2,".bin",2172586158,[{"primitives":[{"primitiveMode":7,"vertexBundelIndices":[0],"indexView":{"offset":1344,"length":168,"count":42,"stride":4}}],"vertexBundles":[{"view":{"offset":0,"length":1344,"count":28,"stride":48},"attributes":[{"name":"a_position","format":32,"isNormalized":false},{"name":"a_normal","format":32,"isNormalized":false},{"name":"a_texCoord","format":21,"isNormalized":false},{"name":"a_tangent","format":44,"isNormalized":false}]}]},"minPosition",8,[1,-0.0004140669188927859,-0.0005644315388053656,-0.0005316387978382409],"maxPosition",8,[1,0.0004916064790450037,0.000398875999962911,0.0006630939315073192]]],-1],0,0,[],[],[]],[[[2,".bin",2745596410,[{"primitives":[{"primitiveMode":7,"vertexBundelIndices":[0],"indexView":{"offset":2400,"length":312,"count":78,"stride":4}}],"vertexBundles":[{"view":{"offset":0,"length":2400,"count":50,"stride":48},"attributes":[{"name":"a_position","format":32,"isNormalized":false},{"name":"a_normal","format":32,"isNormalized":false},{"name":"a_texCoord","format":21,"isNormalized":false},{"name":"a_tangent","format":44,"isNormalized":false}]}]},"minPosition",8,[1,-0.0004783219192177057,-0.000662783335428685,-0.0008558862609788775],"maxPosition",8,[1,0.0004622225824277848,0.000568389194086194,0.0005290114204399288]]],-1],0,0,[],[],[]],[[[2,".bin",1957301081,[{"primitives":[{"primitiveMode":7,"vertexBundelIndices":[0],"indexView":{"offset":2208,"length":288,"count":72,"stride":4}}],"vertexBundles":[{"view":{"offset":0,"length":2208,"count":46,"stride":48},"attributes":[{"name":"a_position","format":32,"isNormalized":false},{"name":"a_normal","format":32,"isNormalized":false},{"name":"a_texCoord","format":21,"isNormalized":false},{"name":"a_tangent","format":44,"isNormalized":false}]}]},"minPosition",8,[1,-0.000993955647572875,-0.001244183978997171,-0.0016920779598876834],"maxPosition",8,[1,0.00102399499155581,0.0006590408156625926,0.001870964071713388]]],-1],0,0,[],[],[]],[[[2,".bin",1662692973,[{"primitives":[{"primitiveMode":7,"vertexBundelIndices":[0],"indexView":{"offset":2496,"length":336,"count":84,"stride":4}}],"vertexBundles":[{"view":{"offset":0,"length":2496,"count":52,"stride":48},"attributes":[{"name":"a_position","format":32,"isNormalized":false},{"name":"a_normal","format":32,"isNormalized":false},{"name":"a_texCoord","format":21,"isNormalized":false},{"name":"a_tangent","format":44,"isNormalized":false}]}]},"minPosition",8,[1,-0.0004982363898307085,-0.0003926878853235394,-0.0007706975447945297],"maxPosition",8,[1,0.0004456973110791296,0.0008404289837926626,0.0007400834001600742]]],-1],0,0,[],[],[]],[[[2,".bin",3226886677,[{"primitives":[{"primitiveMode":7,"vertexBundelIndices":[0],"indexView":{"offset":1632,"length":216,"count":54,"stride":4}}],"vertexBundles":[{"view":{"offset":0,"length":1632,"count":34,"stride":48},"attributes":[{"name":"a_position","format":32,"isNormalized":false},{"name":"a_normal","format":32,"isNormalized":false},{"name":"a_texCoord","format":21,"isNormalized":false},{"name":"a_tangent","format":44,"isNormalized":false}]}]},"minPosition",8,[1,-0.00047562000690959394,-0.0008402251987718046,-0.0006525384378619492],"maxPosition",8,[1,0.00047198531683534384,0.00039337630732916296,0.0008891928009688854]]],-1],0,0,[],[],[]],[[[2,".bin",1483117516,[{"primitives":[{"primitiveMode":7,"vertexBundelIndices":[0],"indexView":{"offset":1248,"length":144,"count":36,"stride":4}}],"vertexBundles":[{"view":{"offset":0,"length":1248,"count":26,"stride":48},"attributes":[{"name":"a_position","format":32,"isNormalized":false},{"name":"a_normal","format":32,"isNormalized":false},{"name":"a_texCoord","format":21,"isNormalized":false},{"name":"a_tangent","format":44,"isNormalized":false}]}]},"minPosition",8,[1,-0.0004798256850335747,-0.0005576109397225082,-0.0004048525879625231],"maxPosition",8,[1,0.0003763949207495898,0.0005514305084943771,0.0003524230851326138]]],-1],0,0,[],[],[]],[[[2,".bin",186720861,[{"primitives":[{"primitiveMode":7,"vertexBundelIndices":[0],"indexView":{"offset":1344,"length":168,"count":42,"stride":4}}],"vertexBundles":[{"view":{"offset":0,"length":1344,"count":28,"stride":48},"attributes":[{"name":"a_position","format":32,"isNormalized":false},{"name":"a_normal","format":32,"isNormalized":false},{"name":"a_texCoord","format":21,"isNormalized":false},{"name":"a_tangent","format":44,"isNormalized":false}]}]},"minPosition",8,[1,-0.000649649475235492,-0.0006579046603292227,-0.0006908338982611895],"maxPosition",8,[1,0.000647687935270369,0.000530179706402123,0.0006853485247120261]]],-1],0,0,[],[],[]],[[[2,".bin",3057076953,[{"primitives":[{"primitiveMode":7,"vertexBundelIndices":[0],"indexView":{"offset":2592,"length":336,"count":84,"stride":4}}],"vertexBundles":[{"view":{"offset":0,"length":2592,"count":54,"stride":48},"attributes":[{"name":"a_position","format":32,"isNormalized":false},{"name":"a_normal","format":32,"isNormalized":false},{"name":"a_texCoord","format":21,"isNormalized":false},{"name":"a_tangent","format":44,"isNormalized":false}]}]},"minPosition",8,[1,-0.0006053262040950358,-0.0003458934952504933,-0.0005466287839226425],"maxPosition",8,[1,0.0006892818491905928,0.0006149560213088989,0.0007354622939601541]]],-1],0,0,[],[],[]],[[[2,".bin",802488274,[{"primitives":[{"primitiveMode":7,"vertexBundelIndices":[0],"indexView":{"offset":2304,"length":288,"count":72,"stride":4}}],"vertexBundles":[{"view":{"offset":0,"length":2304,"count":48,"stride":48},"attributes":[{"name":"a_position","format":32,"isNormalized":false},{"name":"a_normal","format":32,"isNormalized":false},{"name":"a_texCoord","format":21,"isNormalized":false},{"name":"a_tangent","format":44,"isNormalized":false}]}]},"minPosition",8,[1,-0.001180334948003292,-0.0011124410666525364,-0.0008475530194118619],"maxPosition",8,[1,0.001294331974349916,0.0013572010211646557,0.001956768101081252]]],-1],0,0,[],[],[]],[[[2,".bin",1479525103,[{"primitives":[{"primitiveMode":7,"vertexBundelIndices":[0],"indexView":{"offset":1152,"length":144,"count":36,"stride":4}}],"vertexBundles":[{"view":{"offset":0,"length":1152,"count":24,"stride":48},"attributes":[{"name":"a_position","format":32,"isNormalized":false},{"name":"a_normal","format":32,"isNormalized":false},{"name":"a_texCoord","format":21,"isNormalized":false},{"name":"a_tangent","format":44,"isNormalized":false}]}]},"minPosition",8,[1,-0.00053973967442289,-0.00028734200168401003,-0.0006108140223659575],"maxPosition",8,[1,0.0005721569177694619,0.00047867000102996826,0.0006703758263029158]]],-1],0,0,[],[],[]],[[[2,".bin",3149693026,[{"primitives":[{"primitiveMode":7,"vertexBundelIndices":[0],"indexView":{"offset":2880,"length":384,"count":96,"stride":4}}],"vertexBundles":[{"view":{"offset":0,"length":2880,"count":60,"stride":48},"attributes":[{"name":"a_position","format":32,"isNormalized":false},{"name":"a_normal","format":32,"isNormalized":false},{"name":"a_texCoord","format":21,"isNormalized":false},{"name":"a_tangent","format":44,"isNormalized":false}]}]},"minPosition",8,[1,-0.0007001554477028549,-0.0006342118140310049,-0.0010999529622495174],"maxPosition",8,[1,0.0005998617270961404,0.0006045943009667099,0.0012313389452174306]]],-1],0,0,[],[],[]],[[[2,".bin",3711101805,[{"primitives":[{"primitiveMode":7,"vertexBundelIndices":[0],"indexView":{"offset":3072,"length":408,"count":102,"stride":4}}],"vertexBundles":[{"view":{"offset":0,"length":3072,"count":64,"stride":48},"attributes":[{"name":"a_position","format":32,"isNormalized":false},{"name":"a_normal","format":32,"isNormalized":false},{"name":"a_texCoord","format":21,"isNormalized":false},{"name":"a_tangent","format":44,"isNormalized":false}]}]},"minPosition",8,[1,-0.0006346029113046825,-0.0006678359932266176,-0.0008086413145065308],"maxPosition",8,[1,0.0004169470048509538,0.0003308796149212867,0.0013111440930515528]]],-1],0,0,[],[],[]],[[[2,".bin",419151851,[{"primitives":[{"primitiveMode":7,"vertexBundelIndices":[0],"indexView":{"offset":1344,"length":168,"count":42,"stride":4}}],"vertexBundles":[{"view":{"offset":0,"length":1344,"count":28,"stride":48},"attributes":[{"name":"a_position","format":32,"isNormalized":false},{"name":"a_normal","format":32,"isNormalized":false},{"name":"a_texCoord","format":21,"isNormalized":false},{"name":"a_tangent","format":44,"isNormalized":false}]}]},"minPosition",8,[1,-0.0004709671775344759,-0.000517317617777735,-0.0005355440662242472],"maxPosition",8,[1,0.000697665789630264,0.00038682459853589535,0.0005568515625782311]]],-1],0,0,[],[],[]],[[[2,".bin",578952621,[{"primitives":[{"primitiveMode":7,"vertexBundelIndices":[0],"indexView":{"offset":2592,"length":336,"count":84,"stride":4}}],"vertexBundles":[{"view":{"offset":0,"length":2592,"count":54,"stride":48},"attributes":[{"name":"a_position","format":32,"isNormalized":false},{"name":"a_normal","format":32,"isNormalized":false},{"name":"a_texCoord","format":21,"isNormalized":false},{"name":"a_tangent","format":44,"isNormalized":false}]}]},"minPosition",8,[1,-0.0011849449947476387,-0.0011140069691464305,-0.0016421281034126878],"maxPosition",8,[1,0.0010433970019221306,0.0009633851004764438,0.0019188011065125465]]],-1],0,0,[],[],[]],[[[2,".bin",3412240033,[{"primitives":[{"primitiveMode":7,"vertexBundelIndices":[0],"indexView":{"offset":2592,"length":336,"count":84,"stride":4}}],"vertexBundles":[{"view":{"offset":0,"length":2592,"count":54,"stride":48},"attributes":[{"name":"a_position","format":32,"isNormalized":false},{"name":"a_normal","format":32,"isNormalized":false},{"name":"a_texCoord","format":21,"isNormalized":false},{"name":"a_tangent","format":44,"isNormalized":false}]}]},"minPosition",8,[1,-0.000988131039775908,-0.0006554233841598034,-0.0015809680335223675],"maxPosition",8,[1,0.0010300870053470135,0.0012486890191212296,0.001985029084607959]]],-1],0,0,[],[],[]],[[[2,".bin",3702166766,[{"primitives":[{"primitiveMode":7,"vertexBundelIndices":[0],"indexView":{"offset":1632,"length":216,"count":54,"stride":4}}],"vertexBundles":[{"view":{"offset":0,"length":1632,"count":34,"stride":48},"attributes":[{"name":"a_position","format":32,"isNormalized":false},{"name":"a_normal","format":32,"isNormalized":false},{"name":"a_texCoord","format":21,"isNormalized":false},{"name":"a_tangent","format":44,"isNormalized":false}]}]},"minPosition",8,[1,-0.0006858669803477824,-0.0002918260870501399,-0.0004539518849924207],"maxPosition",8,[1,0.0006138628232292831,0.00023630489886272699,0.0011294969590380788]]],-1],0,0,[],[],[]],[[[2,".bin",3063221924,[{"primitives":[{"primitiveMode":7,"vertexBundelIndices":[0],"indexView":{"offset":1344,"length":168,"count":42,"stride":4}}],"vertexBundles":[{"view":{"offset":0,"length":1344,"count":28,"stride":48},"attributes":[{"name":"a_position","format":32,"isNormalized":false},{"name":"a_normal","format":32,"isNormalized":false},{"name":"a_texCoord","format":21,"isNormalized":false},{"name":"a_tangent","format":44,"isNormalized":false}]}]},"minPosition",8,[1,-0.0008724421495571733,-0.0005201463936828077,-0.000745666038710624],"maxPosition",8,[1,0.0004233621875755489,0.0003228384011890739,0.0007918351329863071]]],-1],0,0,[],[],[]],[[[2,".bin",1145636958,[{"primitives":[{"primitiveMode":7,"vertexBundelIndices":[0],"indexView":{"offset":1536,"length":192,"count":48,"stride":4}}],"vertexBundles":[{"view":{"offset":0,"length":1536,"count":32,"stride":48},"attributes":[{"name":"a_position","format":32,"isNormalized":false},{"name":"a_normal","format":32,"isNormalized":false},{"name":"a_texCoord","format":21,"isNormalized":false},{"name":"a_tangent","format":44,"isNormalized":false}]}]},"minPosition",8,[1,-0.0004439222102519125,-0.00021946658671367913,-0.00029609500779770315],"maxPosition",8,[1,0.0005569010390900075,0.00030238210456445813,0.00025823951000347733]]],-1],0,0,[],[],[]],[[[2,".bin",999699366,[{"primitives":[{"primitiveMode":7,"vertexBundelIndices":[0],"indexView":{"offset":1440,"length":192,"count":48,"stride":4}}],"vertexBundles":[{"view":{"offset":0,"length":1440,"count":30,"stride":48},"attributes":[{"name":"a_position","format":32,"isNormalized":false},{"name":"a_normal","format":32,"isNormalized":false},{"name":"a_texCoord","format":21,"isNormalized":false},{"name":"a_tangent","format":44,"isNormalized":false}]}]},"minPosition",8,[1,-0.0006664425018243492,-0.0005169438663870096,-0.0005885905120521784],"maxPosition",8,[1,0.0006327121518552303,0.0006720995297655463,0.0007854551076889038]]],-1],0,0,[],[],[]],[[[2,".bin",794154605,[{"primitives":[{"primitiveMode":7,"vertexBundelIndices":[0],"indexView":{"offset":4896,"length":624,"count":156,"stride":4}}],"vertexBundles":[{"view":{"offset":0,"length":4896,"count":102,"stride":48},"attributes":[{"name":"a_position","format":32,"isNormalized":false},{"name":"a_normal","format":32,"isNormalized":false},{"name":"a_texCoord","format":21,"isNormalized":false},{"name":"a_tangent","format":44,"isNormalized":false}]}]},"minPosition",8,[1,-0.0009348410530947149,-0.000827653391752392,-0.0007050191634334624],"maxPosition",8,[1,0.0008146052714437246,0.0008520632400177419,0.0006086361245252192]]],-1],0,0,[],[],[]],[[[2,".bin",641389390,[{"primitives":[{"primitiveMode":7,"vertexBundelIndices":[0],"indexView":{"offset":5088,"length":624,"count":156,"stride":4}}],"vertexBundles":[{"view":{"offset":0,"length":5088,"count":106,"stride":48},"attributes":[{"name":"a_position","format":32,"isNormalized":false},{"name":"a_normal","format":32,"isNormalized":false},{"name":"a_texCoord","format":21,"isNormalized":false},{"name":"a_tangent","format":44,"isNormalized":false}]}]},"minPosition",8,[1,-0.0007188314339146018,-0.0009484213078394532,-0.0005718970205634832],"maxPosition",8,[1,0.0008978056139312685,0.001008489984087646,0.0007248693145811558]]],-1],0,0,[],[],[]],[[[2,".bin",560254150,[{"primitives":[{"primitiveMode":7,"vertexBundelIndices":[0],"indexView":{"offset":1824,"length":240,"count":60,"stride":4}}],"vertexBundles":[{"view":{"offset":0,"length":1824,"count":38,"stride":48},"attributes":[{"name":"a_position","format":32,"isNormalized":false},{"name":"a_normal","format":32,"isNormalized":false},{"name":"a_texCoord","format":21,"isNormalized":false},{"name":"a_tangent","format":44,"isNormalized":false}]}]},"minPosition",8,[1,-0.00042634658166207373,-0.0005196254933252931,-0.0003481512831058353],"maxPosition",8,[1,0.00044168467866256833,0.0005791962030343711,0.0004059809143655002]]],-1],0,0,[],[],[]],[[[2,".bin",243271548,[{"primitives":[{"primitiveMode":7,"vertexBundelIndices":[0],"indexView":{"offset":1536,"length":192,"count":48,"stride":4}}],"vertexBundles":[{"view":{"offset":0,"length":1536,"count":32,"stride":48},"attributes":[{"name":"a_position","format":32,"isNormalized":false},{"name":"a_normal","format":32,"isNormalized":false},{"name":"a_texCoord","format":21,"isNormalized":false},{"name":"a_tangent","format":44,"isNormalized":false}]}]},"minPosition",8,[1,-0.0004573690239340067,-0.0007266800967045128,-0.0005054801004007459],"maxPosition",8,[1,0.0003467493806965649,0.000575909623876214,0.0010808550287038088]]],-1],0,0,[],[],[]],[[[2,".bin",1843904063,[{"primitives":[{"primitiveMode":7,"vertexBundelIndices":[0],"indexView":{"offset":2112,"length":264,"count":66,"stride":4}}],"vertexBundles":[{"view":{"offset":0,"length":2112,"count":44,"stride":48},"attributes":[{"name":"a_position","format":32,"isNormalized":false},{"name":"a_normal","format":32,"isNormalized":false},{"name":"a_texCoord","format":21,"isNormalized":false},{"name":"a_tangent","format":44,"isNormalized":false}]}]},"minPosition",8,[1,-0.0005191414966247976,-0.0006218475173227489,-0.0005966334720142186],"maxPosition",8,[1,0.000361589714884758,0.0005997347179800272,0.000690401706378907]]],-1],0,0,[],[],[]],[[[2,".bin",4164264903,[{"primitives":[{"primitiveMode":7,"vertexBundelIndices":[0],"indexView":{"offset":2496,"length":312,"count":78,"stride":4}}],"vertexBundles":[{"view":{"offset":0,"length":2496,"count":52,"stride":48},"attributes":[{"name":"a_position","format":32,"isNormalized":false},{"name":"a_normal","format":32,"isNormalized":false},{"name":"a_texCoord","format":21,"isNormalized":false},{"name":"a_tangent","format":44,"isNormalized":false}]}]},"minPosition",8,[1,-0.0005566584877669811,-0.0006096475990489125,-0.00045028558815829456],"maxPosition",8,[1,0.000566809088923037,0.0005320977652445436,0.0005973905208520591]]],-1],0,0,[],[],[]],[[[2,".bin",2214813384,[{"primitives":[{"primitiveMode":7,"vertexBundelIndices":[0],"indexView":{"offset":2592,"length":336,"count":84,"stride":4}}],"vertexBundles":[{"view":{"offset":0,"length":2592,"count":54,"stride":48},"attributes":[{"name":"a_position","format":32,"isNormalized":false},{"name":"a_normal","format":32,"isNormalized":false},{"name":"a_texCoord","format":21,"isNormalized":false},{"name":"a_tangent","format":44,"isNormalized":false}]}]},"minPosition",8,[1,-0.0005057567032054067,-0.000610533868893981,-0.0011080140247941017],"maxPosition",8,[1,0.0006648509879596531,0.0006187725230120122,0.0007859122124500573]]],-1],0,0,[],[],[]],[[[2,".bin",159190315,[{"primitives":[{"primitiveMode":7,"vertexBundelIndices":[0],"indexView":{"offset":4320,"length":528,"count":132,"stride":4}}],"vertexBundles":[{"view":{"offset":0,"length":4320,"count":90,"stride":48},"attributes":[{"name":"a_position","format":32,"isNormalized":false},{"name":"a_normal","format":32,"isNormalized":false},{"name":"a_texCoord","format":21,"isNormalized":false},{"name":"a_tangent","format":44,"isNormalized":false}]}]},"minPosition",8,[1,-0.000569185009226203,-0.0006780964322388172,-0.0010068670380860567],"maxPosition",8,[1,0.0006066805217415094,0.0005414842744357884,0.0010992190800607204]]],-1],0,0,[],[],[]],[[[2,".bin",146747388,[{"primitives":[{"primitiveMode":7,"vertexBundelIndices":[0],"indexView":{"offset":2784,"length":360,"count":90,"stride":4}}],"vertexBundles":[{"view":{"offset":0,"length":2784,"count":58,"stride":48},"attributes":[{"name":"a_position","format":32,"isNormalized":false},{"name":"a_normal","format":32,"isNormalized":false},{"name":"a_texCoord","format":21,"isNormalized":false},{"name":"a_tangent","format":44,"isNormalized":false}]}]},"minPosition",8,[1,-0.000692604691721499,-0.000567526207305491,-0.0009985327487811446],"maxPosition",8,[1,0.0006070171948522329,0.0006687348941341043,0.0009069418301805854]]],-1],0,0,[],[],[]],[[[2,".bin",3351058968,[{"primitives":[{"primitiveMode":7,"vertexBundelIndices":[0],"indexView":{"offset":3360,"length":432,"count":108,"stride":4}}],"vertexBundles":[{"view":{"offset":0,"length":3360,"count":70,"stride":48},"attributes":[{"name":"a_position","format":32,"isNormalized":false},{"name":"a_normal","format":32,"isNormalized":false},{"name":"a_texCoord","format":21,"isNormalized":false},{"name":"a_tangent","format":44,"isNormalized":false}]}]},"minPosition",8,[1,-0.00044115481432527304,-0.000560095882974565,-0.0009028714266605675],"maxPosition",8,[1,0.000608729082159698,0.0004007339011877775,0.000997812021523714]]],-1],0,0,[],[],[]],[[[2,".bin",2469605113,[{"primitives":[{"primitiveMode":7,"vertexBundelIndices":[0],"indexView":{"offset":1344,"length":168,"count":42,"stride":4}}],"vertexBundles":[{"view":{"offset":0,"length":1344,"count":28,"stride":48},"attributes":[{"name":"a_position","format":32,"isNormalized":false},{"name":"a_normal","format":32,"isNormalized":false},{"name":"a_texCoord","format":21,"isNormalized":false},{"name":"a_tangent","format":44,"isNormalized":false}]}]},"minPosition",8,[1,-0.000639424892142415,-0.0005514179938472807,-0.0005724543007090688],"maxPosition",8,[1,0.00041547350701875985,0.0006282281246967614,0.0007152258767746389]]],-1],0,0,[],[],[]],[[[2,".bin",1828560731,[{"primitives":[{"primitiveMode":7,"vertexBundelIndices":[0],"indexView":{"offset":1728,"length":216,"count":54,"stride":4}}],"vertexBundles":[{"view":{"offset":0,"length":1728,"count":36,"stride":48},"attributes":[{"name":"a_position","format":32,"isNormalized":false},{"name":"a_normal","format":32,"isNormalized":false},{"name":"a_texCoord","format":21,"isNormalized":false},{"name":"a_tangent","format":44,"isNormalized":false}]}]},"minPosition",8,[1,-0.0006164413061924279,-0.0006017190171405673,-0.0005980712012387812],"maxPosition",8,[1,0.00043816742254421115,0.0005783431697636843,0.0006889051292091608]]],-1],0,0,[],[],[]],[[[2,".bin",741356656,[{"primitives":[{"primitiveMode":7,"vertexBundelIndices":[0],"indexView":{"offset":3360,"length":432,"count":108,"stride":4}}],"vertexBundles":[{"view":{"offset":0,"length":3360,"count":70,"stride":48},"attributes":[{"name":"a_position","format":32,"isNormalized":false},{"name":"a_normal","format":32,"isNormalized":false},{"name":"a_texCoord","format":21,"isNormalized":false},{"name":"a_tangent","format":44,"isNormalized":false}]}]},"minPosition",8,[1,-0.0009959471644833684,-0.000494837062433362,-0.0010079899802803993],"maxPosition",8,[1,0.0007681077113375068,0.0007452576537616551,0.0010562380775809288]]],-1],0,0,[],[],[]],[[[2,".bin",4147715804,[{"primitives":[{"primitiveMode":7,"vertexBundelIndices":[0],"indexView":{"offset":1632,"length":216,"count":54,"stride":4}}],"vertexBundles":[{"view":{"offset":0,"length":1632,"count":34,"stride":48},"attributes":[{"name":"a_position","format":32,"isNormalized":false},{"name":"a_normal","format":32,"isNormalized":false},{"name":"a_texCoord","format":21,"isNormalized":false},{"name":"a_tangent","format":44,"isNormalized":false}]}]},"minPosition",8,[1,-0.0008531652856618166,-0.00040193789754994214,-0.0006539957830682397],"maxPosition",8,[1,0.0004484396777115762,0.0004351006937213242,0.0008846907876431942]]],-1],0,0,[],[],[]],[[[2,".bin",148935683,[{"primitives":[{"primitiveMode":7,"vertexBundelIndices":[0],"indexView":{"offset":1344,"length":168,"count":42,"stride":4}}],"vertexBundles":[{"view":{"offset":0,"length":1344,"count":28,"stride":48},"attributes":[{"name":"a_position","format":32,"isNormalized":false},{"name":"a_normal","format":32,"isNormalized":false},{"name":"a_texCoord","format":21,"isNormalized":false},{"name":"a_tangent","format":44,"isNormalized":false}]}]},"minPosition",8,[1,-0.00048318319022655487,-0.0005296759773045778,-0.000731045613065362],"maxPosition",8,[1,0.0006320697139017284,0.0004127114953007549,0.0006725125713273883]]],-1],0,0,[],[],[]],[[[2,".bin",3951175463,[{"primitives":[{"primitiveMode":7,"vertexBundelIndices":[0],"indexView":{"offset":2688,"length":360,"count":90,"stride":4}}],"vertexBundles":[{"view":{"offset":0,"length":2688,"count":56,"stride":48},"attributes":[{"name":"a_position","format":32,"isNormalized":false},{"name":"a_normal","format":32,"isNormalized":false},{"name":"a_texCoord","format":21,"isNormalized":false},{"name":"a_tangent","format":44,"isNormalized":false}]}]},"minPosition",8,[1,-0.0009479474974796176,-0.0006529623060487211,-0.0006233160966075957],"maxPosition",8,[1,0.0007911335560493171,0.0005850762245245278,0.0007862650672905147]]],-1],0,0,[],[],[]],[[[2,".bin",1955376828,[{"primitives":[{"primitiveMode":7,"vertexBundelIndices":[0],"indexView":{"offset":2880,"length":384,"count":96,"stride":4}}],"vertexBundles":[{"view":{"offset":0,"length":2880,"count":60,"stride":48},"attributes":[{"name":"a_position","format":32,"isNormalized":false},{"name":"a_normal","format":32,"isNormalized":false},{"name":"a_texCoord","format":21,"isNormalized":false},{"name":"a_tangent","format":44,"isNormalized":false}]}]},"minPosition",8,[1,-0.0004839621833525598,-0.0005860631936229765,-0.0005625432240776718],"maxPosition",8,[1,0.0006785296718589962,0.00039338759961538017,0.0007406406803056598]]],-1],0,0,[],[],[]],[[[2,".bin",1811980069,[{"primitives":[{"primitiveMode":7,"vertexBundelIndices":[0],"indexView":{"offset":2592,"length":336,"count":84,"stride":4}}],"vertexBundles":[{"view":{"offset":0,"length":2592,"count":54,"stride":48},"attributes":[{"name":"a_position","format":32,"isNormalized":false},{"name":"a_normal","format":32,"isNormalized":false},{"name":"a_texCoord","format":21,"isNormalized":false},{"name":"a_tangent","format":44,"isNormalized":false}]}]},"minPosition",8,[1,-0.0007677578250877559,-0.0011154910316690803,-0.0015836500097066164],"maxPosition",8,[1,0.0011837510392069817,0.0012313950574025512,0.0019768879283219576]]],-1],0,0,[],[],[]],[[[2,".bin",787825379,[{"primitives":[{"primitiveMode":7,"vertexBundelIndices":[0],"indexView":{"offset":2208,"length":288,"count":72,"stride":4}}],"vertexBundles":[{"view":{"offset":0,"length":2208,"count":46,"stride":48},"attributes":[{"name":"a_position","format":32,"isNormalized":false},{"name":"a_normal","format":32,"isNormalized":false},{"name":"a_texCoord","format":21,"isNormalized":false},{"name":"a_tangent","format":44,"isNormalized":false}]}]},"minPosition",8,[1,-0.0007797365542501211,-0.00033845717553049326,-0.0005316482856869698],"maxPosition",8,[1,0.0005155110266059637,0.0003513478732202202,0.0007338249124586582]]],-1],0,0,[],[],[]],[[[2,".bin",549042656,[{"primitives":[{"primitiveMode":7,"vertexBundelIndices":[0],"indexView":{"offset":2880,"length":360,"count":90,"stride":4}}],"vertexBundles":[{"view":{"offset":0,"length":2880,"count":60,"stride":48},"attributes":[{"name":"a_position","format":32,"isNormalized":false},{"name":"a_normal","format":32,"isNormalized":false},{"name":"a_texCoord","format":21,"isNormalized":false},{"name":"a_tangent","format":44,"isNormalized":false}]}]},"minPosition",8,[1,-0.00047211942728608847,-0.0005982231814414263,-0.0006544762291014194],"maxPosition",8,[1,0.000331417890265584,0.000681606528814882,0.0007399666355922818]]],-1],0,0,[],[],[]],[[[2,".bin",611551061,[{"primitives":[{"primitiveMode":7,"vertexBundelIndices":[0],"indexView":{"offset":2784,"length":360,"count":90,"stride":4}}],"vertexBundles":[{"view":{"offset":0,"length":2784,"count":58,"stride":48},"attributes":[{"name":"a_position","format":32,"isNormalized":false},{"name":"a_normal","format":32,"isNormalized":false},{"name":"a_texCoord","format":21,"isNormalized":false},{"name":"a_tangent","format":44,"isNormalized":false}]}]},"minPosition",8,[1,-0.0006384319276548922,-0.00036673538852483034,-0.0008973210933618248],"maxPosition",8,[1,0.00041610829066485167,0.0006387638859450817,0.0012191979913040996]]],-1],0,0,[],[],[]],[[[2,".bin",3508010305,[{"primitives":[{"primitiveMode":7,"vertexBundelIndices":[0],"indexView":{"offset":2208,"length":288,"count":72,"stride":4}}],"vertexBundles":[{"view":{"offset":0,"length":2208,"count":46,"stride":48},"attributes":[{"name":"a_position","format":32,"isNormalized":false},{"name":"a_normal","format":32,"isNormalized":false},{"name":"a_texCoord","format":21,"isNormalized":false},{"name":"a_tangent","format":44,"isNormalized":false}]}]},"minPosition",8,[1,-0.0011715090367943048,-0.000908949295990169,-0.0018859219271689653],"maxPosition",8,[1,0.001057444023899734,0.0011684930650517344,0.0016768639907240868]]],-1],0,0,[],[],[]],[[[2,".bin",3480061713,[{"primitives":[{"primitiveMode":7,"vertexBundelIndices":[0],"indexView":{"offset":1728,"length":216,"count":54,"stride":4}}],"vertexBundles":[{"view":{"offset":0,"length":1728,"count":36,"stride":48},"attributes":[{"name":"a_position","format":32,"isNormalized":false},{"name":"a_normal","format":32,"isNormalized":false},{"name":"a_texCoord","format":21,"isNormalized":false},{"name":"a_tangent","format":44,"isNormalized":false}]}]},"minPosition",8,[1,-0.0006337194936349988,-0.00046461221063509583,-0.00044545409036800265],"maxPosition",8,[1,0.0005478041712194681,0.0005436234641820192,0.000881612824741751]]],-1],0,0,[],[],[]],[[[2,".bin",1841867741,[{"primitives":[{"primitiveMode":7,"vertexBundelIndices":[0],"indexView":{"offset":5088,"length":624,"count":156,"stride":4}}],"vertexBundles":[{"view":{"offset":0,"length":5088,"count":106,"stride":48},"attributes":[{"name":"a_position","format":32,"isNormalized":false},{"name":"a_normal","format":32,"isNormalized":false},{"name":"a_texCoord","format":21,"isNormalized":false},{"name":"a_tangent","format":44,"isNormalized":false}]}]},"minPosition",8,[1,-0.001000839052721858,-0.0008433847688138485,-0.0007776159327477217],"maxPosition",8,[1,0.0007317030685953796,0.0008394080214202404,0.0005318557959981263]]],-1],0,0,[],[],[]],[[[2,".bin",2983138258,[{"primitives":[{"primitiveMode":7,"vertexBundelIndices":[0],"indexView":{"offset":4128,"length":504,"count":126,"stride":4}}],"vertexBundles":[{"view":{"offset":0,"length":4128,"count":86,"stride":48},"attributes":[{"name":"a_position","format":32,"isNormalized":false},{"name":"a_normal","format":32,"isNormalized":false},{"name":"a_texCoord","format":21,"isNormalized":false},{"name":"a_tangent","format":44,"isNormalized":false}]}]},"minPosition",8,[1,-0.0005152373923920095,-0.0004839962057303637,-0.0009201084612868726],"maxPosition",8,[1,0.0006374788354150951,0.0007044851081445813,0.0009794646175578237]]],-1],0,0,[],[],[]],[[[2,".bin",1150359259,[{"primitives":[{"primitiveMode":7,"vertexBundelIndices":[0],"indexView":{"offset":1440,"length":192,"count":48,"stride":4}}],"vertexBundles":[{"view":{"offset":0,"length":1440,"count":30,"stride":48},"attributes":[{"name":"a_position","format":32,"isNormalized":false},{"name":"a_normal","format":32,"isNormalized":false},{"name":"a_texCoord","format":21,"isNormalized":false},{"name":"a_tangent","format":44,"isNormalized":false}]}]},"minPosition",8,[1,-0.0006842839065939188,-0.000600999454036355,-0.0005905543803237379],"maxPosition",8,[1,0.000548237469047308,0.000629985355772078,0.0007909344858489931]]],-1],0,0,[],[],[]],[[[2,".bin",1763389091,[{"primitives":[{"primitiveMode":7,"vertexBundelIndices":[0],"indexView":{"offset":3168,"length":408,"count":102,"stride":4}}],"vertexBundles":[{"view":{"offset":0,"length":3168,"count":66,"stride":48},"attributes":[{"name":"a_position","format":32,"isNormalized":false},{"name":"a_normal","format":32,"isNormalized":false},{"name":"a_texCoord","format":21,"isNormalized":false},{"name":"a_tangent","format":44,"isNormalized":false}]}]},"minPosition",8,[1,-0.0007173161720857024,-0.0007918310002423823,-0.0011433130130171776],"maxPosition",8,[1,0.0008022158872336149,0.0007821922772563994,0.0009197568288072944]]],-1],0,0,[],[],[]],[[[2,".bin",3570874408,[{"primitives":[{"primitiveMode":7,"vertexBundelIndices":[0],"indexView":{"offset":1152,"length":144,"count":36,"stride":4}}],"vertexBundles":[{"view":{"offset":0,"length":1152,"count":24,"stride":48},"attributes":[{"name":"a_position","format":32,"isNormalized":false},{"name":"a_normal","format":32,"isNormalized":false},{"name":"a_texCoord","format":21,"isNormalized":false},{"name":"a_tangent","format":44,"isNormalized":false}]}]},"minPosition",8,[1,-0.0005395840853452682,-0.00047716201515868306,-0.0006098251906223595],"maxPosition",8,[1,0.0005718183238059282,0.000286039081402123,0.0006696456111967564]]],-1],0,0,[],[],[]],[[[2,".bin",698383373,[{"primitives":[{"primitiveMode":7,"vertexBundelIndices":[0],"indexView":{"offset":3360,"length":432,"count":108,"stride":4}}],"vertexBundles":[{"view":{"offset":0,"length":3360,"count":70,"stride":48},"attributes":[{"name":"a_position","format":32,"isNormalized":false},{"name":"a_normal","format":32,"isNormalized":false},{"name":"a_texCoord","format":21,"isNormalized":false},{"name":"a_tangent","format":44,"isNormalized":false}]}]},"minPosition",8,[1,-0.0006027072085998952,-0.0005556826945394278,-0.001229549990966916],"maxPosition",8,[1,0.0005946980672888458,0.0006203316734172404,0.0008908796589821577]]],-1],0,0,[],[],[]],[[[2,".bin",1933419277,[{"primitives":[{"primitiveMode":7,"vertexBundelIndices":[0],"indexView":{"offset":1344,"length":168,"count":42,"stride":4}}],"vertexBundles":[{"view":{"offset":0,"length":1344,"count":28,"stride":48},"attributes":[{"name":"a_position","format":32,"isNormalized":false},{"name":"a_normal","format":32,"isNormalized":false},{"name":"a_texCoord","format":21,"isNormalized":false},{"name":"a_tangent","format":44,"isNormalized":false}]}]},"minPosition",8,[1,-0.0005520640988834202,-0.00046916541759856045,-0.0003982972993981093],"maxPosition",8,[1,0.0004516016924753785,0.00042731279972940683,0.00047841251944191754]]],-1],0,0,[],[],[]],[[[2,".bin",1008142889,[{"primitives":[{"primitiveMode":7,"vertexBundelIndices":[0],"indexView":{"offset":2304,"length":312,"count":78,"stride":4}}],"vertexBundles":[{"view":{"offset":0,"length":2304,"count":48,"stride":48},"attributes":[{"name":"a_position","format":32,"isNormalized":false},{"name":"a_normal","format":32,"isNormalized":false},{"name":"a_texCoord","format":21,"isNormalized":false},{"name":"a_tangent","format":44,"isNormalized":false}]}]},"minPosition",8,[1,-0.0003803115978371352,-0.0003724890120793134,-0.0007272320217452943],"maxPosition",8,[1,0.0003765778965316713,0.0007173286867327988,0.0006152450805529952]]],-1],0,0,[],[],[]],[[[2,".bin",2940358974,[{"primitives":[{"primitiveMode":7,"vertexBundelIndices":[0],"indexView":{"offset":2976,"length":384,"count":96,"stride":4}}],"vertexBundles":[{"view":{"offset":0,"length":2976,"count":62,"stride":48},"attributes":[{"name":"a_position","format":32,"isNormalized":false},{"name":"a_normal","format":32,"isNormalized":false},{"name":"a_texCoord","format":21,"isNormalized":false},{"name":"a_tangent","format":44,"isNormalized":false}]}]},"minPosition",8,[1,-0.0005717300809919834,-0.0006334500503726304,-0.0011164420284330845],"maxPosition",8,[1,0.0006038927822373807,0.0005974697996862233,0.00122035201638937]]],-1],0,0,[],[],[]],[[[2,".bin",3008868662,[{"primitives":[{"primitiveMode":7,"vertexBundelIndices":[0],"indexView":{"offset":1152,"length":144,"count":36,"stride":4}}],"vertexBundles":[{"view":{"offset":0,"length":1152,"count":24,"stride":48},"attributes":[{"name":"a_position","format":32,"isNormalized":false},{"name":"a_normal","format":32,"isNormalized":false},{"name":"a_texCoord","format":21,"isNormalized":false},{"name":"a_tangent","format":44,"isNormalized":false}]}]},"minPosition",8,[1,-0.0003841959987767041,-0.0006442766753025353,-0.0007209210889413953],"maxPosition",8,[1,0.0004153579066041857,0.000511121703311801,0.0006308305310085416]]],-1],0,0,[],[],[]],[[[2,".bin",1412837689,[{"primitives":[{"primitiveMode":7,"vertexBundelIndices":[0],"indexView":{"offset":1728,"length":216,"count":54,"stride":4}}],"vertexBundles":[{"view":{"offset":0,"length":1728,"count":36,"stride":48},"attributes":[{"name":"a_position","format":32,"isNormalized":false},{"name":"a_normal","format":32,"isNormalized":false},{"name":"a_texCoord","format":21,"isNormalized":false},{"name":"a_tangent","format":44,"isNormalized":false}]}]},"minPosition",8,[1,-0.0005363720119930804,-0.0008203428005799651,-0.0007883959915488958],"maxPosition",8,[1,0.00040605899994261563,0.00048211030662059784,0.0007487534894607961]]],-1],0,0,[],[],[]],[[[2,".bin",2152019067,[{"primitives":[{"primitiveMode":7,"vertexBundelIndices":[0],"indexView":{"offset":1920,"length":264,"count":66,"stride":4}}],"vertexBundles":[{"view":{"offset":0,"length":1920,"count":40,"stride":48},"attributes":[{"name":"a_position","format":32,"isNormalized":false},{"name":"a_normal","format":32,"isNormalized":false},{"name":"a_texCoord","format":21,"isNormalized":false},{"name":"a_tangent","format":44,"isNormalized":false}]}]},"minPosition",8,[1,-0.0003204029053449631,-0.00045366582344286144,-0.0005393092869780958],"maxPosition",8,[1,0.0007078187773004174,0.0004963683895766735,0.0007434868020936847]]],-1],0,0,[],[],[]],[[[2,".bin",2013437621,[{"primitives":[{"primitiveMode":7,"vertexBundelIndices":[0],"indexView":{"offset":3168,"length":408,"count":102,"stride":4}}],"vertexBundles":[{"view":{"offset":0,"length":3168,"count":66,"stride":48},"attributes":[{"name":"a_position","format":32,"isNormalized":false},{"name":"a_normal","format":32,"isNormalized":false},{"name":"a_texCoord","format":21,"isNormalized":false},{"name":"a_tangent","format":44,"isNormalized":false}]}]},"minPosition",8,[1,-0.00046113491407595575,-0.00039270627894438803,-0.0011124149896204472],"maxPosition",8,[1,0.000588849710766226,0.0006096964934840798,0.001194983022287488]]],-1],0,0,[],[],[]],[[[2,".bin",2193400449,[{"primitives":[{"primitiveMode":7,"vertexBundelIndices":[0],"indexView":{"offset":1824,"length":240,"count":60,"stride":4}}],"vertexBundles":[{"view":{"offset":0,"length":1824,"count":38,"stride":48},"attributes":[{"name":"a_position","format":32,"isNormalized":false},{"name":"a_normal","format":32,"isNormalized":false},{"name":"a_texCoord","format":21,"isNormalized":false},{"name":"a_tangent","format":44,"isNormalized":false}]}]},"minPosition",8,[1,-0.00048493797658011317,-0.0005046307924203575,-0.0005807470879517496],"maxPosition",8,[1,0.0003968566015828401,0.0007348810904659331,0.0007063794182613492]]],-1],0,0,[],[],[]],[[[9,"pit_break"],[10,"pit_break",[-2,-3,-4,-5,-6,-7,-8,-9,-10,-11,-12,-13,-14,-15,-16,-17,-18,-19,-20,-21,-22,-23,-24,-25,-26,-27,-28,-29,-30,-31,-32,-33,-34,-35,-36,-37,-38,-39,-40,-41,-42,-43,-44,-45,-46,-47,-48,-49,-50,-51,-52,-53,-54,-55,-56,-57,-58,-59,-60,-61,-62,-63,-64,-65,-66,-67,-68,-69,-70,-71,-72,-73,-74,-75,-76,-77,-78,-79,-80,-81,-82],[1,"7eD8sNtLlac47jCLMBX2Rj",-1,0]],[8,"Icosphere_cell",1,[[3,-83,[0,"51RD6BWyBSI7QpmUKTq9Z2"],[0],[4],1],[5,true,-84,[0,"5b1ruhcCdCZJwY5Dg4jHtz"],2],[6,2,-85,[0,"d9kXNQLO5MXLQfNtOW8H13"]]],[1,"b6ADq7r25di6T/2iW4JjoY",1,0],[1,-0.00021400001423899084,0.04142099991440773,0.00011899999663000926],[3,-0.7071068407911908,0,0,0.7071067215818992],[1,100,100,100],[1,-90.00000965934633,0,0]],[8,"Icosphere_cell.001",1,[[3,-86,[0,"626lPXQMVcnIVmlrwAoQd5"],[3],[4],4],[5,true,-87,[0,"dfXqylq5hAfYxuvisuuWgY"],5],[6,2,-88,[0,"19qqFPlCdBI4sO+v3Uzhx5"]]],[1,"b18nGTGU9fxKWUa8wMF9kx",1,0],[1,0.09917599707841873,0.19642099738121033,0.0655680000782013],[3,-0.7071068407911908,0,0,0.7071067215818992],[1,100,100,100],[1,-90.00000965934633,0,0]],[8,"Icosphere_cell.002",1,[[3,-89,[0,"d2BseGihtffoPgw3SJn3xS"],[6],[4],7],[5,true,-90,[0,"95Rh19+xZGI45CcYJ5MKT+"],8],[6,2,-91,[0,"4a63vt4OtOZpiR54BtOesB"]]],[1,"8cbN3ngGJc1bC3Zw+wkFLA",1,0],[1,-0.044300999492406845,0.2158990055322647,0.11705400794744492],[3,-0.7071068407911908,0,0,0.7071067215818992],[1,100,100,100],[1,-90.00000965934633,0,0]],[8,"Icosphere_cell.003",1,[[3,-92,[0,"96/lSlyxlSqImYGxB+ODHk"],[9],[4],10],[5,true,-93,[0,"b6VO2/cgZIVopzMfThLtkB"],11],[6,2,-94,[0,"09rsGOsfpFVovjt/3bivoz"]]],[1,"b4qMKCmdVWdYmUXB1SLjok",1,0],[1,-0.11849100142717361,0.18588998913764954,0.005547000095248222],[3,-0.7071068407911908,0,0,0.7071067215818992],[1,100,100,100],[1,-90.00000965934633,0,0]],[8,"Icosphere_cell.004",1,[[3,-95,[0,"caNOcTAXFU7YTkR65bEIMt"],[12],[4],13],[5,true,-96,[0,"75awLp+VZFypgB7ldISTmB"],14],[6,2,-97,[0,"ecMGh7K5dNQ526+XZBvxZP"]]],[1,"b60hBrYZRbq5yZnG3fc8HU",1,0],[1,-0.0430230014026165,0.19164998829364777,-0.11172299087047577],[3,-0.7071068407911908,0,0,0.7071067215818992],[1,100,100,100],[1,-90.00000965934633,0,0]],[8,"Icosphere_cell.005",1,[[3,-98,[0,"a2eQTTJXVf8rU1DVtZHz1/"],[15],[4],16],[5,true,-99,[0,"a6S/u7LkNJOZDq4j4rmOKJ"],17],[6,2,-100,[0,"97Y5isvGpERbx5XTp3dkmb"]]],[1,"d3BNzm+/5Sd4jHng6Db6Ma",1,0],[1,0.09838800132274628,0.18531200289726257,-0.06516700237989426],[3,-0.7071068407911908,0,0,0.7071067215818992],[1,100,100,100],[1,-90.00000965934633,0,0]],[8,"Icosphere_cell.006_cell",1,[[3,-101,[0,"f5DsZgt0NaKKWCSCoGPEO/"],[18],[4],19],[5,true,-102,[0,"7aVXMUL5BFGYgNDwdxU9QI"],20],[6,2,-103,[0,"f7x965j1pDDqzbP/b/IYw7"]]],[1,"e1kjqev6VTmr17n/HuQhDF",1,0],[1,0.05781199783086777,0.5749899744987488,0.1927410066127777],[3,-0.7071068407911908,0,0,0.7071067215818992],[1,100,100,100],[1,-90.00000965934633,0,0]],[8,"Icosphere_cell.006_cell.001",1,[[3,-104,[0,"fbYvpxMflRTpWlYM7YGEcK"],[21],[4],22],[5,true,-105,[0,"32/MLJU8FIJqGVWuq8sLm8"],23],[6,2,-106,[0,"93BQWFUFBNroLs1vPBWsAa"]]],[1,"9ckOwmSO5RXKw9bgupa/Xl",1,0],[1,0.02413400262594223,0.6524479389190674,0.05432400107383728],[3,-0.7071068407911908,0,0,0.7071067215818992],[1,100,100,100],[1,-90.00000965934633,0,0]],[8,"Icosphere_cell.006_cell.002",1,[[3,-107,[0,"29VEeWL9dSm41qOQttMMzm"],[24],[4],25],[5,true,-108,[0,"007+/1ZTdEh4zldOZF3xKr"],26],[6,2,-109,[0,"7etRgTqgRBnoEuEyDa3iJs"]]],[1,"2ck5fPt8dZVr6WldfDb0wK",1,0],[1,0.018912000581622124,0.45408204197883606,0.07073699682950974],[3,-0.7071068407911908,0,0,0.7071067215818992],[1,100,100,100],[1,-90.00000965934633,0,0]],[8,"Icosphere_cell.006_cell.003",1,[[3,-110,[0,"89GCM79FNd+bW1GfQhEJ+C"],[27],[4],28],[5,true,-111,[0,"86ojh/5VRBRYnERmkvJgyO"],29],[6,2,-112,[0,"e052AkrYBJW7M7g2JTN6ki"]]],[1,"d69Cb7fq1QF7ptZApH14ac",1,0],[1,0.04453299939632416,0.7406790256500244,0.1364690065383911],[3,-0.7071068407911908,0,0,0.7071067215818992],[1,100,100,100],[1,-90.00000965934633,0,0]],[8,"Icosphere_cell.006_cell.004",1,[[3,-113,[0,"77nDES9clUu5iu5EQvg+WG"],[30],[4],31],[5,true,-114,[0,"1eGvNTCU9PApMaZT5jksr+"],32],[6,2,-115,[0,"a2b1YlncdAUJQn6Q8rS5X3"]]],[1,"c5jlx3zwxQSqHHHNNBHHaJ",1,0],[1,0.0010160000529140234,0.7265949845314026,0.11601399630308151],[3,-0.7071068407911908,0,0,0.7071067215818992],[1,100,100,100],[1,-90.00000965934633,0,0]],[8,"Icosphere_cell.006_cell.005",1,[[3,-116,[0,"b4GlpTeRpRg6K+YXrCRpaB"],[33],[4],34],[5,true,-117,[0,"4eFy/6hHBMIrTGShLeQWvL"],35],[6,2,-118,[0,"d4l1N6epZGsKcSPjUKbLgs"]]],[1,"edy1jU7K5XS6M/eGoY3Dht",1,0],[1,-0.003978000022470951,0.5741659998893738,0.14361099898815155],[3,-0.7071068407911908,0,0,0.7071067215818992],[1,100,100,100],[1,-90.00000965934633,0,0]],[8,"Icosphere_cell.006_cell.006",1,[[3,-119,[0,"6b/HuVQkNU5r4iTITCQTUZ"],[36],[4],37],[5,true,-120,[0,"d2dYQBQrRHqJjZXm6Exti4"],38],[6,2,-121,[0,"02PtGDutRM6peuWNvMSYkK"]]],[1,"a0JMmvJ1tTjIEHBAKnTTL2",1,0],[1,0.060614001005887985,0.726652979850769,0.10466200113296509],[3,-0.7071068407911908,0,0,0.7071067215818992],[1,100,100,100],[1,-90.00000965934633,0,0]],[8,"Icosphere_cell.006_cell.007",1,[[3,-122,[0,"fdp45s+4ZaU4dpU1vxm0G7"],[39],[4],40],[5,true,-123,[0,"ccDQhtagFHJZyZt7giaAcE"],41],[6,2,-124,[0,"6f6GNbNj5P87lUNM6SQkX7"]]],[1,"54PWI/FgtXfqA6o4OSwV+h",1,0],[1,0.08324699103832245,0.7200300097465515,0.07464700192213058],[3,-0.7071068407911908,0,0,0.7071067215818992],[1,100,100,100],[1,-90.00000965934633,0,0]],[8,"Icosphere_cell.006_cell.008",1,[[3,-125,[0,"74QDZqnF9d1a9yljwnTX2O"],[42],[4],43],[5,true,-126,[0,"0cMb8LnR9ENpgKX55iVx4k"],44],[6,2,-127,[0,"c2Bun63FxCHLG9/s8r1zOz"]]],[1,"64VNIGCCNVeJz1uO/jXb6u",1,0],[1,0.09284400194883347,0.6305199861526489,0.10788699984550476],[3,-0.7071068407911908,0,0,0.7071067215818992],[1,100,100,100],[1,-90.00000965934633,0,0]],[8,"Icosphere_cell.006_cell.009",1,[[3,-128,[0,"6fLEcOJ5dUsIrmXsMCvq5s"],[45],[4],46],[5,true,-129,[0,"91SM8N4b5DTawraFxbLV2u"],47],[6,2,-130,[0,"f0eCUUh5pP+L62lmrwWUEk"]]],[1,"1a6Mg/sd1Wo6jiIwfjE/dd",1,0],[1,0.0893699899315834,0.41798895597457886,0.18101699650287628],[3,-0.7071068407911908,0,0,0.7071067215818992],[1,100,100,100],[1,-90.00000965934633,0,0]],[8,"Icosphere_cell.006_cell.010",1,[[3,-131,[0,"d4Xdg5McNVhInraYArH9lX"],[48],[4],49],[5,true,-132,[0,"8fTQlgSvBJ+Yy0otq/8zrC"],50],[6,2,-133,[0,"f9M3dk8fFHR7XAsv5X/Tog"]]],[1,"7cLNrrCnFc5rO0Lehvakhs",1,0],[1,0.05356600135564804,0.40595299005508423,0.15878799557685852],[3,-0.7071068407911908,0,0,0.7071067215818992],[1,100,100,100],[1,-90.00000965934633,0,0]],[8,"Icosphere_cell.006_cell.011",1,[[3,-134,[0,"39C2AhK9ZSJJZgY9l+MJJC"],[51],[4],52],[5,true,-135,[0,"fdK1SMtaFIr5MbRfV2CBuD"],53],[6,2,-136,[0,"68CQQhO99PCZ0w5o4PYZXB"]]],[1,"5bd9PIRQFaDrzLTJjX1+RN",1,0],[1,0.02603299915790558,0.4223899841308594,0.1881749927997589],[3,-0.7071068407911908,0,0,0.7071067215818992],[1,100,100,100],[1,-90.00000965934633,0,0]],[8,"Icosphere_cell.006_cell.012",1,[[3,-137,[0,"921s202gda8btnULA8/9wS"],[54],[4],55],[5,true,-138,[0,"7cbSdgDKRJx5WHiAMloVrr"],56],[6,2,-139,[0,"6eFPqh8T9IsLKavGWmRAET"]]],[1,"ba7syFSIBS776r00+PP0oP",1,0],[1,0.07788900285959244,0.5072939991950989,0.12156400084495544],[3,-0.7071068407911908,0,0,0.7071067215818992],[1,100,100,100],[1,-90.00000965934633,0,0]],[8,"Icosphere_cell.006_cell.013",1,[[3,-140,[0,"dax9pHY65be6en1JJC3OMK"],[57],[4],58],[5,true,-141,[0,"73S3DFQlxGLa8LxHozgsx9"],59],[6,2,-142,[0,"60wgdPcAZFmIrYPCSyTM7w"]]],[1,"570SAtZhtRbrhcAVAhV/eS",1,0],[1,0.11653400212526321,0.4077880084514618,0.10048799216747284],[3,-0.7071068407911908,0,0,0.7071067215818992],[1,100,100,100],[1,-90.00000965934633,0,0]],[8,"Icosphere_cell.006_cell.014",1,[[3,-143,[0,"b6PtMUv75bY6UBSvCfJBCy"],[60],[4],61],[5,true,-144,[0,"caTcgGCKpFO6FNeRLXL+iX"],62],[6,2,-145,[0,"b3j8WHpbpO7ryRdteDaHFX"]]],[1,"bcpGMcG4ZX0780LsOc+4ZT",1,0],[1,0.09321499615907669,0.40211498737335205,0.12144599854946136],[3,-0.7071068407911908,0,0,0.7071067215818992],[1,100,100,100],[1,-90.00000965934633,0,0]],[8,"Icosphere_cell.006_cell.015",1,[[3,-146,[0,"f1Woj/s91VPrNkNDwEix9W"],[63],[4],64],[5,true,-147,[0,"7571OsdVRK4bXMtM+xNN+Q"],65],[6,2,-148,[0,"0d8YAaSDtH16c69wzgww6+"]]],[1,"71alVdoY5Vs5orEANaO6VK",1,0],[1,-0.014841999858617783,0.44648998975753784,0.1499519944190979],[3,-0.7071068407911908,0,0,0.7071067215818992],[1,100,100,100],[1,-90.00000965934633,0,0]],[8,"Icosphere_cell.007_cell",1,[[3,-149,[0,"4cw4J3nAZfTrIIJOQ93DZ2"],[66],[4],67],[5,true,-150,[0,"c7TNC6KHFAM6Sa1gWF2pcA"],68],[6,2,-151,[0,"50TvIilDBKPL3vQ7gLpSvz"]]],[1,"a3mZwGWGFV4KWJsa8+W9kO",1,0],[1,-0.16733700037002563,0.5771459937095642,0.1180030032992363],[3,-0.7071068407911908,0,0,0.7071067215818992],[1,100,100,100],[1,-90.00000965934633,0,0]],[8,"Icosphere_cell.007_cell.001",1,[[3,-152,[0,"33Si1Xs1NbDqjx2V9Rr3CD"],[69],[4],70],[5,true,-153,[0,"25+5WzeMxFGq7604r5gxLr"],71],[6,2,-154,[0,"07QjtM0MpIko/4MvjpkRyO"]]],[1,"celpqSS5dbXY4uCITFd0ah",1,0],[1,-0.04155999794602394,0.6320120096206665,0.033284999430179596],[3,-0.7071068407911908,0,0,0.7071067215818992],[1,100,100,100],[1,-90.00000965934633,0,0]],[8,"Icosphere_cell.007_cell.002",1,[[3,-155,[0,"e2kBo9kq1Vm7ieQEo3CYC6"],[72],[4],73],[5,true,-156,[0,"3cZQk7YLFCdaEcndJiCHEf"],74],[6,2,-157,[0,"e7/drCKcVFEpXYf5DxZMaK"]]],[1,"9ddOzh8E1bnouOLFrnd0j9",1,0],[1,-0.0609159991145134,0.4521149694919586,0.04029799997806549],[3,-0.7071068407911908,0,0,0.7071067215818992],[1,100,100,100],[1,-90.00000965934633,0,0]],[8,"Icosphere_cell.007_cell.003",1,[[3,-158,[0,"ac2j5F+zVW84Tl9xMlWD1g"],[75],[4],76],[5,true,-159,[0,"22ZgfmuVVK+rzVCjOauil7"],77],[6,2,-160,[0,"17P/199CNLDa/9ejIx/NNC"]]],[1,"194y74OHlRK4NilU18zurm",1,0],[1,-0.11566300690174103,0.7399130463600159,0.07935400307178497],[3,-0.7071068407911908,0,0,0.7071067215818992],[1,100,100,100],[1,-90.00000965934633,0,0]],[8,"Icosphere_cell.007_cell.004",1,[[3,-161,[0,"30CK5Cf1BUS6ZoH3PEKnbD"],[78],[4],79],[5,true,-162,[0,"3cHdGPnxdApr2UswTF74A0"],80],[6,2,-163,[0,"3dycihkkdEX4SIHnkMHtVr"]]],[1,"164PkHT5NbL6+c+aZEw06x",1,0],[1,-0.10987799614667892,0.7284809947013855,0.02871200069785118],[3,-0.7071068407911908,0,0,0.7071067215818992],[1,100,100,100],[1,-90.00000965934633,0,0]],[8,"Icosphere_cell.007_cell.005",1,[[3,-164,[0,"3eFPE95OJeXJf2Kzoz+s5w"],[81],[4],82],[5,true,-165,[0,"fawcwUds1F/JN+/1OQmwXa"],83],[6,2,-166,[0,"39QlGjBAlOhJT7GMpXlgJJ"]]],[1,"2dsnsTRwFZlbbNgmyoxh+w",1,0],[1,-0.1316940039396286,0.5726640224456787,0.037126000970602036],[3,-0.7071068407911908,0,0,0.7071067215818992],[1,100,100,100],[1,-90.00000965934633,0,0]],[8,"Icosphere_cell.007_cell.006",1,[[3,-167,[0,"e9cvtE2WhQoJBO99ArAsLA"],[84],[4],85],[5,true,-168,[0,"4aRRcIonFF0qITlQ1ZfOnw"],86],[6,2,-169,[0,"a7h5SHG2dMaKQqeevppUdv"]]],[1,"73td/5kbxdd4N+HJEXihlG",1,0],[1,-0.0684949979186058,0.6061999797821045,0.12044800072908401],[3,-0.7071068407911908,0,0,0.7071067215818992],[1,100,100,100],[1,-90.00000965934633,0,0]],[8,"Icosphere_cell.007_cell.007",1,[[3,-170,[0,"3bCzdgOoFYUoG9qPwXbboP"],[87],[4],88],[5,true,-171,[0,"a7Nygn8e1L8b+GtZHqtheS"],89],[6,2,-172,[0,"5617Yqi6tNt7mGHICQUXC0"]]],[1,"5aSZdh43ZRxZj5nBBs1uun",1,0],[1,-0.05959799885749817,0.7240260243415833,0.10093099623918533],[3,-0.7071068407911908,0,0,0.7071067215818992],[1,100,100,100],[1,-90.00000965934633,0,0]],[8,"Icosphere_cell.007_cell.008",1,[[3,-173,[0,"25iKw1o7FQmb1edcm4dUvx"],[90],[4],91],[5,true,-174,[0,"06awrE3GNGIIG8cQ67+WYV"],92],[6,2,-175,[0,"01zvmv8pVGHbEe1s1q6UAE"]]],[1,"b0x5Riz0lZErCmgbDsfMrY",1,0],[1,-0.1318340003490448,0.3995339870452881,0.13576500117778778],[3,-0.7071068407911908,0,0,0.7071067215818992],[1,100,100,100],[1,-90.00000965934633,0,0]],[8,"Icosphere_cell.007_cell.009",1,[[3,-176,[0,"4cLMLStxhcSYhJT5gvi6Cd"],[93],[4],94],[5,true,-177,[0,"6179Bpm4JC5Kf0RjQlbazr"],95],[6,2,-178,[0,"6fb1hTeAZL15x8PxRsampT"]]],[1,"46BbIjw3RTS6gv1gRbw4yK",1,0],[1,-0.12101799994707108,0.3848469853401184,0.09279599785804749],[3,-0.7071068407911908,0,0,0.7071067215818992],[1,100,100,100],[1,-90.00000965934633,0,0]],[8,"Icosphere_cell.007_cell.010",1,[[3,-179,[0,"b98OoUoihQ54M0goyKguFq"],[96],[4],97],[5,true,-180,[0,"e6RmWV21lNl7CsqgBNLB1N"],98],[6,2,-181,[0,"dekuVBTO5JuKazCtyJfFLY"]]],[1,"935hH2quJTeoS7owBNdKE3",1,0],[1,-0.17348100244998932,0.4279929995536804,0.08502800017595291],[3,-0.7071068407911908,0,0,0.7071067215818992],[1,100,100,100],[1,-90.00000965934633,0,0]],[8,"Icosphere_cell.007_cell.011",1,[[3,-182,[0,"2d8QnlZ6JZi6dWBijY+8R9"],[99],[4],100],[5,true,-183,[0,"d7PeLLObBIZYSt2b9uQROF"],101],[6,2,-184,[0,"0ewvaOG6xKfqmqwGbuVK08"]]],[1,"4ei4WIt7VX+4DtLyOn1ONX",1,0],[1,-0.09409099817276001,0.5007609724998474,0.11333999782800674],[3,-0.7071068407911908,0,0,0.7071067215818992],[1,100,100,100],[1,-90.00000965934633,0,0]],[8,"Icosphere_cell.007_cell.012",1,[[3,-185,[0,"15CGNhI/RWTq9cT8NqgbAD"],[102],[4],103],[5,true,-186,[0,"82XdETzHVExI62wJBhiYW4"],104],[6,2,-187,[0,"71POI1+WBElqmdpRv03wv6"]]],[1,"f7a66ZlrBc4YWLeh2G5WXa",1,0],[1,-0.06886100023984909,0.40129002928733826,0.13332399725914001],[3,-0.7071068407911908,0,0,0.7071067215818992],[1,100,100,100],[1,-90.00000965934633,0,0]],[8,"Icosphere_cell.007_cell.013",1,[[3,-188,[0,"2ej8GyF2NcroJ8sRYdCSSu"],[105],[4],106],[5,true,-189,[0,"f80HbVS81Imo3Bw4S4h0Xu"],107],[6,2,-190,[0,"28IcOhI0RNLqW9OWZM+itN"]]],[1,"f7S+Ad0WtRYIJoCF9CLwYA",1,0],[1,-0.14526300132274628,0.4432300329208374,0.02724900096654892],[3,-0.7071068407911908,0,0,0.7071067215818992],[1,100,100,100],[1,-90.00000965934633,0,0]],[8,"Icosphere_cell.008_cell",1,[[3,-191,[0,"27Tlvvw/ZbJ5+p5kzuDFHM"],[108],[4],109],[5,true,-192,[0,"25xJb0JgtJeJdLE3faU3F1"],110],[6,2,-193,[0,"46WuqWlgdE6q94YbjYy05d"]]],[1,"d0PFrVm9dWZp1iZh46vGOi",1,0],[1,-0.16386200487613678,0.5911399722099304,-0.11516699939966202],[3,-0.7071068407911908,0,0,0.7071067215818992],[1,100,100,100],[1,-90.00000965934633,0,0]],[7,"Icosphere_cell.008_cell.001",false,1,[[3,-194,[0,"c4cH/WW5tZ2IV4dnjkShcA"],[111],[4],112],[5,true,-195,[0,"53BYrGOe9KLZHsq1K2HSHt"],113],[6,2,-196,[0,"ccdn8Wb6xPE5e9Mvvmzu4w"]]],[1,"deDqOkecxTZ6q6xE1WZvzf",1,0],[1,-0.041499000042676926,0.6415529847145081,-0.03643700107932091],[3,-0.7071068407911908,0,0,0.7071067215818992],[1,100,100,100],[1,-90.00000965934633,0,0]],[7,"Icosphere_cell.008_cell.002",false,1,[[3,-197,[0,"86QWuxuctSb4W/hwd9ifFN"],[114],[4],115],[5,true,-198,[0,"ddzcHsibBH65p39CEsbZpY"],116],[6,2,-199,[0,"0fx7tzAjFGxKSOlsqfrccw"]]],[1,"8fvQtGbeJT96FSLhbQ0oPo",1,0],[1,-0.05948900058865547,0.4526360034942627,-0.038307998329401016],[3,-0.7071068407911908,0,0,0.7071067215818992],[1,100,100,100],[1,-90.00000965934633,0,0]],[7,"Icosphere_cell.008_cell.003",false,1,[[3,-200,[0,"4eTFCCWWtdJ4xt0pKPOTQW"],[117],[4],118],[5,true,-201,[0,"c1JVegsTFKyojqpB+o/gLk"],119],[6,2,-202,[0,"2fy2+PMrJM7K1BBNUxErWj"]]],[1,"0cycO94vhZ25E79IgG4mTa",1,0],[1,-0.11495499312877655,0.7383580207824707,-0.0853390023112297],[3,-0.7071068407911908,0,0,0.7071067215818992],[1,100,100,100],[1,-90.00000965934633,0,0]],[7,"Icosphere_cell.008_cell.004",false,1,[[3,-203,[0,"52zMfJ385X4Km4XVBSkii/"],[120],[4],121],[5,true,-204,[0,"6fnCVQ1DtCOrbNzC++7iJS"],122],[6,2,-205,[0,"f99gF12MdBOrBJdV4HQFK9"]]],[1,"e31SJJFSZbs7PEUFSFqbWl",1,0],[1,-0.1098949983716011,0.7284860014915466,-0.0286640003323555],[3,-0.7071068407911908,0,0,0.7071067215818992],[1,100,100,100],[1,-90.00000965934633,0,0]],[7,"Icosphere_cell.008_cell.005",false,1,[[3,-206,[0,"948tedLihfXrndeBMFUVAs"],[123],[4],124],[5,true,-207,[0,"d78B3CBHpJ/IuC8URgX1vL"],125],[6,2,-208,[0,"587FIpSsRHcpqNTUZe7JNt"]]],[1,"ddT3VdpsRcW7eBVYUGEcN0",1,0],[1,-0.12043900787830353,0.5857790112495422,-0.031603001058101654],[3,-0.7071068407911908,0,0,0.7071067215818992],[1,100,100,100],[1,-90.00000965934633,0,0]],[7,"Icosphere_cell.008_cell.006",false,1,[[3,-209,[0,"86sVVt3bJXiIOGb/6t++rj"],[126],[4],127],[5,true,-210,[0,"5b/P31kVlMyZL/6cOWX0gh"],128],[6,2,-211,[0,"ba7NpxnOFC0KRJ+9j0Z0QH"]]],[1,"e8C9Wo9ERYkJNAXZ7/jcu4",1,0],[1,-0.062015000730752945,0.7267299890518188,-0.098021000623703],[3,-0.7071068407911908,0,0,0.7071067215818992],[1,100,100,100],[1,-90.00000965934633,0,0]],[7,"Icosphere_cell.008_cell.007",false,1,[[3,-212,[0,"5aZSiqro1QPbdbmrD2S4/n"],[129],[4],130],[5,true,-213,[0,"9bat8IaF9PZr9I69o7kLix"],131],[6,2,-214,[0,"7agkO9TJZOsI47d8qtcqw+"]]],[1,"d81Jz6SQZd95kVrIqEjZBc",1,0],[1,-0.06977000087499619,0.6061720252037048,-0.12056499719619751],[3,-0.7071068407911908,0,0,0.7071067215818992],[1,100,100,100],[1,-90.00000965934633,0,0]],[7,"Icosphere_cell.008_cell.008",false,1,[[3,-215,[0,"3ffJwoacFcx5UA0hzRjoK7"],[132],[4],133],[5,true,-216,[0,"0fV6e9On5A/4LhWXAlkzM6"],134],[6,2,-217,[0,"76ZRRcn2JGF7vTZOmcqMl/"]]],[1,"c0yi4VGgZYLp24hOpoBzCS",1,0],[1,-0.12544399499893188,0.4053120017051697,-0.1499830037355423],[3,-0.7071068407911908,0,0,0.7071067215818992],[1,100,100,100],[1,-90.00000965934633,0,0]],[7,"Icosphere_cell.008_cell.009",false,1,[[3,-218,[0,"41ssbyaAJTvphYYXlZRfqi"],[135],[4],136],[5,true,-219,[0,"53AOKilt1Mm5bk678zE+sN"],137],[6,2,-220,[0,"b1weCpPBpBkrhDS7GXfIAo"]]],[1,"2bWmvryFhaHZ7bN3RrY7iN",1,0],[1,-0.12685200572013855,0.404011994600296,-0.12153100222349167],[3,-0.7071068407911908,0,0,0.7071067215818992],[1,100,100,100],[1,-90.00000965934633,0,0]],[7,"Icosphere_cell.008_cell.010",false,1,[[3,-221,[0,"409WJAQzFWp6NAz3Q5yYeV"],[138],[4],139],[5,true,-222,[0,"a0yxu3YulF34/mczSIXeWY"],140],[6,2,-223,[0,"1fQC6dznNJGKnjhoyuS31I"]]],[1,"0fjSryvOFWsaolKxx+0B+D",1,0],[1,-0.16805900633335114,0.3990330100059509,-0.08339600265026093],[3,-0.7071068407911908,0,0,0.7071067215818992],[1,100,100,100],[1,-90.00000965934633,0,0]],[7,"Icosphere_cell.008_cell.011",false,1,[[3,-224,[0,"44Jn54HKhRt5ru9j+qk0xI"],[141],[4],142],[5,true,-225,[0,"1fibMtap9NyY7owMvCLbUj"],143],[6,2,-226,[0,"e89VAJE4ZDUrD50gizYWSB"]]],[1,"c8EG3cLL9aebt4846J1Ak5",1,0],[1,-0.13675400614738464,0.39650198817253113,-0.09724099934101105],[3,-0.7071068407911908,0,0,0.7071067215818992],[1,100,100,100],[1,-90.00000965934633,0,0]],[7,"Icosphere_cell.008_cell.012",false,1,[[3,-227,[0,"3e3p3iRRdcTJnAnlHeIqFA"],[144],[4],145],[5,true,-228,[0,"768O4TtihOGKpM1KpwOtd1"],146],[6,2,-229,[0,"96lW3GuQVAMZITex9g72uc"]]],[1,"b861f6T4BSfYEKZhWVmLZu",1,0],[1,-0.08587899804115295,0.5084720253944397,-0.11224499344825745],[3,-0.7071068407911908,0,0,0.7071067215818992],[1,100,100,100],[1,-90.00000965934633,0,0]],[7,"Icosphere_cell.008_cell.013",false,1,[[3,-230,[0,"18c9eoFn9eE6bFIv+eO8sR"],[147],[4],148],[5,true,-231,[0,"9a+gmeN2dJq4lfoSirvn/W"],149],[6,2,-232,[0,"34UAiNwgJL96qJqk8RtQQv"]]],[1,"c8wFBLgV1X7b8NZ6LdMTGA",1,0],[1,-0.07460399717092514,0.3960379660129547,-0.1312669962644577],[3,-0.7071068407911908,0,0,0.7071067215818992],[1,100,100,100],[1,-90.00000965934633,0,0]],[7,"Icosphere_cell.008_cell.014",false,1,[[3,-233,[0,"c9OVD4E2hVJ7kxv1ifqZQD"],[150],[4],151],[5,true,-234,[0,"dadY5LT1lC/Jlk2K5zQDxN"],152],[6,2,-235,[0,"5c56BpxXZBuqPmiJJ4g/YG"]]],[1,"58t/VtxtBf/ZwaLk8tHyX7",1,0],[1,-0.15140199661254883,0.4748460054397583,-0.052253998816013336],[3,-0.7071068407911908,0,0,0.7071067215818992],[1,100,100,100],[1,-90.00000965934633,0,0]],[7,"Icosphere_cell.008_cell.015",false,1,[[3,-236,[0,"31S4tO2dNW352J12b+Xqjz"],[153],[4],154],[5,true,-237,[0,"d1DF2jNJZNUaQR1FvXFZrm"],155],[6,2,-238,[0,"cdDNZx5IZFhZNno+OQS/jh"]]],[1,"4a96vdWG1S1pELnGXgOw9A",1,0],[1,-0.1532360017299652,0.39044398069381714,-0.022058000788092613],[3,-0.7071068407911908,0,0,0.7071067215818992],[1,100,100,100],[1,-90.00000965934633,0,0]],[7,"Icosphere_cell.009_cell",false,1,[[3,-239,[0,"e8lZwmFhJSe5kWQQJynXgD"],[156],[4],157],[5,true,-240,[0,"7cSCHGGfZPlJpRSC+RBhCG"],158],[6,2,-241,[0,"5cksVgCtNDP4vqM38WGly2"]]],[1,"37pGdVngtYs6YxqDdclARC",1,0],[1,0.0647910013794899,0.5890460014343262,-0.18709798157215118],[3,-0.7071068407911908,0,0,0.7071067215818992],[1,100,100,100],[1,-90.00000965934633,0,0]],[7,"Icosphere_cell.009_cell.001",false,1,[[3,-242,[0,"91G8+nWONTj5Poj/l1hVeQ"],[159],[4],160],[5,true,-243,[0,"6aIZvvKw9NrL05L2UYD4zj"],161],[6,2,-244,[0,"3dGwjREzVDfLu7lFzn0x4f"]]],[1,"56E1Xq5cBcQZ5mWvBxTnq0",1,0],[1,0.01810700073838234,0.47310101985931396,-0.060926005244255066],[3,-0.7071068407911908,0,0,0.7071067215818992],[1,100,100,100],[1,-90.00000965934633,0,0]],[7,"Icosphere_cell.009_cell.002",false,1,[[3,-245,[0,"151ZsmzS5d2q01IrdmMIlJ"],[162],[4],163],[5,true,-246,[0,"5eeGB32VJDIajEQy6E2wsJ"],164],[6,2,-247,[0,"98Li/TQJZJ3ZjghOWUJaY5"]]],[1,"69CS9sO5hVUqGWE5KMBNVa",1,0],[1,0.02231600135564804,0.6624689698219299,-0.0583529993891716],[3,-0.7071068407911908,0,0,0.7071067215818992],[1,100,100,100],[1,-90.00000965934633,0,0]],[7,"Icosphere_cell.009_cell.003",false,1,[[3,-248,[0,"55XyQQfA1YvrAb+Gkz5rQ7"],[165],[4],166],[5,true,-249,[0,"55i1WDTl9Dl6W9c0zhqWtj"],167],[6,2,-250,[0,"50IpyIooVBt4y5Pa3n2Wf1"]]],[1,"0aXgV0NQ9W2I3kpEznZkaE",1,0],[1,0.05773799866437912,0.7268319725990295,-0.10407999902963638],[3,-0.7071068407911908,0,0,0.7071067215818992],[1,100,100,100],[1,-90.00000965934633,0,0]],[7,"Icosphere_cell.009_cell.004",false,1,[[3,-251,[0,"fbIBJIDU5X0qnKrUV1P1Bo"],[168],[4],169],[5,true,-252,[0,"f9g3FdNxpHwr+3MvV8Ovol"],170],[6,2,-253,[0,"b5MOkH6A1NPK7x8e2MvVmU"]]],[1,"dbDgIXhdlVlLmdtZZRwXgY",1,0],[1,0.08240500092506409,0.7218250036239624,-0.07514899969100952],[3,-0.7071068407911908,0,0,0.7071067215818992],[1,100,100,100],[1,-90.00000965934633,0,0]],[7,"Icosphere_cell.009_cell.005",false,1,[[3,-254,[0,"d6nQH+QOhVlowjS30r2v6v"],[171],[4],172],[5,true,-255,[0,"6fHL5PgUxCQ6xfWpm/+LY3"],173],[6,2,-256,[0,"a7NTcIcQ1JEYJ9zRndcfWF"]]],[1,"76ZbbukP1W04JIkj6HbNuW",1,0],[1,0.04032399505376816,0.7440879940986633,-0.13390399515628815],[3,-0.7071068407911908,0,0,0.7071067215818992],[1,100,100,100],[1,-90.00000965934633,0,0]],[7,"Icosphere_cell.009_cell.006",false,1,[[3,-257,[0,"c4VpB8hapTIIopohmureXp"],[174],[4],175],[5,true,-258,[0,"6cl/jjaJxDwKsejWGZvgF7"],176],[6,2,-259,[0,"05Gpw4XRpNSqIam7Np68WZ"]]],[1,"21BTokhAJT3ILpbw5KzSms",1,0],[1,0.08976300060749054,0.6071249842643738,-0.10679899901151657],[3,-0.7071068407911908,0,0,0.7071067215818992],[1,100,100,100],[1,-90.00000965934633,0,0]],[7,"Icosphere_cell.009_cell.007",false,1,[[3,-260,[0,"97ssY3FS5XxraPMsfd9AiP"],[177],[4],178],[5,true,-261,[0,"582cZqTs1PsYZgkH/dE27S"],179],[6,2,-262,[0,"51Q6yCUm1DYr7HjX5UDXXn"]]],[1,"acwBHGvtxbtbK7hV3a1rPi",1,0],[1,-0.0023449999280273914,0.7247840166091919,-0.10603199899196625],[3,-0.7071068407911908,0,0,0.7071067215818992],[1,100,100,100],[1,-90.00000965934633,0,0]],[7,"Icosphere_cell.009_cell.008",false,1,[[3,-263,[0,"42FKKe7dheTaeshQiYyslj"],[180],[4],181],[5,true,-264,[0,"f9miPmGuRDoZguw3f/lbQH"],182],[6,2,-265,[0,"fdisCbJsFB/ahKzP2KAjLV"]]],[1,"c0rhWQbdtQZYLZVZ4f7OwZ",1,0],[1,-0.005563000217080116,0.5964300036430359,-0.14598700404167175],[3,-0.7071068407911908,0,0,0.7071067215818992],[1,100,100,100],[1,-90.00000965934633,0,0]],[7,"Icosphere_cell.009_cell.009",false,1,[[3,-266,[0,"72jYBoEIlRA4grz6OZFz+Y"],[183],[4],184],[5,true,-267,[0,"918J3gpgJNsLLv5jyZy5lV"],185],[6,2,-268,[0,"20DOBww+xG9Z7bCDfyUNvO"]]],[1,"e73JDiuHZdqbbkKIZYBb0y",1,0],[1,-0.01895900070667267,0.433057963848114,-0.1513330042362213],[3,-0.7071068407911908,0,0,0.7071067215818992],[1,100,100,100],[1,-90.00000965934633,0,0]],[7,"Icosphere_cell.009_cell.010",false,1,[[3,-269,[0,"cdUEmNm7BbiYZ+EZjPGQSD"],[186],[4],187],[5,true,-270,[0,"b1XNlzpEtMRaDcSt9SA3Aw"],188],[6,2,-271,[0,"97REi5xrRDnLe221P0hjhs"]]],[1,"4eJ8Opr3telLxjwEibI8Iy",1,0],[1,0.023791000247001648,0.4106200039386749,-0.18815799057483673],[3,-0.7071068407911908,0,0,0.7071067215818992],[1,100,100,100],[1,-90.00000965934633,0,0]],[7,"Icosphere_cell.009_cell.011",false,1,[[3,-272,[0,"9cLNdxwD5WcIuvC7tDd1jh"],[189],[4],190],[5,true,-273,[0,"75P+Lx951J4opZNAvOlwDB"],191],[6,2,-274,[0,"c0rJ6qP8BG0KuzccKwVR5J"]]],[1,"5dX1BaWLdd/rV7UrBw4whd",1,0],[1,0.10916700214147568,0.42003998160362244,-0.11749900132417679],[3,-0.7071068407911908,0,0,0.7071067215818992],[1,100,100,100],[1,-90.00000965934633,0,0]],[7,"Icosphere_cell.009_cell.012",false,1,[[3,-275,[0,"a7u+PdUM5Se6uuy7XFGqw8"],[192],[4],193],[5,true,-276,[0,"08dzuCe3ZEg5SMKo8Ep31X"],194],[6,2,-277,[0,"f6CT3lOQdD05DsqLg/WbSP"]]],[1,"a27kAbO8VWLIopESY/+jMp",1,0],[1,0.09438200294971466,0.42414700984954834,-0.170074000954628],[3,-0.7071068407911908,0,0,0.7071067215818992],[1,100,100,100],[1,-90.00000965934633,0,0]],[7,"Icosphere_cell.009_cell.013",false,1,[[3,-278,[0,"2eT79h2FVQZorqmG6FHX7c"],[195],[4],196],[5,true,-279,[0,"e78338O0VFK7K9Pp28jiGW"],197],[6,2,-280,[0,"263S4fCh5N9rZyGPP260r6"]]],[1,"16/8+E+/JaV42TPawHLMRi",1,0],[1,0.051812995225191116,0.39103400707244873,-0.16080500185489655],[3,-0.7071068407911908,0,0,0.7071067215818992],[1,100,100,100],[1,-90.00000965934633,0,0]],[7,"Icosphere_cell.010_cell",false,1,[[3,-281,[0,"442c67wj1e2r9yHXWDwmng"],[198],[4],199],[5,true,-282,[0,"4fld1dnXFFe4zxotQUEikD"],200],[6,2,-283,[0,"7188G9HEFML5rZmlPVgBAR"]]],[1,"33o7USBs1SVLRaCVV/kghF",1,0],[1,0.19957099854946136,0.5874699950218201,-0.001415999955497682],[3,-0.7071068407911908,0,0,0.7071067215818992],[1,100,100,100],[1,-90.00000965934633,0,0]],[7,"Icosphere_cell.010_cell.001",false,1,[[3,-284,[0,"55EUYYOU9chIKnIuPp/4o+"],[201],[4],202],[5,true,-285,[0,"c8K4/hUfZGkIEn2X9PohmN"],203],[6,2,-286,[0,"27nvSqCGRP75XFenaJxOmc"]]],[1,"daEfybFCRTopZrvHQwtnFa",1,0],[1,0.060426000505685806,0.6746780276298523,-0.00004999999873689376],[3,-0.7071068407911908,0,0,0.7071067215818992],[1,100,100,100],[1,-90.00000965934633,0,0]],[7,"Icosphere_cell.010_cell.002",false,1,[[3,-287,[0,"26hpo5haVdIJa/U3L8kEAj"],[204],[4],205],[5,true,-288,[0,"4c16K7StZCHJiqAHJsnrnQ"],206],[6,2,-289,[0,"ceLVI/EMpNILJtWiIoxLOJ"]]],[1,"fbYZLM3o9bFYTMcFq/eYZL",1,0],[1,0.06911200284957886,0.4618130028247833,0.005152999889105558],[3,-0.7071068407911908,0,0,0.7071067215818992],[1,100,100,100],[1,-90.00000965934633,0,0]],[7,"Icosphere_cell.010_cell.003",false,1,[[3,-290,[0,"dfnEMlfcBfbL9uLShnCllU"],[207],[4],208],[5,true,-291,[0,"33sO1lvg5HiLdaHKeiBHg0"],209],[6,2,-292,[0,"cdOKGBdOJOnYGDFBWHjKGZ"]]],[1,"33ZUpyHCxWiLWXLfmb6XnT",1,0],[1,0.14299899339675903,0.7340040802955627,0.0007309999782592058],[3,-0.7071068407911908,0,0,0.7071067215818992],[1,100,100,100],[1,-90.00000965934633,0,0]],[7,"Icosphere_cell.010_cell.004",false,1,[[3,-293,[0,"926pfUkFhQTLYFKGM6ui9V"],[210],[4],211],[5,true,-294,[0,"f08ieO59hMn6Lojr7rQSx2"],212],[6,2,-295,[0,"e1omHPNYVJ8LZW+pn6Q59r"]]],[1,"5euR2zixpebpbANKcx1p8B",1,0],[1,0.10830499976873398,0.722154974937439,-0.034849997609853745],[3,-0.7071068407911908,0,0,0.7071067215818992],[1,100,100,100],[1,-90.00000965934633,0,0]],[7,"Icosphere_cell.010_cell.005",false,1,[[3,-296,[0,"e7QL+fDF5UhIzB8xors6/3"],[213],[4],214],[5,true,-297,[0,"e8t73iAK5DiZekJ1SUhRUB"],215],[6,2,-298,[0,"b2VUMXmLtH3o8b/+ytk10T"]]],[1,"259RsR34ZbM5Gt0tORz6jt",1,0],[1,0.1379770040512085,0.5936869978904724,-0.049052998423576355],[3,-0.7071068407911908,0,0,0.7071067215818992],[1,100,100,100],[1,-90.00000965934633,0,0]],[7,"Icosphere_cell.010_cell.006",false,1,[[3,-299,[0,"4fp/NrQ+5SrZxIiQn2J+t3"],[216],[4],217],[5,true,-300,[0,"c3QFaO/FtK8L9p5o/kBZAq"],218],[6,2,-301,[0,"102fq/LOVDCbDp8OXeEbya"]]],[1,"7cPvHUlQJXTIZfsR4JRlI/",1,0],[1,0.12454500049352646,0.6450120806694031,0.042300995439291],[3,-0.7071068407911908,0,0,0.7071067215818992],[1,100,100,100],[1,-90.00000965934633,0,0]],[7,"Icosphere_cell.010_cell.007",false,1,[[3,-302,[0,"25DKCx041VwZiX/2P5tUfI"],[219],[4],220],[5,true,-303,[0,"59oLCjR7BHhb/DHFfs1HZt"],221],[6,2,-304,[0,"3dcBPhHTdOSI/mTOGE+kg1"]]],[1,"c1AMue4/RdEI+VJuU2gvkL",1,0],[1,0.09468500316143036,0.7401069402694702,0.03825199976563454],[3,-0.7071068407911908,0,0,0.7071067215818992],[1,100,100,100],[1,-90.00000965934633,0,0]],[7,"Icosphere_cell.010_cell.008",false,1,[[3,-305,[0,"174eggpRlSNoXXSBq9iPfB"],[222],[4],223],[5,true,-306,[0,"7ent7F+iNDuLGofGKvP2tE"],224],[6,2,-307,[0,"7auReo0S9BFJIYoAx+QINL"]]],[1,"43p7M846leBpyiyad4X9am",1,0],[1,0.13564400374889374,0.5554350018501282,0.05826200172305107],[3,-0.7071068407911908,0,0,0.7071067215818992],[1,100,100,100],[1,-90.00000965934633,0,0]],[7,"Icosphere_cell.010_cell.009",false,1,[[3,-308,[0,"48pl5/5UZQoILiEZui3M9p"],[225],[4],226],[5,true,-309,[0,"f7mnQzV4dDY4M3Kx0M7iOz"],227],[6,2,-310,[0,"b6yAkDplBKu7hqSHyR1dat"]]],[1,"3a8domc3VYjq73X8vxQakF",1,0],[1,0.14367899298667908,0.4300290048122406,-0.06621299684047699],[3,-0.7071068407911908,0,0,0.7071067215818992],[1,100,100,100],[1,-90.00000965934633,0,0]],[7,"Icosphere_cell.010_cell.010",false,1,[[3,-311,[0,"7auTGXNNRborcih7jSzMSV"],[228],[4],229],[5,true,-312,[0,"9ewS8bYJZG7LnVtec+MIrk"],230],[6,2,-313,[0,"0cILPnsq1C/LZDFbS5iYAP"]]],[1,"e9G6YjFL1ZQ63amq077KCd",1,0],[1,0.1855739951133728,0.4103490114212036,-0.04038599878549576],[3,-0.7071068407911908,0,0,0.7071067215818992],[1,100,100,100],[1,-90.00000965934633,0,0]],[7,"Icosphere_cell.010_cell.011",false,1,[[3,-314,[0,"f4cVFCdylbHLfv/z3eMJuP"],[231],[4],232],[5,true,-315,[0,"6e/fTgmX1JIZgBQI2q+QyG"],233],[6,2,-316,[0,"3bxET1j1dFp6+4p3BsjAgW"]]],[1,"4cP7tVxPdU4qTss1xKDg3B",1,0],[1,0.1882060021162033,0.4195519983768463,0.031644999980926514],[3,-0.7071068407911908,0,0,0.7071067215818992],[1,100,100,100],[1,-90.00000965934633,0,0]],[7,"Icosphere_cell.010_cell.012",false,1,[[3,-317,[0,"fcaeWiy9FbDJHVrfFGmeJi"],[234],[4],235],[5,true,-318,[0,"bd6/mnpdFOLpfcSNsJxxqA"],236],[6,2,-319,[0,"d2x2gNVlpL5oUu7djnEQcW"]]],[1,"45aP25MQlQqo46mKzlsjdA",1,0],[1,0.16790500283241272,0.3853810131549835,-0.0027890000492334366],[3,-0.7071068407911908,0,0,0.7071067215818992],[1,100,100,100],[1,-90.00000965934633,0,0]],[7,"Icosphere_cell.010_cell.013",false,1,[[3,-320,[0,"7aZJkQLGhYML38HNeFbtRL"],[237],[4],238],[5,true,-321,[0,"01c045dX5IaZnvCNKqVTmW"],239],[6,2,-322,[0,"4cZKJeX8lP+YYtMxBvPrcL"]]],[1,"0a6Pp99y9WaK6/JUVBrHQV",1,0],[1,0.14539900422096252,0.4199270009994507,0.06743999570608139],[3,-0.7071068407911908,0,0,0.7071067215818992],[1,100,100,100],[1,-90.00000965934633,0,0]],[7,"Icosphere_cell.011",false,1,[[3,-323,[0,"229jeu1yFRlKpdFw3kgur+"],[240],[4],241],[5,true,-324,[0,"9eBv2RZbVDHa0ueu5gqU7m"],242],[6,2,-325,[0,"1b2cjudphJDoCNOHEBJtGu"]]],[1,"f3wi9mYwpZMpvkc+b79Zut",1,0],[1,0.0003189999843016267,0.8043899536132812,0.012211999855935574],[3,-0.7071068407911908,0,0,0.7071067215818992],[1,100,100,100],[1,-90.00000965934633,0,0]]],0,[0,2,1,0,-1,2,0,-2,3,0,-3,4,0,-4,5,0,-5,6,0,-6,7,0,-7,8,0,-8,9,0,-9,10,0,-10,11,0,-11,12,0,-12,13,0,-13,14,0,-14,15,0,-15,16,0,-16,17,0,-17,18,0,-18,19,0,-19,20,0,-20,21,0,-21,22,0,-22,23,0,-23,24,0,-24,25,0,-25,26,0,-26,27,0,-27,28,0,-28,29,0,-29,30,0,-30,31,0,-31,32,0,-32,33,0,-33,34,0,-34,35,0,-35,36,0,-36,37,0,-37,38,0,-38,39,0,-39,40,0,-40,41,0,-41,42,0,-42,43,0,-43,44,0,-44,45,0,-45,46,0,-46,47,0,-47,48,0,-48,49,0,-49,50,0,-50,51,0,-51,52,0,-52,53,0,-53,54,0,-54,55,0,-55,56,0,-56,57,0,-57,58,0,-58,59,0,-59,60,0,-60,61,0,-61,62,0,-62,63,0,-63,64,0,-64,65,0,-65,66,0,-66,67,0,-67,68,0,-68,69,0,-69,70,0,-70,71,0,-71,72,0,-72,73,0,-73,74,0,-74,75,0,-75,76,0,-76,77,0,-77,78,0,-78,79,0,-79,80,0,-80,81,0,-81,82,0,0,2,0,0,2,0,0,2,0,0,3,0,0,3,0,0,3,0,0,4,0,0,4,0,0,4,0,0,5,0,0,5,0,0,5,0,0,6,0,0,6,0,0,6,0,0,7,0,0,7,0,0,7,0,0,8,0,0,8,0,0,8,0,0,9,0,0,9,0,0,9,0,0,10,0,0,10,0,0,10,0,0,11,0,0,11,0,0,11,0,0,12,0,0,12,0,0,12,0,0,13,0,0,13,0,0,13,0,0,14,0,0,14,0,0,14,0,0,15,0,0,15,0,0,15,0,0,16,0,0,16,0,0,16,0,0,17,0,0,17,0,0,17,0,0,18,0,0,18,0,0,18,0,0,19,0,0,19,0,0,19,0,0,20,0,0,20,0,0,20,0,0,21,0,0,21,0,0,21,0,0,22,0,0,22,0,0,22,0,0,23,0,0,23,0,0,23,0,0,24,0,0,24,0,0,24,0,0,25,0,0,25,0,0,25,0,0,26,0,0,26,0,0,26,0,0,27,0,0,27,0,0,27,0,0,28,0,0,28,0,0,28,0,0,29,0,0,29,0,0,29,0,0,30,0,0,30,0,0,30,0,0,31,0,0,31,0,0,31,0,0,32,0,0,32,0,0,32,0,0,33,0,0,33,0,0,33,0,0,34,0,0,34,0,0,34,0,0,35,0,0,35,0,0,35,0,0,36,0,0,36,0,0,36,0,0,37,0,0,37,0,0,37,0,0,38,0,0,38,0,0,38,0,0,39,0,0,39,0,0,39,0,0,40,0,0,40,0,0,40,0,0,41,0,0,41,0,0,41,0,0,42,0,0,42,0,0,42,0,0,43,0,0,43,0,0,43,0,0,44,0,0,44,0,0,44,0,0,45,0,0,45,0,0,45,0,0,46,0,0,46,0,0,46,0,0,47,0,0,47,0,0,47,0,0,48,0,0,48,0,0,48,0,0,49,0,0,49,0,0,49,0,0,50,0,0,50,0,0,50,0,0,51,0,0,51,0,0,51,0,0,52,0,0,52,0,0,52,0,0,53,0,0,53,0,0,53,0,0,54,0,0,54,0,0,54,0,0,55,0,0,55,0,0,55,0,0,56,0,0,56,0,0,56,0,0,57,0,0,57,0,0,57,0,0,58,0,0,58,0,0,58,0,0,59,0,0,59,0,0,59,0,0,60,0,0,60,0,0,60,0,0,61,0,0,61,0,0,61,0,0,62,0,0,62,0,0,62,0,0,63,0,0,63,0,0,63,0,0,64,0,0,64,0,0,64,0,0,65,0,0,65,0,0,65,0,0,66,0,0,66,0,0,66,0,0,67,0,0,67,0,0,67,0,0,68,0,0,68,0,0,68,0,0,69,0,0,69,0,0,69,0,0,70,0,0,70,0,0,70,0,0,71,0,0,71,0,0,71,0,0,72,0,0,72,0,0,72,0,0,73,0,0,73,0,0,73,0,0,74,0,0,74,0,0,74,0,0,75,0,0,75,0,0,75,0,0,76,0,0,76,0,0,76,0,0,77,0,0,77,0,0,77,0,0,78,0,0,78,0,0,78,0,0,79,0,0,79,0,0,79,0,0,80,0,0,80,0,0,80,0,0,81,0,0,81,0,0,81,0,0,82,0,0,82,0,0,82,0,3,1,325],[0,0,0,0,0,0,0,0,0,0,0,0,0,0,0,0,0,0,0,0,0,0,0,0,0,0,0,0,0,0,0,0,0,0,0,0,0,0,0,0,0,0,0,0,0,0,0,0,0,0,0,0,0,0,0,0,0,0,0,0,0,0,0,0,0,0,0,0,0,0,0,0,0,0,0,0,0,0,0,0,0,0,0,0,0,0,0,0,0,0,0,0,0,0,0,0,0,0,0,0,0,0,0,0,0,0,0,0,0,0,0,0,0,0,0,0,0,0,0,0,0,0,0,0,0,0,0,0,0,0,0,0,0,0,0,0,0,0,0,0,0,0,0,0,0,0,0,0,0,0,0,0,0,0,0,0,0,0,0,0,0,0,0,0,0,0,0,0,0,0,0,0,0,0,0,0,0,0,0,0,0,0,0,0,0,0,0,0,0,0,0,0,0,0,0,0,0,0,0,0,0,0,0,0,0,0,0,0,0,0,0,0,0,0,0,0,0,0,0,0,0,0,0,0,0,0,0,0,0,0,0,0,0,0,0,0,0,0,0,0,0,0,0],[-1,1,1,-1,1,1,-1,1,1,-1,1,1,-1,1,1,-1,1,1,-1,1,1,-1,1,1,-1,1,1,-1,1,1,-1,1,1,-1,1,1,-1,1,1,-1,1,1,-1,1,1,-1,1,1,-1,1,1,-1,1,1,-1,1,1,-1,1,1,-1,1,1,-1,1,1,-1,1,1,-1,1,1,-1,1,1,-1,1,1,-1,1,1,-1,1,1,-1,1,1,-1,1,1,-1,1,1,-1,1,1,-1,1,1,-1,1,1,-1,1,1,-1,1,1,-1,1,1,-1,1,1,-1,1,1,-1,1,1,-1,1,1,-1,1,1,-1,1,1,-1,1,1,-1,1,1,-1,1,1,-1,1,1,-1,1,1,-1,1,1,-1,1,1,-1,1,1,-1,1,1,-1,1,1,-1,1,1,-1,1,1,-1,1,1,-1,1,1,-1,1,1,-1,1,1,-1,1,1,-1,1,1,-1,1,1,-1,1,1,-1,1,1,-1,1,1,-1,1,1,-1,1,1,-1,1,1,-1,1,1,-1,1,1,-1,1,1,-1,1,1,-1,1,1,-1,1,1,-1,1,1,-1,1,1,-1,1,1,-1,1,1,-1,1,1,-1,1,1,-1,1,1],[0,1,1,0,2,2,0,3,3,0,4,4,0,5,5,0,6,6,0,7,7,0,8,8,0,9,9,0,10,10,0,11,11,0,12,12,0,13,13,0,14,14,0,15,15,0,16,16,0,17,17,0,18,18,0,19,19,0,20,20,0,21,21,0,22,22,0,23,23,0,24,24,0,25,25,0,26,26,0,27,27,0,28,28,0,29,29,0,30,30,0,31,31,0,32,32,0,33,33,0,34,34,0,35,35,0,36,36,0,37,37,0,38,38,0,39,39,0,40,40,0,41,41,0,42,42,0,43,43,0,44,44,0,45,45,0,46,46,0,47,47,0,48,48,0,49,49,0,50,50,0,51,51,0,52,52,0,53,53,0,54,54,0,55,55,0,56,56,0,57,57,0,58,58,0,59,59,0,60,60,0,61,61,0,62,62,0,63,63,0,64,64,0,65,65,0,66,66,0,67,67,0,68,68,0,69,69,0,70,70,0,71,71,0,72,72,0,73,73,0,74,74,0,75,75,0,76,76,0,77,77,0,78,78,0,79,79,0,80,80,0,81,81]]]]
