[1,["81be1b31-c89e-4276-9410-93d126051a62","1e0d9983-f8b4-4d17-b923-995070de57af","5571b558-cba2-406a-b20b-c6afe4e0098a@c6e33","5571b558-cba2-406a-b20b-c6afe4e0098a@97b51","5571b558-cba2-406a-b20b-c6afe4e0098a@fd4a2","5571b558-cba2-406a-b20b-c6afe4e0098a@45f73","5571b558-cba2-406a-b20b-c6afe4e0098a@53dde","5571b558-cba2-406a-b20b-c6afe4e0098a@cf1a7","5571b558-cba2-406a-b20b-c6afe4e0098a@73684","5571b558-cba2-406a-b20b-c6afe4e0098a@c172e","5571b558-cba2-406a-b20b-c6afe4e0098a@e97c4","5571b558-cba2-406a-b20b-c6afe4e0098a@1ed8d","5571b558-cba2-406a-b20b-c6afe4e0098a@f051b","5571b558-cba2-406a-b20b-c6afe4e0098a@0842b","5571b558-cba2-406a-b20b-c6afe4e0098a@09513","5571b558-cba2-406a-b20b-c6afe4e0098a@17dd0","5571b558-cba2-406a-b20b-c6afe4e0098a@181b3","5571b558-cba2-406a-b20b-c6afe4e0098a@65559","5571b558-cba2-406a-b20b-c6afe4e0098a@32a51","5571b558-cba2-406a-b20b-c6afe4e0098a@ce9cf","5571b558-cba2-406a-b20b-c6afe4e0098a@b45a1","5571b558-cba2-406a-b20b-c6afe4e0098a@d78fc","5571b558-cba2-406a-b20b-c6afe4e0098a@7b9da","6785db8f-3070-4679-9d46-a7f35c86aefd","5571b558-cba2-406a-b20b-c6afe4e0098a@2efcc","5571b558-cba2-406a-b20b-c6afe4e0098a@8216a","5571b558-cba2-406a-b20b-c6afe4e0098a@c9186","5571b558-cba2-406a-b20b-c6afe4e0098a@17d84","5571b558-cba2-406a-b20b-c6afe4e0098a@bece2","5571b558-cba2-406a-b20b-c6afe4e0098a@37fc0","5571b558-cba2-406a-b20b-c6afe4e0098a@1dc0f","5571b558-cba2-406a-b20b-c6afe4e0098a@85e49"],["node","_mesh","root","_parent","data"],[["cc.Node",["_name","_layer","_prefab","_parent","_lrot","_lscale","_euler","_components","_lpos","_children"],1,4,1,5,5,5,9,5,12],["cc.Mesh",["_native","_hash","_struct"],1,11],["cc.Prefab",["_name"],2],["cc.PrefabInfo",["fileId","root","asset"],2,1,1],["cc.MeshRenderer",["node","__prefab","_materials","lightmapSettings","_mesh"],3,1,4,3,4,6],["cc.CompPrefabInfo",["fileId"],2],["cc.ModelLightmapSettings",[],3],["cc.MeshCollider",["node","__prefab","_mesh"],3,1,4,6],["cc.RigidBody",["_type","node","__prefab"],2,1,4]],[[5,0,2],[3,0,1,2,2],[1,0,1,2,3],[4,0,1,2,3,4,1],[6,1],[7,0,1,2,1],[8,0,1,2,2],[0,0,1,3,7,2,4,5,6,3],[0,0,3,7,2,8,4,5,6,2],[0,0,3,2,8,4,5,6,2],[2,0,2],[0,0,9,2,2],[0,0,3,7,2,4,5,6,2]],[[[[2,".bin",1855259351,[{"primitives":[{"primitiveMode":7,"vertexBundelIndices":[0],"indexView":{"offset":576,"length":72,"count":18,"stride":4}}],"vertexBundles":[{"view":{"offset":0,"length":576,"count":12,"stride":48},"attributes":[{"name":"a_position","format":32,"isNormalized":false},{"name":"a_normal","format":32,"isNormalized":false},{"name":"a_texCoord","format":21,"isNormalized":false},{"name":"a_tangent","format":44,"isNormalized":false}]}]},"minPosition",8,[1,-0.02187211997807026,-0.019999999552965164,0.00699999975040555],"maxPosition",8,[1,0.02187211997807026,-0.017799340188503265,0.009999999776482582]]],-1],0,0,[],[],[]],[[[2,".bin",1345964658,[{"primitives":[{"primitiveMode":7,"vertexBundelIndices":[0],"indexView":{"offset":576,"length":72,"count":18,"stride":4}}],"vertexBundles":[{"view":{"offset":0,"length":576,"count":12,"stride":48},"attributes":[{"name":"a_position","format":32,"isNormalized":false},{"name":"a_normal","format":32,"isNormalized":false},{"name":"a_texCoord","format":21,"isNormalized":false},{"name":"a_tangent","format":44,"isNormalized":false}]}]},"minPosition",8,[1,-0.024982530623674393,-0.019999999552965164,0.00699999975040555],"maxPosition",8,[1,-0.0216553695499897,-0.017308318987488747,0.009999999776482582]]],-1],0,0,[],[],[]],[[[2,".bin",2449149407,[{"primitives":[{"primitiveMode":7,"vertexBundelIndices":[0],"indexView":{"offset":9216,"length":1488,"count":372,"stride":4}}],"vertexBundles":[{"view":{"offset":0,"length":9216,"count":192,"stride":48},"attributes":[{"name":"a_position","format":32,"isNormalized":false},{"name":"a_normal","format":32,"isNormalized":false},{"name":"a_texCoord","format":21,"isNormalized":false},{"name":"a_tangent","format":44,"isNormalized":false}]}]},"minPosition",8,[1,-0.0020000000949949026,-0.0020000000949949026,-0.00009999989561038092],"maxPosition",8,[1,0.0020000000949949026,0.0020000000949949026,0.00009999989561038092]]],-1],0,0,[],[],[]],[[[2,".bin",1480277453,[{"primitives":[{"primitiveMode":7,"vertexBundelIndices":[0],"indexView":{"offset":576,"length":72,"count":18,"stride":4}}],"vertexBundles":[{"view":{"offset":0,"length":576,"count":12,"stride":48},"attributes":[{"name":"a_position","format":32,"isNormalized":false},{"name":"a_normal","format":32,"isNormalized":false},{"name":"a_texCoord","format":21,"isNormalized":false},{"name":"a_tangent","format":44,"isNormalized":false}]}]},"minPosition",8,[1,-0.02761939913034439,-0.01938129961490631,0.00699999975040555],"maxPosition",8,[1,-0.024123869836330414,-0.016032809391617775,0.009999999776482582]]],-1],0,0,[],[],[]],[[[2,".bin",2554056765,[{"primitives":[{"primitiveMode":7,"vertexBundelIndices":[0],"indexView":{"offset":576,"length":72,"count":18,"stride":4}}],"vertexBundles":[{"view":{"offset":0,"length":576,"count":12,"stride":48},"attributes":[{"name":"a_position","format":32,"isNormalized":false},{"name":"a_normal","format":32,"isNormalized":false},{"name":"a_texCoord","format":21,"isNormalized":false},{"name":"a_tangent","format":44,"isNormalized":false}]}]},"minPosition",8,[1,-0.029381299391388893,-0.01761939935386181,0.00699999975040555],"maxPosition",8,[1,-0.026032811030745506,-0.014123870059847832,0.009999999776482582]]],-1],0,0,[],[],[]],[[[2,".bin",2449149407,[{"primitives":[{"primitiveMode":7,"vertexBundelIndices":[0],"indexView":{"offset":9216,"length":1488,"count":372,"stride":4}}],"vertexBundles":[{"view":{"offset":0,"length":9216,"count":192,"stride":48},"attributes":[{"name":"a_position","format":32,"isNormalized":false},{"name":"a_normal","format":32,"isNormalized":false},{"name":"a_texCoord","format":21,"isNormalized":false},{"name":"a_tangent","format":44,"isNormalized":false}]}]},"minPosition",8,[1,-0.0020000000949949026,-0.0020000000949949026,-0.00009999989561038092],"maxPosition",8,[1,0.0020000000949949026,0.0020000000949949026,0.00009999989561038092]]],-1],0,0,[],[],[]],[[[2,".bin",865656363,[{"primitives":[{"primitiveMode":7,"vertexBundelIndices":[0],"indexView":{"offset":576,"length":72,"count":18,"stride":4}}],"vertexBundles":[{"view":{"offset":0,"length":576,"count":12,"stride":48},"attributes":[{"name":"a_position","format":32,"isNormalized":false},{"name":"a_normal","format":32,"isNormalized":false},{"name":"a_texCoord","format":21,"isNormalized":false},{"name":"a_tangent","format":44,"isNormalized":false}]}]},"minPosition",8,[1,0.024123869836330414,-0.01938129961490631,0.00699999975040555],"maxPosition",8,[1,0.02761939913034439,-0.016032809391617775,0.009999999776482582]]],-1],0,0,[],[],[]],[[[2,".bin",2449149407,[{"primitives":[{"primitiveMode":7,"vertexBundelIndices":[0],"indexView":{"offset":9216,"length":1488,"count":372,"stride":4}}],"vertexBundles":[{"view":{"offset":0,"length":9216,"count":192,"stride":48},"attributes":[{"name":"a_position","format":32,"isNormalized":false},{"name":"a_normal","format":32,"isNormalized":false},{"name":"a_texCoord","format":21,"isNormalized":false},{"name":"a_tangent","format":44,"isNormalized":false}]}]},"minPosition",8,[1,-0.0020000000949949026,-0.0020000000949949026,-0.00009999989561038092],"maxPosition",8,[1,0.0020000000949949026,0.0020000000949949026,0.00009999989561038092]]],-1],0,0,[],[],[]],[[[2,".bin",2051201005,[{"primitives":[{"primitiveMode":7,"vertexBundelIndices":[0],"indexView":{"offset":576,"length":72,"count":18,"stride":4}}],"vertexBundles":[{"view":{"offset":0,"length":576,"count":12,"stride":48},"attributes":[{"name":"a_position","format":32,"isNormalized":false},{"name":"a_normal","format":32,"isNormalized":false},{"name":"a_texCoord","format":21,"isNormalized":false},{"name":"a_tangent","format":44,"isNormalized":false}]}]},"minPosition",8,[1,-0.029999999329447746,-0.011872120201587677,0.00699999975040555],"maxPosition",8,[1,-0.027799339964985847,0.011872120201587677,0.009999999776482582]]],-1],0,0,[],[],[]],[[[2,".bin",2449149407,[{"primitives":[{"primitiveMode":7,"vertexBundelIndices":[0],"indexView":{"offset":9216,"length":1488,"count":372,"stride":4}}],"vertexBundles":[{"view":{"offset":0,"length":9216,"count":192,"stride":48},"attributes":[{"name":"a_position","format":32,"isNormalized":false},{"name":"a_normal","format":32,"isNormalized":false},{"name":"a_texCoord","format":21,"isNormalized":false},{"name":"a_tangent","format":44,"isNormalized":false}]}]},"minPosition",8,[1,-0.0020000000949949026,-0.0020000000949949026,-0.00009999989561038092],"maxPosition",8,[1,0.0020000000949949026,0.0020000000949949026,0.00009999989561038092]]],-1],0,0,[],[],[]],[[[2,".bin",4198922702,[{"primitives":[{"primitiveMode":7,"vertexBundelIndices":[0],"indexView":{"offset":576,"length":72,"count":18,"stride":4}}],"vertexBundles":[{"view":{"offset":0,"length":576,"count":12,"stride":48},"attributes":[{"name":"a_position","format":32,"isNormalized":false},{"name":"a_normal","format":32,"isNormalized":false},{"name":"a_texCoord","format":21,"isNormalized":false},{"name":"a_tangent","format":44,"isNormalized":false}]}]},"minPosition",8,[1,0.024123869836330414,0.016032809391617775,0.00699999975040555],"maxPosition",8,[1,0.02761939913034439,0.01938129961490631,0.009999999776482582]]],-1],0,0,[],[],[]],[[[2,".bin",769324861,[{"primitives":[{"primitiveMode":7,"vertexBundelIndices":[0],"indexView":{"offset":576,"length":72,"count":18,"stride":4}}],"vertexBundles":[{"view":{"offset":0,"length":576,"count":12,"stride":48},"attributes":[{"name":"a_position","format":32,"isNormalized":false},{"name":"a_normal","format":32,"isNormalized":false},{"name":"a_texCoord","format":21,"isNormalized":false},{"name":"a_tangent","format":44,"isNormalized":false}]}]},"minPosition",8,[1,0.026032811030745506,0.014123870059847832,0.00699999975040555],"maxPosition",8,[1,0.029381299391388893,0.01761939935386181,0.009999999776482582]]],-1],0,0,[],[],[]],[[[2,".bin",4238637864,[{"primitives":[{"primitiveMode":7,"vertexBundelIndices":[0],"indexView":{"offset":576,"length":72,"count":18,"stride":4}}],"vertexBundles":[{"view":{"offset":0,"length":576,"count":12,"stride":48},"attributes":[{"name":"a_position","format":32,"isNormalized":false},{"name":"a_normal","format":32,"isNormalized":false},{"name":"a_texCoord","format":21,"isNormalized":false},{"name":"a_tangent","format":44,"isNormalized":false}]}]},"minPosition",8,[1,-0.029999999329447746,-0.01498252060264349,0.00699999975040555],"maxPosition",8,[1,-0.027308320626616478,-0.011655369773507118,0.009999999776482582]]],-1],0,0,[],[],[]],[[[2,".bin",3819881154,[{"primitives":[{"primitiveMode":7,"vertexBundelIndices":[0],"indexView":{"offset":576,"length":72,"count":18,"stride":4}}],"vertexBundles":[{"view":{"offset":0,"length":576,"count":12,"stride":48},"attributes":[{"name":"a_position","format":32,"isNormalized":false},{"name":"a_normal","format":32,"isNormalized":false},{"name":"a_texCoord","format":21,"isNormalized":false},{"name":"a_tangent","format":44,"isNormalized":false}]}]},"minPosition",8,[1,0.027799339964985847,-0.011872120201587677,0.00699999975040555],"maxPosition",8,[1,0.029999999329447746,0.011872120201587677,0.009999999776482582]]],-1],0,0,[],[],[]],[[[2,".bin",3705497522,[{"primitives":[{"primitiveMode":7,"vertexBundelIndices":[0],"indexView":{"offset":5760,"length":912,"count":228,"stride":4}}],"vertexBundles":[{"view":{"offset":0,"length":5760,"count":120,"stride":48},"attributes":[{"name":"a_position","format":32,"isNormalized":false},{"name":"a_normal","format":32,"isNormalized":false},{"name":"a_texCoord","format":21,"isNormalized":false},{"name":"a_tangent","format":44,"isNormalized":false}]}]},"minPosition",8,[1,-0.029999999329447746,-0.019999999552965164,-0.0019999989308416843],"maxPosition",8,[1,0.029999999329447746,0.019999999552965164,0.007000001147389412]]],-1],0,0,[],[],[]],[[[2,".bin",2449149407,[{"primitives":[{"primitiveMode":7,"vertexBundelIndices":[0],"indexView":{"offset":9216,"length":1488,"count":372,"stride":4}}],"vertexBundles":[{"view":{"offset":0,"length":9216,"count":192,"stride":48},"attributes":[{"name":"a_position","format":32,"isNormalized":false},{"name":"a_normal","format":32,"isNormalized":false},{"name":"a_texCoord","format":21,"isNormalized":false},{"name":"a_tangent","format":44,"isNormalized":false}]}]},"minPosition",8,[1,-0.0020000000949949026,-0.0020000000949949026,-0.00009999989561038092],"maxPosition",8,[1,0.0020000000949949026,0.0020000000949949026,0.00009999989561038092]]],-1],0,0,[],[],[]],[[[2,".bin",2449149407,[{"primitives":[{"primitiveMode":7,"vertexBundelIndices":[0],"indexView":{"offset":9216,"length":1488,"count":372,"stride":4}}],"vertexBundles":[{"view":{"offset":0,"length":9216,"count":192,"stride":48},"attributes":[{"name":"a_position","format":32,"isNormalized":false},{"name":"a_normal","format":32,"isNormalized":false},{"name":"a_texCoord","format":21,"isNormalized":false},{"name":"a_tangent","format":44,"isNormalized":false}]}]},"minPosition",8,[1,-0.0020000000949949026,-0.0020000000949949026,-0.00009999989561038092],"maxPosition",8,[1,0.0020000000949949026,0.0020000000949949026,0.00009999989561038092]]],-1],0,0,[],[],[]],[[[2,".bin",490330922,[{"primitives":[{"primitiveMode":7,"vertexBundelIndices":[0],"indexView":{"offset":576,"length":72,"count":18,"stride":4}}],"vertexBundles":[{"view":{"offset":0,"length":576,"count":12,"stride":48},"attributes":[{"name":"a_position","format":32,"isNormalized":false},{"name":"a_normal","format":32,"isNormalized":false},{"name":"a_texCoord","format":21,"isNormalized":false},{"name":"a_tangent","format":44,"isNormalized":false}]}]},"minPosition",8,[1,-0.02187211997807026,0.017799340188503265,0.00699999975040555],"maxPosition",8,[1,0.02187211997807026,0.019999999552965164,0.009999999776482582]]],-1],0,0,[],[],[]],[[[2,".bin",1784269616,[{"primitives":[{"primitiveMode":7,"vertexBundelIndices":[0],"indexView":{"offset":576,"length":72,"count":18,"stride":4}}],"vertexBundles":[{"view":{"offset":0,"length":576,"count":12,"stride":48},"attributes":[{"name":"a_position","format":32,"isNormalized":false},{"name":"a_normal","format":32,"isNormalized":false},{"name":"a_texCoord","format":21,"isNormalized":false},{"name":"a_tangent","format":44,"isNormalized":false}]}]},"minPosition",8,[1,-0.029381299391388893,0.014123870059847832,0.00699999975040555],"maxPosition",8,[1,-0.026032811030745506,0.01761939935386181,0.009999999776482582]]],-1],0,0,[],[],[]],[[[2,".bin",2449149407,[{"primitives":[{"primitiveMode":7,"vertexBundelIndices":[0],"indexView":{"offset":9216,"length":1488,"count":372,"stride":4}}],"vertexBundles":[{"view":{"offset":0,"length":9216,"count":192,"stride":48},"attributes":[{"name":"a_position","format":32,"isNormalized":false},{"name":"a_normal","format":32,"isNormalized":false},{"name":"a_texCoord","format":21,"isNormalized":false},{"name":"a_tangent","format":44,"isNormalized":false}]}]},"minPosition",8,[1,-0.0020000000949949026,-0.0020000000949949026,-0.00009999989561038092],"maxPosition",8,[1,0.0020000000949949026,0.0020000000949949026,0.00009999989561038092]]],-1],0,0,[],[],[]],[[[2,".bin",3844335943,[{"primitives":[{"primitiveMode":7,"vertexBundelIndices":[0],"indexView":{"offset":576,"length":72,"count":18,"stride":4}}],"vertexBundles":[{"view":{"offset":0,"length":576,"count":12,"stride":48},"attributes":[{"name":"a_position","format":32,"isNormalized":false},{"name":"a_normal","format":32,"isNormalized":false},{"name":"a_texCoord","format":21,"isNormalized":false},{"name":"a_tangent","format":44,"isNormalized":false}]}]},"minPosition",8,[1,0.027308320626616478,-0.01498252060264349,0.00699999975040555],"maxPosition",8,[1,0.029999999329447746,-0.011655369773507118,0.009999999776482582]]],-1],0,0,[],[],[]],[[[2,".bin",713645212,[{"primitives":[{"primitiveMode":7,"vertexBundelIndices":[0],"indexView":{"offset":576,"length":72,"count":18,"stride":4}}],"vertexBundles":[{"view":{"offset":0,"length":576,"count":12,"stride":48},"attributes":[{"name":"a_position","format":32,"isNormalized":false},{"name":"a_normal","format":32,"isNormalized":false},{"name":"a_texCoord","format":21,"isNormalized":false},{"name":"a_tangent","format":44,"isNormalized":false}]}]},"minPosition",8,[1,-0.024982530623674393,0.017308318987488747,0.00699999975040555],"maxPosition",8,[1,-0.0216553695499897,0.019999999552965164,0.009999999776482582]]],-1],0,0,[],[],[]],[[[2,".bin",2449149407,[{"primitives":[{"primitiveMode":7,"vertexBundelIndices":[0],"indexView":{"offset":9216,"length":1488,"count":372,"stride":4}}],"vertexBundles":[{"view":{"offset":0,"length":9216,"count":192,"stride":48},"attributes":[{"name":"a_position","format":32,"isNormalized":false},{"name":"a_normal","format":32,"isNormalized":false},{"name":"a_texCoord","format":21,"isNormalized":false},{"name":"a_tangent","format":44,"isNormalized":false}]}]},"minPosition",8,[1,-0.0020000000949949026,-0.0020000000949949026,-0.00009999989561038092],"maxPosition",8,[1,0.0020000000949949026,0.0020000000949949026,0.00009999989561038092]]],-1],0,0,[],[],[]],[[[2,".bin",249092229,[{"primitives":[{"primitiveMode":7,"vertexBundelIndices":[0],"indexView":{"offset":576,"length":72,"count":18,"stride":4}}],"vertexBundles":[{"view":{"offset":0,"length":576,"count":12,"stride":48},"attributes":[{"name":"a_position","format":32,"isNormalized":false},{"name":"a_normal","format":32,"isNormalized":false},{"name":"a_texCoord","format":21,"isNormalized":false},{"name":"a_tangent","format":44,"isNormalized":false}]}]},"minPosition",8,[1,-0.029999999329447746,0.011655369773507118,0.00699999975040555],"maxPosition",8,[1,-0.027308320626616478,0.01498252060264349,0.009999999776482582]]],-1],0,0,[],[],[]],[[[2,".bin",2258799111,[{"primitives":[{"primitiveMode":7,"vertexBundelIndices":[0],"indexView":{"offset":576,"length":72,"count":18,"stride":4}}],"vertexBundles":[{"view":{"offset":0,"length":576,"count":12,"stride":48},"attributes":[{"name":"a_position","format":32,"isNormalized":false},{"name":"a_normal","format":32,"isNormalized":false},{"name":"a_texCoord","format":21,"isNormalized":false},{"name":"a_tangent","format":44,"isNormalized":false}]}]},"minPosition",8,[1,0.027308320626616478,0.011655369773507118,0.00699999975040555],"maxPosition",8,[1,0.029999999329447746,0.01498252060264349,0.009999999776482582]]],-1],0,0,[],[],[]],[[[2,".bin",2661988838,[{"primitives":[{"primitiveMode":7,"vertexBundelIndices":[0],"indexView":{"offset":576,"length":72,"count":18,"stride":4}}],"vertexBundles":[{"view":{"offset":0,"length":576,"count":12,"stride":48},"attributes":[{"name":"a_position","format":32,"isNormalized":false},{"name":"a_normal","format":32,"isNormalized":false},{"name":"a_texCoord","format":21,"isNormalized":false},{"name":"a_tangent","format":44,"isNormalized":false}]}]},"minPosition",8,[1,-0.02761939913034439,0.016032809391617775,0.00699999975040555],"maxPosition",8,[1,-0.024123869836330414,0.01938129961490631,0.009999999776482582]]],-1],0,0,[],[],[]],[[[2,".bin",2371677860,[{"primitives":[{"primitiveMode":7,"vertexBundelIndices":[0],"indexView":{"offset":576,"length":72,"count":18,"stride":4}}],"vertexBundles":[{"view":{"offset":0,"length":576,"count":12,"stride":48},"attributes":[{"name":"a_position","format":32,"isNormalized":false},{"name":"a_normal","format":32,"isNormalized":false},{"name":"a_texCoord","format":21,"isNormalized":false},{"name":"a_tangent","format":44,"isNormalized":false}]}]},"minPosition",8,[1,0.026032811030745506,-0.01761939935386181,0.00699999975040555],"maxPosition",8,[1,0.029381299391388893,-0.014123870059847832,0.009999999776482582]]],-1],0,0,[],[],[]],[[[2,".bin",3731638490,[{"primitives":[{"primitiveMode":7,"vertexBundelIndices":[0],"indexView":{"offset":576,"length":72,"count":18,"stride":4}}],"vertexBundles":[{"view":{"offset":0,"length":576,"count":12,"stride":48},"attributes":[{"name":"a_position","format":32,"isNormalized":false},{"name":"a_normal","format":32,"isNormalized":false},{"name":"a_texCoord","format":21,"isNormalized":false},{"name":"a_tangent","format":44,"isNormalized":false}]}]},"minPosition",8,[1,0.0216553695499897,-0.019999999552965164,0.00699999975040555],"maxPosition",8,[1,0.024982530623674393,-0.017308318987488747,0.009999999776482582]]],-1],0,0,[],[],[]],[[[2,".bin",3756007056,[{"primitives":[{"primitiveMode":7,"vertexBundelIndices":[0],"indexView":{"offset":576,"length":72,"count":18,"stride":4}}],"vertexBundles":[{"view":{"offset":0,"length":576,"count":12,"stride":48},"attributes":[{"name":"a_position","format":32,"isNormalized":false},{"name":"a_normal","format":32,"isNormalized":false},{"name":"a_texCoord","format":21,"isNormalized":false},{"name":"a_tangent","format":44,"isNormalized":false}]}]},"minPosition",8,[1,0.0216553695499897,0.017308318987488747,0.00699999975040555],"maxPosition",8,[1,0.024982530623674393,0.019999999552965164,0.009999999776482582]]],-1],0,0,[],[],[]],[[[10,"map_005"],[11,"map_005",[[-2,-3,-4,-5,-6,-7,-8,-9,-10,-11,-12,-13,-14,-15,-16,-17,-18,-19,-20,-21,-22,-23,-24,-25,-26,-27,-28,-29,-30,[9,"Camera",-32,[1,"e5LVTe1EFfAr4zCF4ly/jo",-31,0],[1,-6.300000190734863,7,0],[3,-4.4971273106791125e-8,-6.092074868835776e-9,-0.422618062986199,0.9063078797173681],[1,99.99999237060547,99.99999237060547,100],[1,-0.000007724992193907352,-0.000004372489397016428,-49.999974869920194]],[9,"char",-34,[1,"93SBwicM1c+qdWw/kd1kY5",-33,0],[1,-2.200000047683716,0.8999999761581421,0],[3,-0.7071068407911908,0,0,0.7071067215818992],[1,100,100,100],[1,-90.00000965934633,0,0]]],1,1,1,1,1,1,1,1,1,1,1,1,1,1,1,1,1,1,1,1,1,1,1,1,1,1,1,1,1,4,4],[1,"03e4OwvoRdVpI3zb9YqhpV",-1,0]],[7,"0.Cube.001",2,1,[[3,-35,[0,"062FuAr+ldmLZfbvOrAzPv"],[0],[4],1],[5,-36,[0,"c5mh/Q94FKkIofmCkUWPiw"],2],[6,2,-37,[0,"05D8qDT8xDlao2W281K4sC"]]],[1,"f0XMywNupSALNU6V8IvIxZ",1,0],[3,-0.7071068407911908,0,0,0.7071067215818992],[1,100,100,100],[1,-90.00000965934633,0,0]],[7,"0.Cube.002",2,1,[[3,-38,[0,"f1Ox7bf99T0I/pL726G1SI"],[3],[4],4],[5,-39,[0,"55YHXcwOZAT74tq1wRKx6Z"],5],[6,2,-40,[0,"2cByrfYKJFHL9ROMgAwMAd"]]],[1,"940ibxBC1W5bAurqDBfMlf",1,0],[3,-0.7071068407911908,0,0,0.7071067215818992],[1,100,100,100],[1,-90.00000965934633,0,0]],[7,"0.Cube.003",2,1,[[3,-41,[0,"4eQ30189FeYaj1ZOABFAlr"],[6],[4],7],[5,-42,[0,"9agw+sVwZMGaq6rdlSPRv6"],8],[6,2,-43,[0,"6ca+Ul8UZNZYKE2iquJNj8"]]],[1,"88spWGGHNUHKLN3dkxlinT",1,0],[3,-0.7071068407911908,0,0,0.7071067215818992],[1,100,100,100],[1,-90.00000965934633,0,0]],[7,"0.Cube.004",2,1,[[3,-44,[0,"11eX/XMBRVt5RR8u22UAah"],[9],[4],10],[5,-45,[0,"d2vJIeO1tMaootIB3iOUED"],11],[6,2,-46,[0,"38HnlPLjlA3YhJ1UsOgR36"]]],[1,"9bOLg6c3xXI6sWh5uEwfx8",1,0],[3,-0.7071068407911908,0,0,0.7071067215818992],[1,100,100,100],[1,-90.00000965934633,0,0]],[7,"0.Cube.005",2,1,[[3,-47,[0,"b5PmGqkI5TcZ5mPv5Gz7Kw"],[12],[4],13],[5,-48,[0,"2ebJcAIi9GMaVRE+DpwnkF"],14],[6,2,-49,[0,"91qyj8fvxIKprXeTc0OY1i"]]],[1,"2fRH7nOAVREoGQK6ZE1peG",1,0],[3,-0.7071068407911908,0,0,0.7071067215818992],[1,100,100,100],[1,-90.00000965934633,0,0]],[7,"0.Cube.006",2,1,[[3,-50,[0,"3dJJjIfRZbvbcF/SDIT0DB"],[15],[4],16],[5,-51,[0,"56NU9gydJNNoh5eGrKPst/"],17],[6,2,-52,[0,"f0eFLaP3hNkoOCNhEKHMwa"]]],[1,"deRPUwQk9fFKQ5i6p/Z8GV",1,0],[3,-0.7071068407911908,0,0,0.7071067215818992],[1,100,100,100],[1,-90.00000965934633,0,0]],[7,"0.Cube.007",2,1,[[3,-53,[0,"f41lIx3iNS8puP4M6FDAns"],[18],[4],19],[5,-54,[0,"06pHDk8KpGgL3rSx1Y14tF"],20],[6,2,-55,[0,"f2xy7IH+ZLGIRc4thBAxU0"]]],[1,"2aQ332+nlY2rtsyZeke52L",1,0],[3,-0.7071068407911908,0,0,0.7071067215818992],[1,100,100,100],[1,-90.00000965934633,0,0]],[7,"0.Cube.008",2,1,[[3,-56,[0,"edUPq0Rv5XsJvTE/aMRidZ"],[21],[4],22],[5,-57,[0,"0eJ/FmzW9AzICmflw/h2g4"],23],[6,2,-58,[0,"6d7LS9N5pJpqykSuacXXOG"]]],[1,"acZ7UrCsBR+JLf0Q4Q4YXR",1,0],[3,-0.7071068407911908,0,0,0.7071067215818992],[1,100,100,100],[1,-90.00000965934633,0,0]],[7,"0.Cube.009",2,1,[[3,-59,[0,"7fEMuYxDlbdIMSiqEvtAgX"],[24],[4],25],[5,-60,[0,"4djRTM6KRLCbCt6NlOl6H3"],26],[6,2,-61,[0,"61G65kTHtP97PSb+s+p1w/"]]],[1,"47OPxjSKpQ+7rxssUUMUdZ",1,0],[3,-0.7071068407911908,0,0,0.7071067215818992],[1,100,100,100],[1,-90.00000965934633,0,0]],[7,"0.Cube.010",2,1,[[3,-62,[0,"80184PPDlYO6EBVzVe0UbT"],[27],[4],28],[5,-63,[0,"a0xO81MfpIKqjGiENGTluE"],29],[6,2,-64,[0,"6epITEBfpNaZY46zJajLzz"]]],[1,"d8yUTkLW1UE6/9LPrmsyK9",1,0],[3,-0.7071068407911908,0,0,0.7071067215818992],[1,100,100,100],[1,-90.00000965934633,0,0]],[7,"0.Cube.011",2,1,[[3,-65,[0,"539o2KrwVYhbvLPZtJONJT"],[30],[4],31],[5,-66,[0,"47wSsO+KxKo5JjJryKn57r"],32],[6,2,-67,[0,"66pZ2XhHFL1rWbyD3CAOyt"]]],[1,"a0ID08CDhXCbWB1HkV4b8G",1,0],[3,-0.7071068407911908,0,0,0.7071067215818992],[1,100,100,100],[1,-90.00000965934633,0,0]],[7,"0.Cube.012",2,1,[[3,-68,[0,"74K1pkwFFQdYrGlCWJijku"],[33],[4],34],[5,-69,[0,"da06jWtihLZLpr1MW39J/I"],35],[6,2,-70,[0,"c9wOVswKJI5YXdzHzM2gBd"]]],[1,"4fQ/+VxjdSCJed9fU8tFot",1,0],[3,-0.7071068407911908,0,0,0.7071067215818992],[1,100,100,100],[1,-90.00000965934633,0,0]],[7,"0.Cube.013",2,1,[[3,-71,[0,"edssgPoL1aAIiZZ1mUOWHn"],[36],[4],37],[5,-72,[0,"ecEURyEzVC+Y70crNX3kj6"],38],[6,2,-73,[0,"11Ex9UhI5LtrelBA4MfWYK"]]],[1,"f4ch2gmZFYqIIyaejcdhSy",1,0],[3,-0.7071068407911908,0,0,0.7071067215818992],[1,100,100,100],[1,-90.00000965934633,0,0]],[7,"0.Cube.014",2,1,[[3,-74,[0,"d2K2y3A2hWLbK2V6mjpy7y"],[39],[4],40],[5,-75,[0,"2a+FK5sNJKQJoPb6Ld2SBu"],41],[6,2,-76,[0,"738wRcnAdMJpZ65oMD521a"]]],[1,"86QUGhe4BciZlghni8kUCL",1,0],[3,-0.7071068407911908,0,0,0.7071067215818992],[1,100,100,100],[1,-90.00000965934633,0,0]],[7,"0.Cube.015",2,1,[[3,-77,[0,"6aTovGQbNUI4zrcFRIsxaw"],[42],[4],43],[5,-78,[0,"9eTJob/nFOpa+WBseh+94f"],44],[6,2,-79,[0,"b3easI+FhBT7/KAKdsDxFX"]]],[1,"26NRdAg31VBoNoH5336/S7",1,0],[3,-0.7071068407911908,0,0,0.7071067215818992],[1,100,100,100],[1,-90.00000965934633,0,0]],[7,"0.Cube.016",2,1,[[3,-80,[0,"f6j9bAm85ZIIbzXoTn6ZlB"],[45],[4],46],[5,-81,[0,"00MAaExGNIYYpZqUsCmlr4"],47],[6,2,-82,[0,"afAjh0yY9LxJXyCNoc3r0y"]]],[1,"63Go72HCpdbL5IqqTJTCfB",1,0],[3,-0.7071068407911908,0,0,0.7071067215818992],[1,100,100,100],[1,-90.00000965934633,0,0]],[7,"0.Cube.017",2,1,[[3,-83,[0,"47y+YezcxdZKdz72f4wCX5"],[48],[4],49],[5,-84,[0,"27SkkC8nxLm71NtIMigyja"],50],[6,2,-85,[0,"2dLR+0z75OOIpDAg2+Ja8D"]]],[1,"6fj4S4zbFdlYzKLy3rtyTo",1,0],[3,-0.7071068407911908,0,0,0.7071067215818992],[1,100,100,100],[1,-90.00000965934633,0,0]],[7,"0.Cube.018",2,1,[[3,-86,[0,"7dvNs8oAdcIb3fbGQYOpjh"],[51],[4],52],[5,-87,[0,"c4uB5ZGXhANK3e4NiTPvvO"],53],[6,2,-88,[0,"ddjt1v/UZO54l59/stFqw7"]]],[1,"29mg28GERU3ojIN5qXoBvm",1,0],[3,-0.7071068407911908,0,0,0.7071067215818992],[1,100,100,100],[1,-90.00000965934633,0,0]],[7,"0.Cube.019",2,1,[[3,-89,[0,"84GQ+kzg1aqYdA02lP/KAe"],[54],[4],55],[5,-90,[0,"65/kK3+qJLWY7V+84I/xpe"],56],[6,2,-91,[0,"efjfd9MTlGsZAmqIxFRHop"]]],[1,"c2teIG4UtUR7Bo5WeYRQ0I",1,0],[3,-0.7071068407911908,0,0,0.7071067215818992],[1,100,100,100],[1,-90.00000965934633,0,0]],[7,"0.Cube.020",2,1,[[3,-92,[0,"343gu1VepUu410SyTVeLr+"],[57],[4],58],[5,-93,[0,"64qoK7ov9ARrWFPCgWRPdt"],59],[6,2,-94,[0,"b9QUMkJYxFfK7tFa+CL3o/"]]],[1,"8fhw/X0+Nfer/eOaBeTBCA",1,0],[3,-0.7071068407911908,0,0,0.7071067215818992],[1,100,100,100],[1,-90.00000965934633,0,0]],[12,"0.ground",1,[[3,-95,[0,"6dShkuEpRUN55NHUK17ogt"],[60],[4],61],[5,-96,[0,"fe3YDM+AJLuooyo+zdcsLY"],62],[6,2,-97,[0,"b0s4noj1JJzK4qpute/uOX"]]],[1,"77NIC2AqZWabuM6G6ljGTq",1,0],[3,-0.7071068407911908,0,0,0.7071067215818992],[1,100,100,100],[1,-90.00000965934633,0,0]],[8,"1.disc.001",1,[[3,-98,[0,"cadZPRsjhZW5Cn++NNqSOy"],[63],[4],64]],[1,"76U6ahdGtWW4RhHVtBC/Dk",1,0],[1,2,0.699999988079071,0],[3,-0.7071068407911908,0,0,0.7071067215818992],[1,100,100,100],[1,-90.00000965934633,0,0]],[8,"1.disc.003",1,[[3,-99,[0,"58IqYG4HhU2aYuwZoR1ysM"],[65],[4],66]],[1,"ee0ESdm7JdmLneH8OBmUot",1,0],[1,0.6000000238418579,0.699999988079071,1.2000000476837158],[3,-0.7071068407911908,0,0,0.7071067215818992],[1,100,100,100],[1,-90.00000965934633,0,0]],[8,"1.disc.004",1,[[3,-100,[0,"bfF9ytjCdUlLT6xIrmGQVh"],[67],[4],68]],[1,"daBjFzj+tZhLGi4L1Ldz2Y",1,0],[1,0.6000000238418579,0.699999988079071,0],[3,-0.7071068407911908,0,0,0.7071067215818992],[1,100,100,100],[1,-90.00000965934633,0,0]],[8,"1.disc.005",1,[[3,-101,[0,"a81yCJIp1bspS2XhXK7N/f"],[69],[4],70]],[1,"f0/aJD/m5eNanKz7dTMZQ4",1,0],[1,0.6000000238418579,0.699999988079071,-1.2000000476837158],[3,-0.7071068407911908,0,0,0.7071067215818992],[1,100,100,100],[1,-90.00000965934633,0,0]],[8,"1.disc.006",1,[[3,-102,[0,"d0nxY4LllTmqF+0JelaFCO"],[71],[4],72]],[1,"39M97+vRdePLDCdMagT4MI",1,0],[1,-0.800000011920929,0.699999988079071,-0.800000011920929],[3,-0.7071068407911908,0,0,0.7071067215818992],[1,100,100,100],[1,-90.00000965934633,0,0]],[8,"1.disc.007",1,[[3,-103,[0,"256vnZsw9YwZTf0JJV8QM4"],[73],[4],74]],[1,"34iWx1QW5Yt5OwKcVhTjXf",1,0],[1,-0.800000011920929,0.699999988079071,0.800000011920929],[3,-0.7071068407911908,0,0,0.7071067215818992],[1,100,100,100],[1,-90.00000965934633,0,0]],[8,"1.disc.hard",1,[[3,-104,[0,"eeqOW4gzFYwIu057zxUWfn"],[75],[4],76]],[1,"0aqFdHsxZQSqkaa508JSz2",1,0],[1,2,0.699999988079071,-1.2000000476837158],[3,-0.7071068407911908,0,0,0.7071067215818992],[1,100,100,100],[1,-90.00000965934633,0,0]],[8,"1.disc.hard.001",1,[[3,-105,[0,"61BShpuPNf3Y22kT43T9BG"],[77],[4],78]],[1,"f0NrFH2SRZAZmjp1yH3/1w",1,0],[1,2,0.699999988079071,1.2000000476837158],[3,-0.7071068407911908,0,0,0.7071067215818992],[1,100,100,100],[1,-90.00000965934633,0,0]]],0,[0,2,1,0,-1,2,0,-2,3,0,-3,4,0,-4,5,0,-5,6,0,-6,7,0,-7,8,0,-8,9,0,-9,10,0,-10,11,0,-11,12,0,-12,13,0,-13,14,0,-14,15,0,-15,16,0,-16,17,0,-17,18,0,-18,19,0,-19,20,0,-20,21,0,-21,22,0,-22,23,0,-23,24,0,-24,25,0,-25,26,0,-26,27,0,-27,28,0,-28,29,0,-29,30,0,2,1,0,3,1,0,2,1,0,3,1,0,0,2,0,0,2,0,0,2,0,0,3,0,0,3,0,0,3,0,0,4,0,0,4,0,0,4,0,0,5,0,0,5,0,0,5,0,0,6,0,0,6,0,0,6,0,0,7,0,0,7,0,0,7,0,0,8,0,0,8,0,0,8,0,0,9,0,0,9,0,0,9,0,0,10,0,0,10,0,0,10,0,0,11,0,0,11,0,0,11,0,0,12,0,0,12,0,0,12,0,0,13,0,0,13,0,0,13,0,0,14,0,0,14,0,0,14,0,0,15,0,0,15,0,0,15,0,0,16,0,0,16,0,0,16,0,0,17,0,0,17,0,0,17,0,0,18,0,0,18,0,0,18,0,0,19,0,0,19,0,0,19,0,0,20,0,0,20,0,0,20,0,0,21,0,0,21,0,0,21,0,0,22,0,0,22,0,0,22,0,0,23,0,0,24,0,0,25,0,0,26,0,0,27,0,0,28,0,0,29,0,0,30,0,4,1,105],[0,0,0,0,0,0,0,0,0,0,0,0,0,0,0,0,0,0,0,0,0,0,0,0,0,0,0,0,0,0,0,0,0,0,0,0,0,0,0,0,0,0,0,0,0,0,0,0,0,0,0,0,0,0,0,0,0,0,0,0,0,0,0,0,0,0,0,0,0,0,0,0,0,0,0,0,0,0,0],[-1,1,1,-1,1,1,-1,1,1,-1,1,1,-1,1,1,-1,1,1,-1,1,1,-1,1,1,-1,1,1,-1,1,1,-1,1,1,-1,1,1,-1,1,1,-1,1,1,-1,1,1,-1,1,1,-1,1,1,-1,1,1,-1,1,1,-1,1,1,-1,1,1,-1,1,-1,1,-1,1,-1,1,-1,1,-1,1,-1,1,-1,1],[0,2,2,0,3,3,0,4,4,0,5,5,0,6,6,0,7,7,0,8,8,0,9,9,0,10,10,0,11,11,0,12,12,0,13,13,0,14,14,0,15,15,0,16,16,0,17,17,0,18,18,0,19,19,0,20,20,0,21,21,23,22,22,1,24,1,25,1,26,1,27,1,28,1,29,1,30,1,31]]]]
