[1,["42uKhe1QBE36b/ZVBEMdxm","81vhsxyJ5CdpQQk9EmBRpi","18yypAwuVLka+dkImcHMfN@59d1a","18yypAwuVLka+dkImcHMfN@f46a0","18yypAwuVLka+dkImcHMfN@5de2e","18yypAwuVLka+dkImcHMfN@6ee7d","18yypAwuVLka+dkImcHMfN@69f24","18yypAwuVLka+dkImcHMfN@9b326","18yypAwuVLka+dkImcHMfN@8f836","18yypAwuVLka+dkImcHMfN@a9330","18yypAwuVLka+dkImcHMfN@e7d0a","67hduPMHBGeZ1Gp/Nchq79","18yypAwuVLka+dkImcHMfN@a03eb","18yypAwuVLka+dkImcHMfN@f1443","18yypAwuVLka+dkImcHMfN@2e118","18yypAwuVLka+dkImcHMfN@a7d6d","18yypAwuVLka+dkImcHMfN@195e2","18yypAwuVLka+dkImcHMfN@3664b","18yypAwuVLka+dkImcHMfN@0b2e5","18yypAwuVLka+dkImcHMfN@308e9","18yypAwuVLka+dkImcHMfN@0a5f9","18yypAwuVLka+dkImcHMfN@ce52e","18yypAwuVLka+dkImcHMfN@323a9"],["node","_mesh","root","_parent","data"],[["cc.Node",["_name","_layer","_prefab","_parent","_lrot","_lscale","_euler","_components","_lpos","_children"],1,4,1,5,5,5,9,5,12],["cc.Mesh",["_native","_hash","_struct"],1,11],["cc.Prefab",["_name"],2],["cc.PrefabInfo",["fileId","root","asset"],2,1,1],["cc.MeshRenderer",["node","__prefab","_materials","lightmapSettings","_mesh"],3,1,4,3,4,6],["cc.CompPrefabInfo",["fileId"],2],["cc.ModelLightmapSettings",[],3],["cc.MeshCollider",["node","__prefab","_mesh"],3,1,4,6]],[[5,0,2],[3,0,1,2,2],[1,0,1,2,3],[4,0,1,2,3,4,1],[6,1],[0,0,3,7,2,8,4,5,6,2],[7,0,1,2,1],[0,0,1,3,7,2,4,5,6,3],[0,0,3,2,8,4,5,6,2],[2,0,2],[0,0,9,2,2],[0,0,3,7,2,4,5,6,2]],[[[[2,".bin",270798204,[{"primitives":[{"primitiveMode":7,"vertexBundelIndices":[0],"indexView":{"offset":13440,"length":1488,"count":372,"stride":4}}],"vertexBundles":[{"view":{"offset":0,"length":13440,"count":280,"stride":48},"attributes":[{"name":"a_position","format":32,"isNormalized":false},{"name":"a_normal","format":32,"isNormalized":false},{"name":"a_texCoord","format":21,"isNormalized":false},{"name":"a_tangent","format":44,"isNormalized":false}]}]},"minPosition",8,[1,-0.0020000000949949026,-0.0020000000949949026,-0.00009999989561038092],"maxPosition",8,[1,0.0020000000949949026,0.0020000000949949026,0.00009999989561038092]]],-1],0,0,[],[],[]],[[[2,".bin",270798204,[{"primitives":[{"primitiveMode":7,"vertexBundelIndices":[0],"indexView":{"offset":13440,"length":1488,"count":372,"stride":4}}],"vertexBundles":[{"view":{"offset":0,"length":13440,"count":280,"stride":48},"attributes":[{"name":"a_position","format":32,"isNormalized":false},{"name":"a_normal","format":32,"isNormalized":false},{"name":"a_texCoord","format":21,"isNormalized":false},{"name":"a_tangent","format":44,"isNormalized":false}]}]},"minPosition",8,[1,-0.0020000000949949026,-0.0020000000949949026,-0.00009999989561038092],"maxPosition",8,[1,0.0020000000949949026,0.0020000000949949026,0.00009999989561038092]]],-1],0,0,[],[],[]],[[[2,".bin",270798204,[{"primitives":[{"primitiveMode":7,"vertexBundelIndices":[0],"indexView":{"offset":13440,"length":1488,"count":372,"stride":4}}],"vertexBundles":[{"view":{"offset":0,"length":13440,"count":280,"stride":48},"attributes":[{"name":"a_position","format":32,"isNormalized":false},{"name":"a_normal","format":32,"isNormalized":false},{"name":"a_texCoord","format":21,"isNormalized":false},{"name":"a_tangent","format":44,"isNormalized":false}]}]},"minPosition",8,[1,-0.0020000000949949026,-0.0020000000949949026,-0.00009999989561038092],"maxPosition",8,[1,0.0020000000949949026,0.0020000000949949026,0.00009999989561038092]]],-1],0,0,[],[],[]],[[[2,".bin",270798204,[{"primitives":[{"primitiveMode":7,"vertexBundelIndices":[0],"indexView":{"offset":13440,"length":1488,"count":372,"stride":4}}],"vertexBundles":[{"view":{"offset":0,"length":13440,"count":280,"stride":48},"attributes":[{"name":"a_position","format":32,"isNormalized":false},{"name":"a_normal","format":32,"isNormalized":false},{"name":"a_texCoord","format":21,"isNormalized":false},{"name":"a_tangent","format":44,"isNormalized":false}]}]},"minPosition",8,[1,-0.0020000000949949026,-0.0020000000949949026,-0.00009999989561038092],"maxPosition",8,[1,0.0020000000949949026,0.0020000000949949026,0.00009999989561038092]]],-1],0,0,[],[],[]],[[[2,".bin",270798204,[{"primitives":[{"primitiveMode":7,"vertexBundelIndices":[0],"indexView":{"offset":13440,"length":1488,"count":372,"stride":4}}],"vertexBundles":[{"view":{"offset":0,"length":13440,"count":280,"stride":48},"attributes":[{"name":"a_position","format":32,"isNormalized":false},{"name":"a_normal","format":32,"isNormalized":false},{"name":"a_texCoord","format":21,"isNormalized":false},{"name":"a_tangent","format":44,"isNormalized":false}]}]},"minPosition",8,[1,-0.0020000000949949026,-0.0020000000949949026,-0.00009999989561038092],"maxPosition",8,[1,0.0020000000949949026,0.0020000000949949026,0.00009999989561038092]]],-1],0,0,[],[],[]],[[[2,".bin",270798204,[{"primitives":[{"primitiveMode":7,"vertexBundelIndices":[0],"indexView":{"offset":13440,"length":1488,"count":372,"stride":4}}],"vertexBundles":[{"view":{"offset":0,"length":13440,"count":280,"stride":48},"attributes":[{"name":"a_position","format":32,"isNormalized":false},{"name":"a_normal","format":32,"isNormalized":false},{"name":"a_texCoord","format":21,"isNormalized":false},{"name":"a_tangent","format":44,"isNormalized":false}]}]},"minPosition",8,[1,-0.0020000000949949026,-0.0020000000949949026,-0.00009999989561038092],"maxPosition",8,[1,0.0020000000949949026,0.0020000000949949026,0.00009999989561038092]]],-1],0,0,[],[],[]],[[[2,".bin",270798204,[{"primitives":[{"primitiveMode":7,"vertexBundelIndices":[0],"indexView":{"offset":13440,"length":1488,"count":372,"stride":4}}],"vertexBundles":[{"view":{"offset":0,"length":13440,"count":280,"stride":48},"attributes":[{"name":"a_position","format":32,"isNormalized":false},{"name":"a_normal","format":32,"isNormalized":false},{"name":"a_texCoord","format":21,"isNormalized":false},{"name":"a_tangent","format":44,"isNormalized":false}]}]},"minPosition",8,[1,-0.0020000000949949026,-0.0020000000949949026,-0.00009999989561038092],"maxPosition",8,[1,0.0020000000949949026,0.0020000000949949026,0.00009999989561038092]]],-1],0,0,[],[],[]],[[[2,".bin",560423305,[{"primitives":[{"primitiveMode":7,"vertexBundelIndices":[0],"indexView":{"offset":1344,"length":144,"count":36,"stride":4}}],"vertexBundles":[{"view":{"offset":0,"length":1344,"count":28,"stride":48},"attributes":[{"name":"a_position","format":32,"isNormalized":false},{"name":"a_normal","format":32,"isNormalized":false},{"name":"a_texCoord","format":21,"isNormalized":false},{"name":"a_tangent","format":44,"isNormalized":false}]}]},"minPosition",8,[1,-0.009999999776482582,0.003000000026077032,0.007000001147389412],"maxPosition",8,[1,0.009999999776482582,0.010999999940395355,0.009999999776482582]]],-1],0,0,[],[],[]],[[[2,".bin",1994484500,[{"primitives":[{"primitiveMode":7,"vertexBundelIndices":[0],"indexView":{"offset":576,"length":72,"count":18,"stride":4}}],"vertexBundles":[{"view":{"offset":0,"length":576,"count":12,"stride":48},"attributes":[{"name":"a_position","format":32,"isNormalized":false},{"name":"a_normal","format":32,"isNormalized":false},{"name":"a_texCoord","format":21,"isNormalized":false},{"name":"a_tangent","format":44,"isNormalized":false}]}]},"minPosition",8,[1,-0.01899999938905239,0.017963560298085213,0.00699999975040555],"maxPosition",8,[1,0.01899999938905239,0.019999999552965164,0.009999999776482582]]],-1],0,0,[],[],[]],[[[2,".bin",1560535428,[{"primitives":[{"primitiveMode":7,"vertexBundelIndices":[0],"indexView":{"offset":768,"length":72,"count":18,"stride":4}}],"vertexBundles":[{"view":{"offset":0,"length":768,"count":16,"stride":48},"attributes":[{"name":"a_position","format":32,"isNormalized":false},{"name":"a_normal","format":32,"isNormalized":false},{"name":"a_texCoord","format":21,"isNormalized":false},{"name":"a_tangent","format":44,"isNormalized":false}]}]},"minPosition",8,[1,0.017795909196138382,-0.019999999552965164,0.00699999975040555],"maxPosition",8,[1,0.029999999329447746,0,0.009999999776482582]]],-1],0,0,[],[],[]],[[[2,".bin",2716211510,[{"primitives":[{"primitiveMode":7,"vertexBundelIndices":[0],"indexView":{"offset":768,"length":72,"count":18,"stride":4}}],"vertexBundles":[{"view":{"offset":0,"length":768,"count":16,"stride":48},"attributes":[{"name":"a_position","format":32,"isNormalized":false},{"name":"a_normal","format":32,"isNormalized":false},{"name":"a_texCoord","format":21,"isNormalized":false},{"name":"a_tangent","format":44,"isNormalized":false}]}]},"minPosition",8,[1,0.017795909196138382,0,0.00699999975040555],"maxPosition",8,[1,0.029999999329447746,0.019999999552965164,0.009999999776482582]]],-1],0,0,[],[],[]],[[[2,".bin",4294496629,[{"primitives":[{"primitiveMode":7,"vertexBundelIndices":[0],"indexView":{"offset":864,"length":72,"count":18,"stride":4}}],"vertexBundles":[{"view":{"offset":0,"length":864,"count":18,"stride":48},"attributes":[{"name":"a_position","format":32,"isNormalized":false},{"name":"a_normal","format":32,"isNormalized":false},{"name":"a_texCoord","format":21,"isNormalized":false},{"name":"a_tangent","format":44,"isNormalized":false}]}]},"minPosition",8,[1,-0.029999999329447746,-0.019999999552965164,0.00699999975040555],"maxPosition",8,[1,-0.017795909196138382,-2.78261014230452e-9,0.009999999776482582]]],-1],0,0,[],[],[]],[[[2,".bin",1105473698,[{"primitives":[{"primitiveMode":7,"vertexBundelIndices":[0],"indexView":{"offset":576,"length":72,"count":18,"stride":4}}],"vertexBundles":[{"view":{"offset":0,"length":576,"count":12,"stride":48},"attributes":[{"name":"a_position","format":32,"isNormalized":false},{"name":"a_normal","format":32,"isNormalized":false},{"name":"a_texCoord","format":21,"isNormalized":false},{"name":"a_tangent","format":44,"isNormalized":false}]}]},"minPosition",8,[1,-0.01899999938905239,-0.019999999552965164,0.00699999975040555],"maxPosition",8,[1,0.01899999938905239,-0.017963560298085213,0.009999999776482582]]],-1],0,0,[],[],[]],[[[2,".bin",270798204,[{"primitives":[{"primitiveMode":7,"vertexBundelIndices":[0],"indexView":{"offset":13440,"length":1488,"count":372,"stride":4}}],"vertexBundles":[{"view":{"offset":0,"length":13440,"count":280,"stride":48},"attributes":[{"name":"a_position","format":32,"isNormalized":false},{"name":"a_normal","format":32,"isNormalized":false},{"name":"a_texCoord","format":21,"isNormalized":false},{"name":"a_tangent","format":44,"isNormalized":false}]}]},"minPosition",8,[1,-0.0020000000949949026,-0.0020000000949949026,-0.00009999989561038092],"maxPosition",8,[1,0.0020000000949949026,0.0020000000949949026,0.00009999989561038092]]],-1],0,0,[],[],[]],[[[2,".bin",270798204,[{"primitives":[{"primitiveMode":7,"vertexBundelIndices":[0],"indexView":{"offset":13440,"length":1488,"count":372,"stride":4}}],"vertexBundles":[{"view":{"offset":0,"length":13440,"count":280,"stride":48},"attributes":[{"name":"a_position","format":32,"isNormalized":false},{"name":"a_normal","format":32,"isNormalized":false},{"name":"a_texCoord","format":21,"isNormalized":false},{"name":"a_tangent","format":44,"isNormalized":false}]}]},"minPosition",8,[1,-0.0020000000949949026,-0.0020000000949949026,-0.00009999989561038092],"maxPosition",8,[1,0.0020000000949949026,0.0020000000949949026,0.00009999989561038092]]],-1],0,0,[],[],[]],[[[2,".bin",547530418,[{"primitives":[{"primitiveMode":7,"vertexBundelIndices":[0],"indexView":{"offset":864,"length":72,"count":18,"stride":4}}],"vertexBundles":[{"view":{"offset":0,"length":864,"count":18,"stride":48},"attributes":[{"name":"a_position","format":32,"isNormalized":false},{"name":"a_normal","format":32,"isNormalized":false},{"name":"a_texCoord","format":21,"isNormalized":false},{"name":"a_tangent","format":44,"isNormalized":false}]}]},"minPosition",8,[1,-0.029999999329447746,-2.980230062732403e-9,0.00699999975040555],"maxPosition",8,[1,-0.017795909196138382,0.019999999552965164,0.009999999776482582]]],-1],0,0,[],[],[]],[[[2,".bin",270798204,[{"primitives":[{"primitiveMode":7,"vertexBundelIndices":[0],"indexView":{"offset":13440,"length":1488,"count":372,"stride":4}}],"vertexBundles":[{"view":{"offset":0,"length":13440,"count":280,"stride":48},"attributes":[{"name":"a_position","format":32,"isNormalized":false},{"name":"a_normal","format":32,"isNormalized":false},{"name":"a_texCoord","format":21,"isNormalized":false},{"name":"a_tangent","format":44,"isNormalized":false}]}]},"minPosition",8,[1,-0.0020000000949949026,-0.0020000000949949026,-0.00009999989561038092],"maxPosition",8,[1,0.0020000000949949026,0.0020000000949949026,0.00009999989561038092]]],-1],0,0,[],[],[]],[[[2,".bin",680455854,[{"primitives":[{"primitiveMode":7,"vertexBundelIndices":[0],"indexView":{"offset":2112,"length":240,"count":60,"stride":4}}],"vertexBundles":[{"view":{"offset":0,"length":2112,"count":44,"stride":48},"attributes":[{"name":"a_position","format":32,"isNormalized":false},{"name":"a_normal","format":32,"isNormalized":false},{"name":"a_texCoord","format":21,"isNormalized":false},{"name":"a_tangent","format":44,"isNormalized":false}]}]},"minPosition",8,[1,-0.029999999329447746,-0.019999999552965164,-0.0019999989308416843],"maxPosition",8,[1,0.029999999329447746,0.019999999552965164,0.007000001147389412]]],-1],0,0,[],[],[]],[[[2,".bin",270798204,[{"primitives":[{"primitiveMode":7,"vertexBundelIndices":[0],"indexView":{"offset":13440,"length":1488,"count":372,"stride":4}}],"vertexBundles":[{"view":{"offset":0,"length":13440,"count":280,"stride":48},"attributes":[{"name":"a_position","format":32,"isNormalized":false},{"name":"a_normal","format":32,"isNormalized":false},{"name":"a_texCoord","format":21,"isNormalized":false},{"name":"a_tangent","format":44,"isNormalized":false}]}]},"minPosition",8,[1,-0.0020000000949949026,-0.0020000000949949026,-0.00009999989561038092],"maxPosition",8,[1,0.0020000000949949026,0.0020000000949949026,0.00009999989561038092]]],-1],0,0,[],[],[]],[[[2,".bin",4251260141,[{"primitives":[{"primitiveMode":7,"vertexBundelIndices":[0],"indexView":{"offset":1344,"length":144,"count":36,"stride":4}}],"vertexBundles":[{"view":{"offset":0,"length":1344,"count":28,"stride":48},"attributes":[{"name":"a_position","format":32,"isNormalized":false},{"name":"a_normal","format":32,"isNormalized":false},{"name":"a_texCoord","format":21,"isNormalized":false},{"name":"a_tangent","format":44,"isNormalized":false}]}]},"minPosition",8,[1,-0.009999999776482582,-0.010999999940395355,0.007000001147389412],"maxPosition",8,[1,0.009999999776482582,-0.003000000026077032,0.009999999776482582]]],-1],0,0,[],[],[]],[[[9,"map_016"],[10,"map_016",[[-2,-3,-4,-5,-6,-7,-8,-9,-10,-11,-12,-13,-14,-15,-16,-17,-18,-19,-20,-21,[8,"Camera",-23,[1,"b6Z0UybJxYxY9JmUTyam0Y",-22,0],[1,-5.699999809265137,7.300000190734863,0],[3,-4.4971273106791125e-8,-6.092074868835776e-9,-0.422618062986199,0.9063078797173681],[1,99.99999237060547,99.99999237060547,100],[1,-0.000007724992193907352,-0.000004372489397016428,-49.999974869920194]],[8,"char",-25,[1,"c2jT4L7BpSDLUzPsPQdJZD",-24,0],[1,0.800000011920929,0.8999999761581421,0],[3,-0.7071068407911908,0,0,0.7071067215818992],[1,100,100,100],[1,-90.00000965934633,0,0]]],1,1,1,1,1,1,1,1,1,1,1,1,1,1,1,1,1,1,1,1,4,4],[1,"366zynyCBRIKtDYbYJQL2c",-1,0]],[7,"0.Cube",2,1,[[3,-26,[0,"60G65jTyBbOp7gcVle2gWf"],[0],[4],1],[6,-27,[0,"22eW8ci9JCGo1d7hObrxOW"],2]],[1,"77Iq6kKddQ4ICa+LXJPf4c",1,0],[3,-0.7071068407911908,0,0,0.7071067215818992],[1,100,100,100],[1,-90.00000965934633,0,0]],[7,"0.Cube.001",2,1,[[3,-28,[0,"52LHPvYTJVJ6a7Iq85yq/h"],[3],[4],4],[6,-29,[0,"43WMPqvRVGV4pviGNKSP/K"],5]],[1,"f9p+lR0ixd2J0mXjePKisk",1,0],[3,-0.7071068407911908,0,0,0.7071067215818992],[1,100,100,100],[1,-90.00000965934633,0,0]],[7,"0.Cylinder.001",2,1,[[3,-30,[0,"195WWIrsZex5TqrIwOToYB"],[6],[4],7],[6,-31,[0,"bdMD5jOyJOkLN381elcNgJ"],8]],[1,"e18BeDGEVfsKQSlvtiEWEx",1,0],[3,-0.7071068407911908,0,0,0.7071067215818992],[1,100,100,100],[1,-90.00000965934633,0,0]],[7,"0.Cylinder.002",2,1,[[3,-32,[0,"4cWR3ymSZfD6cTH/SIY1UI"],[9],[4],10],[6,-33,[0,"cb8n9IcgBDO5lpNI2QexgF"],11]],[1,"fbOuQCAcJY7bPfjIaXKcFW",1,0],[3,-0.7071068407911908,0,0,0.7071067215818992],[1,100,100,100],[1,-90.00000965934633,0,0]],[7,"0.Cylinder.003",2,1,[[3,-34,[0,"7eK1LRhcBYg7bTFkhso5KK"],[12],[4],13],[6,-35,[0,"78+5vuxBNJ5p5FaTxB/XbU"],14]],[1,"c7fACmoolXcI+zIEtR4Mfa",1,0],[3,-0.7071068407911908,0,0,0.7071067215818992],[1,100,100,100],[1,-90.00000965934633,0,0]],[7,"0.Cylinder.004",2,1,[[3,-36,[0,"9cVHZJ5KxQp6e+thL5N9YN"],[15],[4],16],[6,-37,[0,"eebJCjvBRNFJxhpMKQZ/Vx"],17]],[1,"0bDNz50dFXOLaSGAxx/agL",1,0],[3,-0.7071068407911908,0,0,0.7071067215818992],[1,100,100,100],[1,-90.00000965934633,0,0]],[7,"0.Cylinder.005",2,1,[[3,-38,[0,"002fvOTK5RIaqypcTJA3+1"],[18],[4],19],[6,-39,[0,"558pdN5f1Nx4C6/fTmThD8"],20]],[1,"56k5p8bWxcYJCWdQu4OXAG",1,0],[3,-0.7071068407911908,0,0,0.7071067215818992],[1,100,100,100],[1,-90.00000965934633,0,0]],[7,"0.Cylinder.006",2,1,[[3,-40,[0,"f4MO25lIZbJ6aytBxnX2lZ"],[21],[4],22],[6,-41,[0,"1cojG7ERtCFIg7PwL2cEnQ"],23]],[1,"bdzaGtMMhVHZ5dDXXHWXWM",1,0],[3,-0.7071068407911908,0,0,0.7071067215818992],[1,100,100,100],[1,-90.00000965934633,0,0]],[11,"0.ground",1,[[3,-42,[0,"0bfClbaXBcI5V7x6OlSLry"],[24],[4],25],[6,-43,[0,"fbLhvV94pIbqaBKjIXgl7a"],26]],[1,"38Roge9FZXVrkIi6FUhAs/",1,0],[3,-0.7071068407911908,0,0,0.7071067215818992],[1,100,100,100],[1,-90.00000965934633,0,0]],[5,"1.disc.hard",1,[[3,-44,[0,"ec+LqgprddkLAcC/NMWymz"],[27],[4],28]],[1,"48awBSVf9Y96cGav87YxDh",1,0],[1,1.399999976158142,0.699999988079071,1.399999976158142],[3,-0.7071068407911908,0,0,0.7071067215818992],[1,100,100,100],[1,-90.00000965934633,0,0]],[5,"1.disc.hard.001",1,[[3,-45,[0,"00z4hORSJWULLMHN0Onw9K"],[29],[4],30]],[1,"0bXF6c6c1UbZjNFwWelwpT",1,0],[1,-1.399999976158142,0.699999988079071,1.399999976158142],[3,-0.7071068407911908,0,0,0.7071067215818992],[1,100,100,100],[1,-90.00000965934633,0,0]],[5,"1.disc.hard.002",1,[[3,-46,[0,"34i55duKZc3YZ1MTIBN3/T"],[31],[4],32]],[1,"c0yKWySXtet4fytaXUYtSH",1,0],[1,1.399999976158142,0.699999988079071,-1.399999976158142],[3,-0.7071068407911908,0,0,0.7071067215818992],[1,100,100,100],[1,-90.00000965934633,0,0]],[5,"1.disc.hard.003",1,[[3,-47,[0,"b9Jyp0gAJRYrH8juilDfQG"],[33],[4],34]],[1,"d8hZZOqJ1dFKfuCLVnOxrQ",1,0],[1,-1.399999976158142,0.699999988079071,-1.399999976158142],[3,-0.7071068407911908,0,0,0.7071067215818992],[1,100,100,100],[1,-90.00000965934633,0,0]],[5,"1.disc.hard.004",1,[[3,-48,[0,"f1FWaLgcNfc7J2UFq+pdej"],[35],[4],36]],[1,"b3i564KRRcu6KFDrokE7xR",1,0],[1,-1.5,0.699999988079071,0],[3,-0.7071068407911908,0,0,0.7071067215818992],[1,100,100,100],[1,-90.00000965934633,0,0]],[5,"1.disc.move",1,[[3,-49,[0,"50fBSVsBBQj77CsBMPcBQZ"],[37],[4],38]],[1,"c2vk25CkBTuKAa1aDtem1t",1,0],[1,2.200000047683716,0.699999988079071,0],[3,-0.7071068407911908,0,0,0.7071067215818992],[1,100,100,100],[1,-90.00000965934633,0,0]],[5,"1.disc.move.001",1,[[3,-50,[0,"b3NLFqOfxZLbR9A5RVISkd"],[39],[4],40]],[1,"75zUo2Ny5YG54Mes/EcGsb",1,0],[1,1.7999999523162842,0.699999988079071,-0.800000011920929],[3,-0.7071068407911908,0,0,0.7071067215818992],[1,100,100,100],[1,-90.00000965934633,0,0]],[5,"1.disc.move.002",1,[[3,-51,[0,"ecB2LZ13NZE7qkX8wb/zDD"],[41],[4],42]],[1,"36BceEpZlfd6k16sUS/GtT",1,0],[1,1.7999999523162842,0.699999988079071,0.800000011920929],[3,-0.7071068407911908,0,0,0.7071067215818992],[1,100,100,100],[1,-90.00000965934633,0,0]],[5,"1.disc.move.003",1,[[3,-52,[0,"a28h3ES/9QwrccrhdADzdh"],[43],[4],44]],[1,"ferwmeNzpfM5G4c6kOWlX5",1,0],[1,-2.200000047683716,0.699999988079071,0],[3,-0.7071068407911908,0,0,0.7071067215818992],[1,100,100,100],[1,-90.00000965934633,0,0]],[5,"1.disc.move.004",1,[[3,-53,[0,"adlFo7LjJZrL2WAjGYb609"],[45],[4],46]],[1,"67of5M5kBYJaZf0Ol2cyCH",1,0],[1,-1.100000023841858,0.699999988079071,-0.6000000238418579],[3,-0.7071068407911908,0,0,0.7071067215818992],[1,100,100,100],[1,-90.00000965934633,0,0]],[5,"1.disc.move.005",1,[[3,-54,[0,"210PXrOUhZo6I1Joek0E1R"],[47],[4],48]],[1,"71rFPX2+5Rio6i4TPISb0H",1,0],[1,-1.100000023841858,0.699999988079071,0.6000000238418579],[3,-0.7071068407911908,0,0,0.7071067215818992],[1,100,100,100],[1,-90.00000965934633,0,0]]],0,[0,2,1,0,-1,2,0,-2,3,0,-3,4,0,-4,5,0,-5,6,0,-6,7,0,-7,8,0,-8,9,0,-9,10,0,-10,11,0,-11,12,0,-12,13,0,-13,14,0,-14,15,0,-15,16,0,-16,17,0,-17,18,0,-18,19,0,-19,20,0,-20,21,0,2,1,0,3,1,0,2,1,0,3,1,0,0,2,0,0,2,0,0,3,0,0,3,0,0,4,0,0,4,0,0,5,0,0,5,0,0,6,0,0,6,0,0,7,0,0,7,0,0,8,0,0,8,0,0,9,0,0,9,0,0,10,0,0,10,0,0,11,0,0,12,0,0,13,0,0,14,0,0,15,0,0,16,0,0,17,0,0,18,0,0,19,0,0,20,0,0,21,0,4,1,54],[0,0,0,0,0,0,0,0,0,0,0,0,0,0,0,0,0,0,0,0,0,0,0,0,0,0,0,0,0,0,0,0,0,0,0,0,0,0,0,0,0,0,0,0,0,0,0,0,0],[-1,1,1,-1,1,1,-1,1,1,-1,1,1,-1,1,1,-1,1,1,-1,1,1,-1,1,1,-1,1,1,-1,1,-1,1,-1,1,-1,1,-1,1,-1,1,-1,1,-1,1,-1,1,-1,1,-1,1],[1,2,2,1,3,3,1,4,4,1,5,5,1,6,6,1,7,7,1,8,8,1,9,9,11,10,10,0,12,0,13,0,14,0,15,0,16,0,17,0,18,0,19,0,20,0,21,0,22]]]]
