[1,["ddxFwx4z9EzLT2aNFhUDYr","ediYZYR19AwpAviT5zreSs@825ed","67IKyViJBC6Y6RjAQbhjLN","1brw/JvvpFnIvdrxpFCgMZ"],["node","root","data","_mesh","_material","_effectAsset"],[["cc.Node",["_name","_layer","_components","_prefab","_lrot","_euler","_children","_lpos","_parent","_lscale"],1,9,4,5,5,2,5,1,5],["cc.PhysicsMaterial",["_friction","_rollingFriction","_spinningFriction","_restitution"],-1],["cc.Prefab",["_name"],2],["cc.RigidBody",["_group","_mass","_linearDamping","_angularDamping","node","__prefab"],-1,1,4],["cc.CompPrefabInfo",["fileId"],2],["cc.SphereCollider",["_radius","node","__prefab","_material"],2,1,4,6],["5ce348UlY5BOLwdEQVxwgqg",["node","__prefab"],3,1,4],["cc.PrefabInfo",["fileId","root","asset"],2,1,1],["cc.MeshRenderer",["node","__prefab","_materials","lightmapSettings","_mesh"],3,1,4,3,4,6],["cc.ModelLightmapSettings",[],3],["cc.Material",[],3],["cc.Mesh",["_native","_hash","_struct"],1,11]],[[4,0,2],[7,0,1,2,2],[1,0,1,2,3,5],[2,0,2],[0,0,1,6,2,3,7,4,5,3],[0,0,1,8,2,3,4,9,5,3],[3,0,1,2,3,4,5,5],[5,0,1,2,3,2],[6,0,1,1],[8,0,1,2,3,4,1],[9,1],[10,1],[11,0,1,2,3]],[[[[2,2,2,2,8]],0,0,[],[],[]],[[[3,"ball"],[4,"ball",2,[-5],[[6,2,100,0.3,0.2,-2,[0,"3aPci6PaNKZZv0KvL8VVBV"]],[7,0.2,-3,[0,"f9pgZGtfxPSbVBPNiPPIWs"],2],[8,-4,[0,"59AO91vLtBv72YLC79TDzP"]]],[1,"8anGKvrexcQ7zaIHNtygHf",-1,0],[1,-1.2999999523162842,0.8999999761581421,0],[3,-0.7071068407911909,0,0,0.7071067215818991],[1,-90.00000965934633,0,0]],[5,"Sphere",2,1,[[9,-6,[0,"8bn7va05NZ14aIpNZWu2C8"],[0],[10],1]],[1,"31+GPzQnFVy6SpivgXmUUf",1,0],[3,-0.7071068407911908,0,0,0.7071067215818992],[1,100,100,100],[1,-90.00000965934633,0,0]]],0,[0,1,1,0,0,1,0,0,1,0,0,1,0,-1,2,0,0,2,0,2,1,6],[0,0,0],[-1,3,4],[0,1,2]],[[[11]],0,0,[0],[5],[3]],[[[12,".bin",2175546940,[{"primitives":[{"primitiveMode":7,"vertexBundelIndices":[0],"indexView":{"offset":95232,"length":11520,"count":2880,"stride":4}}],"vertexBundles":[{"view":{"offset":0,"length":95232,"count":1984,"stride":48},"attributes":[{"name":"a_position","format":32,"isNormalized":false},{"name":"a_normal","format":32,"isNormalized":false},{"name":"a_texCoord","format":21,"isNormalized":false},{"name":"a_tangent","format":44,"isNormalized":false}]}]},"minPosition",8,[1,-0.0019999989308416843,-0.0020000010263174772,-0.0020000000949949026],"maxPosition",8,[1,0.0020000000949949026,0.0020000000949949026,0.0020000000949949026]]],-1],0,0,[],[],[]]]]
