[1,["20835ba4-6145-4fbc-a58a-051ce700aa3e@f9941","544e49d6-3f05-4fa8-9a9e-091f98fc2ce8@f9941","951249e0-9f16-456d-8b85-a6ca954da16b@f9941","0d35b10e-c5f9-48be-b722-81051142f694@f9941","9363ef2c-80db-41e6-8276-5a00e5671242@f9941","6c71d6df-cdeb-49e9-81d8-8af221965799@f9941","fea117cc-3b85-479e-83ab-e02c46c9c40f@f9941","b1f97d1a-ef5e-4563-9ad4-4c7ed1d57d1f@f9941","21dc501b-4dce-4757-891f-0922fad4d0cf@f9941","b9e09e90-a620-4d4e-ae0a-e72b9b1e17f4@f9941","7d396703-1387-416c-a6b6-e707359a08ce@f9941","cfadd602-4da3-4fa8-a3a5-2b74784b5085@f9941","4f2f6688-7d56-4073-8bfd-f2947e86a7ec@f9941","245993b7-80bb-4a2f-b930-635029e21219@f9941","00cfef27-cb62-488a-83c3-3e7c68b1f3aa@6c48a","0d35b10e-c5f9-48be-b722-81051142f694@6c48a","21dc501b-4dce-4757-891f-0922fad4d0cf@6c48a","245993b7-80bb-4a2f-b930-635029e21219@6c48a","618aa68c-cff2-48fd-8e23-0e06b8d97c97@6c48a","b792c277-3756-4387-a37a-2cbd8fc13698@f9941","00cfef27-cb62-488a-83c3-3e7c68b1f3aa@f9941","76d5d38e-a4f8-4bfa-aa10-b2f01da6ba9e@f9941","9c6c68cb-fce1-4fdc-9b4c-da0948b63459@f9941","f2f1630a-562a-4d79-9849-8578c07a2b4e@f9941","618aa68c-cff2-48fd-8e23-0e06b8d97c97@f9941","d1ba84fc-7e0a-4e5a-ad76-2e736869bf73@f9941","6cfc706b-f748-4b66-9436-2338899a4c42@f9941","6c71d6df-cdeb-49e9-81d8-8af221965799@6c48a","76d5d38e-a4f8-4bfa-aa10-b2f01da6ba9e@6c48a","7d396703-1387-416c-a6b6-e707359a08ce@6c48a","9c6c68cb-fce1-4fdc-9b4c-da0948b63459@6c48a","b9e09e90-a620-4d4e-ae0a-e72b9b1e17f4@6c48a","cfadd602-4da3-4fa8-a3a5-2b74784b5085@6c48a","d1ba84fc-7e0a-4e5a-ad76-2e736869bf73@6c48a","f2f1630a-562a-4d79-9849-8578c07a2b4e@6c48a","fea117cc-3b85-479e-83ab-e02c46c9c40f@6c48a"],["node","_spriteFrame","_textureSource","_target","_normalSprite","_hoverSprite","_pressedSprite","_disabledSprite","_parent","target","lbGold","spriteFrame","root","nodeShopRedDot","nodeGoldIcon","nodeSignInRedDot","nodeBtnService","spIcon","perTimeProgress","spTimeProgress","data"],["cc.SpriteFrame",["cc.Node",["_name","_layer","_active","_components","_prefab","_parent","_lpos","_children","_lrot","_euler","_lscale"],0,9,4,1,5,2,5,5,5],["cc.Widget",["_alignMode","_alignFlags","_left","_top","_name","_bottom","_right","_originalWidth","_originalHeight","node","__prefab","_target"],-6,1,4,1],["cc.Sprite",["_sizeMode","_isTrimmedMode","_type","_name","_fillType","_fillStart","node","__prefab","_spriteFrame","_fillCenter"],-3,1,4,6,5],["cc.Button",["_zoomScale","_transition","_name","node","__prefab","clickEvents","_normalColor","_target","_normalSprite","_hoverSprite","_pressedSprite","_disabledSprite"],0,1,4,9,5,1,6,6,6,6],["cc.Layout",["_resizeMode","_layoutType","_isAlign","_spacingX","_name","_spacingY","_paddingLeft","_paddingRight","_startAxis","node","__prefab"],-6,1,4],["cc.Label",["_string","_actualFontSize","_fontSize","_isBold","_srcBlendFactor","_enableWrapText","node","__prefab","_color"],-3,1,4,5],["cc.Node",["_name","_layer","_active","_parent","_components","_prefab","_lpos","_lscale"],0,1,12,4,5,5],["cc.UITransform",["_name","node","__prefab","_contentSize","_anchorPoint"],2,1,4,5,5],["cc.Prefab",["_name"],2],["cc.CompPrefabInfo",["fileId"],2],["cc.ClickEvent",["_componentId","handler","target"],1,1],["6e662xQs9xPfZ4Gn7vNo4u5",["node","__prefab","spIcon","lbGold","nodeBtnService","nodeSignInRedDot","nodeGoldIcon","nodeShopRedDot"],3,1,4,1,1,1,1,1,1],["cc.PrefabInfo",["fileId","root","asset"],2,1,1],["349acC5lWBNyZL7loxYm/uD",["node","__prefab","spTimeProgress","perTimeProgress","lbGold"],3,1,4,1,1,1],["f130br9GwZGkJEkRGonhXxR",["node","__prefab"],3,1,4],["28bd9xEMv1GKLbTuAi4B4dI",["node","__prefab","spriteFrameSet"],3,1,4,9],["SpriteFrameSet",["language","spriteFrame"],2,6],["c4c1axXN+NL4oYQEr2M4qn2",["_dataID","node","__prefab"],2,1,4]],[[10,0,2],[13,0,1,2,2],[8,1,2,3,1],[11,0,1,2,3],[15,0,1,1],[1,0,1,5,7,3,4,6,3],[1,0,1,5,3,4,6,3],[4,1,0,3,4,5,6,7,8,9,10,11,3],[8,0,1,2,3,2],[3,0,1,6,7,8,3],[3,2,0,6,7,8,3],[3,2,0,1,6,7,8,4],[1,0,1,7,3,4,6,3],[1,0,1,5,3,4,3],[7,0,1,3,4,5,6,3],[3,0,6,7,8,2],[1,0,2,1,5,3,4,6,4],[2,1,5,0,9,10,11,4],[5,4,0,1,5,2,9,10,6],[5,0,1,3,2,9,10,5],[17,0,1,2],[18,0,1,2,2],[9,0,2],[1,0,1,7,3,4,3],[1,0,2,1,3,4,6,4],[1,0,1,5,7,3,4,3],[1,0,1,5,7,3,4,6,8,9,3],[1,0,1,5,3,4,10,3],[7,0,1,3,4,5,7,3],[7,0,2,1,3,4,5,6,4],[8,1,2,3,4,1],[2,1,7,8,0,9,10,5],[2,1,2,3,0,9,10,11,5],[2,4,1,2,0,9,10,11,5],[2,4,1,2,3,0,9,10,11,6],[2,4,1,2,5,0,9,10,11,6],[2,4,1,2,6,5,0,9,10,11,7],[2,0,9,10,11,2],[2,1,6,3,0,9,10,11,5],[2,1,3,0,9,10,11,4],[4,3,4,5,6,7,1],[4,1,0,3,4,5,6,7,8,3],[4,2,0,3,4,5,6,7,8,3],[4,2,1,0,3,4,5,6,7,8,9,10,11,4],[12,0,1,2,3,4,5,6,7,1],[3,3,0,6,7,8,3],[3,3,2,0,1,6,7,8,5],[3,2,4,0,1,6,7,5],[3,3,2,4,0,5,1,6,7,9,7],[3,0,1,6,7,3],[14,0,1,2,3,4,1],[5,0,1,6,7,3,2,9,10,7],[5,4,0,1,8,3,5,2,9,10,8],[16,0,1,2,1],[6,0,1,2,3,6,7,5],[6,4,0,1,2,5,3,6,7,8,7],[6,0,1,2,6,7,8,4],[6,0,1,2,3,6,7,8,5]],[[[{"name":"homeBarGold01","rect":{"x":0,"y":0,"width":90,"height":90},"offset":{"x":0,"y":0},"originalSize":{"width":90,"height":90},"rotated":false,"capInsets":[0,0,0,0],"packable":true}],[0],0,[0],[2],[14]],[[{"name":"homeIconArrow","rect":{"x":0,"y":0,"width":50,"height":98},"offset":{"x":0,"y":0},"originalSize":{"width":50,"height":98},"rotated":false,"capInsets":[0,0,0,0],"packable":true}],[0],0,[0],[2],[15]],[[{"name":"homeIconDaily","rect":{"x":0,"y":0,"width":118,"height":129},"offset":{"x":0,"y":0.5},"originalSize":{"width":118,"height":130},"rotated":false,"capInsets":[0,0,0,0],"packable":true}],[0],0,[0],[2],[16]],[[{"name":"homeLogo","rect":{"x":0,"y":0,"width":434,"height":116},"offset":{"x":0,"y":0},"originalSize":{"width":434,"height":116},"rotated":false,"capInsets":[0,0,0,0],"packable":true}],[0],0,[0],[2],[17]],[[{"name":"homeBoxOnline02","rect":{"x":0,"y":0,"width":108,"height":148},"offset":{"x":0,"y":0},"originalSize":{"width":108,"height":148},"rotated":false,"capInsets":[38,34,33,40],"packable":true}],[0],0,[0],[2],[18]],[[[22,"mainUI"],[12,"mainUI",33554432,[-14,-15,-16,-17,-18,-19,-20,-21],[[2,-2,[0,"8236R4W1FFfbTF0UPfAF3Z"],[5,720,1280]],[31,45,100,100,1,-3,[0,"b5cw1/UfdD0bqw1Zf0ZYDx"]],[40,-6,[0,"98rsqm6wdG17PEUZhnuXsB"],[[3,"6e662xQs9xPfZ4Gn7vNo4u5","onBtnBgClick",-5]],[4,4292269782],-4],[44,-13,[0,"07QGuY1CNPR4OU8FNjBs5t"],-12,-11,-10,-9,-8,-7]],[1,"74ap5x21tIuLr2J4ymU6en",-1,0],[1,0,0,-1]],[23,"online",33554432,[-32,-33,-34,-35],[[2,-22,[0,"a6M7rP4NtBgZyuO9AACHHo"],[5,118,158]],[10,1,0,-23,[0,"1bD+oadIFDLJitqfi3zvA6"],26],[41,3,0.85,-26,[0,"4bIgWS7gpBW7un5y4yZ0CC"],[[3,"349acC5lWBNyZL7loxYm/uD","onBtnOnlineClick",-25]],[4,4292269782],-24,27],[50,-30,[0,"4aCzasswtBJoH9RaPHBub+"],-29,-28,-27],[4,-31,[0,"e4hxf2hkVNbqaha8FbQdO8"]]],[1,"1d2F48eHVJy5Oh3maSgkOX",1,0]],[5,"btnChangeCar",33554432,1,[-43,-44,-45],[[2,-36,[0,"e3IEGheiRIiIatU74QtW0G"],[5,211,88]],[11,1,0,false,-37,[0,"54MvkRBQdForyM8nyPa8kK"],35],[7,3,0.85,-39,[0,"344ipr0pxKwYYfv7oXP1r+"],[[3,"6e662xQs9xPfZ4Gn7vNo4u5","onBtnChangeCarClick",1]],[4,4292269782],-38,36,37,38,39],[17,4,220,1,-40,[0,"6849efj49GmKGk6id4gNO4"],1],[4,-41,[0,"42awDEy/1HfY64qNzb+IJo"]],[51,1,1,10,10,15,true,-42,[0,"11d0MAHtpAFKJV+t4GmvV5"]]],[1,"56o2K/sstPGq5DCp531hQk",1,0],[1,0,-376,0]],[5,"gold",33554432,1,[-49,-50],[[2,-46,[0,"3fdC7fMWpOL67REpO7L8l6"],[5,175,42]],[15,2,-47,[0,"81g/FnPVtLdKGO6ijL/scO"],2],[32,9,30,50,1,-48,[0,"2fHHWB53VIPL5f2h5yQ+JH"],1]],[1,"18+YjCQ4pHjrWl7RDlS+PH",1,0],[1,-242.5,569,0]],[6,"icon",33554432,4,[[8,"icon<UITransform>",-51,[0,"ff9+CcVglNdbghmbh4Psb4"],[5,49,52]],[45,"icon<Sprite>",2,-52,[0,"edx89xlXlKNKjV6ErB4Kdh"],0],[33,"icon<Widget>",8,-10,1,-53,[0,"91d1e0Gr5B3YotpvlEp9p/"],4],[42,"icon<Button>",0.85,-55,[0,"b531jNY+dBbZrX7UC17A86"],[[3,"6e662xQs9xPfZ4Gn7vNo4u5","onBtnDebugClick",1]],[4,4292269782],-54,1]],[1,"7eQOFsvolNxpBflijoy56u",1,0],[1,-73,0,0]],[24,"btnService",false,33554432,[[2,-56,[0,"e98k+6nwRHLZV6kKKBRqQg"],[5,84,90]],[10,1,2,-57,[0,"2eY6vjTMFPxbAEV11BKE2d"],8],[7,3,0.85,-59,[0,"93q+5O26NHNKCmYaee8FQu"],[[3,"6e662xQs9xPfZ4Gn7vNo4u5","onBtnServiceClick",1]],[4,4292269782],-58,9,10,11,12],[4,-60,[0,"d9cB67yWpA0a2hNsiKnUxh"]]],[1,"1dYvHgNqxFrIr6sK2RnoGV",1,0],[1,52,0,0]],[12,"btnDaily",33554432,[-66],[[2,-61,[0,"0bBZlLGUpJxY6ER+Io1Dz/"],[5,118,130]],[11,1,2,false,-62,[0,"dfm1ORmjxEvI+oOlS45AIJ"],14],[7,3,0.85,-64,[0,"f9ddgZprdKxqeOM/AGUxtx"],[[3,"6e662xQs9xPfZ4Gn7vNo4u5","onBtnDailyClick",1]],[4,4292269782],-63,15,16,17,18],[4,-65,[0,"00i7/fD11J+I8fV3WdzXgA"]]],[1,"a9TqpXkshP3ogSDHmd0YZi",1,0],[1,0,90,0]],[12,"btnRight",33554432,[-72],[[2,-67,[0,"31Y1pAXE5ITJ8Cfz0uRxwd"],[5,50,98]],[11,1,2,false,-68,[0,"267J155FJN166r7XtgBBvI"],46],[7,3,0.85,-70,[0,"17q1uqHONPU7tNPWuVOC0Z"],[[3,"6e662xQs9xPfZ4Gn7vNo4u5","onBtnRightClick",1]],[4,4292269782],-69,47,48,49,50],[4,-71,[0,"0f+HApKFtP5pdABdtFmluG"]]],[1,"83o+Mrv2dAaJYaYbH+R0oT",1,0],[1,175,0,0]],[5,"leftMenu",33554432,1,[-76,6],[[8,"leftMenu<UITransform>",-73,[0,"4fb3H0reRBZ6gficc5fcPO"],[5,84,120]],[52,"leftMenu<Layout>",1,1,1,20,40,true,-74,[0,"573Mh976FMTIJZiyreu7DX"]],[34,"leftMenu<Widget>",9,21.269000000000005,100,1,-75,[0,"c7GmhGhDtNnaaQqU3h0vph"],1]],[1,"81dq5bAUVAu5t1SJJsxky6",1,0],[1,-296.731,480,0]],[13,"btnSetting",33554432,9,[[2,-77,[0,"49ifLaSGtO2pMbpqSJVxmP"],[5,84,90]],[10,1,2,-78,[0,"6d9o9YgdBA5JmV4FmdZSXS"],3],[7,3,0.85,-80,[0,"c4TSa5pNBIz6i8+08MunDy"],[[3,"6e662xQs9xPfZ4Gn7vNo4u5","onBtnSettingClick",1]],[4,4292269782],-79,4,5,6,7],[4,-81,[0,"de+a0vzapLrabKEAFw13yl"]]],[1,"94z4AJOgtEnINofc01r4ZN",1,0]],[5,"leftBottom",33554432,1,[7,-85],[[8,"leftBottom<UITransform>",-82,[0,"57FyG4lVVJtqKpMzeT8r8+"],[5,120,310]],[18,"leftBottom<Layout>",1,2,50,true,-83,[0,"eb+dzOZfRF8pOdEd5BqjtI"]],[35,"leftBottom<Widget>",12,40,150,1,-84,[0,"8b6OX+Q1dGca3OmTMGJ/9t"],1]],[1,"fbAwfLoTNFR5x9Mke/WZqR",1,0],[1,-260,-335,0]],[6,"btnLottery",33554432,11,[[2,-86,[0,"e0TC/hlYRAV6rf+rcrfKqU"],[5,118,130]],[11,1,2,false,-87,[0,"9bhW38aYtNzZhjpBZRA03o"],19],[7,3,0.85,-89,[0,"1cSuW3WrRMQ6IJmzY4duaL"],[[3,"6e662xQs9xPfZ4Gn7vNo4u5","onBtnLotteryClick",1]],[4,4292269782],-88,20,21,22,23],[4,-90,[0,"33C3BWV6dCw5iab//KNVF1"]]],[1,"d3V2tKhjFGcr+TwEhJTzjY",1,0],[1,0,-90,0]],[5,"rightBottom",33554432,1,[2,-94],[[8,"rightBottom<UITransform>",-91,[0,"2eCr7K+RFP5KE6pZHZbbPD"],[5,120,158]],[18,"rightBottom<Layout>",1,2,50,true,-92,[0,"9dQtbzAiVLsqkNYrkGnPBd"]],[36,"rightBottom<Widget>",36,40,40,302.174,1,-93,[0,"ddfN0KYZRI/IW6j7LBYGMa"],1]],[1,"26C4NV5s5Aip6+wby02XbC",1,0],[1,260,-258.826,0]],[16,"btnRank",false,33554432,13,[[8,"btnRank<UITransform>",-95,[0,"f7+OxkWSVBZaPN8qg5PEVl"],[5,118,130]],[46,"btnRank<Sprite>",1,2,false,-96,[0,"74mtly4eNGXZEwd9eZkdm/"],28],[43,"btnRank<Button>",3,0.85,-98,[0,"23isPtchxHVLZiaGG6+3B9"],[[3,"6e662xQs9xPfZ4Gn7vNo4u5","onBtnRankClick",1]],[4,4292269782],-97,29,30,31,32],[4,-99,[0,"26AJUJXthKvYkz5hgw1pOK"]]],[1,"ddFoZ1c89N4Y1nFjnrQ/nF",1,0],[1,0,-104,0]],[5,"tips",33554432,1,[-103,-104],[[2,-100,[0,"9dwu59MmNJK61CSMYr0ZQW"],[5,192,40]],[19,1,1,10,true,-101,[0,"8beaXoDwtK84BE6LVMgpBB"]],[17,4,380,1,-102,[0,"86IMtkYaRCRIK5Np9GOPmx"],1]],[1,"8fPxsJW0lJe65f/0JCHN5K",1,0],[1,0,-240,0]],[25,"changeCar",33554432,1,[-108,8],[[2,-105,[0,"adXd6FSm1LWpjyFEDZw6g9"],[5,400,100]],[19,1,1,300,true,-106,[0,"84zN0kiuJCzZ+tsi9Dcoyw"]],[37,1,-107,[0,"5b/fnVFGtMH4LiHmcrPDZH"],1]],[1,"aeNOGp1AxHOYi1Frv5Y4ux",1,0]],[5,"btnLeft",33554432,16,[-113],[[2,-109,[0,"39czpCcrlFQa4wiAh3i3xv"],[5,50,98]],[7,3,0.85,-111,[0,"91cRprnSdGxYljsIs9oLNk"],[[3,"6e662xQs9xPfZ4Gn7vNo4u5","onBtnLeftClick",1]],[4,4292269782],-110,41,42,43,44],[4,-112,[0,"eaI0uwfqtAbo0BG0q/jaQW"]]],[1,"8aVUmUH0ZAeLb/anK6g8nW",1,0],[1,-175,0,0]],[6,"redDot",33554432,3,[[2,-114,[0,"55ce7c4tVH8q35P5XYTUr8"],[5,35,35]],[15,0,-115,[0,"7fwYF9vQpLCoUgOaf0la7F"],34],[38,33,5.5,26.5,1,-116,[0,"abF1PR3kRAL51r6DY4NBGi"],3]],[1,"5fb5DTFR1DhZPM+dAOnsJG",1,0],[1,82.5,0,0]],[6,"logo",33554432,1,[[2,-117,[0,"55yX/WpNxNpZ+oKGaYwTA9"],[5,434,116]],[9,2,false,-118,[0,"7bDre4PtFOBKsV4/9M32OV"],51],[39,1,225,1,-119,[0,"fbYN7w1/hCuKPgxY2LV78D"],1],[53,-120,[0,"40VIV8CqtFwYDVOAK/bN0q"],[[20,"en",52],[20,"zh",53]]]],[1,"ceFPxOgwBNWKX41uvF6ZRD",1,0],[1,5,357,0]],[16,"redDot",false,33554432,7,[[2,-121,[0,"89WLTJac5P7JalquHY+8P6"],[5,35,35]],[15,0,-122,[0,"44vpFSHaBJb6gOabztUQ3U"],13]],[1,"55FY4t7PFJAqENmpscFF+e",1,0],[1,48.601,53.783,0]],[26,"proPertime",33554432,2,[-125],[[2,-123,[0,"2944nnwtlHCIY1YPcUynuC"],[5,90,90]],[10,1,0,-124,[0,"68sGIE2CpLKpSlHJMm4yY1"],24]],[1,"31cCJJqvVMtKXGWSeH86aS",1,0],[1,0,21,0],[3,0,0,0.7071067811865475,0.7071067811865476],[1,0,0,90]],[13,"tips",33554432,15,[[2,-126,[0,"31uyWSU41Elp9vSi8EPFs2"],[5,192,50.4]],[54,"点击屏幕开始",32,32,true,-127,[0,"6ekzcueVpMyqDcI4gGuNIl"]],[21,"mainUI.start",-128,[0,"fdfsM6zchLpKKomOPkEUSi"]]],[1,"ecFuSVUqJAlLkmelSvL8Ej",1,0]],[6,"txt",33554432,3,[[2,-129,[0,"dew355/NpMjICPsQQnPCxI"],[5,64,50.4]],[55,1,"换车",32,32,false,true,-130,[0,"85dZ3iDUZJtI3Afkl78xYB"],[4,4280370066]],[21,"mainUI.changeCar",-131,[0,"b4VQ7oNoRNnK4JnYzPSUdM"]]],[1,"853ROofVpDrJjb0OsErK+M",1,0],[1,13.5,0,0]],[14,"txt",33554432,4,[[[2,-132,[0,"1amEA5dGxLW4lZjH8+eUlx"],[5,80.09,50.4]],-133],4,1],[1,"b0FvQDTBlFQJ1m8cHALuII",1,0],[1,8.005,0,0]],[14,"onlineProgress",33554432,2,[[[30,-134,[0,"8bzdnozEhBbZaldXPmUSwF"],[5,108,148],[0,0.5,0]],-135],4,1],[1,"630q79qVxDcbiR8jQHPfs9",1,0],[1,0,-75,0]],[28,"bar",33554432,21,[[[8,"Bar<UITransform>",-136,[0,"b7TwRaPZVCXKhr95c7y8Bb"],[5,90,90]],-137],4,1],[1,"d0oHLJRj1PgZIcJq0HPPdU",1,0],[1,-1,1,1]],[6,"gold",33554432,2,[[2,-138,[0,"3dp9pFR0dPFJc1sX/VnvV7"],[5,82,82]],[9,2,false,-139,[0,"e3clfeIlFPNpk8deb8ky+y"],25]],[1,"20ozMoNsZPHpNmF3/szEeL",1,0],[1,0,21,0]],[14,"txt",33554432,2,[[[2,-140,[0,"0eYUM35uRDQZbHwRQbMdq5"],[5,71.19,50.4]],-141],4,1],[1,"a6xN97ItpG0Y6CsGq+z2Jn",1,0],[1,0,-57,0]],[29,"video",false,33554432,15,[[[2,-142,[0,"4azN3/Y9lJ6bmqOzQ0Efy/"],[5,58,40]],-143],4,1],[1,"46Q6uW6jRNp6uCswt+HNuN",1,0],[1,-101,0,0]],[6,"icon",33554432,3,[[2,-144,[0,"a830CRPK1P+K+SN216KFup"],[5,62,42]],[9,2,false,-145,[0,"deLe/PXktFYJ7NN8E040U6"],33]],[1,"57zDcHqORNpZ0os8n8AcGB",1,0],[1,-64.5,0,0]],[27,"icon",33554432,17,[[2,-146,[0,"bdORAOZDJJZa9gUJbNWJAD"],[5,50,98]],[9,2,false,-147,[0,"77nF+Ecd9IWa4DA2Zqrqfw"],40]],[1,"e4tSp9nXVEvaoNI1MKtp5l",1,0],[1,-1,1,1]],[13,"icon",33554432,8,[[2,-148,[0,"a5pBFYJqFAtqA2GgU/VXve"],[5,50,98]],[9,2,false,-149,[0,"8fcv9G7KBI44WVrbS2C29F"],45]],[1,"f0Lm33oaRKYp2aeYZhgmkp",1,0]],[56,"999999",24,24,24,[0,"b6Ij5A5EVEeZ32fyQJ5TUD"],[4,4281677120]],[47,3,1,0,false,25,[0,"d7bbR+ocpNkauHAyGOidqD"]],[48,"Bar<Sprite>",3,2,0,0.5,false,26,[0,"abJ9ED7kFKqars2z4EeWtq"],[0,0.5,0.5]],[57,"999k",32,32,true,28,[0,"be388Jg+ZIhKV0Wgfs+Rtc"],[4,4289066751]],[49,2,false,29,[0,"d1dt7MS1lIiJaE8OuA9JQE"]]],0,[0,12,1,0,0,1,0,0,1,0,3,1,0,9,1,0,0,1,0,13,18,0,14,5,0,15,20,0,16,6,0,10,33,0,17,37,0,0,1,0,-1,4,0,-2,9,0,-3,11,0,-4,13,0,-5,15,0,-6,3,0,-7,16,0,-8,19,0,0,2,0,0,2,0,3,2,0,9,2,0,0,2,0,10,36,0,18,35,0,19,34,0,0,2,0,0,2,0,-1,25,0,-2,21,0,-3,27,0,-4,28,0,0,3,0,0,3,0,3,3,0,0,3,0,0,3,0,0,3,0,0,3,0,-1,30,0,-2,23,0,-3,18,0,0,4,0,0,4,0,0,4,0,-1,5,0,-2,24,0,0,5,0,0,5,0,0,5,0,3,5,0,0,5,0,0,6,0,0,6,0,3,6,0,0,6,0,0,6,0,0,7,0,0,7,0,3,7,0,0,7,0,0,7,0,-1,20,0,0,8,0,0,8,0,3,8,0,0,8,0,0,8,0,-1,32,0,0,9,0,0,9,0,0,9,0,-1,10,0,0,10,0,0,10,0,3,10,0,0,10,0,0,10,0,0,11,0,0,11,0,0,11,0,-2,12,0,0,12,0,0,12,0,3,12,0,0,12,0,0,12,0,0,13,0,0,13,0,0,13,0,-2,14,0,0,14,0,0,14,0,3,14,0,0,14,0,0,14,0,0,15,0,0,15,0,0,15,0,-1,29,0,-2,22,0,0,16,0,0,16,0,0,16,0,-1,17,0,0,17,0,3,17,0,0,17,0,0,17,0,-1,31,0,0,18,0,0,18,0,0,18,0,0,19,0,0,19,0,0,19,0,0,19,0,0,20,0,0,20,0,0,21,0,0,21,0,-1,26,0,0,22,0,0,22,0,0,22,0,0,23,0,0,23,0,0,23,0,0,24,0,-2,33,0,0,25,0,-2,34,0,0,26,0,-2,35,0,0,27,0,0,27,0,0,28,0,-2,36,0,0,29,0,-2,37,0,0,30,0,0,30,0,0,31,0,0,31,0,0,32,0,0,32,0,20,1,2,8,13,6,8,9,7,8,11,8,8,16,149],[0,0,0,0,0,0,0,0,0,0,0,0,0,0,0,0,0,0,0,0,0,0,0,0,0,0,0,0,0,0,0,0,0,0,0,0,0,0,0,0,0,0,0,0,0,0,0,0,0,0,0,0,0,0,34,35,37],[1,4,1,1,4,5,6,7,1,4,5,6,7,1,1,4,5,6,7,1,4,5,6,7,1,1,1,4,1,4,5,6,7,1,1,1,4,5,6,7,1,4,5,6,7,1,1,4,5,6,7,1,11,11,1,1,1],[4,4,19,5,5,0,1,2,6,6,0,1,2,7,8,8,0,1,2,9,9,0,1,2,20,21,10,10,11,11,0,1,2,22,7,12,12,0,1,2,3,3,0,1,2,3,3,3,0,1,2,13,23,13,24,25,26]],[[{"name":"homeIconSet","rect":{"x":0,"y":0,"width":84,"height":90},"offset":{"x":0,"y":0},"originalSize":{"width":84,"height":90},"rotated":false,"capInsets":[0,0,0,0],"packable":true}],[0],0,[0],[2],[27]],[[{"name":"homeIconGold","rect":{"x":0,"y":0,"width":82,"height":82},"offset":{"x":0,"y":0},"originalSize":{"width":82,"height":82},"rotated":false,"capInsets":[0,0,0,0],"packable":true}],[0],0,[0],[2],[28]],[[{"name":"homeBoxOnline01","rect":{"x":0,"y":0,"width":118,"height":158},"offset":{"x":0,"y":0},"originalSize":{"width":118,"height":158},"rotated":false,"capInsets":[34,32,32,30],"packable":true}],[0],0,[0],[2],[29]],[[{"name":"homeIconCar","rect":{"x":0,"y":0,"width":62,"height":42},"offset":{"x":0,"y":0},"originalSize":{"width":62,"height":42},"rotated":false,"capInsets":[0,0,0,0],"packable":true}],[0],0,[0],[2],[30]],[[{"name":"homeIconLottery","rect":{"x":0,"y":0,"width":118,"height":129},"offset":{"x":0,"y":0.5},"originalSize":{"width":118,"height":130},"rotated":false,"capInsets":[0,0,0,0],"packable":true}],[0],0,[0],[2],[31]],[[{"name":"homeIconRank","rect":{"x":0,"y":0,"width":118,"height":129},"offset":{"x":0,"y":0.5},"originalSize":{"width":118,"height":130},"rotated":false,"capInsets":[0,0,0,0],"packable":true}],[0],0,[0],[2],[32]],[[{"name":"homeBarGold02","rect":{"x":0,"y":0,"width":90,"height":90},"offset":{"x":0,"y":0},"originalSize":{"width":90,"height":90},"rotated":false,"capInsets":[0,0,0,0],"packable":true}],[0],0,[0],[2],[33]],[[{"name":"homeLogoEn","rect":{"x":0,"y":0,"width":473,"height":139},"offset":{"x":-0.5,"y":0.5},"originalSize":{"width":474,"height":140},"rotated":false,"capInsets":[0,0,0,0],"packable":true}],[0],0,[0],[2],[34]],[[{"name":"homeIconService","rect":{"x":0,"y":0,"width":84,"height":90},"offset":{"x":0,"y":0},"originalSize":{"width":84,"height":90},"rotated":false,"capInsets":[0,0,0,0],"packable":true}],[0],0,[0],[2],[35]]]]
