{"version":1,"document":[{"__type__":"cc.AnimationClip","_name":"ClickLineEffect","_objFlags":0,"_native":"","sample":60,"speed":1,"wrapMode":1,"enableTrsBlending":false,"_duration":0.26666666666666666,"_hash":500763545,"_tracks":[{"__id__":1}],"_exoticAnimation":null,"_events":[]},{"__type__":"cc.animation.ObjectTrack","_binding":{"__type__":"cc.animation.TrackBinding","path":{"__id__":2}},"_channel":{"__id__":4}},{"__type__":"cc.animation.TrackPath","_paths":[{"__id__":3},"spriteFrame"]},{"__type__":"cc.animation.ComponentPath","component":"cc.Sprite"},{"__type__":"cc.animation.Channel","_curve":{"__id__":5}},{"__type__":"cc.ObjectCurve","_times":[0,0.08333333333333333,0.16666666666666666,0.25],"_values":[{"__uuid__":"cd0d22fb-c45e-44b8-abd2-949b656136dc@f9941","__expectedType__":"cc.Asset"},{"__uuid__":"a3cc570e-cf69-44e4-befc-c10dedf28259@f9941","__expectedType__":"cc.Asset"},{"__uuid__":"4f0be110-0d5f-49f6-b18e-f2cd7c1bf1e4@f9941","__expectedType__":"cc.Asset"},{"__uuid__":"68ebcb3c-4e3e-4727-aafb-99c719fd692f@f9941","__expectedType__":"cc.Asset"}]}],"chunks":[]}
