{"version":1,"document":[{"__type__":"cc.AnimationClip","_name":"lv1-walk","_objFlags":0,"_native":"","sample":60,"speed":1,"wrapMode":2,"enableTrsBlending":false,"_duration":1.2666666666666666,"_hash":500763545,"_tracks":[{"__id__":1},{"__id__":6}],"_exoticAnimation":null,"_events":[]},{"__type__":"cc.animation.ObjectTrack","_binding":{"__type__":"cc.animation.TrackBinding","path":{"__id__":2}},"_channel":{"__id__":4}},{"__type__":"cc.animation.TrackPath","_paths":[{"__id__":3},"spriteFrame"]},{"__type__":"cc.animation.ComponentPath","component":"cc.Sprite"},{"__type__":"cc.animation.Channel","_curve":{"__id__":5}},{"__type__":"cc.ObjectCurve","_times":[0,0.25,0.5,0.75,1,1.25],"_values":[{"__uuid__":"e74861b6-1ed4-4d43-87d7-b0e86f1d259f@f9941","__expectedType__":"cc.Asset"},{"__uuid__":"9b59d123-ed37-4e05-bc54-9687dae79b8f@f9941","__expectedType__":"cc.Asset"},{"__uuid__":"fc6581ad-9784-4082-be93-6e0fb943c7db@f9941","__expectedType__":"cc.Asset"},{"__uuid__":"b2c6e81c-06b8-459c-afff-f8e1406405e7@f9941","__expectedType__":"cc.Asset"},{"__uuid__":"c81b7584-5fb8-49ea-8072-5af6d1fe74de@f9941","__expectedType__":"cc.Asset"},{"__uuid__":"eb5f5dd0-fb73-4d10-b50d-a4de590ea82b@f9941","__expectedType__":"cc.Asset"}]},{"__type__":"cc.animation.SizeTrack","_binding":{"__type__":"cc.animation.TrackBinding","path":{"__id__":7}},"_channels":[{"__id__":9},{"__id__":11}]},{"__type__":"cc.animation.TrackPath","_paths":[{"__id__":8},"contentSize"]},{"__type__":"cc.animation.ComponentPath","component":"cc.UITransform"},{"__type__":"cc.animation.Channel","_curve":{"__id__":10}},{"__type__":"cc.RealCurve","bytes":{"__type__":"TypedArrayRef","ctor":"Uint8Array","offset":0,"length":26}},{"__type__":"cc.animation.Channel","_curve":{"__id__":12}},{"__type__":"cc.RealCurve","bytes":{"__type__":"TypedArrayRef","ctor":"Uint8Array","offset":26,"length":26}}],"chunks":[".bin"]}
