[1,["1baf0fc9-befa-459c-8bdd-af1a450a0319","f8cf3725-9342-417b-85b5-ed2252917a62","1a2ca742-6274-4198-ab42-dccf32b570fc@1094e","f2f5b229-4990-46fa-a57f-10b7a8c58d13@73a3f","f2f5b229-4990-46fa-a57f-10b7a8c58d13@e2349","f2f5b229-4990-46fa-a57f-10b7a8c58d13@80c75","8a2be976-9946-4c00-b05c-e6286083ba98@4b1c9","1263d74c-8167-4928-91a6-4e2672411f47@a804a","1a2ca742-6274-4198-ab42-dccf32b570fc@551ec","1a2ca742-6274-4198-ab42-dccf32b570fc@7badd","6e06fa83-d473-4c7c-8f72-ab0eb11884ee@6c48a","a3cd009f-0ab0-420d-9278-b9fdab939bbc","215fbee7-dda3-4bc0-becf-f5c49e21f8a9@6c48a","72dbb810-0a73-46ee-9906-7ccb266a7fd3@1f97b","72dbb810-0a73-46ee-9906-7ccb266a7fd3@7cdba","72dbb810-0a73-46ee-9906-7ccb266a7fd3@2c910","72dbb810-0a73-46ee-9906-7ccb266a7fd3@b30c9","72dbb810-0a73-46ee-9906-7ccb266a7fd3@6cc75","8a2be976-9946-4c00-b05c-e6286083ba98@e39f7","8a2be976-9946-4c00-b05c-e6286083ba98@a62fe","8a2be976-9946-4c00-b05c-e6286083ba98@40b15","8a2be976-9946-4c00-b05c-e6286083ba98@39452","dede5a9d-5bc2-447f-93d5-a9485c320cdb","5f50935a-d4bf-4ff6-a8f0-dc0c7a633c31@44b97","2e38d9c9-4fce-4aae-ba4c-af63ae667b5b","1263d74c-8167-4928-91a6-4e2672411f47@2e76e","6fd7963d-40ca-4d7c-bf16-3cec2e758c82","53194443-6efa-4fff-91fd-70b344982cf8","8a2be976-9946-4c00-b05c-e6286083ba98@88f1a","057b66f8-369a-4f66-aa41-a0729e65da94@8c1ef","057b66f8-369a-4f66-aa41-a0729e65da94@05e05","7809bbdf-f235-4796-acbd-cf0affd0a4e4@8c1ef","7809bbdf-f235-4796-acbd-cf0affd0a4e4@adf97","9be5c6f4-dd6b-4846-af4c-dabb38506eef@82fbd","72dbb810-0a73-46ee-9906-7ccb266a7fd3@529ce","9be5c6f4-dd6b-4846-af4c-dabb38506eef@1f97b","9be5c6f4-dd6b-4846-af4c-dabb38506eef@7cdba","9be5c6f4-dd6b-4846-af4c-dabb38506eef@2c910","9be5c6f4-dd6b-4846-af4c-dabb38506eef@b30c9","9be5c6f4-dd6b-4846-af4c-dabb38506eef@a1f32","9be5c6f4-dd6b-4846-af4c-dabb38506eef@759f8"],["node","root","_mesh","_effectAsset","asset","value","data","_parent","mainTexture"],[["cc.Node",["_name","_layer","_objFlags","__editorExtras__","_prefab","_parent","_lpos","_components","_lscale","_lrot","_euler","_children"],-1,4,1,5,9,5,5,5,12],["cc.Node",["_name","_children","_prefab","_parent","_lpos","_lscale","_lrot","_euler"],2,2,4,1,5,5,5,5],["cc.Material",["_states","_defines","_name","_props"],0,12],["cc.Prefab",["_name"],2],["cc.PrefabInfo",["fileId","root","asset","nestedPrefabInstanceRoots"],2,1,1,2],["cc.MeshRenderer",["_name","node","__prefab","_materials","lightmapSettings","_mesh"],2,1,4,3,4,6],["cc.ModelLightmapSettings",["_castShadow"],2],["cc.BoxCollider",["_enabled","_isTrigger","node","__prefab"],1,1,4],["cc.Mesh",["_native","_hash","_struct"],1,11],["cc.PrefabInfo",["fileId","root","instance","asset"],2,1,4,6],["cc.CompPrefabInfo",["fileId"],2],["cc.TargetInfo",["localID"],2],["cc.PrefabInstance",["fileId","prefabRootNode","propertyOverrides"],2,1,9],["CCPropertyOverrideInfo",["value","propertyPath","targetInfo"],1,1],["CCPropertyOverrideInfo",["propertyPath","targetInfo","value"],2,1,8],["CCPropertyOverrideInfo",["value","propertyPath","targetInfo"],1,4],["CCPropertyOverrideInfo",["propertyPath","targetInfo","value"],2,4,8],["CCPropertyOverrideInfo",["propertyPath","targetInfo","value"],2,4,6]],[[11,0,2],[4,0,1,2,2],[16,0,1,2,2],[10,0,2],[6,1],[5,1,2,3,4,5,1],[14,0,1,2,2],[2,2,0,1,3,4],[8,0,1,2,3],[0,2,3,5,4,3],[9,0,1,2,3,2],[12,0,1,2,2],[0,0,5,7,4,6,9,8,10,2],[15,0,1,2,3],[17,0,1,2,2],[2,0,1,3,3],[1,0,3,1,2,4,5,2],[13,0,1,2,3],[3,1],[0,0,11,4,2],[0,0,5,4,6,9,10,2],[0,0,5,7,4,6,8,2],[5,0,1,2,3,4,5,2],[0,0,5,7,4,9,8,10,2],[0,0,1,5,7,4,6,8,3],[1,0,3,1,2,2],[3,0,2],[0,0,5,7,4,6,2],[0,0,11,4,6,2],[0,0,5,4,6,2],[0,0,5,7,4,8,2],[1,0,1,2,2],[1,0,3,1,2,4,6,5,7,2],[1,0,3,1,2,4,2],[4,0,1,2,3,2],[6,0,2],[7,2,3,1],[7,0,1,2,3,3]],[[[[8,".bin",2068218894,[{"primitives":[{"primitiveMode":7,"vertexBundelIndices":[0],"indexView":{"offset":17280,"length":1440,"count":360,"stride":4}},{"primitiveMode":7,"vertexBundelIndices":[1],"indexView":{"offset":32688,"length":1728,"count":432,"stride":4}}],"vertexBundles":[{"view":{"offset":0,"length":17280,"count":360,"stride":48},"attributes":[{"name":"a_position","format":32,"isNormalized":false},{"name":"a_normal","format":32,"isNormalized":false},{"name":"a_texCoord","format":21,"isNormalized":false},{"name":"a_tangent","format":44,"isNormalized":false}]},{"view":{"offset":18720,"length":13968,"count":291,"stride":48},"attributes":[{"name":"a_position","format":32,"isNormalized":false},{"name":"a_normal","format":32,"isNormalized":false},{"name":"a_texCoord","format":21,"isNormalized":false},{"name":"a_tangent","format":44,"isNormalized":false}]}]},"minPosition",8,[1,-140.09437561035156,0,-136.15122985839844],"maxPosition",8,[1,150.10801696777344,757.2488403320312,151.58876037597656]]],-1],0,0,[],[],[]],[[[7,"Wood",[{"rasterizerState":{},"blendState":{"targets":[{}]},"depthStencilState":{}}],[{}],[[[{"metallic":0.4000000059604645,"roughness":0.08219022303819656},"albedoScale",8,[1,0.4699999988079071,0.3411416709423065,0.249099999666214]]],11]]],0,0,[0],[3],[0]],[[[8,".bin",3434579268,[{"primitives":[{"primitiveMode":7,"vertexBundelIndices":[0],"indexView":{"offset":1344,"length":144,"count":36,"stride":4}}],"vertexBundles":[{"view":{"offset":0,"length":1344,"count":24,"stride":56},"attributes":[{"name":"a_position","format":32,"isNormalized":false},{"name":"a_normal","format":32,"isNormalized":false},{"name":"a_texCoord","format":21,"isNormalized":false},{"name":"a_tangent","format":44,"isNormalized":false},{"name":"a_texCoord1","format":21,"isNormalized":false}]}]},"minPosition",8,[1,-0.5,-0.5,-0.5],"maxPosition",8,[1,0.5,0.5,0.5]]],-1],0,0,[],[],[]],[[[18],[19,"co",[[[20,"CINEMA_4D_Editor",-3,[1,"3dv8uxsMNeqobSz5Kjmrw9",-2,0],[1,3.654510021209717,5.496287822723389,4.837050914764404],[3,-0.2481615227709492,0.7694451754257615,-0.18065026274114984,0.5601209362285757],[1,0.000001219278749149491,107.89418575402313,-35.751108105238444]],-4],4,1],[1,"27Cx+szv1SPa0WgNe2LHm6",-1,0]],[27,"Cube_007",1,[[5,-5,[3,"12upZObsxai6viCNO77Hw3"],[0],[4],1]],[1,"9fTuIXs1ZY9Zcmb5KPZzhJ",1,0],[1,-0.15122972428798676,0.03881615027785301,-0.002784963697195053]]],0,[0,1,1,0,1,1,0,7,1,0,-2,2,0,0,2,0,6,1,5],[0,0],[-1,2],[8,9]],[[[7,"Material.005",[{"rasterizerState":{},"blendState":{"targets":[{}]},"depthStencilState":{}}],[{}],[[[{"metallic":0.4000000059604645,"roughness":0.24253562092781067},"albedoScale",8,[1,0.8600000143051147,0.4351600110530853,0.1891999989748001]]],11]]],0,0,[0],[3],[0]],[[[8,".bin",2374252931,[{"primitives":[{"primitiveMode":7,"vertexBundelIndices":[0],"indexView":{"offset":21024,"length":2376,"count":594,"stride":4}}],"vertexBundles":[{"view":{"offset":0,"length":21024,"count":438,"stride":48},"attributes":[{"name":"a_position","format":32,"isNormalized":false},{"name":"a_normal","format":32,"isNormalized":false},{"name":"a_texCoord","format":21,"isNormalized":false},{"name":"a_tangent","format":44,"isNormalized":false}]}]},"minPosition",8,[1,-0.6848616003990173,-0.1161719337105751,-0.42029109597206116],"maxPosition",8,[1,0.5833625197410583,0.7514452338218689,0.5872264504432678]]],-1],0,0,[],[],[]],[[[15,[{"rasterizerState":{},"depthStencilState":{},"blendState":{"targets":[{}]}},{},{}],[{"USE_ALBEDO_MAP":true},{},{}],[[[{},"tilingOffset",8,[2,5,10,0,0],"mainTexture",6,0],{},{}],11,0,0]]],0,0,[0,0],[8,3],[10,0]],[[[15,[{"rasterizerState":{},"depthStencilState":{},"blendState":{"targets":[{}]}}],[{}],[[[{},"mainColor",8,[4,4284800253]]],11]]],0,0,[0],[3],[11]],[[[8,".bin",2734865494,[{"primitives":[{"primitiveMode":7,"vertexBundelIndices":[0],"indexView":{"offset":3456,"length":1344,"count":336,"stride":4}}],"vertexBundles":[{"view":{"offset":0,"length":3456,"count":72,"stride":48},"attributes":[{"name":"a_position","format":32,"isNormalized":false},{"name":"a_normal","format":32,"isNormalized":false},{"name":"a_texCoord","format":21,"isNormalized":false},{"name":"a_tangent","format":44,"isNormalized":false}]}]},"minPosition",8,[1,-36.401634216308594,-0.17654772102832794,-8.176518440246582],"maxPosition",8,[1,33.96871566772461,5.525756359100342,7.459650993347168]]],-1],0,0,[],[],[]],[[[15,[{"rasterizerState":{},"depthStencilState":{},"blendState":{"targets":[{}]}},{},{}],[{"USE_BATCHING":true,"USE_ALBEDO_MAP":true},{},{}],[[[{},"tilingOffset",8,[2,10,20,0,0],"mainColor",8,[4,4289717503],"mainTexture",6,0],{},{}],11,0,0]]],0,0,[0,0],[8,3],[12,0]],[[[7,"Brown",[{"rasterizerState":{},"blendState":{"targets":[{}]},"depthStencilState":{}}],[{}],[[[{"metallic":0.4000000059604645,"roughness":0.5773503184318542},"albedoScale",8,[1,0.3799999952316284,0.2536608576774597,0.18619999289512634]]],11]]],0,0,[0],[3],[0]],[[[7,"Rock",[{"rasterizerState":{},"blendState":{"targets":[{}]},"depthStencilState":{}}],[{}],[[[{"metallic":0.4000000059604645,"roughness":0.7052985429763794},"albedoScale",8,[1,0.36000001430511475,0.36000001430511475,0.36000001430511475]]],11]]],0,0,[0],[3],[0]],[[[18],[19,"than cay2",[[[20,"CINEMA_4D_Editor",-3,[1,"10WNtyJ0hUkoEwBVYLsqOk",-2,0],[1,3.509131908416748,2.145158290863037,3.3621408939361572],[3,-0.15606123619741927,0.9106032491976133,-0.06464267692231652,0.3771842221350199],[1,-5.27214871792338e-7,134.99999922474493,-19.45000065527169]],-4],4,1],[1,"86Y7C3aQNTs5QI+70SNvo/",-1,0]],[23,"Log_02_001",1,[[5,-5,[3,"2djOADQFBeWIJAY+yLdrpx"],[0,1,2,3],[4],4]],[1,"19PkBg/hdVNLtPuQKwwiw5",1,0],[3,2.0222598226022023e-8,-0.37928908161775987,8.289626565760066e-9,0.9252782244090454],[1,100,100,100],[1,0.0000025044781208610036,-44.5793073839244,2.758306990074013e-14]]],0,[0,1,1,0,1,1,0,7,1,0,-2,2,0,0,2,0,6,1,5],[0,0,0,0,0],[-1,-2,-3,-4,2],[13,14,15,16,17]],[[[8,".bin",1182053176,[{"primitives":[{"primitiveMode":7,"vertexBundelIndices":[0],"indexView":{"offset":11376,"length":1452,"count":363,"stride":4}},{"primitiveMode":7,"vertexBundelIndices":[1],"indexView":{"offset":30060,"length":2244,"count":561,"stride":4}},{"primitiveMode":7,"vertexBundelIndices":[2],"indexView":{"offset":39792,"length":936,"count":234,"stride":4}},{"primitiveMode":7,"vertexBundelIndices":[3],"indexView":{"offset":57624,"length":2112,"count":528,"stride":4}}],"vertexBundles":[{"view":{"offset":0,"length":11376,"count":237,"stride":48},"attributes":[{"name":"a_position","format":32,"isNormalized":false},{"name":"a_normal","format":32,"isNormalized":false},{"name":"a_texCoord","format":21,"isNormalized":false},{"name":"a_tangent","format":44,"isNormalized":false}]},{"view":{"offset":12828,"length":17232,"count":359,"stride":48},"attributes":[{"name":"a_position","format":32,"isNormalized":false},{"name":"a_normal","format":32,"isNormalized":false},{"name":"a_texCoord","format":21,"isNormalized":false},{"name":"a_tangent","format":44,"isNormalized":false}]},{"view":{"offset":32304,"length":7488,"count":156,"stride":48},"attributes":[{"name":"a_position","format":32,"isNormalized":false},{"name":"a_normal","format":32,"isNormalized":false},{"name":"a_texCoord","format":21,"isNormalized":false},{"name":"a_tangent","format":44,"isNormalized":false}]},{"view":{"offset":40728,"length":16896,"count":352,"stride":48},"attributes":[{"name":"a_position","format":32,"isNormalized":false},{"name":"a_normal","format":32,"isNormalized":false},{"name":"a_texCoord","format":21,"isNormalized":false},{"name":"a_tangent","format":44,"isNormalized":false}]}]},"minPosition",8,[1,-0.012192795053124428,-0.0000049008494897861965,-0.01860538125038147],"maxPosition",8,[1,0.013644212856888771,0.009099358692765236,0.016537215560674667]]],-1],0,0,[],[],[]],[[[7,"Orange light",[{"rasterizerState":{},"blendState":{"targets":[{}]},"depthStencilState":{}}],[{}],[[[{"metallic":0.4000000059604645,"roughness":0.27216553688049316},"albedoScale",8,[1,0.6172067523002625,0.34670406579971313,0.10702310502529144]]],11]]],0,0,[0],[3],[0]],[[[7,"Orange",[{"rasterizerState":{},"blendState":{"targets":[{}]},"depthStencilState":{}}],[{}],[[[{"metallic":0.4000000059604645,"roughness":0.5195829272270203},"albedoScale",8,[1,0.08862639218568802,0.4664546847343445,0.08862639218568802]]],11]]],0,0,[0],[3],[0]],[[[7,"Wood",[{"rasterizerState":{},"blendState":{"targets":[{}]},"depthStencilState":{}}],[{}],[[[{},"albedoScale",8,[1,0.41999998688697815,0.30602025985717773,0.17219999432563782]]],11]]],0,0,[0],[3],[0]],[[[8,".bin",3747173221,[{"primitives":[{"primitiveMode":7,"vertexBundelIndices":[0],"indexView":{"offset":25680,"length":3168,"count":792,"stride":4}},{"primitiveMode":7,"vertexBundelIndices":[1],"indexView":{"offset":80688,"length":4320,"count":1080,"stride":4}}],"vertexBundles":[{"view":{"offset":0,"length":25680,"count":535,"stride":48},"attributes":[{"name":"a_position","format":32,"isNormalized":false},{"name":"a_normal","format":32,"isNormalized":false},{"name":"a_texCoord","format":21,"isNormalized":false},{"name":"a_tangent","format":44,"isNormalized":false}]},{"view":{"offset":28848,"length":51840,"count":1080,"stride":48},"attributes":[{"name":"a_position","format":32,"isNormalized":false},{"name":"a_normal","format":32,"isNormalized":false},{"name":"a_texCoord","format":21,"isNormalized":false},{"name":"a_tangent","format":44,"isNormalized":false}]}]},"minPosition",8,[1,-98.65265655517578,0,-77.0086898803711],"maxPosition",8,[1,115.57671356201172,506.6766052246094,98.1829605102539]]],-1],0,0,[],[],[]],[[[8,".bin",4101680395,[{"primitives":[{"primitiveMode":7,"vertexBundelIndices":[0],"indexView":{"offset":11088,"length":1386,"count":693,"stride":2}}],"vertexBundles":[{"view":{"offset":0,"length":11088,"count":231,"stride":48},"attributes":[{"name":"a_position","format":32,"isNormalized":false},{"name":"a_normal","format":32,"isNormalized":false},{"name":"a_texCoord","format":21,"isNormalized":false},{"name":"a_tangent","format":44,"isNormalized":false}]}]},"minPosition",8,[1,2.1490719318389893,-4.687847137451172,-13.419811248779297],"maxPosition",8,[1,16.90807342529297,14.496025085449219,3.44173264503479]]],-1],0,0,[],[],[]],[[[8,".bin",3714392966,[{"primitives":[{"primitiveMode":7,"vertexBundelIndices":[0],"indexView":{"offset":5808,"length":1260,"count":630,"stride":2}}],"vertexBundles":[{"view":{"offset":0,"length":5808,"count":121,"stride":48},"attributes":[{"name":"a_position","format":32,"isNormalized":false},{"name":"a_normal","format":32,"isNormalized":false},{"name":"a_texCoord","format":21,"isNormalized":false},{"name":"a_tangent","format":44,"isNormalized":false}]}]},"minPosition",8,[1,-15.59255599975586,-2.22269344329834,-2.6762211322784424],"maxPosition",8,[1,17.60256004333496,12.044855117797852,10.101033210754395]]],-1],0,0,[],[],[]],[[[7,"Tree",[{"rasterizerState":{"cullMode":0},"blendState":{"targets":[{}]},"depthStencilState":{}}],[{"USE_ALBEDO_MAP":true}],[[[{"metallic":0,"roughness":0.5527864098548889},"mainTexture",6,0]],11]]],0,0,[0,0],[8,3],[18,0]],[[[18],[31,"caydao",[-2],[1,"89CmJ/g6dYOJx8Q3Zo7Fnl",-1,0]],[32,"Tree",1,[-3,-4,-5],[1,"bbIJBGvHRf9rmrUbwC1iMk",1,0],[1,-9.915401458740234,6.600630760192871,3.440753936767578],[3,0.7071068407911908,0,0,0.7071067215818992],[1,0.009999999776482582,0.009999999776482582,0.009999999776482582],[1,90.00000965934633,0,0]],[12,"Leaves",2,[[5,-6,[3,"1c2AcOWW5dtoNdUwaLiQg4"],[0],[4],1]],[1,"08LvBDr6tb1ot+U3rGJlZv",1,0],[1,0,0,497.44281005859375],[3,-0.7070915657098161,0.00463871748231402,0.004638717947975305,0.7070915657098161],[1,92.67459869384766,92.67455291748047,92.674560546875],[1,-90.00000000024754,0.7517417760827787,3.773100884416344e-8]],[12,"Leaves_bollen",2,[[5,-7,[3,"8clYpV5sVeXbDQP6N0YeFK"],[2],[4],3]],[1,"beOxeR/MlfZrIrrEx/h8if",1,0],[1,640,-690,-681.13818359375],[3,-0.7045321918146887,-0.06028660264916893,-0.06028660637445915,0.7045320726054016],[1,79.85372161865234,79.85371398925781,79.85372161865234],[1,-90.00000964991085,-9.78173745428766,5.227823326533756e-7]],[12,"Tree_1",2,[[5,-8,[3,"feD7NBq7tdkZFpzZhPf2bZ"],[4],[4],5]],[1,"3cKRSdzKlXsIMspfB0rgHS",1,0],[1,0,0,245.57879638671875],[3,-0.7069847599519955,0,0,0.7072287813682495],[1,100,99.99999237060547,99.99999237060547],[1,-89.98022731827281,0,0]]],0,[0,1,1,0,-1,2,0,-1,3,0,-2,4,0,-3,5,0,0,3,0,0,4,0,0,5,0,6,1,8],[0,0,0,0,0,0],[-1,2,-1,2,-1,2],[6,19,6,20,6,21]],[[[8,".bin",1672166360,[{"primitives":[{"primitiveMode":7,"vertexBundelIndices":[0],"indexView":{"offset":172800,"length":7200,"count":3600,"stride":2}}],"vertexBundles":[{"view":{"offset":0,"length":172800,"count":3600,"stride":48},"attributes":[{"name":"a_position","format":32,"isNormalized":false},{"name":"a_normal","format":32,"isNormalized":false},{"name":"a_texCoord","format":21,"isNormalized":false},{"name":"a_tangent","format":44,"isNormalized":false}]}]},"minPosition",8,[1,-6.902077674865723,7.923159599304199,-11.153711318969727],"maxPosition",8,[1,23.84209632873535,24.47658920288086,3.058661699295044]]],-1],0,0,[],[],[]],[[[26,"MapLowend"],[28,"MapLowend",[[-14,-15,-16,-17,[29,"Boss",-19,[1,"48tex1/UJH/LCRacyFhw1Y",-18,0],[1,0,0,-5.442]],-20,-21,-22],1,1,1,1,4,1,1,1],[34,"7ci/qmHYdIA50wA41JT+9Y",-13,0,[-1,-2,-3,-4,-5,-6,-7,-8,-9,-10,-11,-12]],[1,10,0,0]],[25,"Deco",1,[-23,-24,-25,-26,-27,-28,-29,-30,-31,-32,-33],[1,"5cjc2X5RdLbImD+5lJTQ4Y",1,0]],[25,"Trees",1,[-34,-35,-36,-37,-38,-39],[1,"cefqt+zHNNTbHmegL2rABv",1,0]],[0,["89CmJ/g6dYOJx8Q3Zo7Fnl"]],[0,["62+4cS1UlTeZUuIaUu37jc"]],[0,["27Cx+szv1SPa0WgNe2LHm6"]],[0,["27Cx+szv1SPa0WgNe2LHm6"]],[24,"Ground",1,1,[[22,"Cube<ModelComponent>",-40,[3,"238wKiU5NIa4QLUdOHZpnU"],[4],[4],5],[36,-41,[3,"b2ADrr/z1OoachUBvwLjWr"]]],[1,"74cAiuW3hKIpYqwAiC7LWD",1,0],[1,0,-0.5,22.403],[1,20,1,100]],[24,"FinishLine",16,1,[[22,"Cube<ModelComponent>",-42,[3,"310szF/N5K+4LyWlDHh61f"],[6],[35,true],7],[37,false,true,-43,[3,"52p2zDaT5LHpqyVa5uEoFE"]]],[1,"e9kbWTIQxLkKo4xU/Z7qPM",1,0],[1,0,-0.495,2],[1,20,1,1]],[9,0,null,1,[10,"89CmJ/g6dYOJx8Q3Zo7Fnl",-44,[11,"47Vx9FsgVENINPW2aV4DNL",1,[[17,"caydao",["_name"],4],[6,["_lpos"],4,[1,6.744,0,-11.628]],[6,["_lrot"],4,[3,0,0,0,1]],[6,["_euler"],4,[1,0,0,0]],[17,true,["_active"],4],[13,false,["_active"],[0,["beOxeR/MlfZrIrrEx/h8if"]]],[13,true,["_active"],[0,["08LvBDr6tb1ot+U3rGJlZv"]]]]],8]],[16,"cay1",3,[-45,-46],[1,"c4g9MUuMBIP5VsO9LSXnzH",1,0],[1,-11.775,0,8.367],[1,1.799,1.799,1.799]],[16,"cay6",3,[-47,-48],[1,"01/Lgj+2JH1Yrxy48wsAqs",1,0],[1,-5.211,0,-23.185],[1,1.799,1.799,1.799]],[16,"cay7",3,[-49,-50],[1,"d89GCY31VHt6kreq989Zow",1,0],[1,-12.257,0,-15.541],[1,3,3,3]],[16,"cay8",3,[-51,-52],[1,"50/fESFudD7Y/bafHzt+3m",1,0],[1,10.802,0,29.774],[1,3,3,3]],[9,0,null,2,[10,"62+4cS1UlTeZUuIaUu37jc",-53,[11,"2dHmwEobpDP68dzVB0ES5L",1,[[17,"than cay",["_name"],5],[6,["_lpos"],5,[1,-4.183,0,-10.593]],[6,["_lrot"],5,[3,0,0,0,1]],[6,["_euler"],5,[1,0,0,0]],[6,["_lscale"],5,[1,3,3,3]]]],31]],[9,0,null,2,[10,"86Y7C3aQNTs5QI+70SNvo/",-54,[11,"77Jb3hs+BMErhnqIShp34S",1,[[13,"than cay2",["_name"],[0,["86Y7C3aQNTs5QI+70SNvo/"]]],[2,["_lpos"],[0,["86Y7C3aQNTs5QI+70SNvo/"]],[1,-10.439,0,16.868]],[2,["_lrot"],[0,["86Y7C3aQNTs5QI+70SNvo/"]],[3,0,0.36766201882393856,0,0.9299594829422978]],[2,["_euler"],[0,["86Y7C3aQNTs5QI+70SNvo/"]],[1,0,43.143,0]],[2,["_lscale"],[0,["86Y7C3aQNTs5QI+70SNvo/"]],[1,2,2,2]],[2,["_lpos"],[0,["19PkBg/hdVNLtPuQKwwiw5"]],[1,-0.428,0,-0.422]]]],32]],[9,0,null,2,[10,"27Cx+szv1SPa0WgNe2LHm6",-55,[11,"a0SKdmsJhBd475I/O5Nxdd",1,[[17,"co",["_name"],6],[6,["_lpos"],6,[1,10.176,0,-3.715]],[6,["_lrot"],6,[3,0,0,0,1]],[6,["_euler"],6,[1,0,0,0]],[6,["_lscale"],6,[1,2,2,2]],[14,["_materials","0"],[0,["12upZObsxai6viCNO77Hw3"]],34]]],33]],[9,0,null,2,[10,"27Cx+szv1SPa0WgNe2LHm6",-56,[11,"96FdTP12xPfoxztSEKB8c5",1,[[17,"co-001",["_name"],7],[6,["_lpos"],7,[1,10.586,0,6.941]],[6,["_lrot"],7,[3,0,0,0,1]],[6,["_euler"],7,[1,0,0,0]],[6,["_lscale"],7,[1,2,2,2]]]],35]],[9,0,null,2,[10,"27Cx+szv1SPa0WgNe2LHm6",-57,[11,"eceRsO74JLfbqDK8H0/TIa",1,[[13,"co-002",["_name"],[0,["27Cx+szv1SPa0WgNe2LHm6"]]],[2,["_lpos"],[0,["27Cx+szv1SPa0WgNe2LHm6"]],[1,10.556,0,14.382]],[2,["_lrot"],[0,["27Cx+szv1SPa0WgNe2LHm6"]],[3,0,0,0,1]],[2,["_euler"],[0,["27Cx+szv1SPa0WgNe2LHm6"]],[1,0,0,0]],[2,["_lscale"],[0,["27Cx+szv1SPa0WgNe2LHm6"]],[1,2,2,2]],[14,["_materials","0"],[0,["12upZObsxai6viCNO77Hw3"]],37]]],36]],[9,0,null,2,[10,"27Cx+szv1SPa0WgNe2LHm6",-58,[11,"51cfFDTRFOqJ5Jn5nMAkt3",1,[[13,"co-003",["_name"],[0,["27Cx+szv1SPa0WgNe2LHm6"]]],[2,["_lpos"],[0,["27Cx+szv1SPa0WgNe2LHm6"]],[1,-10.636,0,-5.609]],[2,["_lrot"],[0,["27Cx+szv1SPa0WgNe2LHm6"]],[3,0,0,0,1]],[2,["_euler"],[0,["27Cx+szv1SPa0WgNe2LHm6"]],[1,0,0,0]],[2,["_lscale"],[0,["27Cx+szv1SPa0WgNe2LHm6"]],[1,2,2,2]],[14,["_materials","0"],[0,["12upZObsxai6viCNO77Hw3"]],39]]],38]],[9,0,null,2,[10,"27Cx+szv1SPa0WgNe2LHm6",-59,[11,"26yezs63NPVabmrp1Laue7",1,[[13,"co-004",["_name"],[0,["27Cx+szv1SPa0WgNe2LHm6"]]],[2,["_lpos"],[0,["27Cx+szv1SPa0WgNe2LHm6"]],[1,-10.192,0,2.892]],[2,["_lrot"],[0,["27Cx+szv1SPa0WgNe2LHm6"]],[3,0,0,0,1]],[2,["_euler"],[0,["27Cx+szv1SPa0WgNe2LHm6"]],[1,0,0,0]],[2,["_lscale"],[0,["27Cx+szv1SPa0WgNe2LHm6"]],[1,2,2,2]],[14,["_materials","0"],[0,["12upZObsxai6viCNO77Hw3"]],41]]],40]],[9,0,null,2,[10,"27Cx+szv1SPa0WgNe2LHm6",-60,[11,"39NdHGdNhDJ6sxHDckntRd",1,[[13,"co-005",["_name"],[0,["27Cx+szv1SPa0WgNe2LHm6"]]],[2,["_lpos"],[0,["27Cx+szv1SPa0WgNe2LHm6"]],[1,-9.324,0,23.529]],[2,["_lrot"],[0,["27Cx+szv1SPa0WgNe2LHm6"]],[3,0,0,0,1]],[2,["_euler"],[0,["27Cx+szv1SPa0WgNe2LHm6"]],[1,0,0,0]],[2,["_lscale"],[0,["27Cx+szv1SPa0WgNe2LHm6"]],[1,2,2,2]],[14,["_materials","0"],[0,["12upZObsxai6viCNO77Hw3"]],43]]],42]],[9,0,null,2,[10,"27Cx+szv1SPa0WgNe2LHm6",-61,[11,"1b5mD8np1DRqi6SCZCftF2",1,[[13,"co-006",["_name"],[0,["27Cx+szv1SPa0WgNe2LHm6"]]],[2,["_lpos"],[0,["27Cx+szv1SPa0WgNe2LHm6"]],[1,10.574,0,22.432]],[2,["_lrot"],[0,["27Cx+szv1SPa0WgNe2LHm6"]],[3,0,0,0,1]],[2,["_euler"],[0,["27Cx+szv1SPa0WgNe2LHm6"]],[1,0,0,0]],[2,["_lscale"],[0,["27Cx+szv1SPa0WgNe2LHm6"]],[1,2,2,2]],[14,["_materials","0"],[0,["12upZObsxai6viCNO77Hw3"]],45]]],44]],[9,0,null,2,[10,"27Cx+szv1SPa0WgNe2LHm6",-62,[11,"d0Jac3sYBGxZgHzis61M9a",1,[[13,"co-007",["_name"],[0,["27Cx+szv1SPa0WgNe2LHm6"]]],[2,["_lpos"],[0,["27Cx+szv1SPa0WgNe2LHm6"]],[1,-9.324,0,33.902]],[2,["_lrot"],[0,["27Cx+szv1SPa0WgNe2LHm6"]],[3,0,0,0,1]],[2,["_euler"],[0,["27Cx+szv1SPa0WgNe2LHm6"]],[1,0,0,0]],[2,["_lscale"],[0,["27Cx+szv1SPa0WgNe2LHm6"]],[1,2,2,2]],[14,["_materials","0"],[0,["12upZObsxai6viCNO77Hw3"]],47]]],46]],[9,0,null,2,[10,"27Cx+szv1SPa0WgNe2LHm6",-63,[11,"79MYh/SMxOXppwE0b2JrQ4",1,[[13,"co-008",["_name"],[0,["27Cx+szv1SPa0WgNe2LHm6"]]],[2,["_lpos"],[0,["27Cx+szv1SPa0WgNe2LHm6"]],[1,10.574,0,37.134]],[2,["_lrot"],[0,["27Cx+szv1SPa0WgNe2LHm6"]],[3,0,0,0,1]],[2,["_euler"],[0,["27Cx+szv1SPa0WgNe2LHm6"]],[1,0,0,0]],[2,["_lscale"],[0,["27Cx+szv1SPa0WgNe2LHm6"]],[1,2,2,2]],[14,["_materials","0"],[0,["12upZObsxai6viCNO77Hw3"]],49]]],48]],[21,"Plane_2",1,[[5,-64,[3,"46qboITDleT6VQjMJ8wbq/"],[0],[4],1]],[1,"361eAOL5laxoSEgn3tA3tF",1,0],[1,0,0,-42.871],[1,2,3,2]],[21,"plan",1,[[22,"Plane<ModelComponent>",-65,[3,"03r8iXs8FEe78LQueyy0oK"],[2],[4],3]],[1,"d12+cMKDpMbYjP4A8ZIWRg",1,0],[1,0,-0.1,56.794],[1,10,1,20]],[33,"cay2",3,[-66],[1,"c7YkGokrVbl7TNhgZjrJX4",1,0],[1,-12.36,0,18.209]],[30,"tree",28,[[5,-67,[3,"70as/6EhFVMqpWlmjbvJfI"],[9,10],[4],11]],[1,"e3x4ZGkGZW1aMkW8D3MrlA",1,0],[1,0.009999999776482582,0.009999999776482582,0.009999999776482582]],[16,"cay3",3,[-68],[1,"5ei2LkxcxTa5eeMYhPcMIl",1,0],[1,11.958,0,13.894],[1,2,2,2]],[21,"tree_011_autumn",30,[[5,-69,[3,"a72F6qseBetKNKxdmpSxLH"],[12,13],[4],14]],[1,"94MS2YmJdSAZu7LWhQ+H9D",1,0],[1,-0.01672571711242199,0,-0.024072788655757904],[1,0.009999999776482582,0.009999999776482582,0.009999999776482582]],[12,"Trunk_5",11,[[5,-70,[3,"17uJ32M2dOL5weudKMfkaP"],[15],[4],16]],[1,"50YePqfDhOia3UxRgNHK2x",1,0],[1,-0.014234855771064758,1.0620490312576294,0.015082638710737228],[3,7.71079265486765e-8,-0.5411140280175807,-5.961653168701773e-8,0.8409492307402271],[1,1.1079494953155518,1.1079494953155518,1.1079494953155518],[1,0.0000037339097915480265,-65.51901560735847,-0.000010526226737272948]],[12,"Leaves_5",11,[[5,-71,[3,"e5DHzMljhLK5ywQBYonUZo"],[17],[4],18]],[1,"53bxCxFvpPVoAkffKBoHkN",1,0],[1,-0.3028180003166199,2.2519359588623047,1.0084550380706787],[3,-0.06402251945799768,-0.5438531106010711,-0.022746540877319983,0.8364254335981816],[1,1.1079494953155518,1.1079494953155518,1.1079498529434204],[1,-7.579833294782971,-65.94482630144077,1.8100525479187055]],[12,"Trunk_5",12,[[5,-72,[3,"76iJDVMyZLqZPzyQY3NDTj"],[19],[4],20]],[1,"48h8A9vQdDY4/4tdE/stxo",1,0],[1,-0.014234855771064758,1.0620490312576294,0.015082638710737228],[3,7.71079265486765e-8,-0.5411140280175807,-5.961653168701773e-8,0.8409492307402271],[1,1.1079494953155518,1.1079494953155518,1.1079494953155518],[1,0.0000037339097915480265,-65.51901560735847,-0.000010526226737272948]],[12,"Leaves_5",12,[[5,-73,[3,"9fQVZFH6lBBL5ZzB0/CqCw"],[21],[4],22]],[1,"eeAOJqwZVBMKSrY89ssX09",1,0],[1,-0.3028180003166199,2.2519359588623047,1.0084550380706787],[3,-0.06402251945799768,-0.5438531106010711,-0.022746540877319983,0.8364254335981816],[1,1.1079494953155518,1.1079494953155518,1.1079498529434204],[1,-7.579833294782971,-65.94482630144077,1.8100525479187055]],[12,"Trunk_5",13,[[5,-74,[3,"70xS0H43dLzJ2Iqp3wnQoZ"],[23],[4],24]],[1,"739EYAJkhIZrQmE9EE6ONa",1,0],[1,-0.014234855771064758,1.0620490312576294,0.015082638710737228],[3,7.71079265486765e-8,-0.5411140280175807,-5.961653168701773e-8,0.8409492307402271],[1,1.1079494953155518,1.1079494953155518,1.1079494953155518],[1,0.0000037339097915480265,-65.51901560735847,-0.000010526226737272948]],[12,"Leaves_5",13,[[5,-75,[3,"43VrsrCvpMNqsGty7V64L6"],[25],[4],26]],[1,"fd7Nt26r9ADrbNMK6EJNnq",1,0],[1,-0.3028180003166199,2.2519359588623047,1.0084550380706787],[3,-0.06402251945799768,-0.5438531106010711,-0.022746540877319983,0.8364254335981816],[1,1.1079494953155518,1.1079494953155518,1.1079498529434204],[1,-7.579833294782971,-65.94482630144077,1.8100525479187055]],[12,"Trunk_5",14,[[5,-76,[3,"98hCBxwJ5KFZ0w4kcfraZr"],[27],[4],28]],[1,"eaVEXfATpOKoE/kKSHoeV6",1,0],[1,-0.014234855771064758,1.0620490312576294,0.015082638710737228],[3,7.71079265486765e-8,-0.5411140280175807,-5.961653168701773e-8,0.8409492307402271],[1,1.1079494953155518,1.1079494953155518,1.1079494953155518],[1,0.0000037339097915480265,-65.51901560735847,-0.000010526226737272948]],[12,"Leaves_5",14,[[5,-77,[3,"2fIxMwGeFGjZ7kK0X0krnH"],[29],[4],30]],[1,"46NNoOgN1Hq7oQKoV25Sz9",1,0],[1,-0.3028180003166199,2.2519359588623047,1.0084550380706787],[3,-0.06402251945799768,-0.5438531106010711,-0.022746540877319983,0.8364254335981816],[1,1.1079494953155518,1.1079494953155518,1.1079498529434204],[1,-7.579833294782971,-65.94482630144077,1.8100525479187055]]],0,[0,-1,10,0,-2,15,0,-3,16,0,-4,17,0,-5,18,0,-6,19,0,-7,20,0,-8,21,0,-9,22,0,-10,23,0,-11,24,0,-12,25,0,1,1,0,-1,26,0,-2,27,0,-3,8,0,-4,9,0,1,1,0,7,1,0,-6,10,0,-7,3,0,-8,2,0,-1,15,0,-2,16,0,-3,17,0,-4,18,0,-5,19,0,-6,20,0,-7,21,0,-8,22,0,-9,23,0,-10,24,0,-11,25,0,-1,28,0,-2,30,0,-3,11,0,-4,12,0,-5,13,0,-6,14,0,0,8,0,0,8,0,0,9,0,0,9,0,1,10,0,-1,32,0,-2,33,0,-1,34,0,-2,35,0,-1,36,0,-2,37,0,-1,38,0,-2,39,0,1,15,0,1,16,0,1,17,0,1,18,0,1,19,0,1,20,0,1,21,0,1,22,0,1,23,0,1,24,0,1,25,0,0,26,0,0,27,0,-1,29,0,0,29,0,-1,31,0,0,31,0,0,32,0,0,33,0,0,34,0,0,35,0,0,36,0,0,37,0,0,38,0,0,39,0,6,1,77],[0,0,0,0,0,0,0,0,0,0,0,0,0,0,0,0,0,0,0,0,0,0,0,0,0,0,0,0,0,0,0,0,0,0,0,0,0,0,0,0,0,0,0,0,0,0,0,0,0,0],[-1,2,-1,2,-1,2,-1,2,4,-1,-2,2,-1,-2,2,-1,2,-1,2,-1,2,-1,2,-1,2,-1,2,-1,2,-1,2,4,4,4,5,4,4,5,4,5,4,5,4,5,4,5,4,5,4,5],[22,23,24,25,26,7,27,7,28,1,29,30,31,1,32,3,4,1,5,3,4,1,5,3,4,1,5,3,4,1,5,33,34,2,1,2,2,1,2,1,2,1,2,1,2,1,2,1,2,1]],[[[7,"Brown",[{"rasterizerState":{},"blendState":{"targets":[{}]},"depthStencilState":{}}],[{}],[[[{"metallic":0.4000000059604645,"roughness":0.5773503184318542},"albedoScale",8,[1,0.4300000071525574,0.2590053677558899,0.16769999265670776]]],11]]],0,0,[0],[3],[0]],[[[7,"Rock",[{"rasterizerState":{},"blendState":{"targets":[{}]},"depthStencilState":{}}],[{}],[[[{"metallic":0.4000000059604645,"roughness":0.7052985429763794},"albedoScale",8,[1,0.4399999976158142,0.4399999976158142,0.4399999976158142]]],11]]],0,0,[0],[3],[0]],[[[8,".bin",4152626932,[{"primitives":[{"primitiveMode":7,"vertexBundelIndices":[0],"indexView":{"offset":12048,"length":1500,"count":375,"stride":4}},{"primitiveMode":7,"vertexBundelIndices":[1],"indexView":{"offset":26076,"length":1596,"count":399,"stride":4}},{"primitiveMode":7,"vertexBundelIndices":[2],"indexView":{"offset":33336,"length":768,"count":192,"stride":4}},{"primitiveMode":7,"vertexBundelIndices":[3],"indexView":{"offset":42744,"length":1056,"count":264,"stride":4}},{"primitiveMode":7,"vertexBundelIndices":[4],"indexView":{"offset":51000,"length":888,"count":222,"stride":4}}],"vertexBundles":[{"view":{"offset":0,"length":12048,"count":251,"stride":48},"attributes":[{"name":"a_position","format":32,"isNormalized":false},{"name":"a_normal","format":32,"isNormalized":false},{"name":"a_texCoord","format":21,"isNormalized":false},{"name":"a_tangent","format":44,"isNormalized":false}]},{"view":{"offset":13548,"length":12528,"count":261,"stride":48},"attributes":[{"name":"a_position","format":32,"isNormalized":false},{"name":"a_normal","format":32,"isNormalized":false},{"name":"a_texCoord","format":21,"isNormalized":false},{"name":"a_tangent","format":44,"isNormalized":false}]},{"view":{"offset":27672,"length":5664,"count":118,"stride":48},"attributes":[{"name":"a_position","format":32,"isNormalized":false},{"name":"a_normal","format":32,"isNormalized":false},{"name":"a_texCoord","format":21,"isNormalized":false},{"name":"a_tangent","format":44,"isNormalized":false}]},{"view":{"offset":34104,"length":8640,"count":180,"stride":48},"attributes":[{"name":"a_position","format":32,"isNormalized":false},{"name":"a_normal","format":32,"isNormalized":false},{"name":"a_texCoord","format":21,"isNormalized":false},{"name":"a_tangent","format":44,"isNormalized":false}]},{"view":{"offset":43800,"length":7200,"count":150,"stride":48},"attributes":[{"name":"a_position","format":32,"isNormalized":false},{"name":"a_normal","format":32,"isNormalized":false},{"name":"a_texCoord","format":21,"isNormalized":false},{"name":"a_tangent","format":44,"isNormalized":false}]}]},"minPosition",8,[1,-0.00890150386840105,-0.00003773855496547185,-0.014349090866744518],"maxPosition",8,[1,0.010146738030016422,0.007563584949821234,0.017537740990519524]]],-1],0,0,[],[],[]],[[[7,"Orange light",[{"rasterizerState":{},"blendState":{"targets":[{}]},"depthStencilState":{}}],[{}],[[[{"metallic":0.4000000059604645,"roughness":0.27216553688049316},"albedoScale",8,[1,0.6172067523002625,0.34670406579971313,0.10702310502529144]]],11]]],0,0,[0],[3],[0]],[[[18],[19,"than cay",[[[20,"CINEMA_4D_Editor",-3,[1,"27ozA9401fa67oy8ZcSYZJ",-2,0],[1,2.7519452571868896,2.2649519443511963,2.9846746921539307],[3,-0.15606123619741927,0.9106032491976133,-0.06464267692231652,0.3771842221350199],[1,-5.27214871792338e-7,134.99999922474493,-19.45000065527169]],-4],4,1],[1,"62+4cS1UlTeZUuIaUu37jc",-1,0]],[23,"Log_01_001",1,[[5,-5,[3,"6eC57crI9X3qIlnCAZRbqy"],[0,1,2,3,4],[4],5]],[1,"5c+/aNW89ZsbJr8iRmFW4q",1,0],[3,1.977756944624886e-8,-0.42559014980849746,9.301569124278071e-9,0.9049160316769619],[1,100,100,100],[1,0.0000025044782618061184,-50.37604737504027,3.172279961803871e-14]]],0,[0,1,1,0,1,1,0,7,1,0,-2,2,0,0,2,0,6,1,5],[0,0,0,0,0,0],[-1,-2,-3,-4,-5,2],[35,36,37,38,39,40]],[[[7,"Red light",[{"rasterizerState":{},"blendState":{"targets":[{}]},"depthStencilState":{}}],[{}],[[[{"metallic":0.4000000059604645,"roughness":0.27216553688049316},"albedoScale",8,[1,0.31833094358444214,0.561265230178833,0.2862452566623688]]],11]]],0,0,[0],[3],[0]],[[[7,"Orange",[{"rasterizerState":{},"blendState":{"targets":[{}]},"depthStencilState":{}}],[{}],[[[{"metallic":0.4000000059604645,"roughness":0.5195829272270203},"albedoScale",8,[1,0.13210900127887726,0.4664546847343445,0.010528750717639923]]],11]]],0,0,[0],[3],[0]],[[[15,[{"rasterizerState":{},"depthStencilState":{},"blendState":{"targets":[{}]}},{},{}],[{"USE_LIGHTMAP":true,"USE_ALBEDO_MAP":true},{},{}],[[[{},"tilingOffset",8,[2,10,10,0,0],"mainColor",8,[4,4294952526]],{},{}],11,0,0]]],0,0,[0],[3],[0]],[[[7,"Wood 5",[{"rasterizerState":{},"blendState":{"targets":[{}]},"depthStencilState":{}}],[{}],[[[{"metallic":0.4000000059604645,"roughness":0.27216553688049316},"albedoScale",8,[1,0.5,0.33799654245376587,0.3149999976158142]]],11]]],0,0,[0],[3],[0]],[[[8,".bin",874595601,[{"primitives":[{"primitiveMode":7,"vertexBundelIndices":[0],"indexView":{"offset":6048,"length":1920,"count":480,"stride":4}}],"vertexBundles":[{"view":{"offset":0,"length":6048,"count":126,"stride":48},"attributes":[{"name":"a_position","format":32,"isNormalized":false},{"name":"a_normal","format":32,"isNormalized":false},{"name":"a_texCoord","format":21,"isNormalized":false},{"name":"a_tangent","format":44,"isNormalized":false}]}]},"minPosition",8,[1,-1.292325735092163,-0.47722500562667847,-1.7549952268600464],"maxPosition",8,[1,0.5258190035820007,1.9423913955688477,0.32463327050209045]]],-1],0,0,[],[],[]],[[[8,".bin",1230775985,[{"primitives":[{"primitiveMode":7,"vertexBundelIndices":[0],"indexView":{"offset":5568,"length":1752,"count":438,"stride":4}}],"vertexBundles":[{"view":{"offset":0,"length":5568,"count":116,"stride":48},"attributes":[{"name":"a_position","format":32,"isNormalized":false},{"name":"a_normal","format":32,"isNormalized":false},{"name":"a_texCoord","format":21,"isNormalized":false},{"name":"a_tangent","format":44,"isNormalized":false}]}]},"minPosition",8,[1,-0.29910150170326233,-1,-0.6021801233291626],"maxPosition",8,[1,0.7334725260734558,1.3988993167877197,0.4166625738143921]]],-1],0,0,[],[],[]],[[[15,[{"rasterizerState":{},"depthStencilState":{},"blendState":{"targets":[{}]}},{},{},{}],[{},{},{},{}],[[[{},"mainColor",8,[4,4286743287]],{},{},{}],11,0,0,0]]],0,0,[0],[3],[0]]]]
