[1,0,0,[["cc.Mesh",["_native","_hash","_struct"],1,11]],[[0,0,1,2,3]],[[[[0,".bin",2381326127,[{"primitives":[{"primitiveMode":7,"vertexBundelIndices":[0],"indexView":{"offset":8320,"length":1200,"count":600,"stride":2}}],"vertexBundles":[{"view":{"offset":0,"length":8320,"count":208,"stride":40},"attributes":[{"name":"a_position","format":32,"isNormalized":false},{"name":"a_normal","format":32,"isNormalized":false},{"name":"a_texCoord","format":21,"isNormalized":false},{"name":"a_texCoord1","format":21,"isNormalized":false}]}]},"minPosition",8,[1,-0.00010758938151411712,-0.0002693662536330521,-0.00026936575886793435],"maxPosition",8,[1,0.00010758929420262575,0.000269365991698578,0.00026936575886793435]]],-1],0,0,[],[],[]],[[[0,".bin",962213050,[{"primitives":[{"primitiveMode":7,"vertexBundelIndices":[0],"indexView":{"offset":1840,"length":132,"count":66,"stride":2}}],"vertexBundles":[{"view":{"offset":0,"length":1840,"count":46,"stride":40},"attributes":[{"name":"a_position","format":32,"isNormalized":false},{"name":"a_normal","format":32,"isNormalized":false},{"name":"a_texCoord","format":21,"isNormalized":false},{"name":"a_texCoord1","format":21,"isNormalized":false}]}]},"minPosition",8,[1,-0.0009003401501104236,-0.001630810322239995,0.0004382500774227083],"maxPosition",8,[1,0.0009003400336951017,-0.001491854782216251,0.0008706246735528111]]],-1],0,0,[],[],[]],[[[0,".bin",3084083959,[{"primitives":[{"primitiveMode":7,"vertexBundelIndices":[0],"indexView":{"offset":8320,"length":1200,"count":600,"stride":2}}],"vertexBundles":[{"view":{"offset":0,"length":8320,"count":208,"stride":40},"attributes":[{"name":"a_position","format":32,"isNormalized":false},{"name":"a_normal","format":32,"isNormalized":false},{"name":"a_texCoord","format":21,"isNormalized":false},{"name":"a_texCoord1","format":21,"isNormalized":false}]}]},"minPosition",8,[1,-0.0001075894761015661,-0.000269366311840713,-0.0002693658752832562],"maxPosition",8,[1,0.00010758965072454885,0.0002693658752832562,0.0002693657297641039]]],-1],0,0,[],[],[]],[[[0,".bin",2419893488,[{"primitives":[{"primitiveMode":7,"vertexBundelIndices":[0],"indexView":{"offset":8320,"length":1200,"count":600,"stride":2}}],"vertexBundles":[{"view":{"offset":0,"length":8320,"count":208,"stride":40},"attributes":[{"name":"a_position","format":32,"isNormalized":false},{"name":"a_normal","format":32,"isNormalized":false},{"name":"a_texCoord","format":21,"isNormalized":false},{"name":"a_texCoord1","format":21,"isNormalized":false}]}]},"minPosition",8,[1,-0.00010758938151411712,-0.0002693662536330521,-0.00026936575886793435],"maxPosition",8,[1,0.00010758929420262575,0.000269365991698578,0.00026936575886793435]]],-1],0,0,[],[],[]],[[[0,".bin",2407528286,[{"primitives":[{"primitiveMode":7,"vertexBundelIndices":[0],"indexView":{"offset":8320,"length":1200,"count":600,"stride":2}}],"vertexBundles":[{"view":{"offset":0,"length":8320,"count":208,"stride":40},"attributes":[{"name":"a_position","format":32,"isNormalized":false},{"name":"a_normal","format":32,"isNormalized":false},{"name":"a_texCoord","format":21,"isNormalized":false},{"name":"a_texCoord1","format":21,"isNormalized":false}]}]},"minPosition",8,[1,-0.00010758984717540443,-0.0002693661372177303,-0.000269365671556443],"maxPosition",8,[1,0.0001075890613719821,0.0002693660499062389,0.00026936590438708663]]],-1],0,0,[],[],[]],[[[0,".bin",2508831880,[{"primitives":[{"primitiveMode":7,"vertexBundelIndices":[0],"indexView":{"offset":106560,"length":14964,"count":7482,"stride":2}}],"vertexBundles":[{"view":{"offset":0,"length":106560,"count":2664,"stride":40},"attributes":[{"name":"a_position","format":32,"isNormalized":false},{"name":"a_normal","format":32,"isNormalized":false},{"name":"a_texCoord","format":21,"isNormalized":false},{"name":"a_texCoord1","format":21,"isNormalized":false}]}]},"minPosition",8,[1,-0.001005564583465457,-0.0016985179390758276,0.00024288802524097264],"maxPosition",8,[1,0.0010023202048614621,0.0016985179390758276,0.0016795177944004536]]],-1],0,0,[],[],[]]]]
