[1,["e2b78391-71d0-4758-aebb-04dba9783c47","9fa22f3f-a37f-4e4b-9693-98864b9a26a8@bfae8","1baf0fc9-befa-459c-8bdd-af1a450a0319","9fa22f3f-a37f-4e4b-9693-98864b9a26a8@fe5ee","9fa22f3f-a37f-4e4b-9693-98864b9a26a8@50b92"],["asset","mainTexture","_effectAsset","root","node","data","_mesh"],[["cc.Node",["_name","_prefab","_children","_parent","_lscale","_components","_lrot","_euler"],2,4,2,1,5,9,5,5],["cc.Mesh",["_native","_hash","_struct"],1,11],["cc.Material",["_name","_states","_defines","_props"],0,12],["cc.Prefab",["_name"],2],["cc.PrefabInfo",["fileId","root","asset"],2,1,6],["cc.MeshRenderer",["node","__prefab","_materials","lightmapSettings","_mesh"],3,1,4,3,4,6],["cc.CompPrefabInfo",["fileId"],2],["cc.ModelLightmapSettings",[],3]],[[4,0,1,2,2],[1,0,1,2,3],[2,0,1,2,3,4],[3,0,2],[0,0,2,1,2],[0,0,3,2,1,4,2],[0,0,3,5,1,6,4,7,2],[5,0,1,2,3,4,1],[6,0,2],[7,1]],[[[[1,".bin",920426238,[{"primitives":[{"primitiveMode":7,"vertexBundelIndices":[0],"indexView":{"offset":7488,"length":768,"count":384,"stride":2}}],"vertexBundles":[{"view":{"offset":0,"length":7488,"count":104,"stride":72},"attributes":[{"name":"a_position","format":32,"isNormalized":false},{"name":"a_normal","format":32,"isNormalized":false},{"name":"a_texCoord","format":21,"isNormalized":false},{"name":"a_tangent","format":44,"isNormalized":false},{"name":"a_color","format":44,"isNormalized":false},{"name":"a_texCoord1","format":21,"isNormalized":false}]}]},"minPosition",8,[1,-0.00001883678305603098,-0.000026092260668519884,-0.0000016622977909719339],"maxPosition",8,[1,0.00001955156221811194,0.000026565170628600754,0.000018984177586389706]]],-1],0,0,[],[],[]],[[[2,"Material #5",[{"rasterizerState":{},"blendState":{"targets":[{}]},"depthStencilState":{}}],[{"USE_VERTEX_COLOR":true,"HAS_SECOND_UV":true,"USE_ALBEDO_MAP":true}],[[[{"metallic":0.400000005960464,"roughness":0.70710676908493},"albedoScale",8,[1,1,1,1],"mainTexture",6,0]],11]]],0,0,[0,0],[1,2],[1,2]],[[[3,"stone01"],[4,"stone01",[-2],[0,"Node.570",-1,4]],[5,"RootNode",1,[-3],[0,"Node.571",1,3],[1,3,3,3]],[6,"TS_FaGuangSuiPian_01",2,[[7,-4,[8,"e6LKEBmrFN+oZypod1QhSI"],[0],[9],1]],[0,"Node.572",1,2],[3,-0.7071067811865476,0,0,0.7071067811865476],[1,3419.53955078125,3419.53955078125,3419.53955078125],[1,-90.00000000000003,0,0]]],0,[0,3,1,0,-1,2,0,-1,3,0,4,3,0,5,1,4],[0,0,0,0,0],[-1,6,0,0,0],[3,4,0,0,0]]]]
