{"version":1,"document":[{"__type__":"cc.AnimationClip","_name":"lv2-walk","_objFlags":0,"_native":"","sample":60,"speed":1,"wrapMode":2,"enableTrsBlending":false,"_duration":0.85,"_hash":500763545,"_tracks":[{"__id__":1}],"_exoticAnimation":null,"_events":[]},{"__type__":"cc.animation.ObjectTrack","_binding":{"__type__":"cc.animation.TrackBinding","path":{"__id__":2}},"_channel":{"__id__":4}},{"__type__":"cc.animation.TrackPath","_paths":[{"__id__":3},"spriteFrame"]},{"__type__":"cc.animation.ComponentPath","component":"cc.Sprite"},{"__type__":"cc.animation.Channel","_curve":{"__id__":5}},{"__type__":"cc.ObjectCurve","_times":[0,0.16666666666666666,0.3333333333333333,0.5,0.6666666666666666,0.8333333333333334],"_values":[{"__uuid__":"318ede68-db8f-4b40-8b61-6ccf4eaad7c2@f9941","__expectedType__":"cc.Asset"},{"__uuid__":"385f1161-80d0-4359-8e7e-f68776379c14@f9941","__expectedType__":"cc.Asset"},{"__uuid__":"2d9724d8-d042-4db9-86e5-e37ff0a2fe71@f9941","__expectedType__":"cc.Asset"},{"__uuid__":"301c8538-62a7-4799-ad2e-b9f3649df243@f9941","__expectedType__":"cc.Asset"},{"__uuid__":"a01077c8-410a-4240-8b89-b4e6fb466670@f9941","__expectedType__":"cc.Asset"},{"__uuid__":"a5747fec-23f7-4201-98c4-2dd4a76e3b9e@f9941","__expectedType__":"cc.Asset"}]}],"chunks":[]}
