{"version":1,"document":[{"__type__":"cc.AnimationClip","_name":"lv5-push","_objFlags":0,"_native":"","sample":60,"speed":1,"wrapMode":2,"enableTrsBlending":false,"_duration":1.2666666666666666,"_hash":500763545,"_tracks":[{"__id__":1},{"__id__":6}],"_exoticAnimation":null,"_events":[]},{"__type__":"cc.animation.ObjectTrack","_binding":{"__type__":"cc.animation.TrackBinding","path":{"__id__":2}},"_channel":{"__id__":4}},{"__type__":"cc.animation.TrackPath","_paths":[{"__id__":3},"spriteFrame"]},{"__type__":"cc.animation.ComponentPath","component":"cc.Sprite"},{"__type__":"cc.animation.Channel","_curve":{"__id__":5}},{"__type__":"cc.ObjectCurve","_times":[0,0.25,0.5,0.75,1,1.25],"_values":[{"__uuid__":"c66af370-ee68-4b85-895e-bcbcc3087c83@f9941","__expectedType__":"cc.Asset"},{"__uuid__":"786a8502-5235-4ee7-a8ae-bccb922e52c2@f9941","__expectedType__":"cc.Asset"},{"__uuid__":"73dc4533-0c28-45a2-a378-22f0c19d4ce2@f9941","__expectedType__":"cc.Asset"},{"__uuid__":"1446ca51-261a-400f-92dc-76b5586d31ff@f9941","__expectedType__":"cc.Asset"},{"__uuid__":"03d075a9-825f-4b75-8f3b-09210da9a62b@f9941","__expectedType__":"cc.Asset"},{"__uuid__":"25a01006-cc02-4246-8993-27c37175a71c@f9941","__expectedType__":"cc.Asset"}]},{"__type__":"cc.animation.SizeTrack","_binding":{"__type__":"cc.animation.TrackBinding","path":{"__id__":7}},"_channels":[{"__id__":9},{"__id__":11}]},{"__type__":"cc.animation.TrackPath","_paths":[{"__id__":8},"contentSize"]},{"__type__":"cc.animation.ComponentPath","component":"cc.UITransform"},{"__type__":"cc.animation.Channel","_curve":{"__id__":10}},{"__type__":"cc.RealCurve","bytes":{"__type__":"TypedArrayRef","ctor":"Uint8Array","offset":0,"length":26}},{"__type__":"cc.animation.Channel","_curve":{"__id__":12}},{"__type__":"cc.RealCurve","bytes":{"__type__":"TypedArrayRef","ctor":"Uint8Array","offset":26,"length":26}}],"chunks":[".bin"]}
