[1,["42uKhe1QBE36b/ZVBEMdxm","81vhsxyJ5CdpQQk9EmBRpi","70b2vmAntGx7Z1RIZRzRmg@0663a","70b2vmAntGx7Z1RIZRzRmg@fe409","70b2vmAntGx7Z1RIZRzRmg@4bb2e","70b2vmAntGx7Z1RIZRzRmg@c1c59","70b2vmAntGx7Z1RIZRzRmg@5a8c2","67hduPMHBGeZ1Gp/Nchq79","70b2vmAntGx7Z1RIZRzRmg@5080e","70b2vmAntGx7Z1RIZRzRmg@8c9f8","70b2vmAntGx7Z1RIZRzRmg@f06c3","70b2vmAntGx7Z1RIZRzRmg@561f1","70b2vmAntGx7Z1RIZRzRmg@b3090","70b2vmAntGx7Z1RIZRzRmg@07422","70b2vmAntGx7Z1RIZRzRmg@c7cc3","70b2vmAntGx7Z1RIZRzRmg@ee829","70b2vmAntGx7Z1RIZRzRmg@ed701","70b2vmAntGx7Z1RIZRzRmg@108f0","70b2vmAntGx7Z1RIZRzRmg@7969e","70b2vmAntGx7Z1RIZRzRmg@91b0c","70b2vmAntGx7Z1RIZRzRmg@4c31f","70b2vmAntGx7Z1RIZRzRmg@7ff58","70b2vmAntGx7Z1RIZRzRmg@871d6","70b2vmAntGx7Z1RIZRzRmg@68702","70b2vmAntGx7Z1RIZRzRmg@f299a","70b2vmAntGx7Z1RIZRzRmg@90dec","70b2vmAntGx7Z1RIZRzRmg@76513","70b2vmAntGx7Z1RIZRzRmg@d5cde","70b2vmAntGx7Z1RIZRzRmg@d37cf","70b2vmAntGx7Z1RIZRzRmg@c0a05","70b2vmAntGx7Z1RIZRzRmg@ce291","70b2vmAntGx7Z1RIZRzRmg@694aa","70b2vmAntGx7Z1RIZRzRmg@ea671","70b2vmAntGx7Z1RIZRzRmg@3bf2d","70b2vmAntGx7Z1RIZRzRmg@eb1c0","70b2vmAntGx7Z1RIZRzRmg@3ecab","70b2vmAntGx7Z1RIZRzRmg@826b7","70b2vmAntGx7Z1RIZRzRmg@e66cb"],["node","_mesh","root","_parent","data"],[["cc.Node",["_name","_layer","_prefab","_parent","_lrot","_lscale","_euler","_components","_lpos","_children"],1,4,1,5,5,5,9,5,12],["cc.Mesh",["_native","_hash","_struct"],1,11],["cc.Prefab",["_name"],2],["cc.PrefabInfo",["fileId","root","asset"],2,1,1],["cc.MeshRenderer",["node","__prefab","_materials","lightmapSettings","_mesh"],3,1,4,3,4,6],["cc.CompPrefabInfo",["fileId"],2],["cc.ModelLightmapSettings",[],3],["cc.MeshCollider",["node","__prefab","_mesh"],3,1,4,6]],[[5,0,2],[3,0,1,2,2],[1,0,1,2,3],[4,0,1,2,3,4,1],[6,1],[0,0,3,7,2,8,4,5,6,2],[7,0,1,2,1],[0,0,1,3,7,2,4,5,6,3],[0,0,3,2,8,4,5,6,2],[2,0,2],[0,0,9,2,2],[0,0,3,7,2,4,5,6,2]],[[[[2,".bin",2846604114,[{"primitives":[{"primitiveMode":7,"vertexBundelIndices":[0],"indexView":{"offset":672,"length":72,"count":18,"stride":4}}],"vertexBundles":[{"view":{"offset":0,"length":672,"count":14,"stride":48},"attributes":[{"name":"a_position","format":32,"isNormalized":false},{"name":"a_normal","format":32,"isNormalized":false},{"name":"a_texCoord","format":21,"isNormalized":false},{"name":"a_tangent","format":44,"isNormalized":false}]}]},"minPosition",8,[1,-0.029999999329447746,0.017996350303292274,0.00699999975040555],"maxPosition",8,[1,0.029999999329447746,0.019999999552965164,0.009999999776482582]]],-1],0,0,[],[],[]],[[[2,".bin",1271435498,[{"primitives":[{"primitiveMode":7,"vertexBundelIndices":[0],"indexView":{"offset":14064,"length":1488,"count":372,"stride":4}}],"vertexBundles":[{"view":{"offset":0,"length":14064,"count":293,"stride":48},"attributes":[{"name":"a_position","format":32,"isNormalized":false},{"name":"a_normal","format":32,"isNormalized":false},{"name":"a_texCoord","format":21,"isNormalized":false},{"name":"a_tangent","format":44,"isNormalized":false}]}]},"minPosition",8,[1,-0.0020000000949949026,-0.0020000000949949026,-0.00009999989561038092],"maxPosition",8,[1,0.0020000000949949026,0.0020000000949949026,0.00009999989561038092]]],-1],0,0,[],[],[]],[[[2,".bin",1271435498,[{"primitives":[{"primitiveMode":7,"vertexBundelIndices":[0],"indexView":{"offset":14064,"length":1488,"count":372,"stride":4}}],"vertexBundles":[{"view":{"offset":0,"length":14064,"count":293,"stride":48},"attributes":[{"name":"a_position","format":32,"isNormalized":false},{"name":"a_normal","format":32,"isNormalized":false},{"name":"a_texCoord","format":21,"isNormalized":false},{"name":"a_tangent","format":44,"isNormalized":false}]}]},"minPosition",8,[1,-0.0020000000949949026,-0.0020000000949949026,-0.00009999989561038092],"maxPosition",8,[1,0.0020000000949949026,0.0020000000949949026,0.00009999989561038092]]],-1],0,0,[],[],[]],[[[2,".bin",1271435498,[{"primitives":[{"primitiveMode":7,"vertexBundelIndices":[0],"indexView":{"offset":14064,"length":1488,"count":372,"stride":4}}],"vertexBundles":[{"view":{"offset":0,"length":14064,"count":293,"stride":48},"attributes":[{"name":"a_position","format":32,"isNormalized":false},{"name":"a_normal","format":32,"isNormalized":false},{"name":"a_texCoord","format":21,"isNormalized":false},{"name":"a_tangent","format":44,"isNormalized":false}]}]},"minPosition",8,[1,-0.0020000000949949026,-0.0020000000949949026,-0.00009999989561038092],"maxPosition",8,[1,0.0020000000949949026,0.0020000000949949026,0.00009999989561038092]]],-1],0,0,[],[],[]],[[[2,".bin",1271435498,[{"primitives":[{"primitiveMode":7,"vertexBundelIndices":[0],"indexView":{"offset":14064,"length":1488,"count":372,"stride":4}}],"vertexBundles":[{"view":{"offset":0,"length":14064,"count":293,"stride":48},"attributes":[{"name":"a_position","format":32,"isNormalized":false},{"name":"a_normal","format":32,"isNormalized":false},{"name":"a_texCoord","format":21,"isNormalized":false},{"name":"a_tangent","format":44,"isNormalized":false}]}]},"minPosition",8,[1,-0.0020000000949949026,-0.0020000000949949026,-0.00009999989561038092],"maxPosition",8,[1,0.0020000000949949026,0.0020000000949949026,0.00009999989561038092]]],-1],0,0,[],[],[]],[[[2,".bin",105909542,[{"primitives":[{"primitiveMode":7,"vertexBundelIndices":[0],"indexView":{"offset":672,"length":72,"count":18,"stride":4}}],"vertexBundles":[{"view":{"offset":0,"length":672,"count":14,"stride":48},"attributes":[{"name":"a_position","format":32,"isNormalized":false},{"name":"a_normal","format":32,"isNormalized":false},{"name":"a_texCoord","format":21,"isNormalized":false},{"name":"a_tangent","format":44,"isNormalized":false}]}]},"minPosition",8,[1,-0.029999999329447746,-0.019999999552965164,0.00699999975040555],"maxPosition",8,[1,0.029999999329447746,-0.017996350303292274,0.009999999776482582]]],-1],0,0,[],[],[]],[[[2,".bin",1271435498,[{"primitives":[{"primitiveMode":7,"vertexBundelIndices":[0],"indexView":{"offset":14064,"length":1488,"count":372,"stride":4}}],"vertexBundles":[{"view":{"offset":0,"length":14064,"count":293,"stride":48},"attributes":[{"name":"a_position","format":32,"isNormalized":false},{"name":"a_normal","format":32,"isNormalized":false},{"name":"a_texCoord","format":21,"isNormalized":false},{"name":"a_tangent","format":44,"isNormalized":false}]}]},"minPosition",8,[1,-0.0020000000949949026,-0.0020000000949949026,-0.00009999989561038092],"maxPosition",8,[1,0.0020000000949949026,0.0020000000949949026,0.00009999989561038092]]],-1],0,0,[],[],[]],[[[2,".bin",1271435498,[{"primitives":[{"primitiveMode":7,"vertexBundelIndices":[0],"indexView":{"offset":14064,"length":1488,"count":372,"stride":4}}],"vertexBundles":[{"view":{"offset":0,"length":14064,"count":293,"stride":48},"attributes":[{"name":"a_position","format":32,"isNormalized":false},{"name":"a_normal","format":32,"isNormalized":false},{"name":"a_texCoord","format":21,"isNormalized":false},{"name":"a_tangent","format":44,"isNormalized":false}]}]},"minPosition",8,[1,-0.0020000000949949026,-0.0020000000949949026,-0.00009999989561038092],"maxPosition",8,[1,0.0020000000949949026,0.0020000000949949026,0.00009999989561038092]]],-1],0,0,[],[],[]],[[[2,".bin",1271435498,[{"primitives":[{"primitiveMode":7,"vertexBundelIndices":[0],"indexView":{"offset":14064,"length":1488,"count":372,"stride":4}}],"vertexBundles":[{"view":{"offset":0,"length":14064,"count":293,"stride":48},"attributes":[{"name":"a_position","format":32,"isNormalized":false},{"name":"a_normal","format":32,"isNormalized":false},{"name":"a_texCoord","format":21,"isNormalized":false},{"name":"a_tangent","format":44,"isNormalized":false}]}]},"minPosition",8,[1,-0.0020000000949949026,-0.0020000000949949026,-0.00009999989561038092],"maxPosition",8,[1,0.0020000000949949026,0.0020000000949949026,0.00009999989561038092]]],-1],0,0,[],[],[]],[[[2,".bin",1140843740,[{"primitives":[{"primitiveMode":7,"vertexBundelIndices":[0],"indexView":{"offset":1152,"length":144,"count":36,"stride":4}}],"vertexBundles":[{"view":{"offset":0,"length":1152,"count":24,"stride":48},"attributes":[{"name":"a_position","format":32,"isNormalized":false},{"name":"a_normal","format":32,"isNormalized":false},{"name":"a_texCoord","format":21,"isNormalized":false},{"name":"a_tangent","format":44,"isNormalized":false}]}]},"minPosition",8,[1,-0.029999999329447746,-0.019999999552965164,-0.0019999989308416843],"maxPosition",8,[1,0.029999999329447746,0.019999999552965164,0.007000001147389412]]],-1],0,0,[],[],[]],[[[2,".bin",1271435498,[{"primitives":[{"primitiveMode":7,"vertexBundelIndices":[0],"indexView":{"offset":14064,"length":1488,"count":372,"stride":4}}],"vertexBundles":[{"view":{"offset":0,"length":14064,"count":293,"stride":48},"attributes":[{"name":"a_position","format":32,"isNormalized":false},{"name":"a_normal","format":32,"isNormalized":false},{"name":"a_texCoord","format":21,"isNormalized":false},{"name":"a_tangent","format":44,"isNormalized":false}]}]},"minPosition",8,[1,-0.0020000000949949026,-0.0020000000949949026,-0.00009999989561038092],"maxPosition",8,[1,0.0020000000949949026,0.0020000000949949026,0.00009999989561038092]]],-1],0,0,[],[],[]],[[[2,".bin",1271435498,[{"primitives":[{"primitiveMode":7,"vertexBundelIndices":[0],"indexView":{"offset":14064,"length":1488,"count":372,"stride":4}}],"vertexBundles":[{"view":{"offset":0,"length":14064,"count":293,"stride":48},"attributes":[{"name":"a_position","format":32,"isNormalized":false},{"name":"a_normal","format":32,"isNormalized":false},{"name":"a_texCoord","format":21,"isNormalized":false},{"name":"a_tangent","format":44,"isNormalized":false}]}]},"minPosition",8,[1,-0.0020000000949949026,-0.0020000000949949026,-0.00009999989561038092],"maxPosition",8,[1,0.0020000000949949026,0.0020000000949949026,0.00009999989561038092]]],-1],0,0,[],[],[]],[[[2,".bin",1271435498,[{"primitives":[{"primitiveMode":7,"vertexBundelIndices":[0],"indexView":{"offset":14064,"length":1488,"count":372,"stride":4}}],"vertexBundles":[{"view":{"offset":0,"length":14064,"count":293,"stride":48},"attributes":[{"name":"a_position","format":32,"isNormalized":false},{"name":"a_normal","format":32,"isNormalized":false},{"name":"a_texCoord","format":21,"isNormalized":false},{"name":"a_tangent","format":44,"isNormalized":false}]}]},"minPosition",8,[1,-0.0020000000949949026,-0.0020000000949949026,-0.00009999989561038092],"maxPosition",8,[1,0.0020000000949949026,0.0020000000949949026,0.00009999989561038092]]],-1],0,0,[],[],[]],[[[2,".bin",1271435498,[{"primitives":[{"primitiveMode":7,"vertexBundelIndices":[0],"indexView":{"offset":14064,"length":1488,"count":372,"stride":4}}],"vertexBundles":[{"view":{"offset":0,"length":14064,"count":293,"stride":48},"attributes":[{"name":"a_position","format":32,"isNormalized":false},{"name":"a_normal","format":32,"isNormalized":false},{"name":"a_texCoord","format":21,"isNormalized":false},{"name":"a_tangent","format":44,"isNormalized":false}]}]},"minPosition",8,[1,-0.0020000000949949026,-0.0020000000949949026,-0.00009999989561038092],"maxPosition",8,[1,0.0020000000949949026,0.0020000000949949026,0.00009999989561038092]]],-1],0,0,[],[],[]],[[[2,".bin",1271435498,[{"primitives":[{"primitiveMode":7,"vertexBundelIndices":[0],"indexView":{"offset":14064,"length":1488,"count":372,"stride":4}}],"vertexBundles":[{"view":{"offset":0,"length":14064,"count":293,"stride":48},"attributes":[{"name":"a_position","format":32,"isNormalized":false},{"name":"a_normal","format":32,"isNormalized":false},{"name":"a_texCoord","format":21,"isNormalized":false},{"name":"a_tangent","format":44,"isNormalized":false}]}]},"minPosition",8,[1,-0.0020000000949949026,-0.0020000000949949026,-0.00009999989561038092],"maxPosition",8,[1,0.0020000000949949026,0.0020000000949949026,0.00009999989561038092]]],-1],0,0,[],[],[]],[[[2,".bin",1271435498,[{"primitives":[{"primitiveMode":7,"vertexBundelIndices":[0],"indexView":{"offset":14064,"length":1488,"count":372,"stride":4}}],"vertexBundles":[{"view":{"offset":0,"length":14064,"count":293,"stride":48},"attributes":[{"name":"a_position","format":32,"isNormalized":false},{"name":"a_normal","format":32,"isNormalized":false},{"name":"a_texCoord","format":21,"isNormalized":false},{"name":"a_tangent","format":44,"isNormalized":false}]}]},"minPosition",8,[1,-0.0020000000949949026,-0.0020000000949949026,-0.00009999989561038092],"maxPosition",8,[1,0.0020000000949949026,0.0020000000949949026,0.00009999989561038092]]],-1],0,0,[],[],[]],[[[2,".bin",1271435498,[{"primitives":[{"primitiveMode":7,"vertexBundelIndices":[0],"indexView":{"offset":14064,"length":1488,"count":372,"stride":4}}],"vertexBundles":[{"view":{"offset":0,"length":14064,"count":293,"stride":48},"attributes":[{"name":"a_position","format":32,"isNormalized":false},{"name":"a_normal","format":32,"isNormalized":false},{"name":"a_texCoord","format":21,"isNormalized":false},{"name":"a_tangent","format":44,"isNormalized":false}]}]},"minPosition",8,[1,-0.0020000000949949026,-0.0020000000949949026,-0.00009999989561038092],"maxPosition",8,[1,0.0020000000949949026,0.0020000000949949026,0.00009999989561038092]]],-1],0,0,[],[],[]],[[[2,".bin",1271435498,[{"primitives":[{"primitiveMode":7,"vertexBundelIndices":[0],"indexView":{"offset":14064,"length":1488,"count":372,"stride":4}}],"vertexBundles":[{"view":{"offset":0,"length":14064,"count":293,"stride":48},"attributes":[{"name":"a_position","format":32,"isNormalized":false},{"name":"a_normal","format":32,"isNormalized":false},{"name":"a_texCoord","format":21,"isNormalized":false},{"name":"a_tangent","format":44,"isNormalized":false}]}]},"minPosition",8,[1,-0.0020000000949949026,-0.0020000000949949026,-0.00009999989561038092],"maxPosition",8,[1,0.0020000000949949026,0.0020000000949949026,0.00009999989561038092]]],-1],0,0,[],[],[]],[[[2,".bin",1271435498,[{"primitives":[{"primitiveMode":7,"vertexBundelIndices":[0],"indexView":{"offset":14064,"length":1488,"count":372,"stride":4}}],"vertexBundles":[{"view":{"offset":0,"length":14064,"count":293,"stride":48},"attributes":[{"name":"a_position","format":32,"isNormalized":false},{"name":"a_normal","format":32,"isNormalized":false},{"name":"a_texCoord","format":21,"isNormalized":false},{"name":"a_tangent","format":44,"isNormalized":false}]}]},"minPosition",8,[1,-0.0020000000949949026,-0.0020000000949949026,-0.00009999989561038092],"maxPosition",8,[1,0.0020000000949949026,0.0020000000949949026,0.00009999989561038092]]],-1],0,0,[],[],[]],[[[2,".bin",1271435498,[{"primitives":[{"primitiveMode":7,"vertexBundelIndices":[0],"indexView":{"offset":14064,"length":1488,"count":372,"stride":4}}],"vertexBundles":[{"view":{"offset":0,"length":14064,"count":293,"stride":48},"attributes":[{"name":"a_position","format":32,"isNormalized":false},{"name":"a_normal","format":32,"isNormalized":false},{"name":"a_texCoord","format":21,"isNormalized":false},{"name":"a_tangent","format":44,"isNormalized":false}]}]},"minPosition",8,[1,-0.0020000000949949026,-0.0020000000949949026,-0.00009999989561038092],"maxPosition",8,[1,0.0020000000949949026,0.0020000000949949026,0.00009999989561038092]]],-1],0,0,[],[],[]],[[[2,".bin",1271435498,[{"primitives":[{"primitiveMode":7,"vertexBundelIndices":[0],"indexView":{"offset":14064,"length":1488,"count":372,"stride":4}}],"vertexBundles":[{"view":{"offset":0,"length":14064,"count":293,"stride":48},"attributes":[{"name":"a_position","format":32,"isNormalized":false},{"name":"a_normal","format":32,"isNormalized":false},{"name":"a_texCoord","format":21,"isNormalized":false},{"name":"a_tangent","format":44,"isNormalized":false}]}]},"minPosition",8,[1,-0.0020000000949949026,-0.0020000000949949026,-0.00009999989561038092],"maxPosition",8,[1,0.0020000000949949026,0.0020000000949949026,0.00009999989561038092]]],-1],0,0,[],[],[]],[[[2,".bin",1271435498,[{"primitives":[{"primitiveMode":7,"vertexBundelIndices":[0],"indexView":{"offset":14064,"length":1488,"count":372,"stride":4}}],"vertexBundles":[{"view":{"offset":0,"length":14064,"count":293,"stride":48},"attributes":[{"name":"a_position","format":32,"isNormalized":false},{"name":"a_normal","format":32,"isNormalized":false},{"name":"a_texCoord","format":21,"isNormalized":false},{"name":"a_tangent","format":44,"isNormalized":false}]}]},"minPosition",8,[1,-0.0020000000949949026,-0.0020000000949949026,-0.00009999989561038092],"maxPosition",8,[1,0.0020000000949949026,0.0020000000949949026,0.00009999989561038092]]],-1],0,0,[],[],[]],[[[2,".bin",3540514134,[{"primitives":[{"primitiveMode":7,"vertexBundelIndices":[0],"indexView":{"offset":672,"length":72,"count":18,"stride":4}}],"vertexBundles":[{"view":{"offset":0,"length":672,"count":14,"stride":48},"attributes":[{"name":"a_position","format":32,"isNormalized":false},{"name":"a_normal","format":32,"isNormalized":false},{"name":"a_texCoord","format":21,"isNormalized":false},{"name":"a_tangent","format":44,"isNormalized":false}]}]},"minPosition",8,[1,-0.029999999329447746,-0.019999999552965164,0.00699999975040555],"maxPosition",8,[1,-0.027996350079774857,0.019999999552965164,0.009999999776482582]]],-1],0,0,[],[],[]],[[[2,".bin",1271435498,[{"primitives":[{"primitiveMode":7,"vertexBundelIndices":[0],"indexView":{"offset":14064,"length":1488,"count":372,"stride":4}}],"vertexBundles":[{"view":{"offset":0,"length":14064,"count":293,"stride":48},"attributes":[{"name":"a_position","format":32,"isNormalized":false},{"name":"a_normal","format":32,"isNormalized":false},{"name":"a_texCoord","format":21,"isNormalized":false},{"name":"a_tangent","format":44,"isNormalized":false}]}]},"minPosition",8,[1,-0.0020000000949949026,-0.0020000000949949026,-0.00009999989561038092],"maxPosition",8,[1,0.0020000000949949026,0.0020000000949949026,0.00009999989561038092]]],-1],0,0,[],[],[]],[[[2,".bin",1271435498,[{"primitives":[{"primitiveMode":7,"vertexBundelIndices":[0],"indexView":{"offset":14064,"length":1488,"count":372,"stride":4}}],"vertexBundles":[{"view":{"offset":0,"length":14064,"count":293,"stride":48},"attributes":[{"name":"a_position","format":32,"isNormalized":false},{"name":"a_normal","format":32,"isNormalized":false},{"name":"a_texCoord","format":21,"isNormalized":false},{"name":"a_tangent","format":44,"isNormalized":false}]}]},"minPosition",8,[1,-0.0020000000949949026,-0.0020000000949949026,-0.00009999989561038092],"maxPosition",8,[1,0.0020000000949949026,0.0020000000949949026,0.00009999989561038092]]],-1],0,0,[],[],[]],[[[2,".bin",1271435498,[{"primitives":[{"primitiveMode":7,"vertexBundelIndices":[0],"indexView":{"offset":14064,"length":1488,"count":372,"stride":4}}],"vertexBundles":[{"view":{"offset":0,"length":14064,"count":293,"stride":48},"attributes":[{"name":"a_position","format":32,"isNormalized":false},{"name":"a_normal","format":32,"isNormalized":false},{"name":"a_texCoord","format":21,"isNormalized":false},{"name":"a_tangent","format":44,"isNormalized":false}]}]},"minPosition",8,[1,-0.0020000000949949026,-0.0020000000949949026,-0.00009999989561038092],"maxPosition",8,[1,0.0020000000949949026,0.0020000000949949026,0.00009999989561038092]]],-1],0,0,[],[],[]],[[[2,".bin",1271435498,[{"primitives":[{"primitiveMode":7,"vertexBundelIndices":[0],"indexView":{"offset":14064,"length":1488,"count":372,"stride":4}}],"vertexBundles":[{"view":{"offset":0,"length":14064,"count":293,"stride":48},"attributes":[{"name":"a_position","format":32,"isNormalized":false},{"name":"a_normal","format":32,"isNormalized":false},{"name":"a_texCoord","format":21,"isNormalized":false},{"name":"a_tangent","format":44,"isNormalized":false}]}]},"minPosition",8,[1,-0.0020000000949949026,-0.0020000000949949026,-0.00009999989561038092],"maxPosition",8,[1,0.0020000000949949026,0.0020000000949949026,0.00009999989561038092]]],-1],0,0,[],[],[]],[[[2,".bin",1271435498,[{"primitives":[{"primitiveMode":7,"vertexBundelIndices":[0],"indexView":{"offset":14064,"length":1488,"count":372,"stride":4}}],"vertexBundles":[{"view":{"offset":0,"length":14064,"count":293,"stride":48},"attributes":[{"name":"a_position","format":32,"isNormalized":false},{"name":"a_normal","format":32,"isNormalized":false},{"name":"a_texCoord","format":21,"isNormalized":false},{"name":"a_tangent","format":44,"isNormalized":false}]}]},"minPosition",8,[1,-0.0020000000949949026,-0.0020000000949949026,-0.00009999989561038092],"maxPosition",8,[1,0.0020000000949949026,0.0020000000949949026,0.00009999989561038092]]],-1],0,0,[],[],[]],[[[2,".bin",1271435498,[{"primitives":[{"primitiveMode":7,"vertexBundelIndices":[0],"indexView":{"offset":14064,"length":1488,"count":372,"stride":4}}],"vertexBundles":[{"view":{"offset":0,"length":14064,"count":293,"stride":48},"attributes":[{"name":"a_position","format":32,"isNormalized":false},{"name":"a_normal","format":32,"isNormalized":false},{"name":"a_texCoord","format":21,"isNormalized":false},{"name":"a_tangent","format":44,"isNormalized":false}]}]},"minPosition",8,[1,-0.0020000000949949026,-0.0020000000949949026,-0.00009999989561038092],"maxPosition",8,[1,0.0020000000949949026,0.0020000000949949026,0.00009999989561038092]]],-1],0,0,[],[],[]],[[[2,".bin",1271435498,[{"primitives":[{"primitiveMode":7,"vertexBundelIndices":[0],"indexView":{"offset":14064,"length":1488,"count":372,"stride":4}}],"vertexBundles":[{"view":{"offset":0,"length":14064,"count":293,"stride":48},"attributes":[{"name":"a_position","format":32,"isNormalized":false},{"name":"a_normal","format":32,"isNormalized":false},{"name":"a_texCoord","format":21,"isNormalized":false},{"name":"a_tangent","format":44,"isNormalized":false}]}]},"minPosition",8,[1,-0.0020000000949949026,-0.0020000000949949026,-0.00009999989561038092],"maxPosition",8,[1,0.0020000000949949026,0.0020000000949949026,0.00009999989561038092]]],-1],0,0,[],[],[]],[[[2,".bin",1271435498,[{"primitives":[{"primitiveMode":7,"vertexBundelIndices":[0],"indexView":{"offset":14064,"length":1488,"count":372,"stride":4}}],"vertexBundles":[{"view":{"offset":0,"length":14064,"count":293,"stride":48},"attributes":[{"name":"a_position","format":32,"isNormalized":false},{"name":"a_normal","format":32,"isNormalized":false},{"name":"a_texCoord","format":21,"isNormalized":false},{"name":"a_tangent","format":44,"isNormalized":false}]}]},"minPosition",8,[1,-0.0020000000949949026,-0.0020000000949949026,-0.00009999989561038092],"maxPosition",8,[1,0.0020000000949949026,0.0020000000949949026,0.00009999989561038092]]],-1],0,0,[],[],[]],[[[2,".bin",1271435498,[{"primitives":[{"primitiveMode":7,"vertexBundelIndices":[0],"indexView":{"offset":14064,"length":1488,"count":372,"stride":4}}],"vertexBundles":[{"view":{"offset":0,"length":14064,"count":293,"stride":48},"attributes":[{"name":"a_position","format":32,"isNormalized":false},{"name":"a_normal","format":32,"isNormalized":false},{"name":"a_texCoord","format":21,"isNormalized":false},{"name":"a_tangent","format":44,"isNormalized":false}]}]},"minPosition",8,[1,-0.0020000000949949026,-0.0020000000949949026,-0.00009999989561038092],"maxPosition",8,[1,0.0020000000949949026,0.0020000000949949026,0.00009999989561038092]]],-1],0,0,[],[],[]],[[[2,".bin",1271435498,[{"primitives":[{"primitiveMode":7,"vertexBundelIndices":[0],"indexView":{"offset":14064,"length":1488,"count":372,"stride":4}}],"vertexBundles":[{"view":{"offset":0,"length":14064,"count":293,"stride":48},"attributes":[{"name":"a_position","format":32,"isNormalized":false},{"name":"a_normal","format":32,"isNormalized":false},{"name":"a_texCoord","format":21,"isNormalized":false},{"name":"a_tangent","format":44,"isNormalized":false}]}]},"minPosition",8,[1,-0.0020000000949949026,-0.0020000000949949026,-0.00009999989561038092],"maxPosition",8,[1,0.0020000000949949026,0.0020000000949949026,0.00009999989561038092]]],-1],0,0,[],[],[]],[[[2,".bin",1271435498,[{"primitives":[{"primitiveMode":7,"vertexBundelIndices":[0],"indexView":{"offset":14064,"length":1488,"count":372,"stride":4}}],"vertexBundles":[{"view":{"offset":0,"length":14064,"count":293,"stride":48},"attributes":[{"name":"a_position","format":32,"isNormalized":false},{"name":"a_normal","format":32,"isNormalized":false},{"name":"a_texCoord","format":21,"isNormalized":false},{"name":"a_tangent","format":44,"isNormalized":false}]}]},"minPosition",8,[1,-0.0020000000949949026,-0.0020000000949949026,-0.00009999989561038092],"maxPosition",8,[1,0.0020000000949949026,0.0020000000949949026,0.00009999989561038092]]],-1],0,0,[],[],[]],[[[2,".bin",588346564,[{"primitives":[{"primitiveMode":7,"vertexBundelIndices":[0],"indexView":{"offset":672,"length":72,"count":18,"stride":4}}],"vertexBundles":[{"view":{"offset":0,"length":672,"count":14,"stride":48},"attributes":[{"name":"a_position","format":32,"isNormalized":false},{"name":"a_normal","format":32,"isNormalized":false},{"name":"a_texCoord","format":21,"isNormalized":false},{"name":"a_tangent","format":44,"isNormalized":false}]}]},"minPosition",8,[1,0.027996350079774857,-0.019999999552965164,0.00699999975040555],"maxPosition",8,[1,0.029999999329447746,0.019999999552965164,0.009999999776482582]]],-1],0,0,[],[],[]],[[[9,"map_019"],[10,"map_019",[[-2,-3,-4,-5,-6,-7,-8,-9,-10,-11,-12,-13,-14,-15,-16,-17,-18,-19,-20,-21,-22,-23,-24,-25,-26,-27,-28,-29,-30,-31,-32,-33,-34,-35,-36,[8,"Camera",-38,[1,"36r0croDdRV4L9YgcGm/wy",-37,0],[1,-6,7.5,0],[3,-4.4971273106791125e-8,-6.092074868835776e-9,-0.422618062986199,0.9063078797173681],[1,99.99999237060547,99.99999237060547,100],[1,-0.000007724992193907352,-0.000004372489397016428,-49.999974869920194]],[8,"char",-40,[1,"80ltIPBoVdjZfBQWHEgdHo",-39,0],[1,-2.299999952316284,0.8999999761581421,0],[3,-0.7071068407911908,0,0,0.7071067215818992],[1,100,100,100],[1,-90.00000965934633,0,0]]],1,1,1,1,1,1,1,1,1,1,1,1,1,1,1,1,1,1,1,1,1,1,1,1,1,1,1,1,1,1,1,1,1,1,1,4,4],[1,"07T26vfY9Rub2JKDYdm7Zm",-1,0]],[7,"0.Cube.001",2,1,[[3,-41,[0,"b8CMobjX9UyK0cCNjZkDFE"],[0],[4],1],[6,-42,[0,"8cLo/IiltBrad2naUdWpFm"],2]],[1,"3dSI4SWDxQiL/eQHTkBZ9j",1,0],[3,-0.7071068407911908,0,0,0.7071067215818992],[1,100,100,100],[1,-90.00000965934633,0,0]],[7,"0.Cube.002",2,1,[[3,-43,[0,"8aPxCoWAFU7Jt4hsonxvz1"],[3],[4],4],[6,-44,[0,"6emIOOm8hHm4LnVnW2m03i"],5]],[1,"a7OQ3xuZBTsa8fdEvicGjw",1,0],[3,-0.7071068407911908,0,0,0.7071067215818992],[1,100,100,100],[1,-90.00000965934633,0,0]],[7,"0.Cube.003",2,1,[[3,-45,[0,"bcMiKGH9pZW6mnyvZ3f+NT"],[6],[4],7],[6,-46,[0,"45LeJ98ORAFLMIa153fQfx"],8]],[1,"ea5lR/lB9ZWLMgGL6ldSHj",1,0],[3,-0.7071068407911908,0,0,0.7071067215818992],[1,100,100,100],[1,-90.00000965934633,0,0]],[7,"0.Cube.004",2,1,[[3,-47,[0,"90qIFgnSpSP6Po7TaTWnMz"],[9],[4],10],[6,-48,[0,"eeLKfJzuNCQ6fsZJkONI4G"],11]],[1,"c7IP1eK9dUC6UVRNo56dYn",1,0],[3,-0.7071068407911908,0,0,0.7071067215818992],[1,100,100,100],[1,-90.00000965934633,0,0]],[11,"0.ground",1,[[3,-49,[0,"9b+D2paMRe8YlQtWICY8TE"],[12],[4],13],[6,-50,[0,"1dbsaiRVRLppBTqm81Yw/S"],14]],[1,"96HXeWd6xZfIOfiNjwUadi",1,0],[3,-0.7071068407911908,0,0,0.7071067215818992],[1,100,100,100],[1,-90.00000965934633,0,0]],[5,"1.disc.005",1,[[3,-51,[0,"49ByFINF1XdpXmudBLpFlf"],[15],[4],16]],[1,"67pf/1GwtUcLQI3NEaNO86",1,0],[1,1.600000023841858,0.699999988079071,-1.399999976158142],[3,-0.7071068407911908,0,0,0.7071067215818992],[1,100,100,100],[1,-90.00000965934633,0,0]],[5,"1.disc.006",1,[[3,-52,[0,"54EqJQUKpedZdMQpTJ+c7h"],[17],[4],18]],[1,"90+wskVVpX2L/Zn1eOvW3G",1,0],[1,1.600000023841858,0.699999988079071,-0.699999988079071],[3,-0.7071068407911908,0,0,0.7071067215818992],[1,100,100,100],[1,-90.00000965934633,0,0]],[5,"1.disc.008",1,[[3,-53,[0,"adQnTFvNdR+obSkVzLtBNy"],[19],[4],20]],[1,"59oOQLolpfRrzkdKrW/GcW",1,0],[1,1.600000023841858,0.699999988079071,0.699999988079071],[3,-0.7071068407911908,0,0,0.7071067215818992],[1,100,100,100],[1,-90.00000965934633,0,0]],[5,"1.disc.009",1,[[3,-54,[0,"52uYEIZ3FYaKhUhM7WguHR"],[21],[4],22]],[1,"91ELPWF0BRi5yXQ9JWwD2o",1,0],[1,1.600000023841858,0.699999988079071,1.399999976158142],[3,-0.7071068407911908,0,0,0.7071067215818992],[1,100,100,100],[1,-90.00000965934633,0,0]],[5,"1.disc.010",1,[[3,-55,[0,"76jwvD4KdXrINXqF9BbSD/"],[23],[4],24]],[1,"68vOPBkoBXE4Ca5cEE3TaT",1,0],[1,0.800000011920929,0.699999988079071,-1.399999976158142],[3,-0.7071068407911908,0,0,0.7071067215818992],[1,100,100,100],[1,-90.00000965934633,0,0]],[5,"1.disc.011",1,[[3,-56,[0,"95OW+dhh1QR6UdMKv2ebdB"],[25],[4],26]],[1,"c0fP1hXelYvrovNFA38MiC",1,0],[1,0.800000011920929,0.699999988079071,-0.699999988079071],[3,-0.7071068407911908,0,0,0.7071067215818992],[1,100,100,100],[1,-90.00000965934633,0,0]],[5,"1.disc.012",1,[[3,-57,[0,"cfzHEWNRJTHY9k6Azxw6cr"],[27],[4],28]],[1,"13ZFFerpJUgrNI8KfVym/4",1,0],[1,0.800000011920929,0.699999988079071,0],[3,-0.7071068407911908,0,0,0.7071067215818992],[1,100,100,100],[1,-90.00000965934633,0,0]],[5,"1.disc.013",1,[[3,-58,[0,"7aJa8L+QlSdYf3a8JRzR5X"],[29],[4],30]],[1,"e5ukLssv5QT6HKj5od9YtP",1,0],[1,0.800000011920929,0.699999988079071,0.699999988079071],[3,-0.7071068407911908,0,0,0.7071067215818992],[1,100,100,100],[1,-90.00000965934633,0,0]],[5,"1.disc.014",1,[[3,-59,[0,"e0AbB3YgVQ95UR45yQjZms"],[31],[4],32]],[1,"7fPZdNWYJTSbYMosbSLjwH",1,0],[1,0.800000011920929,0.699999988079071,1.399999976158142],[3,-0.7071068407911908,0,0,0.7071067215818992],[1,100,100,100],[1,-90.00000965934633,0,0]],[5,"1.disc.015",1,[[3,-60,[0,"07gzIeszlbFI4pbCfvFZb5"],[33],[4],34]],[1,"b9jjj+GNZe6a8kqwhkBBuu",1,0],[1,0,0.699999988079071,-1.399999976158142],[3,-0.7071068407911908,0,0,0.7071067215818992],[1,100,100,100],[1,-90.00000965934633,0,0]],[5,"1.disc.016",1,[[3,-61,[0,"48bX27CF5asZIF4UcbICpW"],[35],[4],36]],[1,"24wIBnmqtaJ6ljfufncFGT",1,0],[1,0,0.699999988079071,-0.699999988079071],[3,-0.7071068407911908,0,0,0.7071067215818992],[1,100,100,100],[1,-90.00000965934633,0,0]],[5,"1.disc.017",1,[[3,-62,[0,"cfyaYv9xdZtLvGxMwyBRZ9"],[37],[4],38]],[1,"528TLuz5tZ57NnGBAvX+Qe",1,0],[1,0,0.699999988079071,0],[3,-0.7071068407911908,0,0,0.7071067215818992],[1,100,100,100],[1,-90.00000965934633,0,0]],[5,"1.disc.018",1,[[3,-63,[0,"b26MtJhMJT8qWvljya+7YB"],[39],[4],40]],[1,"35E2mQZOhTzKElFNPpks4h",1,0],[1,0,0.699999988079071,0.699999988079071],[3,-0.7071068407911908,0,0,0.7071067215818992],[1,100,100,100],[1,-90.00000965934633,0,0]],[5,"1.disc.019",1,[[3,-64,[0,"a2Gg4ojkhSN64n91hwaKgG"],[41],[4],42]],[1,"89PBs/6ehQEKLx32bV38El",1,0],[1,0,0.699999988079071,1.399999976158142],[3,-0.7071068407911908,0,0,0.7071067215818992],[1,100,100,100],[1,-90.00000965934633,0,0]],[5,"1.disc.020",1,[[3,-65,[0,"d9XXqJOgdUrbjVeH+OQuFJ"],[43],[4],44]],[1,"30V0s8LYpZBbkQ09EiR3tE",1,0],[1,-0.800000011920929,0.699999988079071,-1.399999976158142],[3,-0.7071068407911908,0,0,0.7071067215818992],[1,100,100,100],[1,-90.00000965934633,0,0]],[5,"1.disc.021",1,[[3,-66,[0,"bcugMu9txaKJT5iwP1BJjJ"],[45],[4],46]],[1,"1f5X4JHSFW27v66qKKW3/l",1,0],[1,-0.800000011920929,0.699999988079071,-0.699999988079071],[3,-0.7071068407911908,0,0,0.7071067215818992],[1,100,100,100],[1,-90.00000965934633,0,0]],[5,"1.disc.022",1,[[3,-67,[0,"1aIKNzWYlUbpPL9fKMj8qK"],[47],[4],48]],[1,"cdtEi/TChXQrjx03PDehXN",1,0],[1,-0.800000011920929,0.699999988079071,0],[3,-0.7071068407911908,0,0,0.7071067215818992],[1,100,100,100],[1,-90.00000965934633,0,0]],[5,"1.disc.023",1,[[3,-68,[0,"8abKxi+O1ZPKc85e/fbb0U"],[49],[4],50]],[1,"91MBZwj4pZr5oEKJu1v7TE",1,0],[1,-0.800000011920929,0.699999988079071,0.699999988079071],[3,-0.7071068407911908,0,0,0.7071067215818992],[1,100,100,100],[1,-90.00000965934633,0,0]],[5,"1.disc.024",1,[[3,-69,[0,"e5rRpc8u1fgbDyLbmff56b"],[51],[4],52]],[1,"93N7FnoudeCo1PJ9zweHo3",1,0],[1,-0.800000011920929,0.699999988079071,1.399999976158142],[3,-0.7071068407911908,0,0,0.7071067215818992],[1,100,100,100],[1,-90.00000965934633,0,0]],[5,"1.disc.025",1,[[3,-70,[0,"d40mVHdZleLqZO5gxnXuym"],[53],[4],54]],[1,"0etNe+Rt5eqKHAhM9l7lX5",1,0],[1,-1.600000023841858,0.699999988079071,-1.399999976158142],[3,-0.7071068407911908,0,0,0.7071067215818992],[1,100,100,100],[1,-90.00000965934633,0,0]],[5,"1.disc.026",1,[[3,-71,[0,"89mTa9DRlUwKND4I3bLGWu"],[55],[4],56]],[1,"30nYX5S5ZaOZFtnQdEZv/Z",1,0],[1,-1.600000023841858,0.699999988079071,-0.699999988079071],[3,-0.7071068407911908,0,0,0.7071067215818992],[1,100,100,100],[1,-90.00000965934633,0,0]],[5,"1.disc.027",1,[[3,-72,[0,"f7nZhKMd5dhotujUI0jjUg"],[57],[4],58]],[1,"53vqanTKpeoL4YNZ+Lr00P",1,0],[1,-1.600000023841858,0.699999988079071,0],[3,-0.7071068407911908,0,0,0.7071067215818992],[1,100,100,100],[1,-90.00000965934633,0,0]],[5,"1.disc.028",1,[[3,-73,[0,"5cnf01PV5cnaT89nF3mVuR"],[59],[4],60]],[1,"abn2/SSGVQ65ykMYrflYUh",1,0],[1,-1.600000023841858,0.699999988079071,0.699999988079071],[3,-0.7071068407911908,0,0,0.7071067215818992],[1,100,100,100],[1,-90.00000965934633,0,0]],[5,"1.disc.029",1,[[3,-74,[0,"e4Zifpn61Qj5JBtsjCzDg+"],[61],[4],62]],[1,"e2MSnGMkhf+5CgGWKY+EJm",1,0],[1,-1.600000023841858,0.699999988079071,1.399999976158142],[3,-0.7071068407911908,0,0,0.7071067215818992],[1,100,100,100],[1,-90.00000965934633,0,0]],[5,"1.disc.hard",1,[[3,-75,[0,"f16JHgyixdbKvVqQHCyzAb"],[63],[4],64]],[1,"51kndt+txTu4t0+QLp4dKh",1,0],[1,2.4000000953674316,0.699999988079071,-1.399999976158142],[3,-0.7071068407911908,0,0,0.7071067215818992],[1,100,100,100],[1,-90.00000965934633,0,0]],[5,"1.disc.hard.001",1,[[3,-76,[0,"ae30SRP0xW0I3mJkGi9Cj6"],[65],[4],66]],[1,"f9ezQxBuFaQ7cZCq2h4xo5",1,0],[1,2.4000000953674316,0.699999988079071,-0.699999988079071],[3,-0.7071068407911908,0,0,0.7071067215818992],[1,100,100,100],[1,-90.00000965934633,0,0]],[5,"1.disc.hard.002",1,[[3,-77,[0,"a4y0iVfqBTDr1DB7LwC6TH"],[67],[4],68]],[1,"9cb5u8p6lUkbwuJKuI4TIk",1,0],[1,2.4000000953674316,0.699999988079071,0],[3,-0.7071068407911908,0,0,0.7071067215818992],[1,100,100,100],[1,-90.00000965934633,0,0]],[5,"1.disc.hard.003",1,[[3,-78,[0,"17MGdw7ttRfbvKy42fl9fw"],[69],[4],70]],[1,"f53yUnDhNTS48NifLuZnTI",1,0],[1,2.4000000953674316,0.699999988079071,0.699999988079071],[3,-0.7071068407911908,0,0,0.7071067215818992],[1,100,100,100],[1,-90.00000965934633,0,0]],[5,"1.disc.hard.004",1,[[3,-79,[0,"9bfUAAKPVR+b9Pznpuk7VU"],[71],[4],72]],[1,"99W5bqsnJbII5wR1jSELg5",1,0],[1,2.4000000953674316,0.699999988079071,1.399999976158142],[3,-0.7071068407911908,0,0,0.7071067215818992],[1,100,100,100],[1,-90.00000965934633,0,0]],[5,"1.disc.move",1,[[3,-80,[0,"6bOGLjkoJfk7hqBn/heNAp"],[73],[4],74]],[1,"c0idhkOsRfU4/6F2OtuCMe",1,0],[1,1.600000023841858,0.699999988079071,0],[3,-0.7071068407911908,0,0,0.7071067215818992],[1,100,100,100],[1,-90.00000965934633,0,0]]],0,[0,2,1,0,-1,2,0,-2,3,0,-3,4,0,-4,5,0,-5,6,0,-6,7,0,-7,8,0,-8,9,0,-9,10,0,-10,11,0,-11,12,0,-12,13,0,-13,14,0,-14,15,0,-15,16,0,-16,17,0,-17,18,0,-18,19,0,-19,20,0,-20,21,0,-21,22,0,-22,23,0,-23,24,0,-24,25,0,-25,26,0,-26,27,0,-27,28,0,-28,29,0,-29,30,0,-30,31,0,-31,32,0,-32,33,0,-33,34,0,-34,35,0,-35,36,0,2,1,0,3,1,0,2,1,0,3,1,0,0,2,0,0,2,0,0,3,0,0,3,0,0,4,0,0,4,0,0,5,0,0,5,0,0,6,0,0,6,0,0,7,0,0,8,0,0,9,0,0,10,0,0,11,0,0,12,0,0,13,0,0,14,0,0,15,0,0,16,0,0,17,0,0,18,0,0,19,0,0,20,0,0,21,0,0,22,0,0,23,0,0,24,0,0,25,0,0,26,0,0,27,0,0,28,0,0,29,0,0,30,0,0,31,0,0,32,0,0,33,0,0,34,0,0,35,0,0,36,0,4,1,80],[0,0,0,0,0,0,0,0,0,0,0,0,0,0,0,0,0,0,0,0,0,0,0,0,0,0,0,0,0,0,0,0,0,0,0,0,0,0,0,0,0,0,0,0,0,0,0,0,0,0,0,0,0,0,0,0,0,0,0,0,0,0,0,0,0,0,0,0,0,0,0,0,0,0,0],[-1,1,1,-1,1,1,-1,1,1,-1,1,1,-1,1,1,-1,1,-1,1,-1,1,-1,1,-1,1,-1,1,-1,1,-1,1,-1,1,-1,1,-1,1,-1,1,-1,1,-1,1,-1,1,-1,1,-1,1,-1,1,-1,1,-1,1,-1,1,-1,1,-1,1,-1,1,-1,1,-1,1,-1,1,-1,1,-1,1,-1,1],[1,2,2,1,3,3,1,4,4,1,5,5,7,6,6,0,8,0,9,0,10,0,11,0,12,0,13,0,14,0,15,0,16,0,17,0,18,0,19,0,20,0,21,0,22,0,23,0,24,0,25,0,26,0,27,0,28,0,29,0,30,0,31,0,32,0,33,0,34,0,35,0,36,0,37]]]]
