[1,["679c8408-5fb7-4ac8-85cc-b9170807986d@4f17a","1baf0fc9-befa-459c-8bdd-af1a450a0319","679c8408-5fb7-4ac8-85cc-b9170807986d@1cf74","679c8408-5fb7-4ac8-85cc-b9170807986d@a62fe","526e4506-b518-4d4b-9097-5c46ad6aa06e"],["targetInfo","root","node","mainTexture","_effectAsset","target","source","_parent","data","_mesh","asset"],[["cc.Node",["_name","_layer","_objFlags","__editorExtras__","_prefab","_parent","_children","_components","_lpos"],-1,4,1,12,12,5],["cc.PrefabInfo",["fileId","root","asset","targetOverrides","nestedPrefabInstanceRoots"],2,1,1,9,2],["cc.Material",["_name","_states","_defines","_props"],0,12],["cc.Mesh",["_native","_hash","_struct"],1,11],["cc.Prefab",["_name"],2],["cc.Node",["_name","_layer","_parent","_components","_prefab","_lrot","_lscale","_euler"],1,1,9,4,5,5,5],["cc.PrefabInfo",["fileId","root","instance","asset"],2,1,4,6],["cc.BoxCollider",["node","__prefab","_center"],3,1,4,5],["cc.CompPrefabInfo",["fileId"],2],["cc.TargetOverrideInfo",["propertyPath","source","target","targetInfo"],2,1,1,4],["cc.TargetInfo",["localID"],2],["cc.PrefabInstance",["fileId","prefabRootNode","propertyOverrides"],2,1,9],["CCPropertyOverrideInfo",["value","propertyPath","targetInfo"],1,1],["CCPropertyOverrideInfo",["propertyPath","targetInfo","value"],2,1,8],["cc.MeshRenderer",["_shadowCastingMode","_shadowReceivingMode","node","__prefab","_materials","lightmapSettings","_mesh"],1,1,4,3,4,6],["cc.ModelLightmapSettings",["_castShadow"],2],["ef48bIHqvFOHZl8yLmMTrY4",["node","__prefab"],3,1,4]],[[8,0,2],[13,0,1,2,2],[1,0,1,2,2],[10,0,2],[2,0,1,2,3,4],[3,0,1,2,3],[4,0,2],[0,0,1,6,7,4,3],[0,0,1,5,4,8,3],[0,2,3,5,4,3],[5,0,1,2,3,4,5,6,7,3],[1,0,1,2,3,4,2],[6,0,1,2,3,2],[7,0,1,2,1],[9,0,1,2,3,2],[11,0,1,2,2],[12,0,1,2,3],[14,0,1,2,3,4,5,6,3],[15,0,2],[16,0,1,1]],[[[[4,"Crate_01",[{"rasterizerState":{},"blendState":{"targets":[{}]},"depthStencilState":{}}],[{"USE_ALBEDO_MAP":true}],[[[{},"mainTexture",6,0]],11]]],0,0,[0,0],[3,4],[0,1]],[[[5,".bin",216578705,[{"primitives":[{"primitiveMode":7,"vertexBundelIndices":[0],"indexView":{"offset":44928,"length":8880,"count":2220,"stride":4}}],"vertexBundles":[{"view":{"offset":0,"length":44928,"count":936,"stride":48},"attributes":[{"name":"a_position","format":32,"isNormalized":false},{"name":"a_normal","format":32,"isNormalized":false},{"name":"a_texCoord","format":21,"isNormalized":false},{"name":"a_tangent","format":44,"isNormalized":false}]}]},"minPosition",8,[1,-0.005867383908480406,-0.005459334701299667,0.0000017893313497552299],"maxPosition",8,[1,0.005911886692047119,0.005452100653201342,0.010522892698645592]]],-1],0,0,[],[],[]],[[[6,"Box1"],[7,"Box1",4,[[-7,[8,"Item",4,-9,[2,"89DjMEmMxPEo41ws3AlIul",-8,0],[1,0,1.251,0]],-10],1,4,1],[[[13,-5,[0,"156dtO1F5G8J9wuLmPdeG0"],[1,0,0.5,0]],-6],4,1],[11,"24kpT1+l5QBqRdE1az+IBB",-4,0,[[14,["landingParticle"],-3,-2,[3,["34wf8BXk5PaLPL8w7Y/qdP"]]]],[-1]]],[9,0,null,1,[12,"c46/YsCPVOJYA4mWEpNYRx",-15,[15,"b10xcPCFJGxI3nnupogrrI",1,[[16,"landing",["_name"],-11],[1,["_lpos"],-12,[1,0,0,0]],[1,["_lrot"],-13,[3,0,0,0,1]],[1,["_euler"],-14,[1,0,0,0]]]],2]],[3,["c46/YsCPVOJYA4mWEpNYRx"]],[10,"model",4,1,[[17,1,0,-16,[0,"10pK7ld2xSW5tr1CKRmorX"],[0],[18,true],1]],[2,"a0u3Dz2jRUxI0vJ7ioHyk+",1,0],[3,-0.7071684852014807,0,0,0.7070450717866883],[1,100,100,100],[1,-90.01,0,0]],[19,1,[0,"52tM+7xCVDmLTOOQTmbhFz"]]],0,[0,-1,2,0,5,2,0,6,5,0,1,1,0,2,1,0,-2,5,0,-1,4,0,1,1,0,7,1,0,-3,2,0,0,3,0,0,3,0,0,3,0,0,3,0,1,2,0,2,4,0,8,1,16],[0,0,0],[-1,9,10],[2,3,4]]]]
