[1,["1baf0fc9-befa-459c-8bdd-af1a450a0319","4c6837c5-d76f-4fb0-8247-5b8832d81e2e@abc75","4c6837c5-d76f-4fb0-8247-5b8832d81e2e@b3e94","4c6837c5-d76f-4fb0-8247-5b8832d81e2e@44312","4c6837c5-d76f-4fb0-8247-5b8832d81e2e@531f8"],["node","root","data","_effectAsset","asset","_mesh"],[["cc.Node",["_name","_layer","_objFlags","__editorExtras__","_prefab","_children","_components","_parent","_lscale"],-1,4,2,9,1,5],["cc.Prefab",["_name"],2],["cc.PrefabInfo",["fileId","root","asset","nestedPrefabInstanceRoots"],2,1,1,2],["cc.BoxCollider",["_isTrigger","node","__prefab","_center","_size"],2,1,4,5,5],["cc.CompPrefabInfo",["fileId"],2],["d29ecftG0hEILH173Y9QJzY",["node","__prefab"],3,1,4],["eddd4lxbtdOHrEJO75AcVdI",["node","__prefab","direction"],3,1,4,5],["cc.PrefabInfo",["fileId","root","instance","asset"],2,1,4,6],["cc.TargetInfo",["localID"],2],["cc.PrefabInstance",["fileId","prefabRootNode","propertyOverrides"],2,1,9],["CCPropertyOverrideInfo",["value","propertyPath","targetInfo"],1,1],["CCPropertyOverrideInfo",["propertyPath","targetInfo","value"],2,1,8],["CCPropertyOverrideInfo",["value","propertyPath","targetInfo"],1,4],["cc.Material",["_name","_states","_defines","_props"],0,12],["cc.Mesh",["_native","_hash","_struct"],1,11],["cc.MeshRenderer",["node","__prefab","_materials","lightmapSettings","_mesh"],3,1,4,3,4,6],["cc.ModelLightmapSettings",[],3]],[[4,0,2],[11,0,1,2,2],[2,0,1,2,2],[8,0,2],[10,0,1,2,3],[13,0,1,2,3,4],[1,0,2],[1,1],[0,0,1,5,6,4,3],[0,2,3,7,4,3],[0,0,5,4,2],[0,0,7,6,4,8,2],[3,0,1,2,3,4,2],[5,0,1,1],[6,0,1,2,1],[2,0,1,2,3,2],[7,0,1,2,3,2],[9,0,1,2,2],[12,0,1,2,3],[14,0,1,2,3],[15,0,1,2,3,4,1],[16,1]],[[[[6,"giftbox1"],[8,"giftbox1",8,[-6],[[12,true,-3,[0,"ffViLUikVPo45JIKPZb9M1"],[1,0,0.15,0],[1,0.5,0.5,0.5]],[13,-4,[0,"c0/4qE4OZJxKKb5yri8+r/"]],[14,-5,[0,"7c0EQfdR9P8qOwOaOlRIoX"],[1,0,1,0]]],[15,"c46/YsCPVOJYA4mWEpNYRx",-2,0,[-1]]],[3,["46y6vij/BV1LaurO66y/So"]],[9,0,null,1,[16,"46y6vij/BV1LaurO66y/So",-7,[17,"abVRDr48FHmoq/gJUTbSbx",1,[[4,"GiftBox1",["_name"],2],[1,["_lpos"],2,[1,0,0.192,0]],[1,["_lrot"],2,[3,0,0,0,1]],[1,["_euler"],2,[1,0,0,0]],[4,8,["_layer"],2],[18,8,["_layer"],[3,["beQR0HajFcsKS+ajkm9cyZ"]]]]],0]]],0,[0,-1,3,0,1,1,0,0,1,0,0,1,0,0,1,0,-1,3,0,1,3,0,2,1,7],[0],[4],[1]],[[[5,"Lowpoly_Christmas_Pack_014_Lowpoly_Christmas_Pack_04_phong3",[{"rasterizerState":{},"blendState":{"targets":[{}]},"depthStencilState":{}}],[{}],[[[{},"albedoScale",8,[1,1,0.7042297720909119,0.23100000619888306]]],11]]],0,0,[0],[3],[0]],[[[19,".bin",1518126179,[{"primitives":[{"primitiveMode":7,"vertexBundelIndices":[0],"indexView":{"offset":20928,"length":4128,"count":1032,"stride":4}},{"primitiveMode":7,"vertexBundelIndices":[1],"indexView":{"offset":31968,"length":960,"count":240,"stride":4}}],"vertexBundles":[{"view":{"offset":0,"length":20928,"count":436,"stride":48},"attributes":[{"name":"a_position","format":32,"isNormalized":false},{"name":"a_normal","format":32,"isNormalized":false},{"name":"a_texCoord","format":21,"isNormalized":false},{"name":"a_tangent","format":44,"isNormalized":false}]},{"view":{"offset":25056,"length":6912,"count":144,"stride":48},"attributes":[{"name":"a_position","format":32,"isNormalized":false},{"name":"a_normal","format":32,"isNormalized":false},{"name":"a_texCoord","format":21,"isNormalized":false},{"name":"a_tangent","format":44,"isNormalized":false}]}]},"minPosition",8,[1,-0.008881964720785618,-0.008533022366464138,-0.008499999530613422],"maxPosition",8,[1,0.008881964720785618,0.008533022366464138,0.008499999530613422]]],-1],0,0,[],[],[]],[[[7],[10,"GiftBox1",[-2],[2,"46y6vij/BV1LaurO66y/So",-1,0]],[11,"giftbox",1,[[20,-3,[0,"3bhAgjgEhXWKxAiYaBnhqO"],[0,1],[21],2]],[2,"beQR0HajFcsKS+ajkm9cyZ",1,0],[1,22.059999465942383,22.059999465942383,22.059999465942383]]],0,[0,1,1,0,-1,2,0,0,2,0,2,1,3],[0,0,0],[-1,-2,5],[2,3,4]],[[[5,"Lowpoly_Christmas_Pack_014_Lowpoly_Christmas_Pack_04_phong2",[{"rasterizerState":{},"blendState":{"targets":[{}]},"depthStencilState":{}}],[{}],[[[{},"albedoScale",8,[1,0.5270000100135803,0,0]]],11]]],0,0,[0],[3],[0]]]]
