[1,["1baf0fc9-befa-459c-8bdd-af1a450a0319","b910f22c-8a83-42ed-ba71-eeaddff05ce1@e0e5c","b910f22c-8a83-42ed-ba71-eeaddff05ce1@e3178","b910f22c-8a83-42ed-ba71-eeaddff05ce1@014d9","b910f22c-8a83-42ed-ba71-eeaddff05ce1@9a610"],["node","root","data","_effectAsset","_mesh","asset"],[["cc.Node",["_name","_layer","_objFlags","__editorExtras__","_prefab","_children","_parent","_components","_lscale"],-1,4,2,1,9,5],["cc.Prefab",["_name"],2],["cc.PrefabInfo",["fileId","root","asset","nestedPrefabInstanceRoots"],2,1,1,2],["cc.Mesh",["_native","_hash","_struct"],1,11],["cc.PrefabInfo",["fileId","root","instance","asset"],2,1,4,6],["cc.MeshRenderer",["node","__prefab","_materials","lightmapSettings","_mesh"],3,1,4,3,4,6],["cc.CompPrefabInfo",["fileId"],2],["cc.ModelLightmapSettings",[],3],["cc.Material",["_name","_states","_defines","_props"],0,12],["cc.BoxCollider",["_isTrigger","node","__prefab","_center","_size"],2,1,4,5,5],["d29ecftG0hEILH173Y9QJzY",["node","__prefab"],3,1,4],["eddd4lxbtdOHrEJO75AcVdI",["node","__prefab","direction"],3,1,4,5],["cc.TargetInfo",["localID"],2],["cc.PrefabInstance",["fileId","prefabRootNode","propertyOverrides"],2,1,9],["CCPropertyOverrideInfo",["value","propertyPath","targetInfo"],1,1],["CCPropertyOverrideInfo",["propertyPath","targetInfo","value"],2,1,8]],[[6,0,2],[15,0,1,2,2],[2,0,1,2,2],[8,0,1,2,3,4],[3,0,1,2,3],[1,1],[1,0,2],[0,0,5,4,2],[0,0,6,7,4,8,2],[0,0,1,5,7,4,3],[0,2,3,6,4,3],[2,0,1,2,3,2],[4,0,1,2,3,2],[5,0,1,2,3,4,1],[7,1],[9,0,1,2,3,4,2],[10,0,1,1],[11,0,1,2,1],[12,0,2],[13,0,1,2,2],[14,0,1,2,3]],[[[[4,".bin",1343084236,[{"primitives":[{"primitiveMode":7,"vertexBundelIndices":[0],"indexView":{"offset":13776,"length":2508,"count":627,"stride":4}},{"primitiveMode":7,"vertexBundelIndices":[1],"indexView":{"offset":26892,"length":1956,"count":489,"stride":4}}],"vertexBundles":[{"view":{"offset":0,"length":13776,"count":287,"stride":48},"attributes":[{"name":"a_position","format":32,"isNormalized":false},{"name":"a_normal","format":32,"isNormalized":false},{"name":"a_texCoord","format":21,"isNormalized":false},{"name":"a_tangent","format":44,"isNormalized":false}]},{"view":{"offset":16284,"length":10608,"count":221,"stride":48},"attributes":[{"name":"a_position","format":32,"isNormalized":false},{"name":"a_normal","format":32,"isNormalized":false},{"name":"a_texCoord","format":21,"isNormalized":false},{"name":"a_tangent","format":44,"isNormalized":false}]}]},"minPosition",8,[1,-0.00559999980032444,-0.0053592342883348465,-0.00559999980032444],"maxPosition",8,[1,0.00559999980032444,0.0053592342883348465,0.00559999980032444]]],-1],0,0,[],[],[]],[[[5],[7,"GiftBox3",[-2],[2,"13r/jWbTZTEKS3TfcnIdzH",-1,0]],[8,"gifbox",1,[[13,-3,[0,"47nYrewuBaKYWEQ54iEJWF"],[0,1],[14],2]],[2,"f7AgUm92pQ+bvZhG8EmTFO",1,0],[1,30.464445114135742,30.464445114135742,30.464445114135742]]],0,[0,1,1,0,-1,2,0,0,2,0,2,1,3],[0,0,0],[-1,-2,4],[1,2,3]],[[[3,"Lowpoly_Christmas_Pack_011_phong1",[{"rasterizerState":{},"blendState":{"targets":[{}]},"depthStencilState":{}}],[{}],[[[{},"albedoScale",8,[1,1,0.7042297720909119,0.23100000619888306]]],11]]],0,0,[0],[3],[0]],[[[3,"Lowpoly_Christmas_Pack_011_phong2",[{"rasterizerState":{},"blendState":{"targets":[{}]},"depthStencilState":{}}],[{}],[[[{},"albedoScale",8,[1,0.0013679959811270237,0.036235347390174866,0.2280000001192093]]],11]]],0,0,[0],[3],[0]],[[[6,"giftbox3"],[9,"giftbox3",8,[-6],[[15,true,-3,[0,"ffViLUikVPo45JIKPZb9M1"],[1,0,0.15,0],[1,0.5,0.5,0.5]],[16,-4,[0,"c0/4qE4OZJxKKb5yri8+r/"]],[17,-5,[0,"7c0EQfdR9P8qOwOaOlRIoX"],[1,0,1,0]]],[11,"c46/YsCPVOJYA4mWEpNYRx",-2,0,[-1]]],[18,["13r/jWbTZTEKS3TfcnIdzH"]],[10,0,null,1,[12,"13r/jWbTZTEKS3TfcnIdzH",-7,[19,"81X6yUsfZCHLAxd3vxJXPz",1,[[20,"GiftBox3",["_name"],2],[1,["_lpos"],2,[1,0,0,0]],[1,["_lrot"],2,[3,0,0,0,1]],[1,["_euler"],2,[1,0,0,0]]]],0]]],0,[0,-1,3,0,1,1,0,0,1,0,0,1,0,0,1,0,-1,3,0,1,3,0,2,1,7],[0],[5],[4]]]]
