{"version":1,"document":[{"__type__":"cc.AnimationClip","_name":"lv2-push","_objFlags":0,"_native":"","sample":60,"speed":1,"wrapMode":2,"enableTrsBlending":false,"_duration":0.85,"_hash":500763545,"_tracks":[{"__id__":1}],"_exoticAnimation":null,"_events":[]},{"__type__":"cc.animation.ObjectTrack","_binding":{"__type__":"cc.animation.TrackBinding","path":{"__id__":2}},"_channel":{"__id__":4}},{"__type__":"cc.animation.TrackPath","_paths":[{"__id__":3},"spriteFrame"]},{"__type__":"cc.animation.ComponentPath","component":"cc.Sprite"},{"__type__":"cc.animation.Channel","_curve":{"__id__":5}},{"__type__":"cc.ObjectCurve","_times":[0,0.16666666666666666,0.3333333333333333,0.5,0.6666666666666666,0.8333333333333334],"_values":[{"__uuid__":"151a3139-0684-4852-aec9-dbdd66fd3f8e@f9941","__expectedType__":"cc.Asset"},{"__uuid__":"ac65ae01-76e7-41cb-881a-ec966d479ed9@f9941","__expectedType__":"cc.Asset"},{"__uuid__":"bdf84382-7569-4f01-88e8-e14deee3369f@f9941","__expectedType__":"cc.Asset"},{"__uuid__":"1d438c85-afe4-4551-bd2e-da8a441cfc9b@f9941","__expectedType__":"cc.Asset"},{"__uuid__":"5e540369-b129-47ff-b5e4-4519e89c912d@f9941","__expectedType__":"cc.Asset"},{"__uuid__":"a7566445-c271-4fa3-8c7b-53af0d80df6f@f9941","__expectedType__":"cc.Asset"}]}],"chunks":[]}
