[1,["428dcc3e-3f38-4b8c-880a-f155ae67e42e","22ca1304-ea00-41a1-83b9-2de061bff91a@f9941","018f77b0-2354-4116-be67-65644cb7357b","20835ba4-6145-4fbc-a58a-051ce700aa3e@f9941","444ed9f9-c4fb-400b-83ba-bf5d2327f098@6c48a","444ed9f9-c4fb-400b-83ba-bf5d2327f098@f9941","7ac2b127-0cb3-430c-81e6-0bbeb06388dc","6774d3a9-36c9-46fe-a596-2547a1871e7f@f9941","fdfc2f22-7d1f-4cae-bc67-c32eb8fe297f@f9941","e5fd665b-dd20-4d4f-ac77-b9cc821e22ba@f9941","12c4a373-b07e-4934-b832-2933b0a00463@f9941","e2955b14-4ef0-41e7-92a2-a0178e3ea9cb@f9941","32b5b884-39d6-4c8c-9f91-8b4f13414c88@f9941","2d2815fd-0a76-48d9-ba41-891e125a672a","55a56c28-6d0f-45da-96a7-eadc9bee7853","5eb00130-4d50-4bd3-b511-166e76460843","b507a4f4-a573-44bd-aad9-7f0f2d4c9d64","ca25a94a-9224-452c-860d-a86ac9e29a88","0a20455a-4bc0-4ef2-a2db-cd5b13dad3b6","9d24e45e-7b45-4d47-af0a-beb75fba23ab","b52e10e2-8620-46b4-87c2-da7ae0d38671","b87f1474-aa84-455c-bd78-a49a667f9cb5","354d4c65-839e-42b8-b4d8-800364b3b2bf","f38f2595-8e83-47ca-a70c-bf25e9899ac8","2b3b6d76-63ab-42cd-9b96-12f3380dd51f","544e49d6-3f05-4fa8-9a9e-091f98fc2ce8@f9941","951249e0-9f16-456d-8b85-a6ca954da16b@f9941"],["node","asset","targetInfo","root","_spriteFrame","target","source","_font","_cameraComponent","value","_parent","_normalSprite","_textureSource","Container","_target","scene","_defaultClip","_hoverSprite","_pressedSprite","_disabledSprite"],[["cc.Widget",["_alignFlags","_left","_top","_originalHeight","_originalWidth","_bottom","_right","_verticalCenter","_horizontalCenter","node","__prefab"],-6,1,4],["cc.Node",["_name","_layer","_id","_parent","_components","_prefab","_lpos","_children","_lscale"],0,1,9,4,5,2,5],["cc.Sprite",["_sizeMode","_type","_isTrimmedMode","node","_spriteFrame","__prefab","_color"],0,1,6,4,5],["cc.Node",["_name","_layer","_id","_objFlags","__editorExtras__","_components","_prefab","_children","_lpos","_parent"],-2,12,4,2,5,1],["cc.PrefabInfo",["fileId","root","asset","targetOverrides","instance","nestedPrefabInstanceRoots"],2,1,6,9,4,2],["cc.Node",["_name","_layer","_objFlags","_parent","_components","_lpos"],0,1,2,5],["cc.UITransform",["node","__prefab","_contentSize"],3,1,4,5],["cc.TargetOverrideInfo",["propertyPath","target","targetInfo","source","sourceInfo"],2,1,4,1,4],["cc.Button",["_transition","node","__prefab","_normalColor","_target","_normalSprite"],2,1,4,5,1,6],["cc.Scene",["_name","_children","_globals","_prefab"],2,2,4,4],["cc.AmbientInfo",["_skyIllumLDR","_skyIllumHDR","_skyColorHDR","_skyColorLDR","_groundAlbedoHDR","_groundAlbedoLDR"],1,5,5,5,5],["cc.ShadowsInfo",["_enabled","_fixedArea","_shadowDistance","_invisibleOcclusionRange","_maxReceived","_saturation","_shadowColor","_size"],-3,5,5],["cc.Canvas",["node","_cameraComponent","__prefab"],3,1,1,4],["cc.PrefabInstance",["fileId","prefabRootNode","propertyOverrides"],1,9],["CCPropertyOverrideInfo",["propertyPath","value","targetInfo"],1,1],["cc.Label",["_string","_actualFontSize","_fontSize","_isSystemFontUsed","_cacheMode","_lineHeight","node","__prefab","_color","_font"],-3,1,4,5,6],["cc.Camera",["_projection","_orthoHeight","_far","_visibility","_priority","_clearFlags","node","_color"],-3,1,5],"cc.SpriteFrame",["cc.SceneAsset",["_name"],2],["cc.Node",["_name","_objFlags","_layer","_id","_parent","_children","_components","_lpos"],-1,4,2,9,5],["cc.Node",["_objFlags","_parent","__editorExtras__","_prefab"],0,4],["cc.CompPrefabInfo",["fileId"],2],["cc.TargetInfo",["localID"],2],["613e4KXbZpIVYqI2TneTBBG",["node","Container","scenes"],3,1,1,2],["e1c6c5BxUBFlrIibwgDLx5h",["node"],3,1],["55121N6ZJ1F0rv/GR7dwuPA",["node","__prefab"],3,1,4],["cc.SceneGlobals",["ambient","shadows","_skybox","fog","octree"],3,4,4,4,4,4],["cc.SkyboxInfo",[],3],["cc.FogInfo",["_fogColor"],3,5],["cc.OctreeInfo",[],3],["cc.Mask",["_type","_alphaThreshold","node","__prefab"],1,1,4],["d56eeYe8MFLU4l4wOAycQQz",["node","__prefab"],3,1,4],["cc.Animation",["playOnLoad","node","__prefab","_clips","_defaultClip"],2,1,4,3,6],["cc.PrefabInstance",["fileId","prefabRootNode","propertyOverrides"],2,1,9],["CCPropertyOverrideInfo",["propertyPath","targetInfo","value"],2,1,8],["CCPropertyOverrideInfo",["value","propertyPath","targetInfo"],1,4],["CCPropertyOverrideInfo",["propertyPath","targetInfo","value"],2,4,8],["CCPropertyOverrideInfo",["propertyPath","targetInfo","value"],2,1,1],["CCPropertyOverrideInfo",["propertyPath","targetInfo","value"],2,4,6],["4ca40A429RMw50kPxvgqoO6",["node","__prefab","avatarFrameBtn","turn","avatar"],3,1,4,1,1,1],["a7db0n8ZptOpIqyJnP1Lj7Y",["node","__prefab","score","userHUD","handTutorial"],3,1,4,1,1,1]],[[21,0,2],[22,0,2],[6,0,1,2,1],[34,0,1,2,2],[4,0,1,2,2],[36,0,1,2,2],[14,1,0,2,3],[3,3,4,9,6,3],[4,0,1,4,2,2],[35,0,1,2,3],[13,0,2,2],[1,0,1,3,7,4,5,6,3],[6,0,2,1],[13,0,1,2,3],[3,0,1,9,5,6,8,3],[1,0,1,3,4,5,3],[0,0,9,10,2],[0,0,1,6,2,5,7,4,3,9,10,9],[2,0,3,5,4,2],[1,0,1,3,4,5,6,3],[7,0,3,4,1,2,2],[2,1,0,3,5,6,4,3],[26,0,1,2,3,4,1],[27,1],[28,0,1],[29,1],[12,0,1,1],[15,0,1,2,5,3,6,7,6],[16,0,4,1,2,5,3,6,7,7],[18,0,2],[3,0,1,7,5,6,3],[3,0,1,2,7,5,8,4],[3,0,1,9,7,5,6,8,3],[1,0,1,2,3,7,4,6,4],[1,0,1,3,7,4,3],[1,0,3,7,4,5,6,2],[1,0,1,3,4,5,6,8,3],[1,0,1,3,4,8,3],[1,0,1,3,4,5,8,3],[19,0,1,2,3,4,5,6,7,5],[20,0,1,2,3,4],[5,0,1,3,4,5,3],[5,0,3,4,5,2],[5,0,2,3,4,5,3],[6,0,1,1],[0,0,4,3,9,10,4],[0,0,1,2,5,9,5],[0,0,1,2,9,10,4],[0,0,1,6,9,4],[0,0,4,3,9,4],[0,0,1,6,2,5,4,3,9,10,8],[0,0,1,2,8,7,9,10,6],[0,0,1,2,7,9,10,5],[0,0,7,9,10,3],[0,0,2,5,3,9,10,5],[0,0,6,9,10,3],[4,0,1,3,2,2],[4,3,5,1],[4,0,1,4,3,2,2],[7,0,3,1,2,2],[7,0,1,2,2],[23,0,1,2,1],[24,0,1],[2,0,2,3,5,4,3],[2,0,3,5,6,4,2],[2,3,4,1],[2,3,5,4,1],[8,0,1,2,3,4,5,2],[8,1,2,3,4,1],[25,0,1,1],[9,0,1,3,2,2],[9,0,1,2,2],[10,1,0,2,4,3,5,3],[10,0,2,3,2],[11,0,1,2,3,4,5,6,7,7],[11,1],[12,0,2,1,1],[30,0,1,2,3,3],[31,0,1,1],[32,0,1,2,3,4,2],[33,0,1,2,2],[14,0,2,2],[37,0,1,2,2],[38,0,1,2,2],[15,0,1,2,3,4,6,7,8,9,6],[16,0,1,2,3,6,7,5],[39,0,1,2,3,4,1],[40,0,1,2,3,4,1]],[[[{"name":"screen-full@2x","rect":{"x":0,"y":2,"width":750,"height":1622},"offset":{"x":0,"y":-1},"originalSize":{"width":750,"height":1624},"rotated":false,"capInsets":[0,0,0,0],"packable":true}],[17],0,[0],[12],[4]],[[[29,"main"],[30,"InGame",33554432,[-7,-8,-9,-10],[[[2,-4,[0,"eab9yKEFBE3LY2YfR9iuTK"],[5,750,1624]],[45,45,100,100,-5,[0,"5egvyMig9A6oQ+k7aVKhem"]],-6],4,4,1],[56,"8fdHBNktJL1LynUN644w2h",-3,[[59,["miniProgress"],-2,-1,[1,["20NVym589EIoE+ku9gwLvI"]]]],31]],[31,"Canvas",33554432,"effpn4LWRDXJUNQLK+CFNZ",[-19,-20,-21,-22,-23,-24],[[[12,-11,[5,750,1624]],-12,[46,45,7.105427357601002e-15,1.1368683772161603e-13,1.1368683772161603e-13,-13],[61,-17,-16,[-14,-15]],[62,-18]],4,1,4,4,4],[1,375,812.0000000000001,0]],[11,"btnCloseGame",33554432,1,[-31],[[2,-25,[0,"467ozTlOdILIOqA88KYwrU"],[5,68,68]],[21,1,0,-26,[0,"53jHsyoHZNALmA1tftH2k4"],[4,4278190080],21],[67,1,-28,[0,"63Q4JzJWpGC7RNSXzUDvW2"],[4,4278190080],-27,22],[47,9,32.851999999999975,123.73699999999997,-29,[0,"9e2XgW3T9AEqZ1jF6a9cB8"]],[69,-30,[0,"53tncQsnlGsZRK+gGLaTo7"]]],[4,"7aOzdJ2R9OpaBVIrugpNJN",1,23],[1,-308.148,654.263,0]],[70,"main",[-45,2,-46,-47,-48],[57,[[20,["camera"],-42,[1,["b7BSS/1YFEkYK+iNtttx3G"]],-41,[1,["eeIdJsroNKYJpt/fcPH/mY"]]],[20,["camera"],-44,[1,["013M5Ak/NITpU66PFW2hDc"]],-43,[1,["eeIdJsroNKYJpt/fcPH/mY"]]]],[-32,-33,-34,-35,-36,-37,-38,-39,-40]],[22,[72,80000,3.125,[2,1,1,1,2.0833325],[2,0.48627450980392156,0.48627450980392156,0.48627450980392156,1],[2,1,1,1,0.520833125],[2,0.48627450980392156,0.48627450980392156,0.48627450980392156,1]],[74,true,true,1,1000,1,0.2,[4,1867271244],[0,256,256]],[23],[24,[4,4292993505]],[25]]],[33,"Canvas",8388608,"f1to2FtwZIgrPX+Baqps6U",4,[-53,-54],[[12,-49,[5,750,1624]],[26,-51,-50],[48,45,5.684341886080802e-14,5.684341886080802e-14,-52]],[1,375.00000000000006,812,0]],[34,"Container",33554432,2,[-57,-58],[[12,-55,[5,749.9999999999999,1624]],[49,45,100,100,-56]]],[39,"should_hide_in_hierarchy",512,33554432,"99L745CPtOiqE8TTl0GKiR",[71,"New Node",[-64],[22,[73,0.78125,[2,0.2,0.5019607843137255,0.8,0.520833125],[2,0.2,0.5019607843137255,0.8,0.520833125]],[75],[23],[24,[4,4292993505]],[25]]],[-63,1],[[2,-59,[0,"0dngp/9gNO34wUQjZfN/CX"],[5,750,1624]],[76,-61,[0,"3f2oTdCepERZdpmIfLsrhd"],-60],[16,45,-62,[0,"e8a+bU/8dPDbbJguUzLdoF"]]],[1,375,812,0]],[32,"AvatarBoard",33554432,1,[-68,-69],[[[2,-65,[0,"9fJkXeNCZGNodyqghLEvzx"],[5,5,5]],[50,9,241.601,130.36199999999997,153.5,656.6799999999998,750,1624,-66,[0,"d0/yCGk7tGvIDXtk0iZcUJ"]],-67],4,4,1],[4,"9arib4Tv1Om6IrNDdjgUUW",1,18],[1,-130.899,656,0]],[11,"group1",33554432,8,[-73,-74],[[2,-70,[0,"27jFGIHQFKlIBH/SMLXlp7"],[5,174.74599999999998,41.138]],[21,1,0,-71,[0,"b2U+CeijNHFKMITVhVOhAm"],[4,4286591140],7],[51,9,-83.63799999999999,-20.293,-129.813,658.181,-72,[0,"8aLCcWSfdCfahKhvQdO+RA"]]],[4,"bdKTLajn5I/LJZS08v1K0s",1,8],[1,1.2349999999999994,2.224,0]],[11,"avatar",33554432,8,[-77,-78,-79],[[44,-75,[0,"43FgC/EWpNiI6j5cJySLKt"]],[52,9,-127.27699999999999,-41.802,650.243,-76,[0,"45v6HeVA1FracePbRK+vUB"]]],[4,"5cueUf/FFKHrC6Ndi8CLgD",1,17],[1,-79.77699999999999,-5.698,0]],[11,"mask",33554432,10,[-83,-84],[[2,-80,[0,"e67O0orGhEBJiz95F7AB0E"],[5,80,80]],[77,1,1,-81,[0,"e6b7e3WcJMXI3spXX2bfNh"]],[53,18,5.946,-82,[0,"8bH8dcyKxHnY0H1tz4eOne"]]],[4,"64y1WX1shGm7SYYgMBia0F",1,13],[1,0,5.946,0]],[15,"momoAvatar",33554432,11,[[2,-85,[0,"5fl2SDL1VK36FNtvmhjkBr"],[5,80,80]],[18,0,-86,[0,"2bu26dSLxHzIsv175PMRUt"],11],[16,18,-87,[0,"4b6ClyFDJGnawSmcxuYStt"]],[78,-88,[0,"95Fa4Ec8FKC4AMG5KuB5Dx"]]],[4,"f7hSo4S91GALio0WGfqCRD",1,12]],[35,"handTutorial",1,[-91,-92],[[2,-89,[0,"f9k7wvD31PEY5a6TAWmW8Q"],[5,400,270]],[54,20,1258,96,270,-90,[0,"f4Mizam4pCvYck1bBSBexJ"]]],[4,"8dq/6owwNLv50nOBSc+epQ",1,30],[1,0,-581,0]],[19,"startImg",33554432,13,[[2,-93,[0,"6fGCajdf9G5ai4SrD3+TgV"],[5,135,155]],[18,0,-94,[0,"d5jM+3ylJJirr8CPA+aorv"],24],[17,21,132.5,132.5,37.5,77.5,-561.264,135,155,-95,[0,"21jfO4wBtFXpcSeIxMYrri"]],[79,true,-96,[0,"d2g8HS8vpArI7UwYw+I3Ya"],[25],26]],[4,"c8YPwRvcdE5oFfO7JITeIh",1,27],[1,0,20,0]],[1,["83ZjAGhG5KZIFBvkChIpC9"]],[7,0,null,4,[8,"96fzqgMUdE+YDMsz02u3rr",-106,[10,"5bMIGg93tEkrpE3k5ejyyx",[[6,"GameMgr",["_name"],-97],[3,["_lpos"],-98,[1,0,0,0]],[3,["_lrot"],-99,[3,0,0,0,1]],[3,["_euler"],-100,[1,0,0,0]],[6,6,["_clearFlags"],-101],[6,1,["_priority"],-102],[6,1073741838,["_visibility"],-103],[3,["_color"],-104,[4,0]],[6,true,["_active"],-105]]],40]],[1,["96fzqgMUdE+YDMsz02u3rr"]],[7,0,null,6,[58,"8fdHBNktJL1LynUN644w2h",-108,[13,"76/uCSC+9FTJx6ySH6TEa/",null,[[9,"InGame",["_name"],[1,["8fdHBNktJL1LynUN644w2h"]]],[5,["_lpos"],[1,["8fdHBNktJL1LynUN644w2h"]],[1,0,0,0]],[5,["_lrot"],[1,["8fdHBNktJL1LynUN644w2h"]],[3,0,0,0,1]],[5,["_euler"],[1,["8fdHBNktJL1LynUN644w2h"]],[1,0,0,0]],[5,["_contentSize"],[1,["eab9yKEFBE3LY2YfR9iuTK"]],[5,749.9999999999999,1624]]]],[[60,["miniProgress"],-107,[1,["20NVym589EIoE+ku9gwLvI"]]]],1]],[14,"scoreLabel",33554432,1,[[[2,-109,[0,"07Wm98FXxH95a3ggQR5ksV"],[5,42.19,90]],-110,[17,17,385.225,385.225,325.999,144.8,100,189.55,50.4,-111,[0,"78e0TII79NMYRiFamhZJrt"]]],4,1,4],[4,"d1bO6XbYVA+YFkKxpMrE/U",1,3],[1,0,441.001,0]],[36,"Icon",33554432,9,[[2,-112,[0,"15z6q6d3ZFK6Mhag+RdpA4"],[5,148,170]],[63,2,false,-113,[0,"aeDfZJ57FMm7n2yYVcfr0+"],5],[55,34,-12.310000000000006,-114,[0,"39xteapz5DaLehFJDsxjpv"]]],[4,"b1R8BBY9JOxqXWpA08GzP+",1,6],[1,78.963,0,0],[1,0.28,0.28,0.28]],[15,"BG",33554432,11,[[2,-115,[0,"abdESE/DVK0al2gn3mGvex"],[5,80,80]],[64,0,-116,[0,"cdaIe7dGpK/KZWwnTCdTds"],[4,4282715228],9],[16,18,-117,[0,"f8PzcYvodFVLLO2DgihDRu"]]],[4,"64Kq16VOJFaavu+1GUJNU4",1,10]],[14,"actionBtn",33554432,10,[[[2,-118,[0,"c99WLdFcpMioBFpFyoLK3x"],[5,230,120]],-119],4,1],[4,"dedfNNpClDvoknSPWxuS8+",1,16],[1,71.0115,6.418,0]],[19,"tipPlayText",33554432,13,[[2,-120,[0,"4eRKN66slLIqB2OBsyy+oi"],[5,371.8,40]],[84,"Giữ lấy đà, thả ra để nhảy",24,24,false,2,-121,[0,"0eBQOyzr1NV4P6fJoMmofr"],[4,4291847342],28],[17,45,14.099999999999994,14.099999999999994,218,12,-684.088,371,40,-122,[0,"14Vq6CwSREBp/yoY5l90mp"]]],[4,"c41PhwSTlC6atLZHPV1Clq",1,29],[1,0,-103,0]],[7,0,null,6,[8,"83ZjAGhG5KZIFBvkChIpC9",-123,[10,"946L10EBlCi5XBzd1+9NOq",[[6,"Loading",["_name"],15],[3,["_lpos"],15,[1,0,0,0]],[3,["_lrot"],15,[3,0,0,0,1]],[3,["_euler"],15,[1,0,0,0]],[6,false,["_active"],15]]],32]],[7,0,null,2,[8,"7bP7aEqwBKgYjZ1Qs/GK2K",-127,[13,"aeDvKRQaRNaZdMedfuZ+Og",null,[[9,"FlyScoreMgr",["_name"],[1,["7bP7aEqwBKgYjZ1Qs/GK2K"]]],[5,["_lpos"],[1,["7bP7aEqwBKgYjZ1Qs/GK2K"]],[1,750,1624,0]],[5,["_lrot"],[1,["7bP7aEqwBKgYjZ1Qs/GK2K"]],[3,0,0,0,1]],[5,["_euler"],[1,["7bP7aEqwBKgYjZ1Qs/GK2K"]],[1,0,0,0]],[81,["camera"],-124],[82,["canvas"],-126,-125]]],33]],[7,0,null,2,[8,"517vjq2jRILaYH+QvZRv6w",-132,[10,"54VTrKzLdJ/Z+3dZzRgQYa",[[6,"ItemMgr",["_name"],-128],[3,["_lpos"],-129,[1,750,1624,0]],[3,["_lrot"],-130,[3,0,0,0,1]],[3,["_euler"],-131,[1,0,0,0]]]],37]],[1,["517vjq2jRILaYH+QvZRv6w"]],[1,["35lRmM/kBMr6REMKimxTzt"]],[1,["1dkJQHUBhHAad+kWxutqNJ"]],[1,["eeIdJsroNKYJpt/fcPH/mY"]],[37,"screen-full@2x",8388608,5,[[12,-133,[5,750,1622]],[65,-134,0]],[1,1.157,1.157,1.157]],[40,0,null,{},[8,"24E0aS+JdB6JP1HaxqUpiB",-137,[80,"d0fLAyjN1CgK+XCYmdwu11",1,[[9,"miniProgress",["_name"],[1,["24E0aS+JdB6JP1HaxqUpiB"]]],[5,["_lpos"],[1,["24E0aS+JdB6JP1HaxqUpiB"]],[1,650,437,0]],[5,["_lrot"],[1,["24E0aS+JdB6JP1HaxqUpiB"]],[3,0,0,0,1]],[3,["_euler"],-135,[1,0,0,0]],[6,true,["_active"],-136]]],2]],[14,"TurnTxt",33554432,9,[[[2,-138,[0,"01/Q104p9HlKjHWf6RywLC"],[5,97.4,30]],-139],4,1],[4,"31Jrv0BqNGipit4sfoxfuO",1,4],[1,9.089,1.819,0]],[15,"borderAvatar",33554432,10,[[2,-140,[0,"7fvVJYzmNF35PcfVzZbFSm"],[5,80,100]],[18,2,-141,[0,"f0nnygT0NHMbwq7XvMCgYZ"],14]],[4,"62xfO+Od1EXoOf8LZLqdQT",1,15]],[38,"back",33554432,3,[[2,-142,[0,"c1SKCFOFZNG47oIllwSVgT"],[5,33,42]],[66,-143,[0,"b55M5WlsZAqr7J45DsBjMl"],19]],[4,"dbi3k82KZJdqduF4Ygjue2",1,20],[1,0.8,0.8,1]],[7,0,null,2,[8,"0fyueUpNVJjYr64TKruXjk",-144,[13,"f4BbX9yPJC5YbouKV4fLaX",null,[[9,"ScoreEffect",["_name"],[1,["0fyueUpNVJjYr64TKruXjk"]]],[5,["_lpos"],[1,["0fyueUpNVJjYr64TKruXjk"]],[1,0,295.034,0]],[5,["_lrot"],[1,["0fyueUpNVJjYr64TKruXjk"]],[3,0,0,0,1]],[5,["_euler"],[1,["0fyueUpNVJjYr64TKruXjk"]],[1,0,0,0]],[9,0.28754064039408866,["_top"],[1,["6ctIDp7KhLAY9b++rpUZ6b"]]],[9,false,["_isAbsTop"],[1,["6ctIDp7KhLAY9b++rpUZ6b"]]]]],34]],[7,0,null,2,[8,"dbn7GpN1dEfbQlaapIrN54",-145,[13,"09kw6thrJFUJnikxeksbwM",null,[[9,"PopupMgr",["_name"],[1,["dbn7GpN1dEfbQlaapIrN54"]]],[5,["_lpos"],[1,["dbn7GpN1dEfbQlaapIrN54"]],[1,0,0,0]],[5,["_lrot"],[1,["dbn7GpN1dEfbQlaapIrN54"]],[3,0,0,0,1]],[5,["_euler"],[1,["dbn7GpN1dEfbQlaapIrN54"]],[1,0,0,0]],[83,["prefabs","0"],[1,["4bK7o0UAhEd756/IyQ2S2t"]],36],[5,["_contentSize"],[1,["45IdDvJzREfJRGbyHNal6X"]],[5,749.9999999999999,1624]]]],35]],[7,0,null,4,[8,"35lRmM/kBMr6REMKimxTzt",-146,[10,"72Mz5zYUJDOKuMq2QkOA3A",[[6,"AudioMgr",["_name"],28],[3,["_lpos"],28,[1,0,0,0]],[3,["_lrot"],28,[3,0,0,0,1]],[3,["_euler"],28,[1,0,0,0]]]],38]],[7,0,null,4,[8,"1dkJQHUBhHAad+kWxutqNJ",-147,[10,"f1+BQa8nZHN4mNd9t4yP/g",[[6,"Profile",["_name"],29],[3,["_lpos"],29,[1,0,0,0]],[3,["_lrot"],29,[3,0,0,0,1]],[3,["_euler"],29,[1,0,0,0]]]],39]],[41,"Camera",8388608,5,[-148],[1,0,0,1000]],[85,0,812,2000,8388608,40,[4,4278190080]],[42,"Camera",2,[-149],[1,0,0,1000]],[28,0,1073741824,812,2000,6,33554432,42,[4,0]],[43,"Camera",1024,7,[-150],[1,0,0,1000]],[28,0,1073741824,812,2000,6,41943040,44,[4,4278190080]],[27,"0",60,60,90,false,19,[0,"3eo8CHLvRDbIDDouKSnyUr"]],[27,"000 lượt",24,24,30,false,33,[0,"69MPeaIT9Nc4dd7n+rcNNg"]],[68,22,[0,"831YVSTrVJ3JWltpcPo7On"],[4,4292269782],22],[86,8,[0,"5bsalStfNKrpDvdgsvlI1j"],48,47,12],[87,1,[0,"60m80UeURBO7jZ2i+traeK"],46,49,13],[1,["24E0aS+JdB6JP1HaxqUpiB"]],[1,["013M5Ak/NITpU66PFW2hDc"]],[26,2,43]],0,[0,5,32,0,6,50,0,3,1,0,0,1,0,0,1,0,-3,50,0,-1,19,0,-2,8,0,-3,3,0,-4,13,0,0,2,0,-2,53,0,0,2,0,-1,18,0,-2,24,0,13,6,0,0,2,0,0,2,0,-1,42,0,-2,6,0,-3,25,0,-4,36,0,-5,37,0,-6,26,0,0,3,0,0,3,0,14,3,0,0,3,0,0,3,0,0,3,0,-1,35,0,-1,18,0,-2,24,0,-3,25,0,-4,36,0,-5,37,0,-6,26,0,-7,38,0,-8,39,0,-9,16,0,5,16,0,6,26,0,5,16,0,6,25,0,-1,5,0,-3,38,0,-4,39,0,-5,16,0,0,5,0,8,41,0,0,5,0,0,5,0,-1,40,0,-2,31,0,0,6,0,0,6,0,-1,18,0,-2,24,0,0,7,0,8,45,0,0,7,0,0,7,0,-1,44,0,-1,7,0,0,8,0,0,8,0,-3,49,0,-1,9,0,-2,10,0,0,9,0,0,9,0,0,9,0,-1,33,0,-2,20,0,0,10,0,0,10,0,-1,11,0,-2,34,0,-3,22,0,0,11,0,0,11,0,0,11,0,-1,21,0,-2,12,0,0,12,0,0,12,0,0,12,0,0,12,0,0,13,0,0,13,0,-1,14,0,-2,23,0,0,14,0,0,14,0,0,14,0,0,14,0,2,17,0,2,17,0,2,17,0,2,17,0,2,30,0,2,30,0,2,30,0,2,30,0,2,17,0,3,16,0,5,32,0,3,18,0,0,19,0,-2,46,0,0,19,0,0,20,0,0,20,0,0,20,0,0,21,0,0,21,0,0,21,0,0,22,0,-2,48,0,0,23,0,0,23,0,0,23,0,3,24,0,2,52,0,9,53,0,2,52,0,3,25,0,2,27,0,2,27,0,2,27,0,2,27,0,3,26,0,0,31,0,0,31,0,2,51,0,2,51,0,3,32,0,0,33,0,-2,47,0,0,34,0,0,34,0,0,35,0,0,35,0,3,36,0,3,37,0,3,38,0,3,39,0,-1,41,0,-1,43,0,-1,45,0,15,4,1,10,7,2,10,4,150],[0,0,0,0,0,0,0,0,0,0,0,0,0,0,0,0,0,0,0,0,0,0,0,0,0,0,0,0,0,0,0,0,0,0,0,0,0,0,0,0,0,46,47,48,48,48,48],[4,1,1,1,1,4,1,4,1,4,1,4,1,1,4,1,1,1,1,4,1,4,11,1,4,-1,16,1,7,1,1,1,1,1,1,1,9,1,1,1,1,7,7,11,17,18,19],[5,0,6,0,0,7,0,1,0,8,0,9,0,0,10,0,0,0,0,11,0,1,1,0,12,2,2,0,13,0,0,0,14,15,16,17,18,19,20,21,22,23,24,3,3,25,26]]]]
