[1,["5ffb5999-c971-442d-9c2d-731b6628ff3f","1263d74c-8167-4928-91a6-4e2672411f47@17020","a3cd009f-0ab0-420d-9278-b9fdab939bbc"],["node","root","data","_mesh","_effectAsset"],[["cc.Node",["_name","_layer","_components","_prefab","_children","_parent","_lscale"],1,9,4,2,1,5],["cc.Mesh",["_native","_hash","_struct"],1,11],["cc.Prefab",["_name"],2],["ebadb4aDHZLDab3+bnOdv0i",["speed","node","__prefab"],2,1,4],["cc.CompPrefabInfo",["fileId"],2],["cc.BoxCollider",["_isTrigger","node","__prefab","_size"],2,1,4,5],["cc.PrefabInfo",["fileId","root","asset"],2,1,1],["cc.MeshRenderer",["_name","node","__prefab","_materials","lightmapSettings","_mesh"],2,1,4,3,4,6],["cc.ModelLightmapSettings",[],3],["cc.Material",["_states","_defines","_props"],1,12]],[[4,0,2],[6,0,1,2,2],[1,0,1,2,3],[2,0,2],[0,0,1,4,2,3,3],[0,0,1,5,2,3,6,3],[3,0,1,2,2],[5,0,1,2,3,2],[7,0,1,2,3,4,5,2],[8,1],[9,0,1,2,3]],[[[[2,".bin",3429205708,[{"primitives":[{"primitiveMode":7,"vertexBundelIndices":[0],"indexView":{"offset":72464,"length":28560,"count":7140,"stride":4}}],"vertexBundles":[{"view":{"offset":0,"length":72464,"count":1294,"stride":56},"attributes":[{"name":"a_position","format":32,"isNormalized":false},{"name":"a_normal","format":32,"isNormalized":false},{"name":"a_texCoord","format":21,"isNormalized":false},{"name":"a_tangent","format":44,"isNormalized":false},{"name":"a_texCoord1","format":21,"isNormalized":false}]}]},"minPosition",8,[1,-0.49748557806015015,-0.5,-0.4989933371543884],"maxPosition",8,[1,0.49949654936790466,0.5,0.49899348616600037]]],-1],0,0,[],[],[]],[[[3,"Bullet"],[4,"Bullet",4,[-4],[[6,30,-2,[0,"fbsMaSfNxLsrIcwP4I2rvI"]],[7,true,-3,[0,"ca0XiejGVMrbfTQ2VOXBFM"],[1,0.3,0.3,0.3]]],[1,"c46/YsCPVOJYA4mWEpNYRx",-1,0]],[5,"Sphere",4,1,[[8,"Sphere<ModelComponent>",-5,[0,"87z2SUNCtA0b1rEZY1OVdC"],[0],[9],1]],[1,"a5PD0s4LpOoJICx2q7h10L",1,0],[1,0.3,0.3,0.3]]],0,[0,1,1,0,0,1,0,0,1,0,-1,2,0,0,2,0,2,1,5],[0,0],[-1,3],[0,1]],[[[10,[{"rasterizerState":{},"depthStencilState":{},"blendState":{"targets":[{}]}}],[{}],[[[{},"mainColor",8,[4,4278190333]]],11]]],0,0,[0],[4],[2]]]]
