[1,["1brw/JvvpFnIvdrxpFCgMZ","e8Kg3NdalFl53Px2tTD3un@6c48a","5a0v5NiqxFzKvAxdLkpb1G","44ii4ST0RB6pjYTt48xFIj","12Y9dMgWdJKJGmTiZyQR9H@fc873","a9xpY+t7NIwLhtH5enZcN7","d0MqyYBeFAkIi762QNy1/B@b47c0","6fAc9/gb9Kfr1dCvwZaWSA@b47c0"],["node","targetInfo","_parent","_effectAsset","mainTexture","_cameraComponent","player","container","gyroscopeRaw","gyroscope","deviceMotion","objectCount","fps","root","scene","asset","_mesh","_envmapHDR","_envmapLDR"],["cc.ImageAsset",["cc.Node",["_name","_id","_layer","_objFlags","__editorExtras__","_active","_components","_parent","_children","_lpos","_lrot","_euler","_lscale","_prefab"],-3,9,1,2,5,5,5,5,4],"cc.TextureCube",["cc.Widget",["_alignFlags","_left","_top","_right","_bottom","node"],-2,1],["cc.PrefabInfo",["fileId","root","instance","asset","targetOverrides","nestedPrefabInstanceRoots"],2,1,4,6,9,2],["cc.Label",["_string","_actualFontSize","_horizontalAlign","_overflow","_fontSize","_lineHeight","node"],-3,1],["cc.MeshRenderer",["_name","node","_materials","lightmapSettings","_mesh"],2,1,3,4,6],["cc.ModelLightmapSettings",["_receiveShadow"],2],["cc.Mesh",["_native","_hash","_struct"],1,11],["cc.Material",["_states","_defines","_props"],1,12],["cc.SceneAsset",["_name"],2],["cc.Node",["_name","_layer","_parent","_components","_lpos"],1,1,12,5],["cc.Node",["_name","_parent","_components","_lpos"],2,1,2,5],["cc.UITransform",["node","_contentSize"],3,1,5],["cc.Canvas",["node","_cameraComponent"],3,1,1],["d1bc0bQoSBHHJIdOFK9j/mN",["node","fps","objectCount","deviceMotion","gyroscope","gyroscopeRaw","container","player"],3,1,1,1,1,1,1,1,1],["e1c6c5BxUBFlrIibwgDLx5h",["node"],3,1],["cc.PrefabInstance",["fileId","prefabRootNode","propertyOverrides"],1,9],["CCPropertyOverrideInfo",["value","propertyPath","targetInfo"],1,4],["CCPropertyOverrideInfo",["propertyPath","targetInfo","value"],2,4,8],["CCPropertyOverrideInfo",["propertyPath","targetInfo","value"],2,1,8],["cc.TargetInfo",["localID"],2],["cc.Scene",["_name","_children","_prefab","_globals"],2,2,4,4],["cc.TargetOverrideInfo",["propertyPath","source","sourceInfo","target","targetInfo"],2,1,4,1,4],["cc.SceneGlobals",["ambient","shadows","_skybox","fog","octree"],3,4,4,4,4,4],["cc.AmbientInfo",["_skyIllumLDR","_skyColorHDR","_groundAlbedoHDR","_skyColorLDR","_groundAlbedoLDR"],2,5,5,5,5],["cc.ShadowsInfo",["_enabled","_shadowDistance","_shadowColor"],1,5],["cc.SkyboxInfo",["_enabled","_envmapHDR","_envmapLDR"],2,6,6],["cc.FogInfo",["_enabled","_fogStart","_fogEnd","_accurate","_fogColor"],-1,5],["cc.OctreeInfo",[],3],["3cd59CPpDxPKbPdt/sN9kMq",["node"],3,1],["032c4Bz96RIu6yb6n9mf92N",["node"],3,1],["cc.DirectionalLight",["_illuminanceLDR","node","_staticSettings"],2,1,4],["cc.StaticLightSettings",["_castShadow"],2],["cc.Camera",["_projection","_priority","_orthoHeight","_far","_clearFlags","_visibility","node","_color"],-3,1,5]],[[21,0,2],[13,0,1,1],[3,0,1,2,5,4],[5,0,2,1,3,6,5],[11,0,1,2,3,4,3],[1,0,2,7,6,9,3],[19,0,1,2,2],[18,0,1,2,3],[20,0,1,2,2],[9,0,1,2,3],[23,0,1,2,3,4,2],[8,0,1,2,3],[10,0,2],[1,0,2,1,8,6,9,4],[1,3,4,13,3],[1,0,1,7,6,3],[1,0,5,8,3],[1,0,1,7,6,10,11,3],[1,0,1,7,8,12,3],[1,0,7,6,9,10,12,11,2],[1,0,7,6,2],[12,0,1,2,3,2],[14,0,1,1],[3,0,1,3,2,4,5,6],[15,0,1,2,3,4,5,6,7,1],[16,0,1],[4,0,1,2,3,2],[4,0,4,5,2],[17,0,1,2,3],[22,0,1,2,3,2],[24,0,1,2,3,4,1],[25,0,1,2,3,4,2],[26,0,1,2,3],[27,0,1,2,2],[28,0,1,2,3,4,5],[29,1],[5,0,1,4,5,6,5],[30,0,1],[31,0,1],[32,0,1,2,2],[33,0,2],[34,0,1,2,3,4,5,6,7,7],[6,0,1,2,3,4,2],[6,0,1,2,3,2],[7,0,2],[7,1]],[[[[11,".bin",3383603168,[{"primitives":[{"primitiveMode":7,"vertexBundelIndices":[0],"indexView":{"offset":224,"length":24,"count":6,"stride":4}}],"vertexBundles":[{"view":{"offset":0,"length":224,"count":4,"stride":56},"attributes":[{"name":"a_position","format":32,"isNormalized":false},{"name":"a_normal","format":32,"isNormalized":false},{"name":"a_texCoord","format":21,"isNormalized":false},{"name":"a_tangent","format":44,"isNormalized":false},{"name":"a_texCoord1","format":21,"isNormalized":false}]}]},"minPosition",8,[1,-0.5,-0.5,0],"maxPosition",8,[1,0.5,0.5,0]]],-1],0,0,[],[],[]],[[[9,[{"rasterizerState":{"cullMode":0},"depthStencilState":{},"blendState":{"targets":[{}]}},{},{}],[{"USE_BATCHING":true,"USE_ALBEDO_MAP":true},{},{}],[[[{"roughness":1,"metallic":0,"SpecularIntensity":0},"tilingOffset",8,[2,50,50,0,0],"mainTexture",6,0],{},{}],11,0,0]]],0,0,[0,0],[4,3],[1,0]],[[{"base":"2,2,0,0,2,0","rgbe":false,"mipmaps":[{"front":"6f01cf7f-81bf-4a7e-bd5d-0afc19696480@b47c0@e9a6d","back":"6f01cf7f-81bf-4a7e-bd5d-0afc19696480@b47c0@40c10","left":"6f01cf7f-81bf-4a7e-bd5d-0afc19696480@b47c0@8fd34","right":"6f01cf7f-81bf-4a7e-bd5d-0afc19696480@b47c0@74afd","top":"6f01cf7f-81bf-4a7e-bd5d-0afc19696480@b47c0@bb97f","bottom":"6f01cf7f-81bf-4a7e-bd5d-0afc19696480@b47c0@7d38f"}]}],[2],0,[],[],[]],[[{"fmt":"0","w":0,"h":0},-1],[0],0,[],[],[]],[[{"fmt":"0","w":0,"h":0},-1],[0],0,[],[],[]],[[{"fmt":"0","w":0,"h":0},-1],[0],0,[],[],[]],[[{"fmt":"0","w":0,"h":0},-1],[0],0,[],[],[]],[[{"fmt":"0","w":0,"h":0},-1],[0],0,[],[],[]],[[{"fmt":"0","w":0,"h":0},-1],[0],0,[],[],[]],[[[9,[{"rasterizerState":{"cullMode":0},"depthStencilState":{},"blendState":{"targets":[{}]}},{},{}],[{},{},{}],[[[{"roughness":1,"metallic":0,"SpecularIntensity":0},"mainColor",8,[4,4286396861]],{},{}],11,0,0]]],0,0,[0],[3],[0]],[[[12,"scene"],[13,"Canvas",33554432,"cbKguPIf1A05XrGltvw6vn",[-14,-15,-16,-17,-18,-19,-20,-21,-22,-23],[[1,-1,[5,750,1334]],[22,-3,-2],[23,45,5.684341886080802e-14,5.684341886080802e-14,1.1368683772161603e-13,1.1368683772161603e-13,-4],[24,-12,-11,-10,-9,-8,-7,-6,-5],[25,-13]],[1,375.00000000000006,667.0000000000001,0]],[14,0,null,[26,"21X9UCl5ZDPYs+r6KT++XY",-27,[28,"6eAp5v3VlO6oC0PzndKTIC",null,[[7,"Player",["_name"],[0,["21X9UCl5ZDPYs+r6KT++XY"]]],[6,["_lpos"],[0,["21X9UCl5ZDPYs+r6KT++XY"]],[1,0,0,0]],[6,["_lrot"],[0,["21X9UCl5ZDPYs+r6KT++XY"]],[3,0,0,0,1]],[6,["_euler"],[0,["21X9UCl5ZDPYs+r6KT++XY"]],[1,0,0,0]],[6,["_lscale"],[0,["a7TXXz6f5M06dG1Fv76vhV","7f02txjhJZt4pS2VkvH4eT"]],[1,1,1,1]],[8,["_lpos"],-24,[1,0,23,31]],[7,14,["_clearFlags"],[0,["28YQBsdO5M8b5DMToZ/uib"]]],[8,["_lrot"],-25,[3,-0.17364817766693033,0,0,0.984807753012208]],[8,["_euler"],-26,[1,-20,0,0]],[7,true,["lightmapSettings","_castShadow"],[0,["a7TXXz6f5M06dG1Fv76vhV","2fFdJKbrpcrYHTViayO2jn"]]]]],0]],[29,"scene",[-28,1,-29,2,-30],[27,"b22af677-9aa2-426f-898f-d115136a6b2a",[[10,["animation"],2,[0,["98ys3AFEBPcZtvtxpnnRQa"]],2,[0,["a7TXXz6f5M06dG1Fv76vhV","e7dOhSJ8ZXDJKoIwWwlKiH"]]],[10,["_skinningRoot"],2,[0,["a7TXXz6f5M06dG1Fv76vhV","2fFdJKbrpcrYHTViayO2jn"]],2,[0,["a7TXXz6f5M06dG1Fv76vhV","7f02txjhJZt4pS2VkvH4eT"]]]],[2]],[30,[31,0.5208,[2,1,1,1,0.520833125],[2,0.8196078431372549,0.8196078431372549,0.8196078431372549,1],[2,0.519964,0.630786,0.905039,0.5208],[2,0.519544,0.630484,0.905069,0]],[32,true,200,[4,1677721600]],[33,true,4,5],[34,true,100,500,true,[4,4290224540]],[35]]],[4,"gyroscope",33554432,1,[[[1,-31,[5,596.1009999999993,50.4]],-32,[2,9,313.49500000000035,179.519,-33]],4,1,4],[1,236.5455,462.281,0]],[5,"fps",33554432,1,[[1,-34,[5,303.2909999999993,50.4]],[3,"Fps:",0,40,1,-35],[2,9,49.448999999999906,42.84899999999999,-36]],[1,-173.90550000000044,598.951,0]],[5,"fps-001",33554432,1,[[1,-37,[5,303.2909999999993,50.4]],[3,"Object count: ",0,40,1,-38],[2,9,49.4490000000007,81.72599999999994,-39]],[1,-173.90549999999965,560.0740000000001,0]],[4,"fps-002",33554432,1,[[[1,-40,[5,234.42299999999932,50.4]],-41,[2,9,153.18450000000036,42.84899999999999,-42]],4,1,4],[1,-104.60399999999998,598.951,0]],[4,"fps-003",33554432,1,[[[1,-43,[5,172.21999999999932,50.4]],-44,[2,9,298.03600000000034,81.726,-45]],4,1,4],[1,9.146,560.074,0]],[4,"deviceMotion",33554432,1,[[[1,-46,[5,172.21999999999932,50.4]],-47,[2,9,313.49500000000035,129.39799999999997,-48]],4,1,4],[1,24.605000000000004,512.402,0]],[5,"fps-005",33554432,1,[[1,-49,[5,303.2909999999993,50.4]],[3,"DeviceMotion: ",0,40,1,-50],[2,9,49.44950000000035,129.39800000000002,-51]],[1,-173.905,512.4019999999999,0]],[5,"fps-006",33554432,1,[[1,-52,[5,303.2909999999993,50.4]],[3,"Gyroscope:",0,40,1,-53],[2,9,49.44950000000035,179.519,-54]],[1,-173.905,462.281,0]],[4,"gyroscope-001",33554432,1,[[[1,-55,[5,11.12,25.2]],-56,[2,9,390.723,255.71900000000002,-57]],4,1,4],[1,21.283000000000012,398.6809999999999,0]],[15,"GameMgr","b7x5GNL6dBmL5atH2XymPT",3,[[37,-58],[38,-59]]],[0,["e2MdSOKsJBMKYunNpWqim0"]],[16,"tile",false,[-60,-61]],[17,"Main Light","c0y6F5f+pAvI805TdmxIjx",3,[[39,1.6927083333333335,-62,[40,true]]],[3,-0.40821789367673483,0.23456971600980447,0.109381654946615,0.875426098065593],[1,-50,30,0]],[21,"Camera",1,[-63],[1,0,0,1000]],[41,0,1073741824,667,2000,6,41943040,17,[4,4278190080]],[3,"60",0,40,1,7],[3,"0",0,40,1,8],[3,"0",0,40,1,9],[3,"0",0,40,1,4],[36,"0",20,20,20,12],[18,"map","20+tGhEQRIELMefJmmG0FN",3,[15],[1,1,1,-1]],[19,"Quad",15,[[42,"Quad<ModelComponent>",-64,[1],[44,true],2]],[1,500,-0.1,500],[3,0.7071067811865475,0,0,0.7071067811865476],[1,1000,1000,1000],[1,90,0,0]],[20,"node",15,[[43,"Quad<ModelComponent>",-65,[3],[45]]]]],0,[0,0,1,0,5,18,0,0,1,0,0,1,0,6,4,0,7,13,0,8,23,0,9,22,0,10,21,0,11,20,0,12,19,0,0,1,0,0,1,0,-1,17,0,-2,5,0,-3,6,0,-4,7,0,-5,8,0,-6,9,0,-7,10,0,-8,11,0,-9,4,0,-10,12,0,1,14,0,1,14,0,1,14,0,13,2,0,-1,16,0,-3,13,0,-5,24,0,0,4,0,-2,22,0,0,4,0,0,5,0,0,5,0,0,5,0,0,6,0,0,6,0,0,6,0,0,7,0,-2,19,0,0,7,0,0,8,0,-2,20,0,0,8,0,0,9,0,-2,21,0,0,9,0,0,10,0,0,10,0,0,10,0,0,11,0,0,11,0,0,11,0,0,12,0,-2,23,0,0,12,0,0,13,0,0,13,0,-1,25,0,-2,26,0,0,16,0,-1,18,0,0,25,0,0,26,0,14,3,1,2,3,2,2,3,15,2,24,65],[0,0,0,0,0,0],[15,-1,16,-1,17,18],[2,3,4,5,6,7]],[[{"base":"2,2,0,0,2,0","rgbe":true,"mipmaps":[{"front":"d032ac98-05e1-4090-88bb-eb640dcb5fc1@b47c0@e9a6d","back":"d032ac98-05e1-4090-88bb-eb640dcb5fc1@b47c0@40c10","left":"d032ac98-05e1-4090-88bb-eb640dcb5fc1@b47c0@8fd34","right":"d032ac98-05e1-4090-88bb-eb640dcb5fc1@b47c0@74afd","top":"d032ac98-05e1-4090-88bb-eb640dcb5fc1@b47c0@bb97f","bottom":"d032ac98-05e1-4090-88bb-eb640dcb5fc1@b47c0@7d38f"}]}],[2],0,[],[],[]],[[{"fmt":"0","w":0,"h":0},-1],[0],0,[],[],[]],[[{"fmt":"0","w":0,"h":0},-1],[0],0,[],[],[]],[[{"fmt":"0","w":0,"h":0},-1],[0],0,[],[],[]],[[{"fmt":"0","w":0,"h":0},-1],[0],0,[],[],[]],[[{"fmt":"0","w":0,"h":0},-1],[0],0,[],[],[]],[[{"fmt":"0","w":0,"h":0},-1],[0],0,[],[],[]]]]
