[1,["c90Qiyt7VAhqC5ZZtV4HVu@4f17a","1brw/JvvpFnIvdrxpFCgMZ","c90Qiyt7VAhqC5ZZtV4HVu@d4bdc","c90Qiyt7VAhqC5ZZtV4HVu@6a85e","c90Qiyt7VAhqC5ZZtV4HVu@040e2","c90Qiyt7VAhqC5ZZtV4HVu@2530c","c90Qiyt7VAhqC5ZZtV4HVu@b4a40","c90Qiyt7VAhqC5ZZtV4HVu@a6683","c90Qiyt7VAhqC5ZZtV4HVu@1c83d","c90Qiyt7VAhqC5ZZtV4HVu@003bc","c90Qiyt7VAhqC5ZZtV4HVu@ce0a2","c90Qiyt7VAhqC5ZZtV4HVu@30c1a","c90Qiyt7VAhqC5ZZtV4HVu@e59ff","c90Qiyt7VAhqC5ZZtV4HVu@d2bee","c90Qiyt7VAhqC5ZZtV4HVu@6d945","c90Qiyt7VAhqC5ZZtV4HVu@1c908","c90Qiyt7VAhqC5ZZtV4HVu@3e8c2","c90Qiyt7VAhqC5ZZtV4HVu@a774e","c90Qiyt7VAhqC5ZZtV4HVu@6dfa8","c90Qiyt7VAhqC5ZZtV4HVu@4a1f3","c90Qiyt7VAhqC5ZZtV4HVu@432eb","c90Qiyt7VAhqC5ZZtV4HVu@4f867","c90Qiyt7VAhqC5ZZtV4HVu@ffc56","c90Qiyt7VAhqC5ZZtV4HVu@3238a","c90Qiyt7VAhqC5ZZtV4HVu@8d9f4","c90Qiyt7VAhqC5ZZtV4HVu@833f8","c90Qiyt7VAhqC5ZZtV4HVu@54353","c90Qiyt7VAhqC5ZZtV4HVu@c780a","c90Qiyt7VAhqC5ZZtV4HVu@09853"],["mainTexture","_effectAsset","root","node","data","_mesh"],[["cc.Node",["_name","_prefab","_children","_parent","_components"],2,4,2,1,9],["cc.Prefab",["_name"],2],["cc.PrefabInfo",["fileId","root","asset"],2,1,1],["cc.MeshRenderer",["node","__prefab","_materials","lightmapSettings","_mesh"],3,1,4,12,4,6],["cc.CompPrefabInfo",["fileId"],2],["cc.ModelLightmapSettings",[],3],["cc.Material",["_name","_states","_defines","_props"],0,12],["cc.Mesh",["_native","_hash","_struct"],1,11]],[[6,0,1,2,3,4],[2,0,1,2,2],[1,0,2],[0,0,2,1,2],[0,0,3,4,1,2],[3,0,1,2,3,4,1],[4,0,2],[5,1],[7,0,1,2,3]],[[[[2,"tile_52195_30803"],[3,"tile_52195_30803",[-2],[1,"b7wbcxvkRXr5ChVKyNuhsH",-1,0]],[4,"tile_52195_30803",1,[[5,-3,[6,"d6gp+sIKpeaJeaSxjuPlwV"],[[0,1,2,3,4,5,6,7,8,9,10,11,12,13,14,15,16,17,18,19,20,21,22,23,24,25,null],6,6,6,6,6,6,6,6,6,6,6,6,6,6,6,6,6,6,6,6,6,6,6,6,6,6,0],[7],26]],[1,"6627HucJ5XPrsbeeow+9lN",1,0]]],0,[0,2,1,0,-1,2,0,3,2,0,4,1,3],[0,0,0,0,0,0,0,0,0,0,0,0,0,0,0,0,0,0,0,0,0,0,0,0,0,0,0],[-1,-2,-3,-4,-5,-6,-7,-8,-9,-10,-11,-12,-13,-14,-15,-16,-17,-18,-19,-20,-21,-22,-23,-24,-25,-26,5],[2,3,4,5,6,7,8,9,10,11,12,13,14,15,16,17,18,19,20,21,22,23,24,25,26,27,28]],[[[0,"Building__Instance__7",[{"rasterizerState":{},"blendState":{"targets":[{}]},"depthStencilState":{}}],[{"USE_ALBEDO_MAP":true}],[[[{},"mainTexture",6,0]],11]]],0,0,[0,0],[0,1],[0,1]],[[[0,"Building__Instance__2",[{"rasterizerState":{},"blendState":{"targets":[{}]},"depthStencilState":{}}],[{"USE_ALBEDO_MAP":true}],[[[{},"mainTexture",6,0]],11]]],0,0,[0,0],[0,1],[0,1]],[[[8,".bin",960626279,[{"primitives":[{"primitiveMode":7,"vertexBundelIndices":[0],"indexView":{"offset":622080,"length":83640,"count":20910,"stride":4}},{"primitiveMode":7,"vertexBundelIndices":[1],"indexView":{"offset":712392,"length":828,"count":207,"stride":4}},{"primitiveMode":7,"vertexBundelIndices":[2],"indexView":{"offset":714420,"length":144,"count":36,"stride":4}},{"primitiveMode":7,"vertexBundelIndices":[3],"indexView":{"offset":715764,"length":144,"count":36,"stride":4}},{"primitiveMode":7,"vertexBundelIndices":[4],"indexView":{"offset":719892,"length":492,"count":123,"stride":4}},{"primitiveMode":7,"vertexBundelIndices":[5],"indexView":{"offset":725904,"length":684,"count":171,"stride":4}},{"primitiveMode":7,"vertexBundelIndices":[6],"indexView":{"offset":732972,"length":792,"count":198,"stride":4}},{"primitiveMode":7,"vertexBundelIndices":[7],"indexView":{"offset":734964,"length":144,"count":36,"stride":4}},{"primitiveMode":7,"vertexBundelIndices":[8],"indexView":{"offset":739476,"length":540,"count":135,"stride":4}},{"primitiveMode":7,"vertexBundelIndices":[9],"indexView":{"offset":744096,"length":504,"count":126,"stride":4}},{"primitiveMode":7,"vertexBundelIndices":[10],"indexView":{"offset":747624,"length":372,"count":93,"stride":4}},{"primitiveMode":7,"vertexBundelIndices":[11],"indexView":{"offset":750924,"length":360,"count":90,"stride":4}},{"primitiveMode":7,"vertexBundelIndices":[12],"indexView":{"offset":754500,"length":396,"count":99,"stride":4}},{"primitiveMode":7,"vertexBundelIndices":[13],"indexView":{"offset":757248,"length":288,"count":72,"stride":4}},{"primitiveMode":7,"vertexBundelIndices":[14],"indexView":{"offset":761616,"length":504,"count":126,"stride":4}},{"primitiveMode":7,"vertexBundelIndices":[15],"indexView":{"offset":763224,"length":132,"count":33,"stride":4}},{"primitiveMode":7,"vertexBundelIndices":[16],"indexView":{"offset":764556,"length":144,"count":36,"stride":4}},{"primitiveMode":7,"vertexBundelIndices":[17],"indexView":{"offset":765900,"length":144,"count":36,"stride":4}},{"primitiveMode":7,"vertexBundelIndices":[18],"indexView":{"offset":767244,"length":144,"count":36,"stride":4}},{"primitiveMode":7,"vertexBundelIndices":[19],"indexView":{"offset":768588,"length":144,"count":36,"stride":4}},{"primitiveMode":7,"vertexBundelIndices":[20],"indexView":{"offset":769932,"length":144,"count":36,"stride":4}},{"primitiveMode":7,"vertexBundelIndices":[21],"indexView":{"offset":771276,"length":144,"count":36,"stride":4}},{"primitiveMode":7,"vertexBundelIndices":[22],"indexView":{"offset":772620,"length":144,"count":36,"stride":4}},{"primitiveMode":7,"vertexBundelIndices":[23],"indexView":{"offset":773676,"length":108,"count":27,"stride":4}},{"primitiveMode":7,"vertexBundelIndices":[24],"indexView":{"offset":775560,"length":216,"count":54,"stride":4}},{"primitiveMode":7,"vertexBundelIndices":[25],"indexView":{"offset":776976,"length":144,"count":36,"stride":4}},{"primitiveMode":7,"vertexBundelIndices":[26],"indexView":{"offset":779472,"length":288,"count":72,"stride":4}}],"vertexBundles":[{"view":{"offset":0,"length":622080,"count":12960,"stride":48},"attributes":[{"name":"a_position","format":32,"isNormalized":false},{"name":"a_normal","format":32,"isNormalized":false},{"name":"a_texCoord","format":21,"isNormalized":false},{"name":"a_tangent","format":44,"isNormalized":false}]},{"view":{"offset":705720,"length":6672,"count":139,"stride":48},"attributes":[{"name":"a_position","format":32,"isNormalized":false},{"name":"a_normal","format":32,"isNormalized":false},{"name":"a_texCoord","format":21,"isNormalized":false},{"name":"a_tangent","format":44,"isNormalized":false}]},{"view":{"offset":713220,"length":1200,"count":25,"stride":48},"attributes":[{"name":"a_position","format":32,"isNormalized":false},{"name":"a_normal","format":32,"isNormalized":false},{"name":"a_texCoord","format":21,"isNormalized":false},{"name":"a_tangent","format":44,"isNormalized":false}]},{"view":{"offset":714564,"length":1200,"count":25,"stride":48},"attributes":[{"name":"a_position","format":32,"isNormalized":false},{"name":"a_normal","format":32,"isNormalized":false},{"name":"a_texCoord","format":21,"isNormalized":false},{"name":"a_tangent","format":44,"isNormalized":false}]},{"view":{"offset":715908,"length":3984,"count":83,"stride":48},"attributes":[{"name":"a_position","format":32,"isNormalized":false},{"name":"a_normal","format":32,"isNormalized":false},{"name":"a_texCoord","format":21,"isNormalized":false},{"name":"a_tangent","format":44,"isNormalized":false}]},{"view":{"offset":720384,"length":5520,"count":115,"stride":48},"attributes":[{"name":"a_position","format":32,"isNormalized":false},{"name":"a_normal","format":32,"isNormalized":false},{"name":"a_texCoord","format":21,"isNormalized":false},{"name":"a_tangent","format":44,"isNormalized":false}]},{"view":{"offset":726588,"length":6384,"count":133,"stride":48},"attributes":[{"name":"a_position","format":32,"isNormalized":false},{"name":"a_normal","format":32,"isNormalized":false},{"name":"a_texCoord","format":21,"isNormalized":false},{"name":"a_tangent","format":44,"isNormalized":false}]},{"view":{"offset":733764,"length":1200,"count":25,"stride":48},"attributes":[{"name":"a_position","format":32,"isNormalized":false},{"name":"a_normal","format":32,"isNormalized":false},{"name":"a_texCoord","format":21,"isNormalized":false},{"name":"a_tangent","format":44,"isNormalized":false}]},{"view":{"offset":735108,"length":4368,"count":91,"stride":48},"attributes":[{"name":"a_position","format":32,"isNormalized":false},{"name":"a_normal","format":32,"isNormalized":false},{"name":"a_texCoord","format":21,"isNormalized":false},{"name":"a_tangent","format":44,"isNormalized":false}]},{"view":{"offset":740016,"length":4080,"count":85,"stride":48},"attributes":[{"name":"a_position","format":32,"isNormalized":false},{"name":"a_normal","format":32,"isNormalized":false},{"name":"a_texCoord","format":21,"isNormalized":false},{"name":"a_tangent","format":44,"isNormalized":false}]},{"view":{"offset":744600,"length":3024,"count":63,"stride":48},"attributes":[{"name":"a_position","format":32,"isNormalized":false},{"name":"a_normal","format":32,"isNormalized":false},{"name":"a_texCoord","format":21,"isNormalized":false},{"name":"a_tangent","format":44,"isNormalized":false}]},{"view":{"offset":747996,"length":2928,"count":61,"stride":48},"attributes":[{"name":"a_position","format":32,"isNormalized":false},{"name":"a_normal","format":32,"isNormalized":false},{"name":"a_texCoord","format":21,"isNormalized":false},{"name":"a_tangent","format":44,"isNormalized":false}]},{"view":{"offset":751284,"length":3216,"count":67,"stride":48},"attributes":[{"name":"a_position","format":32,"isNormalized":false},{"name":"a_normal","format":32,"isNormalized":false},{"name":"a_texCoord","format":21,"isNormalized":false},{"name":"a_tangent","format":44,"isNormalized":false}]},{"view":{"offset":754896,"length":2352,"count":49,"stride":48},"attributes":[{"name":"a_position","format":32,"isNormalized":false},{"name":"a_normal","format":32,"isNormalized":false},{"name":"a_texCoord","format":21,"isNormalized":false},{"name":"a_tangent","format":44,"isNormalized":false}]},{"view":{"offset":757536,"length":4080,"count":85,"stride":48},"attributes":[{"name":"a_position","format":32,"isNormalized":false},{"name":"a_normal","format":32,"isNormalized":false},{"name":"a_texCoord","format":21,"isNormalized":false},{"name":"a_tangent","format":44,"isNormalized":false}]},{"view":{"offset":762120,"length":1104,"count":23,"stride":48},"attributes":[{"name":"a_position","format":32,"isNormalized":false},{"name":"a_normal","format":32,"isNormalized":false},{"name":"a_texCoord","format":21,"isNormalized":false},{"name":"a_tangent","format":44,"isNormalized":false}]},{"view":{"offset":763356,"length":1200,"count":25,"stride":48},"attributes":[{"name":"a_position","format":32,"isNormalized":false},{"name":"a_normal","format":32,"isNormalized":false},{"name":"a_texCoord","format":21,"isNormalized":false},{"name":"a_tangent","format":44,"isNormalized":false}]},{"view":{"offset":764700,"length":1200,"count":25,"stride":48},"attributes":[{"name":"a_position","format":32,"isNormalized":false},{"name":"a_normal","format":32,"isNormalized":false},{"name":"a_texCoord","format":21,"isNormalized":false},{"name":"a_tangent","format":44,"isNormalized":false}]},{"view":{"offset":766044,"length":1200,"count":25,"stride":48},"attributes":[{"name":"a_position","format":32,"isNormalized":false},{"name":"a_normal","format":32,"isNormalized":false},{"name":"a_texCoord","format":21,"isNormalized":false},{"name":"a_tangent","format":44,"isNormalized":false}]},{"view":{"offset":767388,"length":1200,"count":25,"stride":48},"attributes":[{"name":"a_position","format":32,"isNormalized":false},{"name":"a_normal","format":32,"isNormalized":false},{"name":"a_texCoord","format":21,"isNormalized":false},{"name":"a_tangent","format":44,"isNormalized":false}]},{"view":{"offset":768732,"length":1200,"count":25,"stride":48},"attributes":[{"name":"a_position","format":32,"isNormalized":false},{"name":"a_normal","format":32,"isNormalized":false},{"name":"a_texCoord","format":21,"isNormalized":false},{"name":"a_tangent","format":44,"isNormalized":false}]},{"view":{"offset":770076,"length":1200,"count":25,"stride":48},"attributes":[{"name":"a_position","format":32,"isNormalized":false},{"name":"a_normal","format":32,"isNormalized":false},{"name":"a_texCoord","format":21,"isNormalized":false},{"name":"a_tangent","format":44,"isNormalized":false}]},{"view":{"offset":771420,"length":1200,"count":25,"stride":48},"attributes":[{"name":"a_position","format":32,"isNormalized":false},{"name":"a_normal","format":32,"isNormalized":false},{"name":"a_texCoord","format":21,"isNormalized":false},{"name":"a_tangent","format":44,"isNormalized":false}]},{"view":{"offset":772764,"length":912,"count":19,"stride":48},"attributes":[{"name":"a_position","format":32,"isNormalized":false},{"name":"a_normal","format":32,"isNormalized":false},{"name":"a_texCoord","format":21,"isNormalized":false},{"name":"a_tangent","format":44,"isNormalized":false}]},{"view":{"offset":773784,"length":1776,"count":37,"stride":48},"attributes":[{"name":"a_position","format":32,"isNormalized":false},{"name":"a_normal","format":32,"isNormalized":false},{"name":"a_texCoord","format":21,"isNormalized":false},{"name":"a_tangent","format":44,"isNormalized":false}]},{"view":{"offset":775776,"length":1200,"count":25,"stride":48},"attributes":[{"name":"a_position","format":32,"isNormalized":false},{"name":"a_normal","format":32,"isNormalized":false},{"name":"a_texCoord","format":21,"isNormalized":false},{"name":"a_tangent","format":44,"isNormalized":false}]},{"view":{"offset":777120,"length":2352,"count":49,"stride":48},"attributes":[{"name":"a_position","format":32,"isNormalized":false},{"name":"a_normal","format":32,"isNormalized":false},{"name":"a_texCoord","format":21,"isNormalized":false},{"name":"a_tangent","format":44,"isNormalized":false}]}]},"minPosition",8,[1,-1080.515869140625,0,-196.77667236328125],"maxPosition",8,[1,1682.0146484375,0.10000000149011612,981.0155639648438]]],-1],0,0,[],[],[]],[[[0,"Building__Instance__6",[{"rasterizerState":{},"blendState":{"targets":[{}]},"depthStencilState":{}}],[{"USE_ALBEDO_MAP":true}],[[[{},"mainTexture",6,0]],11]]],0,0,[0,0],[0,1],[0,1]],[[[0,"Building__Instance__13",[{"rasterizerState":{},"blendState":{"targets":[{}]},"depthStencilState":{}}],[{"USE_ALBEDO_MAP":true}],[[[{},"mainTexture",6,0]],11]]],0,0,[0,0],[0,1],[0,1]],[[[0,"Building__Instance__3",[{"rasterizerState":{},"blendState":{"targets":[{}]},"depthStencilState":{}}],[{"USE_ALBEDO_MAP":true}],[[[{},"mainTexture",6,0]],11]]],0,0,[0,0],[0,1],[0,1]],[[[0,"Building__Instance__9",[{"rasterizerState":{},"blendState":{"targets":[{}]},"depthStencilState":{}}],[{"USE_ALBEDO_MAP":true}],[[[{},"mainTexture",6,0]],11]]],0,0,[0,0],[0,1],[0,1]],[[[0,"Building__Instance__21",[{"rasterizerState":{},"blendState":{"targets":[{}]},"depthStencilState":{}}],[{"USE_ALBEDO_MAP":true}],[[[{},"mainTexture",6,0]],11]]],0,0,[0,0],[0,1],[0,1]],[[[0,"Building__Instance__14",[{"rasterizerState":{},"blendState":{"targets":[{}]},"depthStencilState":{}}],[{"USE_ALBEDO_MAP":true}],[[[{},"mainTexture",6,0]],11]]],0,0,[0,0],[0,1],[0,1]],[[[0,"Building__Instance__18",[{"rasterizerState":{},"blendState":{"targets":[{}]},"depthStencilState":{}}],[{"USE_ALBEDO_MAP":true}],[[[{},"mainTexture",6,0]],11]]],0,0,[0,0],[0,1],[0,1]],[[[0,"Building__Instance__17",[{"rasterizerState":{},"blendState":{"targets":[{}]},"depthStencilState":{}}],[{"USE_ALBEDO_MAP":true}],[[[{},"mainTexture",6,0]],11]]],0,0,[0,0],[0,1],[0,1]],[[[0,"Building__Instance__19",[{"rasterizerState":{},"blendState":{"targets":[{}]},"depthStencilState":{}}],[{"USE_ALBEDO_MAP":true}],[[[{},"mainTexture",6,0]],11]]],0,0,[0,0],[0,1],[0,1]],[[[0,"Building__Instance__24",[{"rasterizerState":{},"blendState":{"targets":[{}]},"depthStencilState":{}}],[{"USE_ALBEDO_MAP":true}],[[[{},"mainTexture",6,0]],11]]],0,0,[0,0],[0,1],[0,1]],[[[0,"Building__Instance__1",[{"rasterizerState":{},"blendState":{"targets":[{}]},"depthStencilState":{}}],[{"USE_ALBEDO_MAP":true}],[[[{},"mainTexture",6,0]],11]]],0,0,[0,0],[0,1],[0,1]],[[[0,"Building__Instance__12",[{"rasterizerState":{},"blendState":{"targets":[{}]},"depthStencilState":{}}],[{"USE_ALBEDO_MAP":true}],[[[{},"mainTexture",6,0]],11]]],0,0,[0,0],[0,1],[0,1]],[[[0,"Building__Instance__16",[{"rasterizerState":{},"blendState":{"targets":[{}]},"depthStencilState":{}}],[{"USE_ALBEDO_MAP":true}],[[[{},"mainTexture",6,0]],11]]],0,0,[0,0],[0,1],[0,1]],[[[0,"Building__Instance__23",[{"rasterizerState":{},"blendState":{"targets":[{}]},"depthStencilState":{}}],[{"USE_ALBEDO_MAP":true}],[[[{},"mainTexture",6,0]],11]]],0,0,[0,0],[0,1],[0,1]],[[[0,"Building__Instance__22",[{"rasterizerState":{},"blendState":{"targets":[{}]},"depthStencilState":{}}],[{"USE_ALBEDO_MAP":true}],[[[{},"mainTexture",6,0]],11]]],0,0,[0,0],[0,1],[0,1]],[[[0,"Building__Instance__5",[{"rasterizerState":{},"blendState":{"targets":[{}]},"depthStencilState":{}}],[{"USE_ALBEDO_MAP":true}],[[[{},"mainTexture",6,0]],11]]],0,0,[0,0],[0,1],[0,1]],[[[0,"Building__Instance__15",[{"rasterizerState":{},"blendState":{"targets":[{}]},"depthStencilState":{}}],[{"USE_ALBEDO_MAP":true}],[[[{},"mainTexture",6,0]],11]]],0,0,[0,0],[0,1],[0,1]],[[[0,"Building__Instance__4",[{"rasterizerState":{},"blendState":{"targets":[{}]},"depthStencilState":{}}],[{"USE_ALBEDO_MAP":true}],[[[{},"mainTexture",6,0]],11]]],0,0,[0,0],[0,1],[0,1]],[[[0,"Building",[{"rasterizerState":{},"blendState":{"targets":[{}]},"depthStencilState":{}}],[{"USE_ALBEDO_MAP":true}],[[[{},"mainTexture",6,0]],11]]],0,0,[0,0],[0,1],[0,1]],[[[0,"Building__Instance__8",[{"rasterizerState":{},"blendState":{"targets":[{}]},"depthStencilState":{}}],[{"USE_ALBEDO_MAP":true}],[[[{},"mainTexture",6,0]],11]]],0,0,[0,0],[0,1],[0,1]],[[[0,"Building__Instance__11",[{"rasterizerState":{},"blendState":{"targets":[{}]},"depthStencilState":{}}],[{"USE_ALBEDO_MAP":true}],[[[{},"mainTexture",6,0]],11]]],0,0,[0,0],[0,1],[0,1]],[[[0,"Building__Instance_",[{"rasterizerState":{},"blendState":{"targets":[{}]},"depthStencilState":{}}],[{"USE_ALBEDO_MAP":true}],[[[{},"mainTexture",6,0]],11]]],0,0,[0,0],[0,1],[0,1]],[[[0,"Building__Instance__10",[{"rasterizerState":{},"blendState":{"targets":[{}]},"depthStencilState":{}}],[{"USE_ALBEDO_MAP":true}],[[[{},"mainTexture",6,0]],11]]],0,0,[0,0],[0,1],[0,1]],[[[0,"Building__Instance__20",[{"rasterizerState":{},"blendState":{"targets":[{}]},"depthStencilState":{}}],[{"USE_ALBEDO_MAP":true}],[[[{},"mainTexture",6,0]],11]]],0,0,[0,0],[0,1],[0,1]]]]
