[1,["20835ba4-6145-4fbc-a58a-051ce700aa3e@6c48a","544e49d6-3f05-4fa8-9a9e-091f98fc2ce8@6c48a","951249e0-9f16-456d-8b85-a6ca954da16b@6c48a"],["_textureSource"],["cc.SpriteFrame"],0,[[[{"name":"default_btn_normal","rect":{"x":0,"y":0,"width":40,"height":40},"offset":{"x":0,"y":0},"originalSize":{"width":40,"height":40},"rotated":false,"capInsets":[12,12,12,12],"packable":true}],[0],0,[0],[0],[0]],[[{"name":"default_btn_pressed","rect":{"x":0,"y":0,"width":40,"height":40},"offset":{"x":0,"y":0},"originalSize":{"width":40,"height":40},"rotated":false,"capInsets":[12,12,12,12],"packable":true}],[0],0,[0],[0],[1]],[[{"name":"default_btn_disabled","rect":{"x":0,"y":0,"width":40,"height":40},"offset":{"x":0,"y":0},"originalSize":{"width":40,"height":40},"rotated":false,"capInsets":[12,12,12,12],"packable":true}],[0],0,[0],[0],[2]]]]
