{"importBase":"import","nativeBase":"native","name":"resources","deps":[],"uuids":["017161258","019b85778","0225dbb3f","0246b8db9","024d0b470","03MXHkE8tEYr59dPamMeAa","036c20181","041cb2ac6","04314dfc7","047b6485d","04pmctABdMW7D1dTsnJ3jA","04affd6e3","056b97ce0","05f7505f9","0647092d9","075a9ca55","07e6bfdba","08a5da35c","08f307e25","09LAM0MTlLtJ49Orglk23z","09538e666","0968be9ea","0a09908f2","0b1fbe2a1","0b308a827","0d5229c86","0d6ddda92","0d848fbc8","0da1ab057","0dce1b92d","192CvX71JNIpnkZ8D8fy0b","580jdphndLBrTONL+Mx2Xb","5c3MvQ/+xM94G0wy6y+mcT","5d0UxcCftAIJnvWkDdItV2","62thIIRZ5OSa6KmIwlyquN","6bp7casOZFmrZxNXa5bG+l","72Ja9KlnpD15SSMYKsx/N2","75xytEeM1N25wlI0XuA/XM","a5d/ENEvhEtIpdgnj/Y/8X","a6aZ26HOFJ3YVRsbZwfkRu","a7FFIV9LpKObGm5gMVh+yI","18yypAwuVLka+dkImcHMfN@0a5f9","18yypAwuVLka+dkImcHMfN@0b2e5","18yypAwuVLka+dkImcHMfN@195e2","18yypAwuVLka+dkImcHMfN@2e118","18yypAwuVLka+dkImcHMfN@308e9","18yypAwuVLka+dkImcHMfN@323a9","18yypAwuVLka+dkImcHMfN@3664b","18yypAwuVLka+dkImcHMfN@59d1a","18yypAwuVLka+dkImcHMfN@5de2e","18yypAwuVLka+dkImcHMfN@69f24","18yypAwuVLka+dkImcHMfN@6ee7d","18yypAwuVLka+dkImcHMfN@8f836","18yypAwuVLka+dkImcHMfN@9b326","18yypAwuVLka+dkImcHMfN@a03eb","18yypAwuVLka+dkImcHMfN@a7d6d","18yypAwuVLka+dkImcHMfN@a9330","18yypAwuVLka+dkImcHMfN@ce52e","18yypAwuVLka+dkImcHMfN@e7d0a","18yypAwuVLka+dkImcHMfN@f1443","18yypAwuVLka+dkImcHMfN@f46a0","1brw/JvvpFnIvdrxpFCgMZ","1cwU1K07lOfIIBAA8VfsTF","1cyVkMO9dDl6KqbUguzuFh","1eDZmD+LRNF7kjmVBw3lev","28xsasa19Cd5go1FyaFF4S@32996","28xsasa19Cd5go1FyaFF4S@477d8","28xsasa19Cd5go1FyaFF4S@595e7","28xsasa19Cd5go1FyaFF4S@5bd31","28xsasa19Cd5go1FyaFF4S@64655","28xsasa19Cd5go1FyaFF4S@6bca3","28xsasa19Cd5go1FyaFF4S@71ed8","28xsasa19Cd5go1FyaFF4S@7d2a5","28xsasa19Cd5go1FyaFF4S@80d7b","28xsasa19Cd5go1FyaFF4S@87c9a","28xsasa19Cd5go1FyaFF4S@9570c","28xsasa19Cd5go1FyaFF4S@a4d81","28xsasa19Cd5go1FyaFF4S@b2dbb","28xsasa19Cd5go1FyaFF4S@b608f","28xsasa19Cd5go1FyaFF4S@eafeb","28xsasa19Cd5go1FyaFF4S@fa215","370MZ5+EVBm4TDSbSAZ3Jj","42uKhe1QBE36b/ZVBEMdxm","44rPXSubBM5pqMVSpXZaIy","4aesRLNy5L8ZAIY9z3x3AU@011f0","4aesRLNy5L8ZAIY9z3x3AU@02274","4aesRLNy5L8ZAIY9z3x3AU@0239d","4aesRLNy5L8ZAIY9z3x3AU@09326","4aesRLNy5L8ZAIY9z3x3AU@0ae73","4aesRLNy5L8ZAIY9z3x3AU@0cbbb","4aesRLNy5L8ZAIY9z3x3AU@0cde3","4aesRLNy5L8ZAIY9z3x3AU@1044b","4aesRLNy5L8ZAIY9z3x3AU@11b52","4aesRLNy5L8ZAIY9z3x3AU@1fc6c","4aesRLNy5L8ZAIY9z3x3AU@1fd08","4aesRLNy5L8ZAIY9z3x3AU@21ceb","4aesRLNy5L8ZAIY9z3x3AU@282a3","4aesRLNy5L8ZAIY9z3x3AU@2a8ff","4aesRLNy5L8ZAIY9z3x3AU@30545","4aesRLNy5L8ZAIY9z3x3AU@365ef","4aesRLNy5L8ZAIY9z3x3AU@37035","4aesRLNy5L8ZAIY9z3x3AU@39873","4aesRLNy5L8ZAIY9z3x3AU@39f68","4aesRLNy5L8ZAIY9z3x3AU@3e74b","4aesRLNy5L8ZAIY9z3x3AU@41071","4aesRLNy5L8ZAIY9z3x3AU@4465c","4aesRLNy5L8ZAIY9z3x3AU@47b23","4aesRLNy5L8ZAIY9z3x3AU@486d2","4aesRLNy5L8ZAIY9z3x3AU@49b2d","4aesRLNy5L8ZAIY9z3x3AU@4f776","4aesRLNy5L8ZAIY9z3x3AU@52653","4aesRLNy5L8ZAIY9z3x3AU@57ca2","4aesRLNy5L8ZAIY9z3x3AU@593db","4aesRLNy5L8ZAIY9z3x3AU@5e61e","4aesRLNy5L8ZAIY9z3x3AU@5fd05","4aesRLNy5L8ZAIY9z3x3AU@6110f","4aesRLNy5L8ZAIY9z3x3AU@6772d","4aesRLNy5L8ZAIY9z3x3AU@67c3e","4aesRLNy5L8ZAIY9z3x3AU@6e392","4aesRLNy5L8ZAIY9z3x3AU@76652","4aesRLNy5L8ZAIY9z3x3AU@7b495","4aesRLNy5L8ZAIY9z3x3AU@805f1","4aesRLNy5L8ZAIY9z3x3AU@81f09","4aesRLNy5L8ZAIY9z3x3AU@830d2","4aesRLNy5L8ZAIY9z3x3AU@859f6","4aesRLNy5L8ZAIY9z3x3AU@85fbd","4aesRLNy5L8ZAIY9z3x3AU@88663","4aesRLNy5L8ZAIY9z3x3AU@8dc3a","4aesRLNy5L8ZAIY9z3x3AU@8eef7","4aesRLNy5L8ZAIY9z3x3AU@8fc7a","4aesRLNy5L8ZAIY9z3x3AU@95786","4aesRLNy5L8ZAIY9z3x3AU@95951","4aesRLNy5L8ZAIY9z3x3AU@9c3ec","4aesRLNy5L8ZAIY9z3x3AU@9ca6f","4aesRLNy5L8ZAIY9z3x3AU@a0481","4aesRLNy5L8ZAIY9z3x3AU@a0c9a","4aesRLNy5L8ZAIY9z3x3AU@a1119","4aesRLNy5L8ZAIY9z3x3AU@a3e88","4aesRLNy5L8ZAIY9z3x3AU@a43f2","4aesRLNy5L8ZAIY9z3x3AU@a7167","4aesRLNy5L8ZAIY9z3x3AU@a9735","4aesRLNy5L8ZAIY9z3x3AU@ab17a","4aesRLNy5L8ZAIY9z3x3AU@ab8a3","4aesRLNy5L8ZAIY9z3x3AU@b382d","4aesRLNy5L8ZAIY9z3x3AU@b40f0","4aesRLNy5L8ZAIY9z3x3AU@b5f47","4aesRLNy5L8ZAIY9z3x3AU@b64b1","4aesRLNy5L8ZAIY9z3x3AU@b8348","4aesRLNy5L8ZAIY9z3x3AU@bdf56","4aesRLNy5L8ZAIY9z3x3AU@be2d2","4aesRLNy5L8ZAIY9z3x3AU@c22ef","4aesRLNy5L8ZAIY9z3x3AU@cacd6","4aesRLNy5L8ZAIY9z3x3AU@ce7ba","4aesRLNy5L8ZAIY9z3x3AU@d0a7b","4aesRLNy5L8ZAIY9z3x3AU@d3048","4aesRLNy5L8ZAIY9z3x3AU@d34e2","4aesRLNy5L8ZAIY9z3x3AU@d5c10","4aesRLNy5L8ZAIY9z3x3AU@dab25","4aesRLNy5L8ZAIY9z3x3AU@dcc2a","4aesRLNy5L8ZAIY9z3x3AU@ddbb1","4aesRLNy5L8ZAIY9z3x3AU@e3bb9","4aesRLNy5L8ZAIY9z3x3AU@e9917","4aesRLNy5L8ZAIY9z3x3AU@ede78","4aesRLNy5L8ZAIY9z3x3AU@fd4f9","4aesRLNy5L8ZAIY9z3x3AU@ffb53","55cbVYy6JAarILxq/k4AmK@0842b","55cbVYy6JAarILxq/k4AmK@09513","55cbVYy6JAarILxq/k4AmK@17d84","55cbVYy6JAarILxq/k4AmK@17dd0","55cbVYy6JAarILxq/k4AmK@181b3","55cbVYy6JAarILxq/k4AmK@1dc0f","55cbVYy6JAarILxq/k4AmK@1ed8d","55cbVYy6JAarILxq/k4AmK@2efcc","55cbVYy6JAarILxq/k4AmK@32a51","55cbVYy6JAarILxq/k4AmK@37fc0","55cbVYy6JAarILxq/k4AmK@45f73","55cbVYy6JAarILxq/k4AmK@53dde","55cbVYy6JAarILxq/k4AmK@65559","55cbVYy6JAarILxq/k4AmK@73684","55cbVYy6JAarILxq/k4AmK@7b9da","55cbVYy6JAarILxq/k4AmK@8216a","55cbVYy6JAarILxq/k4AmK@85e49","55cbVYy6JAarILxq/k4AmK@97b51","55cbVYy6JAarILxq/k4AmK@b45a1","55cbVYy6JAarILxq/k4AmK@bece2","55cbVYy6JAarILxq/k4AmK@c172e","55cbVYy6JAarILxq/k4AmK@c6e33","55cbVYy6JAarILxq/k4AmK@c9186","55cbVYy6JAarILxq/k4AmK@ce9cf","55cbVYy6JAarILxq/k4AmK@cf1a7","55cbVYy6JAarILxq/k4AmK@d78fc","55cbVYy6JAarILxq/k4AmK@e97c4","55cbVYy6JAarILxq/k4AmK@f051b","55cbVYy6JAarILxq/k4AmK@fd4a2","5fvarV7CxK0oKYcd9/73Ld@fe6ae","67IKyViJBC6Y6RjAQbhjLN","67hduPMHBGeZ1Gp/Nchq79","6fc7semchKyJWCs4rQpUH4@1550f","6fc7semchKyJWCs4rQpUH4@2048a","6fc7semchKyJWCs4rQpUH4@3166c","6fc7semchKyJWCs4rQpUH4@323cf","6fc7semchKyJWCs4rQpUH4@33532","6fc7semchKyJWCs4rQpUH4@5acf1","6fc7semchKyJWCs4rQpUH4@6fb1c","6fc7semchKyJWCs4rQpUH4@96da3","6fc7semchKyJWCs4rQpUH4@9ff07","6fc7semchKyJWCs4rQpUH4@a804d","6fc7semchKyJWCs4rQpUH4@b958d","6fc7semchKyJWCs4rQpUH4@ca6da","6fc7semchKyJWCs4rQpUH4@db9ab","70b2vmAntGx7Z1RIZRzRmg@0663a","70b2vmAntGx7Z1RIZRzRmg@07422","70b2vmAntGx7Z1RIZRzRmg@108f0","70b2vmAntGx7Z1RIZRzRmg@3bf2d","70b2vmAntGx7Z1RIZRzRmg@3ecab","70b2vmAntGx7Z1RIZRzRmg@4bb2e","70b2vmAntGx7Z1RIZRzRmg@4c31f","70b2vmAntGx7Z1RIZRzRmg@5080e","70b2vmAntGx7Z1RIZRzRmg@561f1","70b2vmAntGx7Z1RIZRzRmg@5a8c2","70b2vmAntGx7Z1RIZRzRmg@68702","70b2vmAntGx7Z1RIZRzRmg@694aa","70b2vmAntGx7Z1RIZRzRmg@76513","70b2vmAntGx7Z1RIZRzRmg@7969e","70b2vmAntGx7Z1RIZRzRmg@7ff58","70b2vmAntGx7Z1RIZRzRmg@826b7","70b2vmAntGx7Z1RIZRzRmg@871d6","70b2vmAntGx7Z1RIZRzRmg@8c9f8","70b2vmAntGx7Z1RIZRzRmg@90dec","70b2vmAntGx7Z1RIZRzRmg@91b0c","70b2vmAntGx7Z1RIZRzRmg@b3090","70b2vmAntGx7Z1RIZRzRmg@c0a05","70b2vmAntGx7Z1RIZRzRmg@c1c59","70b2vmAntGx7Z1RIZRzRmg@c7cc3","70b2vmAntGx7Z1RIZRzRmg@ce291","70b2vmAntGx7Z1RIZRzRmg@d37cf","70b2vmAntGx7Z1RIZRzRmg@d5cde","70b2vmAntGx7Z1RIZRzRmg@e66cb","70b2vmAntGx7Z1RIZRzRmg@ea671","70b2vmAntGx7Z1RIZRzRmg@eb1c0","70b2vmAntGx7Z1RIZRzRmg@ed701","70b2vmAntGx7Z1RIZRzRmg@ee829","70b2vmAntGx7Z1RIZRzRmg@f06c3","70b2vmAntGx7Z1RIZRzRmg@f299a","70b2vmAntGx7Z1RIZRzRmg@fe409","7fISx4PKFEHZuw1XI1K5AH@c244a","7fqVBVva1De6/AOwFoNONY@00640","7fqVBVva1De6/AOwFoNONY@08555","7fqVBVva1De6/AOwFoNONY@322cd","7fqVBVva1De6/AOwFoNONY@36509","7fqVBVva1De6/AOwFoNONY@39bd0","7fqVBVva1De6/AOwFoNONY@3c9ae","7fqVBVva1De6/AOwFoNONY@43f87","7fqVBVva1De6/AOwFoNONY@49279","7fqVBVva1De6/AOwFoNONY@59068","7fqVBVva1De6/AOwFoNONY@5fa96","7fqVBVva1De6/AOwFoNONY@79266","7fqVBVva1De6/AOwFoNONY@91ba3","7fqVBVva1De6/AOwFoNONY@95fdb","7fqVBVva1De6/AOwFoNONY@9aa82","7fqVBVva1De6/AOwFoNONY@a3318","7fqVBVva1De6/AOwFoNONY@a6fda","7fqVBVva1De6/AOwFoNONY@aa828","7fqVBVva1De6/AOwFoNONY@b3b27","7fqVBVva1De6/AOwFoNONY@b446d","7fqVBVva1De6/AOwFoNONY@c0812","7fqVBVva1De6/AOwFoNONY@d1042","7fqVBVva1De6/AOwFoNONY@d186a","7fqVBVva1De6/AOwFoNONY@d634a","81vhsxyJ5CdpQQk9EmBRpi","815cQxr3ZO+YlPAM4iFbu0","82ySMYweNM96mN7pWQaYmt@10dfa","82ySMYweNM96mN7pWQaYmt@1ce40","82ySMYweNM96mN7pWQaYmt@41ac8","82ySMYweNM96mN7pWQaYmt@45f73","82ySMYweNM96mN7pWQaYmt@97b51","82ySMYweNM96mN7pWQaYmt@bbd92","82ySMYweNM96mN7pWQaYmt@c6e33","82ySMYweNM96mN7pWQaYmt@faad7","82ySMYweNM96mN7pWQaYmt@fd4a2","85HjwHAeRF27cqK+8n/L7D@073ec","85HjwHAeRF27cqK+8n/L7D@113c5","85HjwHAeRF27cqK+8n/L7D@16d95","85HjwHAeRF27cqK+8n/L7D@1898f","85HjwHAeRF27cqK+8n/L7D@23d54","85HjwHAeRF27cqK+8n/L7D@2609b","85HjwHAeRF27cqK+8n/L7D@280fb","85HjwHAeRF27cqK+8n/L7D@291ef","85HjwHAeRF27cqK+8n/L7D@2d903","85HjwHAeRF27cqK+8n/L7D@334f6","85HjwHAeRF27cqK+8n/L7D@3eb47","85HjwHAeRF27cqK+8n/L7D@4ea01","85HjwHAeRF27cqK+8n/L7D@52e41","85HjwHAeRF27cqK+8n/L7D@54251","85HjwHAeRF27cqK+8n/L7D@5635b","85HjwHAeRF27cqK+8n/L7D@67e56","85HjwHAeRF27cqK+8n/L7D@69165","85HjwHAeRF27cqK+8n/L7D@6bf16","85HjwHAeRF27cqK+8n/L7D@6f162","85HjwHAeRF27cqK+8n/L7D@7030f","85HjwHAeRF27cqK+8n/L7D@71cf1","85HjwHAeRF27cqK+8n/L7D@73337","85HjwHAeRF27cqK+8n/L7D@75da0","85HjwHAeRF27cqK+8n/L7D@79664","85HjwHAeRF27cqK+8n/L7D@80e61","85HjwHAeRF27cqK+8n/L7D@822ba","85HjwHAeRF27cqK+8n/L7D@911de","85HjwHAeRF27cqK+8n/L7D@93735","85HjwHAeRF27cqK+8n/L7D@9757a","85HjwHAeRF27cqK+8n/L7D@99582","85HjwHAeRF27cqK+8n/L7D@9ae9b","85HjwHAeRF27cqK+8n/L7D@9c990","85HjwHAeRF27cqK+8n/L7D@9e284","85HjwHAeRF27cqK+8n/L7D@9fc59","85HjwHAeRF27cqK+8n/L7D@c2c61","85HjwHAeRF27cqK+8n/L7D@c993a","85HjwHAeRF27cqK+8n/L7D@d231e","85HjwHAeRF27cqK+8n/L7D@d293f","85HjwHAeRF27cqK+8n/L7D@d33b5","85HjwHAeRF27cqK+8n/L7D@d6b3f","85HjwHAeRF27cqK+8n/L7D@e0a08","85HjwHAeRF27cqK+8n/L7D@e4017","85HjwHAeRF27cqK+8n/L7D@e9de4","85HjwHAeRF27cqK+8n/L7D@ea49c","85HjwHAeRF27cqK+8n/L7D@fb8c6","9bbf88DkVPcaV7MgZI0dT+","9fr+TfUZVHk7qAEhgjzj+r@00015","9fr+TfUZVHk7qAEhgjzj+r@00e92","9fr+TfUZVHk7qAEhgjzj+r@1c2e8","9fr+TfUZVHk7qAEhgjzj+r@1c446","9fr+TfUZVHk7qAEhgjzj+r@276e0","9fr+TfUZVHk7qAEhgjzj+r@29a1c","9fr+TfUZVHk7qAEhgjzj+r@361e5","9fr+TfUZVHk7qAEhgjzj+r@3d977","9fr+TfUZVHk7qAEhgjzj+r@50440","9fr+TfUZVHk7qAEhgjzj+r@52bdc","9fr+TfUZVHk7qAEhgjzj+r@53331","9fr+TfUZVHk7qAEhgjzj+r@70eaf","9fr+TfUZVHk7qAEhgjzj+r@71cb4","9fr+TfUZVHk7qAEhgjzj+r@79588","9fr+TfUZVHk7qAEhgjzj+r@79605","9fr+TfUZVHk7qAEhgjzj+r@7d928","9fr+TfUZVHk7qAEhgjzj+r@7e1a4","9fr+TfUZVHk7qAEhgjzj+r@8e376","9fr+TfUZVHk7qAEhgjzj+r@9a3e8","9fr+TfUZVHk7qAEhgjzj+r@9c9b4","9fr+TfUZVHk7qAEhgjzj+r@a78a9","9fr+TfUZVHk7qAEhgjzj+r@b26fe","9fr+TfUZVHk7qAEhgjzj+r@bed47","9fr+TfUZVHk7qAEhgjzj+r@c7a82","9fr+TfUZVHk7qAEhgjzj+r@cff27","9fr+TfUZVHk7qAEhgjzj+r@d26a9","9fr+TfUZVHk7qAEhgjzj+r@d2e89","9fr+TfUZVHk7qAEhgjzj+r@f9eb3","9fr+TfUZVHk7qAEhgjzj+r@ff980","a7blVz541KV49Zl4Pc+7Id@0132b","a7blVz541KV49Zl4Pc+7Id@03f67","a7blVz541KV49Zl4Pc+7Id@0685c","a7blVz541KV49Zl4Pc+7Id@09aa0","a7blVz541KV49Zl4Pc+7Id@0e9c6","a7blVz541KV49Zl4Pc+7Id@11b83","a7blVz541KV49Zl4Pc+7Id@11bb2","a7blVz541KV49Zl4Pc+7Id@125e8","a7blVz541KV49Zl4Pc+7Id@1a04f","a7blVz541KV49Zl4Pc+7Id@27ee6","a7blVz541KV49Zl4Pc+7Id@2c928","a7blVz541KV49Zl4Pc+7Id@2fcd0","a7blVz541KV49Zl4Pc+7Id@305f6","a7blVz541KV49Zl4Pc+7Id@32e03","a7blVz541KV49Zl4Pc+7Id@367b5","a7blVz541KV49Zl4Pc+7Id@38b5b","a7blVz541KV49Zl4Pc+7Id@46fa3","a7blVz541KV49Zl4Pc+7Id@4c633","a7blVz541KV49Zl4Pc+7Id@54cfa","a7blVz541KV49Zl4Pc+7Id@5dad9","a7blVz541KV49Zl4Pc+7Id@71c3a","a7blVz541KV49Zl4Pc+7Id@724e8","a7blVz541KV49Zl4Pc+7Id@78ffe","a7blVz541KV49Zl4Pc+7Id@7b244","a7blVz541KV49Zl4Pc+7Id@82e7e","a7blVz541KV49Zl4Pc+7Id@8394d","a7blVz541KV49Zl4Pc+7Id@87b26","a7blVz541KV49Zl4Pc+7Id@8b834","a7blVz541KV49Zl4Pc+7Id@8eafe","a7blVz541KV49Zl4Pc+7Id@9084d","a7blVz541KV49Zl4Pc+7Id@9e736","a7blVz541KV49Zl4Pc+7Id@a14dc","a7blVz541KV49Zl4Pc+7Id@a294b","a7blVz541KV49Zl4Pc+7Id@abebc","a7blVz541KV49Zl4Pc+7Id@adabc","a7blVz541KV49Zl4Pc+7Id@b8285","a7blVz541KV49Zl4Pc+7Id@b8fee","a7blVz541KV49Zl4Pc+7Id@be1ac","a7blVz541KV49Zl4Pc+7Id@c3b49","a7blVz541KV49Zl4Pc+7Id@c3cb6","a7blVz541KV49Zl4Pc+7Id@c93d3","a7blVz541KV49Zl4Pc+7Id@cadcc","a7blVz541KV49Zl4Pc+7Id@d0825","a7blVz541KV49Zl4Pc+7Id@d47b9","a7blVz541KV49Zl4Pc+7Id@d4f20","a7blVz541KV49Zl4Pc+7Id@d6df6","a7blVz541KV49Zl4Pc+7Id@e0cf4","a7blVz541KV49Zl4Pc+7Id@e5b8e","a7blVz541KV49Zl4Pc+7Id@eebab","a7blVz541KV49Zl4Pc+7Id@ef725","a7blVz541KV49Zl4Pc+7Id@f5ec6","a7blVz541KV49Zl4Pc+7Id@f7585","a7blVz541KV49Zl4Pc+7Id@fd267","aaWLMY5jlMHqNKrGWt2ZaN@0746a","aaWLMY5jlMHqNKrGWt2ZaN@0818a","aaWLMY5jlMHqNKrGWt2ZaN@1b7f6","aaWLMY5jlMHqNKrGWt2ZaN@1fb7c","aaWLMY5jlMHqNKrGWt2ZaN@2823c","aaWLMY5jlMHqNKrGWt2ZaN@28858","aaWLMY5jlMHqNKrGWt2ZaN@2c023","aaWLMY5jlMHqNKrGWt2ZaN@33b94","aaWLMY5jlMHqNKrGWt2ZaN@33d51","aaWLMY5jlMHqNKrGWt2ZaN@34be8","aaWLMY5jlMHqNKrGWt2ZaN@3d116","aaWLMY5jlMHqNKrGWt2ZaN@40339","aaWLMY5jlMHqNKrGWt2ZaN@4d68f","aaWLMY5jlMHqNKrGWt2ZaN@505c5","aaWLMY5jlMHqNKrGWt2ZaN@5f09e","aaWLMY5jlMHqNKrGWt2ZaN@6a2b1","aaWLMY5jlMHqNKrGWt2ZaN@75a67","aaWLMY5jlMHqNKrGWt2ZaN@7cd69","aaWLMY5jlMHqNKrGWt2ZaN@7efd3","aaWLMY5jlMHqNKrGWt2ZaN@8e1d0","aaWLMY5jlMHqNKrGWt2ZaN@9029c","aaWLMY5jlMHqNKrGWt2ZaN@910e5","aaWLMY5jlMHqNKrGWt2ZaN@a1c5f","aaWLMY5jlMHqNKrGWt2ZaN@ab76e","aaWLMY5jlMHqNKrGWt2ZaN@b894f","aaWLMY5jlMHqNKrGWt2ZaN@b91cd","aaWLMY5jlMHqNKrGWt2ZaN@cb54e","aaWLMY5jlMHqNKrGWt2ZaN@d0f07","aaWLMY5jlMHqNKrGWt2ZaN@d1c5e","aaWLMY5jlMHqNKrGWt2ZaN@d7ac9","aaWLMY5jlMHqNKrGWt2ZaN@dc262","aaWLMY5jlMHqNKrGWt2ZaN@e2be7","aaWLMY5jlMHqNKrGWt2ZaN@e68ea","aaWLMY5jlMHqNKrGWt2ZaN@e9df1","aaWLMY5jlMHqNKrGWt2ZaN@ed7db","aaWLMY5jlMHqNKrGWt2ZaN@f8bee","afOHySdS1LbapLq2fh03A1","afOHySdS1LbapLq2fh03A1@6c48a","b0naRRZ4xK2LGKOh9MILi4","b5JrsFmixIPZBN2U90QlE+","c6Yxex42ZNLYYH9jBLJF4M","c8WuJWIZ9LI6HF+zAE3NaI","ca4EHPpUlMTYN+QSczECH5","cfjdJawDhKjLqTWlkkea8O","cfowCkzxZHYKvkxysQAM1p","dfcj0JoPxKtaJrodCGz8m0","e6TITw5D9F85nPuZcFwnYu","f5VBKwHSVKKaWY6VobbpgG","favjMcs/JDHrrvwZl4YS6t","b3CjBybDJJuLQuJ1JnxSbm@00870","b3CjBybDJJuLQuJ1JnxSbm@19531","b3CjBybDJJuLQuJ1JnxSbm@4271d","b3CjBybDJJuLQuJ1JnxSbm@48290","b3CjBybDJJuLQuJ1JnxSbm@4e629","b3CjBybDJJuLQuJ1JnxSbm@53e93","b3CjBybDJJuLQuJ1JnxSbm@9a1ef","b3CjBybDJJuLQuJ1JnxSbm@9abbd","b3CjBybDJJuLQuJ1JnxSbm@a4d51","b3CjBybDJJuLQuJ1JnxSbm@bc06f","b3CjBybDJJuLQuJ1JnxSbm@bf48e","b3CjBybDJJuLQuJ1JnxSbm@c43cd","b3CjBybDJJuLQuJ1JnxSbm@c44f0","b3CjBybDJJuLQuJ1JnxSbm@c6593","b3CjBybDJJuLQuJ1JnxSbm@cce37","b3CjBybDJJuLQuJ1JnxSbm@d10bc","b3CjBybDJJuLQuJ1JnxSbm@d2464","b3CjBybDJJuLQuJ1JnxSbm@d664e","b3CjBybDJJuLQuJ1JnxSbm@d7dae","b3CjBybDJJuLQuJ1JnxSbm@d8a69","b4mY1KHSFOA4ilGvJsunkl","b42481XCtF4JlSLZENV2Lx","c1K9WIMVFIPbEVFFwmYy1d@01c8d","c1K9WIMVFIPbEVFFwmYy1d@03255","c1K9WIMVFIPbEVFFwmYy1d@0c13e","c1K9WIMVFIPbEVFFwmYy1d@0d88b","c1K9WIMVFIPbEVFFwmYy1d@1181c","c1K9WIMVFIPbEVFFwmYy1d@1572a","c1K9WIMVFIPbEVFFwmYy1d@295f5","c1K9WIMVFIPbEVFFwmYy1d@2a436","c1K9WIMVFIPbEVFFwmYy1d@3f4df","c1K9WIMVFIPbEVFFwmYy1d@411f9","c1K9WIMVFIPbEVFFwmYy1d@41bc9","c1K9WIMVFIPbEVFFwmYy1d@4e315","c1K9WIMVFIPbEVFFwmYy1d@5c6a7","c1K9WIMVFIPbEVFFwmYy1d@695c0","c1K9WIMVFIPbEVFFwmYy1d@74492","c1K9WIMVFIPbEVFFwmYy1d@88983","c1K9WIMVFIPbEVFFwmYy1d@89c2c","c1K9WIMVFIPbEVFFwmYy1d@8fab6","c1K9WIMVFIPbEVFFwmYy1d@92ea0","c1K9WIMVFIPbEVFFwmYy1d@97ec5","c1K9WIMVFIPbEVFFwmYy1d@9b5ed","c1K9WIMVFIPbEVFFwmYy1d@9e089","c1K9WIMVFIPbEVFFwmYy1d@a1129","c1K9WIMVFIPbEVFFwmYy1d@b04af","c1K9WIMVFIPbEVFFwmYy1d@b222f","c1K9WIMVFIPbEVFFwmYy1d@ca2ea","c1K9WIMVFIPbEVFFwmYy1d@d2139","c1K9WIMVFIPbEVFFwmYy1d@d2386","c1K9WIMVFIPbEVFFwmYy1d@d3a7f","c1K9WIMVFIPbEVFFwmYy1d@d8b8c","c1K9WIMVFIPbEVFFwmYy1d@ec929","c1K9WIMVFIPbEVFFwmYy1d@f5a2b","c4PcbPWrpAh4CxnU/SZzn/@0476f","c4PcbPWrpAh4CxnU/SZzn/@0ea3d","c4PcbPWrpAh4CxnU/SZzn/@19279","c4PcbPWrpAh4CxnU/SZzn/@2aeb2","c4PcbPWrpAh4CxnU/SZzn/@41e18","c4PcbPWrpAh4CxnU/SZzn/@4afba","c4PcbPWrpAh4CxnU/SZzn/@59a91","c4PcbPWrpAh4CxnU/SZzn/@67e63","c4PcbPWrpAh4CxnU/SZzn/@6afbd","c4PcbPWrpAh4CxnU/SZzn/@8c2d8","c4PcbPWrpAh4CxnU/SZzn/@a4fca","c4PcbPWrpAh4CxnU/SZzn/@ad1da","c4PcbPWrpAh4CxnU/SZzn/@af407","c4PcbPWrpAh4CxnU/SZzn/@c6904","c4PcbPWrpAh4CxnU/SZzn/@c701f","c4PcbPWrpAh4CxnU/SZzn/@cbd70","c4PcbPWrpAh4CxnU/SZzn/@cca75","c4PcbPWrpAh4CxnU/SZzn/@e1c8e","c6Uyn/rmBJo4+pFbCC4h/j@0344e","c6Uyn/rmBJo4+pFbCC4h/j@18907","c6Uyn/rmBJo4+pFbCC4h/j@1d653","c6Uyn/rmBJo4+pFbCC4h/j@2dcb0","c6Uyn/rmBJo4+pFbCC4h/j@3812e","c6Uyn/rmBJo4+pFbCC4h/j@3a858","c6Uyn/rmBJo4+pFbCC4h/j@3d297","c6Uyn/rmBJo4+pFbCC4h/j@3e56e","c6Uyn/rmBJo4+pFbCC4h/j@40189","c6Uyn/rmBJo4+pFbCC4h/j@4693d","c6Uyn/rmBJo4+pFbCC4h/j@54ccb","c6Uyn/rmBJo4+pFbCC4h/j@6c56c","c6Uyn/rmBJo4+pFbCC4h/j@99162","c6Uyn/rmBJo4+pFbCC4h/j@9c308","c6Uyn/rmBJo4+pFbCC4h/j@a3f43","c6Uyn/rmBJo4+pFbCC4h/j@a8165","c6Uyn/rmBJo4+pFbCC4h/j@ac3e5","c6Uyn/rmBJo4+pFbCC4h/j@b2c37","c6Uyn/rmBJo4+pFbCC4h/j@b3886","c6Uyn/rmBJo4+pFbCC4h/j@d482b","c6Uyn/rmBJo4+pFbCC4h/j@e3d19","cbP7G2KwlDVIW74bpkrNvo","cbySlVwcVElIAbjbAK9g9E@023fc","cbySlVwcVElIAbjbAK9g9E@0f778","cbySlVwcVElIAbjbAK9g9E@11663","cbySlVwcVElIAbjbAK9g9E@14870","cbySlVwcVElIAbjbAK9g9E@2772f","cbySlVwcVElIAbjbAK9g9E@3301f","cbySlVwcVElIAbjbAK9g9E@3f08f","cbySlVwcVElIAbjbAK9g9E@421b0","cbySlVwcVElIAbjbAK9g9E@543e7","cbySlVwcVElIAbjbAK9g9E@62c1c","cbySlVwcVElIAbjbAK9g9E@62db5","cbySlVwcVElIAbjbAK9g9E@6e150","cbySlVwcVElIAbjbAK9g9E@88d53","cbySlVwcVElIAbjbAK9g9E@8a9ee","cbySlVwcVElIAbjbAK9g9E@b037b","cbySlVwcVElIAbjbAK9g9E@b3af5","cbySlVwcVElIAbjbAK9g9E@b9657","cbySlVwcVElIAbjbAK9g9E@bbb21","cbySlVwcVElIAbjbAK9g9E@bfd64","cbySlVwcVElIAbjbAK9g9E@c437e","cbySlVwcVElIAbjbAK9g9E@c67d0","cbySlVwcVElIAbjbAK9g9E@c9e9a","cbySlVwcVElIAbjbAK9g9E@d403f","cbySlVwcVElIAbjbAK9g9E@d5a9c","cbySlVwcVElIAbjbAK9g9E@ddbc4","cbySlVwcVElIAbjbAK9g9E@e9dba","cbySlVwcVElIAbjbAK9g9E@f0989","cbySlVwcVElIAbjbAK9g9E@f146b","cbySlVwcVElIAbjbAK9g9E@f3b34","cbySlVwcVElIAbjbAK9g9E@f5afc","cbySlVwcVElIAbjbAK9g9E@f933e","cbySlVwcVElIAbjbAK9g9E@fbae5","d1NGQ2rJZCcbhjH0/erZWw","d4j37vSFNBwrUV2lgNCPx8@02395","d4j37vSFNBwrUV2lgNCPx8@036f1","d4j37vSFNBwrUV2lgNCPx8@059c5","d4j37vSFNBwrUV2lgNCPx8@05b67","d4j37vSFNBwrUV2lgNCPx8@075fa","d4j37vSFNBwrUV2lgNCPx8@0953c","d4j37vSFNBwrUV2lgNCPx8@2685a","d4j37vSFNBwrUV2lgNCPx8@28a20","d4j37vSFNBwrUV2lgNCPx8@28ad5","d4j37vSFNBwrUV2lgNCPx8@37f19","d4j37vSFNBwrUV2lgNCPx8@44c89","d4j37vSFNBwrUV2lgNCPx8@525fb","d4j37vSFNBwrUV2lgNCPx8@5c8b6","d4j37vSFNBwrUV2lgNCPx8@6547c","d4j37vSFNBwrUV2lgNCPx8@67d1a","d4j37vSFNBwrUV2lgNCPx8@68c05","d4j37vSFNBwrUV2lgNCPx8@6b625","d4j37vSFNBwrUV2lgNCPx8@6d727","d4j37vSFNBwrUV2lgNCPx8@74895","d4j37vSFNBwrUV2lgNCPx8@78b9b","d4j37vSFNBwrUV2lgNCPx8@85640","d4j37vSFNBwrUV2lgNCPx8@9bd31","d4j37vSFNBwrUV2lgNCPx8@9ec40","d4j37vSFNBwrUV2lgNCPx8@a16a1","d4j37vSFNBwrUV2lgNCPx8@a7a6b","d4j37vSFNBwrUV2lgNCPx8@a8617","d4j37vSFNBwrUV2lgNCPx8@a941a","d4j37vSFNBwrUV2lgNCPx8@ade0a","d4j37vSFNBwrUV2lgNCPx8@b9434","d4j37vSFNBwrUV2lgNCPx8@c4079","d4j37vSFNBwrUV2lgNCPx8@cbda4","d4j37vSFNBwrUV2lgNCPx8@e2abd","d4j37vSFNBwrUV2lgNCPx8@e5c12","d4j37vSFNBwrUV2lgNCPx8@edb45","d4j37vSFNBwrUV2lgNCPx8@fa028","ddUok4diNMWpHFwABxWn2m@0a48a","ddUok4diNMWpHFwABxWn2m@0b568","ddUok4diNMWpHFwABxWn2m@2e7eb","ddUok4diNMWpHFwABxWn2m@41ac8","ddUok4diNMWpHFwABxWn2m@88b23","ddUok4diNMWpHFwABxWn2m@bbd92","ddUok4diNMWpHFwABxWn2m@bdd91","ddUok4diNMWpHFwABxWn2m@c244a","ddUok4diNMWpHFwABxWn2m@c2d4f","ddUok4diNMWpHFwABxWn2m@faad7","ddxFwx4z9EzLT2aNFhUDYr","debbGgbnNMq7jv7GTD65j9@0a19f","debbGgbnNMq7jv7GTD65j9@0a4c0","debbGgbnNMq7jv7GTD65j9@13319","debbGgbnNMq7jv7GTD65j9@1df3b","debbGgbnNMq7jv7GTD65j9@23a87","debbGgbnNMq7jv7GTD65j9@510ff","debbGgbnNMq7jv7GTD65j9@5b9dd","debbGgbnNMq7jv7GTD65j9@5e7b0","debbGgbnNMq7jv7GTD65j9@64657","debbGgbnNMq7jv7GTD65j9@6fdb7","debbGgbnNMq7jv7GTD65j9@705c3","debbGgbnNMq7jv7GTD65j9@77243","debbGgbnNMq7jv7GTD65j9@78d0d","debbGgbnNMq7jv7GTD65j9@8bae0","debbGgbnNMq7jv7GTD65j9@8d2a3","debbGgbnNMq7jv7GTD65j9@919dd","debbGgbnNMq7jv7GTD65j9@a86bd","debbGgbnNMq7jv7GTD65j9@c3a13","debbGgbnNMq7jv7GTD65j9@c510b","debbGgbnNMq7jv7GTD65j9@cc955","debbGgbnNMq7jv7GTD65j9@ee479","debbGgbnNMq7jv7GTD65j9@f741d","debbGgbnNMq7jv7GTD65j9@f90d2","e4OqqkifdJgbJIc642yq3+@0878f","e4OqqkifdJgbJIc642yq3+@0a577","e4OqqkifdJgbJIc642yq3+@10a81","e4OqqkifdJgbJIc642yq3+@10dfa","e4OqqkifdJgbJIc642yq3+@2e42e","e4OqqkifdJgbJIc642yq3+@6edc4","e4OqqkifdJgbJIc642yq3+@87ba5","e4OqqkifdJgbJIc642yq3+@c500b","e4OqqkifdJgbJIc642yq3+@cc4a5","e4OqqkifdJgbJIc642yq3+@e5fdf","e4OqqkifdJgbJIc642yq3+@e69c0","ediYZYR19AwpAviT5zreSs@825ed","f4/8iVllpDVpM/h3bXhFh1","fcLlaLsqRAQ5SRetkSm+HC@6b206"],"paths":{"5":["prefabs/maps/map_010",0],"10":["prefabs/maps/map_012",0],"19":["prefabs/maps/map_020",0],"30":["prefabs/maps/map_015",0],"31":["prefabs/maps/map_005",0],"32":["prefabs/maps/map_014",0],"33":["prefabs/maps/map_002",0],"34":["prefabs/maps/map_017",0],"35":["prefabs/maps/map_011",0],"36":["prefabs/maps/map_007",0],"37":["prefabs/maps/map_013",0],"38":["prefabs/pits/pit_1",0],"39":["prefabs/ball",0],"40":["prefabs/pits/pit",0],"62":["sounds/break2",1],"63":["sounds/clear",1],"81":["sounds/break3",1],"83":["prefabs/pits/pit_2",0],"446":["prefabs/star_particle",0],"447":["prefabs/maps/map_016",0],"448":["prefabs/maps/map_008",0],"449":["prefabs/maps/map_003",0],"450":["prefabs/maps/map_004",0],"451":["prefabs/maps/map_009",0],"452":["prefabs/maps/map_019",0],"453":["prefabs/maps/map_018",0],"454":["prefabs/pit_break",0],"455":["prefabs/maps/map_006",0],"456":["prefabs/maps/map_001",0],"477":["sounds/wall",1],"478":["sounds/TAP-01",1],"550":["sounds/TAP-02",1],"665":["sounds/break1",1]},"scenes":{},"packs":{"017161258":["194","38"],"019b85778":["30","584","585","586","587","588","589","590","591","592","593","594","595","596","597","598","599","600","601","602","603","604","605","606","607","608","609","610","611","612","613","614","615","616","617","618"],"0225dbb3f":["271","273","274","275","276","277","278","279","456"],"0246b8db9":["32","511","512","513","514","515","516","517","518","519","520","521","522","523","524","525","526","527","528"],"024d0b470":["5","630","631","632","633","634","635","636","637","638","639","640","641","642","643","644","645","646","647","648","649","650","651","652"],"036c20181":["36","280","281","282","283","284","285","286","287","288","289","290","291","292","293","294","295","296","297","298","299","300","301","302","303","304","305","306","307","308","309","310","311","312","313","314","315","316","317","318","319","320","321","322","323","324"],"041cb2ac6":["34","408","409","410","411","412","413","414","415","416","417","418","419","420","421","422","423","424","425","426","427","428","429","430","431","432","433","434","435","436","437","438","439","440","441","442","443"],"04314dfc7":["210","211","212","213","214","215","216","217","218","219","220","221","222","223","224","225","226","227","228","229","230","231","232","233","234","235","236","237","238","239","240","241","242","243","244","452"],"047b6485d":["325","446","583"],"04affd6e3":["19","326","327","328","329","330","331","332","333","334","335","336","337","338","339","340","341","342","343","344","345","346","347","348","349","350","351","352","353","354"],"056b97ce0":["551","552","553","554","555","556","557","558","559","560","561","562","563","564","565","566","567","568","569","570","571","572","573","574","575","576","577","578","579","580","581","582","453"],"05f7505f9":["196","269"],"0647092d9":["35","355","356","357","358","359","360","361","362","363","364","365","366","367","368","369","370","371","372","373","374","375","376","377","378","379","380","381","382","383","384","385","386","387","388","389","390","391","392","393","394","395","396","397","398","399","400","401","402","403","404","405","406","407"],"075a9ca55":["65","66","67","68","69","70","71","72","73","74","75","76","77","78","79","80","451"],"07e6bfdba":["450","653","654","655","656","657","658","659","660","661","662","663"],"08a5da35c":["10","479","480","481","482","483","484","485","486","487","488","489","490","491","492","493","494","495","496","497","498","499","500","501","502","503","504","505","506","507","508","509","510"],"08f307e25":["457","458","459","460","461","462","463","464","465","466","467","468","469","470","471","472","473","474","475","476","455"],"09538e666":["37","246","247","248","249","250","251","252","253","254","255","256","257","258","259","260","261","262","263","264","265","266","267","268"],"0968be9ea":["197","198","199","200","201","202","203","204","205","206","207","208","209","449"],"0a09908f2":["33","619","620","621","622","623","624","625","626","627","628"],"0b1fbe2a1":["529","530","531","532","533","534","535","536","537","538","539","540","541","542","543","544","545","546","547","548","549","448"],"0b308a827":["83","245","272"],"0d5229c86":["84","85","86","87","88","89","90","91","92","93","94","95","96","97","98","99","100","101","102","103","104","105","106","107","108","109","110","111","112","113","114","115","116","117","118","119","120","121","122","123","124","125","126","127","128","129","130","131","132","133","134","135","136","137","138","139","140","141","142","143","144","145","146","147","148","149","150","151","152","153","154","155","156","157","158","159","160","161","162","163","164","454"],"0d6ddda92":["165","166","167","168","169","170","171","172","173","174","175","176","177","178","179","180","181","182","183","184","185","186","187","188","189","190","191","192","193","31"],"0d848fbc8":["41","42","43","44","45","46","47","48","49","50","51","52","53","54","55","56","57","58","59","60","447"],"0da1ab057":["195","39","629","664"],"0dce1b92d":["40","666"]},"versions":{"import":[],"native":[]},"redirect":[],"debug":false,"extensionMap":{},"types":["cc.Prefab","cc.AudioClip"]}