[1,["1263d74c-8167-4928-91a6-4e2672411f47@2e76e"],["node","root","data","_mesh"],[["cc.Mesh",["_native","_hash","_struct"],1,11],["cc.Prefab",["_name"],2],["cc.Node",["_name","_layer","_components","_prefab","_lpos","_lrot","_lscale","_euler"],1,9,4,5,5,5,5],["cc.MeshRenderer",["_name","_enabled","_shadowReceivingMode","node","__prefab","lightmapSettings","_mesh"],0,1,4,4,6],["cc.CompPrefabInfo",["fileId"],2],["cc.ModelLightmapSettings",[],3],["cc.PlaneCollider",["node","__prefab"],3,1,4],["cc.PrefabInfo",["fileId","root","asset"],2,1,1]],[[4,0,2],[0,0,1,2,3],[1,0,2],[2,0,1,2,3,4,5,6,7,3],[3,0,1,2,3,4,5,6,4],[5,1],[6,0,1,1],[7,0,1,2,2]],[[[[1,".bin",3219909449,[{"primitives":[{"primitiveMode":7,"vertexBundelIndices":[0],"indexView":{"offset":6776,"length":2400,"count":600,"stride":4}}],"vertexBundles":[{"view":{"offset":0,"length":6776,"count":121,"stride":56},"attributes":[{"name":"a_position","format":32,"isNormalized":false},{"name":"a_normal","format":32,"isNormalized":false},{"name":"a_texCoord","format":21,"isNormalized":false},{"name":"a_tangent","format":44,"isNormalized":false},{"name":"a_texCoord1","format":21,"isNormalized":false}]}]},"minPosition",8,[1,-5,0,-5],"maxPosition",8,[1,5,0,5]]],-1],0,0,[],[],[]],[[[2,"Ground"],[3,"Ground",1,[[4,"Plane<ModelComponent>",false,0,-2,[0,"ea9oJRKnVNrJRuLrCOOalF"],[5],0],[6,-3,[0,"0dbDZcYqFGj6nIMkCkfqrw"]]],[7,"51SMxxL/1KU5UXhnXOwBhL",-1,0],[1,0.001,-3.539,-18.333],[3,0.26171755132701047,1.6025578075665326e-17,-5.909805668543936e-17,0.9651445090386173],[1,3.0000000000000013,1.0000000000000002,5.0000000000000036],[1,30.343999999999998,3.544774985287027e-15,-6.05547518233121e-15]]],0,[0,1,1,0,0,1,0,0,1,0,2,1,3],[0],[3],[0]]]]
