[1,["3db6ca5c-860e-425f-b734-e85b64b3523b@f9941","2b3b6d76-63ab-42cd-9b96-12f3380dd51f","fe84d741-57d8-4dc1-b779-abc3f879d3f7@f9941","88960fe9-44e8-4e23-81bf-a1cf83081be9@f9941","3c1e2a6f-0d0e-4684-bf86-e573e2439f20@f9941","db4cbc8e-0222-48aa-a955-1b896343aa63@f9941","ba660c24-2add-474b-9ba4-be91b80865d4@f9941","b730527c-3233-41c2-aaf7-7cdab58f9749@f9941","ea624b9a-900f-47ae-b878-9ce46685c2b2@f9941","0e25d207-a330-42b0-92e9-846e92b9f42e@f9941","f8a76be2-5322-41bd-b529-8bf6d79e8c92@f9941","6b899d2f-2794-4c43-a5ec-8b2212703929@f9941","f43714bb-2c9d-4082-a414-1c64093f2a89@f9941","5ec978c6-b5a4-4f47-b3b4-206d8a6e343c@f9941","458ee4f1-f81f-4d8f-a768-80f75e9f08ea@f9941","59568867-744c-4198-8210-63d13ca30c24@f9941","5a0c79af-c614-4e07-9c58-1634ae59bcfe@f9941","6ebffdfe-9f7e-4ac2-9a18-5a2df661b1c1","2d2815fd-0a76-48d9-ba41-891e125a672a","55e2c879-26d1-4f56-942e-62c1866fb629","c07007e6-7436-4c2e-969a-ed8f85bfdd22"],["node","_spriteFrame","_font","_normalSprite","spriteFrame","root","touchInput","loading","tipContentLabel","maxTurnLabel","countdownTimeLabel","currentTurnLabel","tip","btnTips","btnMission","container","btnClose","data"],[["cc.Node",["_name","_layer","_objFlags","_active","_components","_prefab","_parent","_lpos","_children","_lscale"],-1,9,4,1,5,2,5],["cc.Sprite",["_sizeMode","_type","_isTrimmedMode","node","__prefab","_spriteFrame","_color"],0,1,4,6,5],["cc.Label",["_string","_actualFontSize","_fontSize","_isSystemFontUsed","_lineHeight","_enableWrapText","_horizontalAlign","_overflow","node","__prefab","_font","_color"],-5,1,4,6,5],["cc.Node",["_name","_layer","_objFlags","_parent","_components","_prefab","_lpos","_children"],0,1,12,4,5,2],["cc.Widget",["_alignFlags","_originalWidth","_originalHeight","_top","_left","_right","_bottom","node","__prefab"],-4,1,4],["cc.UITransform",["node","__prefab","_contentSize","_anchorPoint"],3,1,4,5,5],["cc.Button",["_transition","node","__prefab","_target"],2,1,4,1],["cc.BitmapFont",["_name","fontSize","fntConfig"],0],["cc.Prefab",["_name"],2],["cc.CompPrefabInfo",["fileId"],2],["3e37dpzgTVEopON4SFL1gil",["node","__prefab","btnClose","container","btnMission","btnTips","tip","currentTurnLabel","countdownTimeLabel","maxTurnLabel","tipContentLabel","loading","touchInput"],3,1,4,1,1,1,1,1,1,1,1,1,1,1],["cc.BlockInputEvents",["node","__prefab"],3,1,4],["cc.PrefabInfo",["fileId","root","asset"],2,1,1],["55121N6ZJ1F0rv/GR7dwuPA",["node","__prefab"],3,1,4]],[[9,0,2],[12,0,1,2,2],[5,0,1,2,1],[0,0,1,6,4,5,7,3],[1,3,4,5,1],[0,0,1,6,8,4,5,7,3],[0,0,1,6,4,5,3],[4,0,4,5,3,6,1,2,7,8,8],[4,0,3,7,8,3],[1,1,0,3,4,5,3],[3,0,1,3,4,5,6,3],[13,0,1,1],[7,0,1,2,4],[3,0,1,3,7,4,5,6,3],[5,0,1,2,3,1],[4,0,1,2,7,8,4],[11,0,1,1],[1,1,0,3,4,6,5,3],[6,0,1,2,3,2],[8,0,2],[0,0,1,8,4,5,3],[0,0,2,3,1,6,4,5,7,5],[0,0,3,1,6,8,4,5,7,4],[0,0,1,6,8,4,5,7,9,3],[0,0,2,1,6,4,5,4],[0,0,1,6,4,5,7,9,3],[3,0,2,1,3,4,5,6,4],[10,0,1,2,3,4,5,6,7,8,9,10,11,12,1],[1,0,2,3,4,5,3],[1,1,0,3,4,3],[1,0,3,4,5,2],[2,0,1,2,5,3,8,9,10,6],[2,0,1,2,3,8,9,10,5],[2,0,6,1,2,4,3,8,9,10,7],[2,0,1,2,4,3,8,9,6],[2,0,1,2,4,5,3,8,9,7],[2,0,6,1,2,4,7,3,8,9,11,8],[6,0,1,2,2]],[[[[12,"Bungge-number-2",75,{"commonHeight":88,"fontSize":75,"atlasName":"Bungge-number-2.png","fontDefDictionary":{"0":{"xOffset":2,"yOffset":10,"xAdvance":73,"rect":{"x":138,"y":67,"width":71,"height":70}},"10":{"xOffset":-5,"yOffset":0,"xAdvance":-2,"rect":{"x":0,"y":0,"width":0,"height":0}},"32":{"xOffset":-5,"yOffset":0,"xAdvance":15,"rect":{"x":0,"y":0,"width":0,"height":0}},"43":{"xOffset":0,"yOffset":17,"xAdvance":53,"rect":{"x":83,"y":67,"width":55,"height":55}},"48":{"xOffset":-1,"yOffset":11,"xAdvance":53,"rect":{"x":57,"y":0,"width":57,"height":67}},"49":{"xOffset":-2,"yOffset":12,"xAdvance":43,"rect":{"x":224,"y":0,"width":50,"height":65}},"50":{"xOffset":-2,"yOffset":12,"xAdvance":46,"rect":{"x":274,"y":0,"width":52,"height":65}},"51":{"xOffset":-2,"yOffset":12,"xAdvance":46,"rect":{"x":326,"y":0,"width":52,"height":65}},"52":{"xOffset":-1,"yOffset":12,"xAdvance":51,"rect":{"x":378,"y":0,"width":55,"height":65}},"53":{"xOffset":-1,"yOffset":12,"xAdvance":47,"rect":{"x":433,"y":0,"width":52,"height":65}},"54":{"xOffset":-1,"yOffset":12,"xAdvance":50,"rect":{"x":114,"y":0,"width":55,"height":66}},"55":{"xOffset":-3,"yOffset":12,"xAdvance":45,"rect":{"x":0,"y":67,"width":52,"height":65}},"56":{"xOffset":-2,"yOffset":11,"xAdvance":51,"rect":{"x":0,"y":0,"width":57,"height":67}},"57":{"xOffset":-2,"yOffset":11,"xAdvance":50,"rect":{"x":169,"y":0,"width":55,"height":66}},"58":{"xOffset":-1,"yOffset":18,"xAdvance":27,"rect":{"x":52,"y":67,"width":31,"height":59}}},"kerningDict":{"2818097":-1,"2818099":-1,"2818103":-1,"2818104":-1,"3211307":-1,"3211316":-2,"3342388":-1,"3342391":-1,"3473463":-1,"3538996":-1,"3538999":-1,"3670059":-1,"3670067":-1,"3670068":-1,"3670071":-1}}]],0,0,[0],[4],[5]],[[[12,"Bungee-number-1",75,{"commonHeight":88,"fontSize":75,"atlasName":"Bungee-number-1.png","fontDefDictionary":{"0":{"xOffset":2,"yOffset":10,"xAdvance":73,"rect":{"x":83,"y":67,"width":71,"height":70}},"32":{"xOffset":-5,"yOffset":0,"xAdvance":15,"rect":{"x":0,"y":0,"width":0,"height":0}},"48":{"xOffset":-1,"yOffset":11,"xAdvance":53,"rect":{"x":57,"y":0,"width":57,"height":67}},"49":{"xOffset":-2,"yOffset":12,"xAdvance":43,"rect":{"x":224,"y":0,"width":50,"height":65}},"50":{"xOffset":-2,"yOffset":12,"xAdvance":46,"rect":{"x":274,"y":0,"width":52,"height":65}},"51":{"xOffset":-2,"yOffset":12,"xAdvance":46,"rect":{"x":326,"y":0,"width":52,"height":65}},"52":{"xOffset":-1,"yOffset":12,"xAdvance":51,"rect":{"x":378,"y":0,"width":55,"height":65}},"53":{"xOffset":-1,"yOffset":12,"xAdvance":47,"rect":{"x":433,"y":0,"width":52,"height":65}},"54":{"xOffset":-1,"yOffset":12,"xAdvance":50,"rect":{"x":114,"y":0,"width":55,"height":66}},"55":{"xOffset":-3,"yOffset":12,"xAdvance":45,"rect":{"x":0,"y":67,"width":52,"height":65}},"56":{"xOffset":-2,"yOffset":11,"xAdvance":51,"rect":{"x":0,"y":0,"width":57,"height":67}},"57":{"xOffset":-2,"yOffset":11,"xAdvance":50,"rect":{"x":169,"y":0,"width":55,"height":66}},"58":{"xOffset":-1,"yOffset":18,"xAdvance":27,"rect":{"x":52,"y":67,"width":31,"height":59}}},"kerningDict":{"3211316":-2,"3342388":-1,"3342391":-1,"3473463":-1,"3538996":-1,"3538999":-1,"3670067":-1,"3670068":-1,"3670071":-1}}]],0,0,[0],[4],[6]],[[[19,"AddTurn"],[20,"AddTurn",33554432,[-17,-18],[[2,-2,[0,"3a5KldVilBPacqqf/GL6DZ"],[5,750,1334]],[15,45,100,100,-3,[0,"1flnpNASNCZINDTJOkcv6Y"]],[27,-15,[0,"a9azu+qdRAs645O0tmx8Rp"],-14,-13,-12,-11,-10,-9,-8,-7,-6,-5,-4],[16,-16,[0,"26WNopkJJP6ZWjwujesgd6"]]],[1,"2dynyfee1E0JvcpzQDKVIw",-1,0]],[5,"Container",33554432,1,[-21,-22,-23,-24,-25,-26,-27],[[2,-19,[0,"6dG4yEVf5FzKPihuMBAK0t"],[5,100,-190]],[7,45,325,325,662,862,100,100,-20,[0,"dfvT1fWexG77lUs4TNomO2"]]],[1,"43w/tVM+FHm5pEV3PkMKij",1,0],[1,0,100,0]],[5,"addTurnNode",33554432,2,[-30,-31,-32,-33,-34,-35,-36,-37],[[2,-28,[0,"06XsJ1B6RKH6VanPdxSD19"],[5,588,220]],[8,1,45.414,-29,[0,"bcc0Qj+YhBkIIZIltq+G7F"]]],[1,"94nZI5p1RFEpLhpMhi+zzD",1,0],[1,0,-250.414,0]],[13,"btnMission",33554432,2,[-43],[[[2,-38,[0,"d0ce+dnyFArLXslKTNRPOQ"],[5,600,75]],[9,2,0,-39,[0,"e5ILYlzjhAdbTKvPGmf18C"],16],-40,[11,-41,[0,"12MWLmVUtNdpsr7SSMXCbx"]],[8,1,350.999,-42,[0,"46ml3ZH5lE+KVkPnDnN5iG"]]],4,4,1,4,4],[1,"87+4ZBnIFPxYIixusqMfVn",1,0],[1,0,-483.499,0]],[5,"titleHolder",33554432,2,[-46,-47,-48,-49],[[2,-44,[0,"98kob8MZ1G6Izok1LxDHY3"],[5,300,200]],[8,1,-135,-45,[0,"aa/tPDoHFNyI1NroCVqUU+"]]],[1,"d0O73QSoJLea/Jrd/FDO48",1,0],[1,0,-60,0]],[10,"btnClose",33554432,2,[[[2,-50,[0,"34fX51UFlHwpbCiPhpeWdY"],[5,72,72]],[9,1,2,-51,[0,"d8eIkpxqxDCKm3HM9i4+M/"],17],-52,[11,-53,[0,"6ffuENlY5Mm6vOScgKtlPB"]],[8,1,-241,-54,[0,"92N0PQbBFDbLHSJlZnDVgM"]]],4,4,1,4,4],[1,"95QpJ/C4VDsqEaBQyfW80M",1,0],[1,270,110,0]],[13,"tipBtn",33554432,3,[-59],[[[2,-55,[0,"c6oEcSoklNBoq1tOUVug9Q"],[5,56,56]],[28,0,false,-56,[0,"fcg+D9fpVHuL7NBkaioSEq"],10],-57,[11,-58,[0,"84b9lV6DlOL4AgnVlhz8u/"]]],4,4,1,4],[1,"f7P6aZBZVOfIcJA75B82DM",1,0],[1,269,59,0]],[6,"blacklayer",33554432,1,[[2,-60,[0,"58p0Q8igpG1IESpkqY1Cgr"],[5,750,1334]],[17,1,0,-61,[0,"f7CZyIB5tA5ILX58v5pEjr"],[4,3204448256],0],[15,45,300,300,-62,[0,"a2kkGzVBZJSpyZG1Lyxcgb"]],[16,-63,[0,"d8J+MThxlGDpy3m755ZaQO"]]],[1,"f3DJD/5xFNpLRn5jTt/3oE",1,0]],[21,"maxTurnText",512,false,33554432,3,[[2,-64,[0,"9fa9Y4bIVPvJOdLUjObJnO"],[5,450,66]],[7,45,69,69,89,65,100,40,-65,[0,"0dY0EEBqlCx5Z6Z/YMiY2S"]],[4,-66,[0,"67Xz8XGEVGV7MMsmtrXjKO"],8]],[1,"87nQCnt59GRKEKVh3PAa+8",1,0],[1,0,-12,0]],[26,"timer",512,33554432,3,[[[2,-67,[0,"f9l8Rnmh5CvJse4XC+BXDF"],[5,167.52,80]],-68,[7,45,210.24,210.24,82,58,100,40,-69,[0,"20pF6LGpFC9oPfy4m1mRs+"]]],4,1,4],[1,"2aYKMNv2pGjY49LRdf3lB5",1,0],[1,0,-12,0]],[3,"touchInput",33554432,3,[[2,-70,[0,"87TENqw2FHaJFB5oiNySSP"],[5,750,1344]],[29,1,0,-71,[0,"61EzPw1YFFW60wr/Nw/qnP"]]],[1,"cauNJev+tHI5qZbqHzimAu",1,0],[1,0,64.193,0]],[22,"tip",false,33554432,3,[-73],[[2,-72,[0,"ecaXWDfYNLJoVBb5BA4wRg"],[5,50,50]]],[1,"d4kp1uwBRBr5d3kev6KwtQ",1,0],[1,266.933,71.981,0]],[5,"combined-shape@2xxx",33554432,12,[-76],[[2,-74,[0,"ffu//i5e9AEY7sP+/Y4T72"],[5,450,161]],[9,1,0,-75,[0,"f4RPtXPxVI6KrHpxRp5goI"],11]],[1,"f99aHv1vpNqJb7nVsiahbR",1,0],[1,-171.066,74.767,0]],[6,"loading",33554432,3,[[2,-77,[0,"2dTABnVhpHKJkkc6rmrNUV"],[5,30,30]],[4,-78,[0,"98/p3r3XRDaqgg78EPI/Hx"],12]],[1,"85+WTmvSVKzYresMF6VR0Y",1,0]],[23,"enegy",33554432,2,[-81],[[14,-79,[0,"d9XT6jHHlG7Lr2HPNnIg8F"],[5,38,50],[0,1,0.5]],[4,-80,[0,"74IRayamNG2pkP6hInnhT1"],14]],[1,"10lqqAMGpDa5mkLbR8dGRc",1,0],[1,-257,-390,0],[1,1,1,0.846]],[24,"Label",512,33554432,4,[[2,-82,[0,"1douhamaNI2oQwnJb8czKJ"],[5,249.6,40]],[31,"Xem nhiệm vụ",32,32,false,false,-83,[0,"64F1dGDEVIULzIxWKKCDfz"],15],[7,45,175.2,175.2,17.5,17.5,100,40,-84,[0,"ae1T1PFh5IvoilzNflic5i"]]],[1,"13U5Ip8CRNRoki/EdmlEdU",1,0]],[3,"background",33554432,2,[[2,-85,[0,"c7bu0wnLhLcoUVni60dJX5"],[5,660,520]],[9,1,0,-86,[0,"60lf5FUkVCXIvAKMw11AZ4"],1]],[1,"09aG4iWY9OPah1ln1Ic56D",1,0],[1,0,-290,0]],[3,"header",33554432,2,[[2,-87,[0,"abc2zurr5Cyb9lDS774D3c"],[5,660,393]],[30,0,-88,[0,"c1cpHDxK9DwKxl70OxCyu5"],2]],[1,"6efBt9VLhJVp56V5uzHkli",1,0],[1,0,80,0]],[3,"background",33554432,5,[[2,-89,[0,"a0roenc8xEa5UCi1Mw8SHD"],[5,326,209]],[4,-90,[0,"7aKP/WU1lNnpjz0aOeJ+Lw"],3]],[1,"b6mgEGdIpKSKjWHPpUnP76",1,0],[1,0,-5,0]],[3,"title",33554432,5,[[2,-91,[0,"faO28+76dPHLcuZAqjPjWL"],[5,140,29]],[4,-92,[0,"76+RjfmyxAAZxyCNizbTRO"],4]],[1,"75a7bFvG5MLbSg4Fx49CNQ",1,0],[1,3,-10,0]],[10,"currentTurn",33554432,5,[[[2,-93,[0,"7aq0M6mB1LjLRUND0aAfeN"],[5,52.27,100]],-94],4,1],[1,"3fCeNsOIlM2ISVrx2XsrCE",1,0],[1,0,49.002,0]],[3,"turnIcon",33554432,5,[[14,-95,[0,"bfNAYgnyVIgIP0AKsxGqYh"],[5,38,50],[0,0,0.5]],[4,-96,[0,"6as9XjmV1KMqRE3wUCfDhW"],5]],[1,"82Ywylh+hCSqCol91cLd0h",1,0],[1,-17,-47,0]],[6,"bg",33554432,3,[[2,-97,[0,"87/odKVZVJDpCGWMIg+IbX"],[5,610,190]],[17,1,0,-98,[0,"6d7gTpX3FFX4VzGwTySG6I"],[4,4294963449],6]],[1,"edGqBlbGBG8ZadX6/pjusJ",1,0]],[3,"text",33554432,3,[[2,-99,[0,"01jxYP4MRIVptK2gpn81FT"],[5,272.53,40]],[32,"+1 lượt miễn phí sau:",28,28,false,-100,[0,"ddAs1ZaxFPaqSTOY0k+KLP"],7]],[1,"d6OB3UQnZOtr/1sSFLPDRe",1,0],[1,0,35,0]],[6,"icon-info",33554432,7,[[2,-101,[0,"2bqzp25JZLrIp1rsgJl1pz"],[5,28,28]],[4,-102,[0,"df7mW/hJVNGYo5xr3gyz7H"],9]],[1,"8aPL2/wh1I8pBTi7DVf0hw",1,0]],[10,"content",33554432,13,[[[2,-103,[0,"48PJOMmBtInpTlJ0Eav6md"],[5,380,96]],-104],4,1],[1,"96wpmutXdDoZvhgUWOAyMw",1,0],[1,2.275,15.063,0]],[25,"content",33554432,15,[[2,-105,[0,"351gYH7JVEc7oZLzjpnmY/"],[5,468.53,64]],[33,"Nhận thêm lượt chơi bằng cách làm\nnhiệm vụ MoMo",0,28,28,32,false,-106,[0,"8asK2ZpStDHpiFhbaD5fot"],13]],[1,"eeyiCdHc5DQYpNgV2Hzzc0",1,0],[1,248,3,0],[1,1,1,1.1820330969267139]],[34,"0",70,70,100,false,21,[0,"de4cKMqNNLZLKDSHJsXDU7"]],[35,"07:59:59",36,36,80,false,false,10,[0,"64AFPYJC9CnoBUZHu4tD0O"]],[37,1,7,[0,"68B/T4BzdAGLeRLdmp47kT"]],[36,"Sau mỗi 8 tiếng bạn sẽ nhận được 1 lượt miễn phí khi số lượt đang có nhỏ hơn 5",0,24,24,32,3,false,26,[0,"f4wJrOboZLdprFBFVe+yex"],[4,4281545264]],[18,1,4,[0,"5aQ7uSUsxNA7gUmdttWPhC"],4],[18,1,6,[0,"3co6htusVHJaUjt9gu7scv"],6]],0,[0,5,1,0,0,1,0,0,1,0,6,11,0,7,14,0,8,31,0,9,9,0,10,29,0,11,28,0,12,12,0,13,30,0,14,32,0,15,2,0,16,33,0,0,1,0,0,1,0,-1,8,0,-2,2,0,0,2,0,0,2,0,-1,17,0,-2,18,0,-3,5,0,-4,3,0,-5,15,0,-6,4,0,-7,6,0,0,3,0,0,3,0,-1,23,0,-2,24,0,-3,10,0,-4,9,0,-5,11,0,-6,7,0,-7,12,0,-8,14,0,0,4,0,0,4,0,-3,32,0,0,4,0,0,4,0,-1,16,0,0,5,0,0,5,0,-1,19,0,-2,20,0,-3,21,0,-4,22,0,0,6,0,0,6,0,-3,33,0,0,6,0,0,6,0,0,7,0,0,7,0,-3,30,0,0,7,0,-1,25,0,0,8,0,0,8,0,0,8,0,0,8,0,0,9,0,0,9,0,0,9,0,0,10,0,-2,29,0,0,10,0,0,11,0,0,11,0,0,12,0,-1,13,0,0,13,0,0,13,0,-1,26,0,0,14,0,0,14,0,0,15,0,0,15,0,-1,27,0,0,16,0,0,16,0,0,16,0,0,17,0,0,17,0,0,18,0,0,18,0,0,19,0,0,19,0,0,20,0,0,20,0,0,21,0,-2,28,0,0,22,0,0,22,0,0,23,0,0,23,0,0,24,0,0,24,0,0,25,0,0,25,0,0,26,0,-2,31,0,0,27,0,0,27,0,17,1,106],[0,0,0,0,0,0,0,0,0,0,0,0,0,0,0,0,0,0,28,29,30,31,32,33],[1,1,1,1,1,1,1,2,1,1,1,1,1,2,1,2,1,1,2,2,3,2,3,3],[7,8,9,10,11,0,12,1,13,14,2,15,16,17,0,18,3,4,19,20,2,1,3,4]]]]
