[1,["143f1f27c@6c48a"],["_textureSource"],["cc.SpriteFrame"],0,[[[{"name":"Bungee-number-3","rect":{"x":965,"y":1558,"width":477,"height":137},"offset":{"x":1.5,"y":-1.5},"originalSize":{"width":482,"height":140},"rotated":false,"capInsets":[0,0,0,0],"packable":true}],[0],0,[0],[0],[0]],[[{"name":"border-item","rect":{"x":1364,"y":1864,"width":142,"height":137},"offset":{"x":0,"y":-1.5},"originalSize":{"width":142,"height":142},"rotated":true,"capInsets":[0,0,0,0],"packable":true}],[0],0,[0],[0],[0]],[[{"name":"cup-top2","rect":{"x":965,"y":1701,"width":53,"height":48},"offset":{"x":-0.5,"y":-2},"originalSize":{"width":68,"height":68},"rotated":true,"capInsets":[0,0,0,0],"packable":true}],[0],0,[0],[0],[0]],[[{"name":"bg_mine","rect":{"x":274,"y":1769,"width":256,"height":88},"offset":{"x":0,"y":0},"originalSize":{"width":256,"height":88},"rotated":true,"capInsets":[22,22,22,22],"packable":true}],[0],0,[0],[0],[0]],[[{"name":"check-box-checked","rect":{"x":1649,"y":912,"width":40,"height":40},"offset":{"x":0,"y":0},"originalSize":{"width":40,"height":40},"rotated":false,"capInsets":[0,0,0,0],"packable":true}],[0],0,[0],[0],[0]],[[{"name":"Bungee-Regular","rect":{"x":823,"y":1763,"width":255,"height":405},"offset":{"x":-0.5,"y":53.5},"originalSize":{"width":256,"height":512},"rotated":true,"capInsets":[0,0,0,0],"packable":true}],[0],0,[0],[0],[0]],[[{"name":"SFProText-Regular-bold","rect":{"x":974,"y":1012,"width":255,"height":493},"offset":{"x":-0.5,"y":8.5},"originalSize":{"width":256,"height":512},"rotated":true,"capInsets":[0,0,0,0],"packable":true}],[0],0,[0],[0],[0]],[[{"name":"oval-red","rect":{"x":1649,"y":958,"width":40,"height":40},"offset":{"x":0,"y":0},"originalSize":{"width":40,"height":40},"rotated":false,"capInsets":[0,0,0,0],"packable":true}],[0],0,[0],[0],[0]],[[{"name":"light","rect":{"x":3,"y":25,"width":750,"height":717},"offset":{"x":1,"y":-6.5},"originalSize":{"width":940,"height":816},"rotated":false,"capInsets":[0,0,0,0],"packable":true}],[0],0,[0],[0],[0]],[[{"name":"icon-disconnet","rect":{"x":758,"y":1161,"width":126,"height":100},"offset":{"x":1,"y":0},"originalSize":{"width":144,"height":144},"rotated":false,"capInsets":[0,0,0,0],"packable":true}],[0],0,[0],[0],[0]],[[{"name":"perfect","rect":{"x":759,"y":411,"width":412,"height":211},"offset":{"x":2,"y":-2.5},"originalSize":{"width":438,"height":328},"rotated":true,"capInsets":[0,0,0,0],"packable":true}],[0],0,[0],[0],[0]],[[{"name":"background-text","rect":{"x":509,"y":1268,"width":459,"height":121},"offset":{"x":0,"y":0},"originalSize":{"width":459,"height":121},"rotated":false,"capInsets":[0,0,0,0],"packable":true}],[0],0,[0],[0],[0]],[[{"name":"cup-top1","rect":{"x":1019,"y":1701,"width":53,"height":48},"offset":{"x":-0.5,"y":-2},"originalSize":{"width":68,"height":68},"rotated":true,"capInsets":[0,0,0,0],"packable":true}],[0],0,[0],[0],[0]],[[{"name":"bg-amout","rect":{"x":1655,"y":232,"width":26,"height":26},"offset":{"x":0,"y":0},"originalSize":{"width":26,"height":26},"rotated":false,"capInsets":[10,11,10,10],"packable":true}],[0],0,[0],[0],[0]],[[{"name":"kol2","rect":{"x":1448,"y":1652,"width":233,"height":206},"offset":{"x":-47.5,"y":42},"originalSize":{"width":452,"height":346},"rotated":false,"capInsets":[0,0,0,0],"packable":true}],[0],0,[0],[0],[0]],[[{"name":"good","rect":{"x":518,"y":974,"width":288,"height":234},"offset":{"x":1,"y":-1},"originalSize":{"width":322,"height":262},"rotated":true,"capInsets":[0,0,0,0],"packable":true}],[0],0,[0],[0],[0]],[[{"name":"score-label","rect":{"x":1507,"y":1864,"width":136,"height":88},"offset":{"x":0,"y":0},"originalSize":{"width":136,"height":88},"rotated":true,"capInsets":[0,0,0,0],"packable":true}],[0],0,[0],[0],[0]],[[{"name":"piece0","rect":{"x":518,"y":748,"width":220,"height":235},"offset":{"x":0,"y":1.5},"originalSize":{"width":220,"height":238},"rotated":true,"capInsets":[0,0,0,0],"packable":true}],[0],0,[0],[0],[0]],[[{"name":"icon-info","rect":{"x":1655,"y":198,"width":28,"height":28},"offset":{"x":0,"y":0},"originalSize":{"width":32,"height":32},"rotated":false,"capInsets":[0,0,0,0],"packable":true}],[0],0,[0],[0],[0]],[[{"name":"combined-shape@2xxx","rect":{"x":486,"y":1563,"width":120,"height":94},"offset":{"x":0,"y":0},"originalSize":{"width":120,"height":94},"rotated":true,"capInsets":[34,31,74,54],"packable":true}],[0],0,[0],[0],[0]],[[{"name":"kol3","rect":{"x":1496,"y":555,"width":299,"height":188},"offset":{"x":-14.5,"y":35},"originalSize":{"width":452,"height":346},"rotated":true,"capInsets":[0,0,0,0],"packable":true}],[0],0,[0],[0],[0]],[[{"name":"border-top1","rect":{"x":1493,"y":860,"width":150,"height":124},"offset":{"x":0,"y":0},"originalSize":{"width":152,"height":124},"rotated":false,"capInsets":[0,0,0,0],"packable":true}],[0],0,[0],[0],[0]],[[{"name":"max-free-turn","rect":{"x":509,"y":1491,"width":450,"height":66},"offset":{"x":0,"y":0},"originalSize":{"width":452,"height":66},"rotated":false,"capInsets":[0,0,0,0],"packable":true}],[0],0,[0],[0],[0]],[[{"name":"icon-out-of-turn","rect":{"x":1614,"y":396,"width":76,"height":105},"offset":{"x":0,"y":-2.5},"originalSize":{"width":144,"height":144},"rotated":false,"capInsets":[0,0,0,0],"packable":true}],[0],0,[0],[0],[0]],[[{"name":"fullmanhho","rect":{"x":3,"y":1010,"width":500,"height":500},"offset":{"x":0,"y":0},"originalSize":{"width":500,"height":500},"rotated":false,"capInsets":[0,0,0,0],"packable":true}],[0],0,[0],[0],[0]],[[{"name":"border-top3","rect":{"x":1493,"y":990,"width":150,"height":124},"offset":{"x":0,"y":0},"originalSize":{"width":152,"height":124},"rotated":false,"capInsets":[0,0,0,0],"packable":true}],[0],0,[0],[0],[0]],[[{"name":"turn-text","rect":{"x":1655,"y":52,"width":140,"height":29},"offset":{"x":0,"y":0},"originalSize":{"width":140,"height":29},"rotated":true,"capInsets":[0,0,0,0],"packable":true}],[0],0,[0],[0],[0]],[[{"name":"kol1","rect":{"x":1473,"y":1120,"width":300,"height":206},"offset":{"x":-15,"y":43},"originalSize":{"width":452,"height":346},"rotated":true,"capInsets":[0,0,0,0],"packable":true}],[0],0,[0],[0],[0]],[[{"name":"oval","rect":{"x":1073,"y":1701,"width":48,"height":48},"offset":{"x":0,"y":0},"originalSize":{"width":48,"height":48},"rotated":false,"capInsets":[0,0,0,0],"packable":true}],[0],0,[0],[0],[0]],[[{"name":"Bungee-text","rect":{"x":976,"y":596,"width":511,"height":410},"offset":{"x":-0.5,"y":51},"originalSize":{"width":512,"height":512},"rotated":false,"capInsets":[0,0,0,0],"packable":true}],[0],0,[0],[0],[0]],[[{"name":"cool","rect":{"x":759,"y":25,"width":380,"height":212},"offset":{"x":-5,"y":0},"originalSize":{"width":426,"height":238},"rotated":true,"capInsets":[0,0,0,0],"packable":true}],[0],0,[0],[0],[0]],[[{"name":"Bungee-number","rect":{"x":3,"y":1563,"width":477,"height":130},"offset":{"x":1.5,"y":-1},"originalSize":{"width":482,"height":134},"rotated":true,"capInsets":[0,0,0,0],"packable":true}],[0],0,[0],[0],[0]],[[{"name":"check-box-notchecked","rect":{"x":1649,"y":1004,"width":40,"height":40},"offset":{"x":0,"y":0},"originalSize":{"width":40,"height":40},"rotated":false,"capInsets":[0,0,0,0],"packable":true}],[0],0,[0],[0],[0]],[[{"name":"claimed","rect":{"x":823,"y":1563,"width":136,"height":94},"offset":{"x":-1,"y":0},"originalSize":{"width":146,"height":96},"rotated":false,"capInsets":[0,0,0,0],"packable":true}],[0],0,[0],[0],[0]],[[{"name":"reward","rect":{"x":1496,"y":507,"width":192,"height":42},"offset":{"x":0,"y":0},"originalSize":{"width":194,"height":44},"rotated":false,"capInsets":[0,0,0,0],"packable":true}],[0],0,[0],[0],[0]],[[{"name":"progress-fill","rect":{"x":3,"y":3,"width":16,"height":968},"offset":{"x":0,"y":0},"originalSize":{"width":16,"height":968},"rotated":true,"capInsets":[0,7,0,7],"packable":true}],[0],0,[0],[0],[0]],[[{"name":"DINAlternate","rect":{"x":974,"y":1273,"width":483,"height":141},"offset":{"x":-1.5,"y":1},"originalSize":{"width":490,"height":149},"rotated":false,"capInsets":[0,0,0,0],"packable":true}],[0],0,[0],[0],[0]],[[{"name":"kol","rect":{"x":274,"y":1516,"width":247,"height":206},"offset":{"x":-40.5,"y":43},"originalSize":{"width":452,"height":346},"rotated":true,"capInsets":[0,0,0,0],"packable":true}],[0],0,[0],[0],[0]],[[{"name":"SFProText-Regular","rect":{"x":368,"y":1769,"width":255,"height":449},"offset":{"x":-0.5,"y":30.5},"originalSize":{"width":256,"height":512},"rotated":true,"capInsets":[0,0,0,0],"packable":true}],[0],0,[0],[0],[0]],[[{"name":"cup-top3","rect":{"x":1649,"y":860,"width":46,"height":41},"offset":{"x":0,"y":0.5},"originalSize":{"width":48,"height":50},"rotated":true,"capInsets":[0,0,0,0],"packable":true}],[0],0,[0],[0],[0]],[[{"name":"top-rank-bg","rect":{"x":977,"y":3,"width":672,"height":387},"offset":{"x":0,"y":-15.5},"originalSize":{"width":678,"height":422},"rotated":false,"capInsets":[0,0,0,0],"packable":true}],[0],0,[0],[0],[0]],[[{"name":"btn-claim-effect","rect":{"x":586,"y":1563,"width":90,"height":90},"offset":{"x":0,"y":0},"originalSize":{"width":90,"height":90},"rotated":false,"capInsets":[44,44,44,44],"packable":true}],[0],0,[0],[0],[0]],[[{"name":"footer","rect":{"x":509,"y":1395,"width":453,"height":90},"offset":{"x":-89.5,"y":-3},"originalSize":{"width":632,"height":96},"rotated":false,"capInsets":[0,0,0,0],"packable":true}],[0],0,[0],[0],[0]],[[{"name":"UTMColossalis","rect":{"x":3,"y":748,"width":509,"height":256},"offset":{"x":-0.5,"y":-0.5},"originalSize":{"width":512,"height":257},"rotated":false,"capInsets":[0,0,0,0],"packable":true}],[0],0,[0],[0],[0]],[[{"name":"bg-title","rect":{"x":977,"y":396,"width":631,"height":64},"offset":{"x":0.5,"y":0},"originalSize":{"width":632,"height":64},"rotated":false,"capInsets":[0,0,0,0],"packable":true}],[0],0,[0],[0],[0]],[[{"name":"background-bottom","rect":{"x":890,"y":1161,"width":68,"height":60},"offset":{"x":0,"y":0},"originalSize":{"width":68,"height":60},"rotated":false,"capInsets":[32,5,32,42],"packable":true}],[0],0,[0],[0],[0]],[[{"name":"Bungee-number-1","rect":{"x":139,"y":1563,"width":477,"height":129},"offset":{"x":-13.5,"y":-2},"originalSize":{"width":512,"height":133},"rotated":true,"capInsets":[0,0,0,0],"packable":true}],[0],0,[0],[0],[0]],[[{"name":"shoes","rect":{"x":1655,"y":3,"width":43,"height":32},"offset":{"x":-0.5,"y":0},"originalSize":{"width":48,"height":48},"rotated":true,"capInsets":[0,0,0,0],"packable":true}],[0],0,[0],[0],[0]],[[{"name":"100-trieu","rect":{"x":976,"y":466,"width":514,"height":124},"offset":{"x":0,"y":0},"originalSize":{"width":514,"height":132},"rotated":false,"capInsets":[0,0,0,0],"packable":true}],[0],0,[0],[0],[0]],[[{"name":"out-of-stock","rect":{"x":823,"y":1663,"width":136,"height":94},"offset":{"x":-1,"y":0},"originalSize":{"width":146,"height":96},"rotated":false,"capInsets":[0,0,0,0],"packable":true}],[0],0,[0],[0],[0]],[[{"name":"border-manh-ho","rect":{"x":1234,"y":1701,"width":146,"height":146},"offset":{"x":0,"y":0},"originalSize":{"width":148,"height":148},"rotated":false,"capInsets":[40,40,40,40],"packable":true}],[0],0,[0],[0],[0]],[[{"name":"piece0-1","rect":{"x":1453,"y":1426,"width":220,"height":234},"offset":{"x":0,"y":2},"originalSize":{"width":220,"height":238},"rotated":true,"capInsets":[0,0,0,0],"packable":true}],[0],0,[0],[0],[0]],[[{"name":"icon-gift","rect":{"x":1601,"y":1864,"width":94,"height":80},"offset":{"x":0,"y":-2},"originalSize":{"width":96,"height":96},"rotated":true,"capInsets":[0,0,0,0],"packable":true}],[0],0,[0],[0],[0]],[[{"name":"Bungge-number-2","rect":{"x":968,"y":1420,"width":479,"height":132},"offset":{"x":-1,"y":0.5},"originalSize":{"width":487,"height":137},"rotated":false,"capInsets":[0,0,0,0],"packable":true}],[0],0,[0],[0],[0]],[[{"name":"border-top2","rect":{"x":1234,"y":1864,"width":150,"height":124},"offset":{"x":0,"y":0},"originalSize":{"width":152,"height":124},"rotated":true,"capInsets":[0,0,0,0],"packable":true}],[0],0,[0],[0],[0]],[[{"name":"bgprogress","rect":{"x":1649,"y":1050,"width":64,"height":36},"offset":{"x":0,"y":0},"originalSize":{"width":64,"height":36},"rotated":true,"capInsets":[20,0,20,0],"packable":true}],[0],0,[0],[0],[0]],[[{"name":"image-graphic@2x","rect":{"x":759,"y":829,"width":326,"height":209},"offset":{"x":0,"y":-6.5},"originalSize":{"width":336,"height":232},"rotated":true,"capInsets":[0,0,0,0],"packable":true}],[0],0,[0],[0],[0]],[[{"name":"rentangle-2borders","rect":{"x":1601,"y":1964,"width":80,"height":80},"offset":{"x":0,"y":0},"originalSize":{"width":80,"height":80},"rotated":false,"capInsets":[0,0,0,0],"packable":true}],[0],0,[0],[0],[0]]]]
