{
    "importBase": "import",
    "nativeBase": "native",
    "name": "main",
    "deps": [
        "resources"
    ],
    "uuids": [
        "1c1d74c2-7c7c-48d5-99a0-b7df91037d84",
        "6137442c-b2cf-45b5-8914-9402a4361227",
        "77a1b089-32ef-484b-af38-ae460b60a526",
        "9dbbf4d1-c603-413d-8f25-944c70921fc4",
        "a0edf7da-dda8-4bf9-b3ad-a2d72477e010",
        "c3337bbd-9a26-4188-bfee-b5229c013fd7",
        "c6c00f76-37da-4146-8d76-4b84f57b8c72",
        "fd8ec536-a354-4a17-9c74-4f3883c378c8"
    ],
    "paths": {
        "fd8ec536-a354-4a17-9c74-4f3883c378c8": [
            "db:/internal/default_renderpipeline/builtin-forward",
            "cc.RenderPipeline"
        ]
    },
    "scenes": {
        "db://assets/scenes/main.scene": "c3337bbd-9a26-4188-bfee-b5229c013fd7"
    },
    "packs": {},
    "versions": {
        "import": [],
        "native": []
    },
    "redirect": [
        "1c1d74c2-7c7c-48d5-99a0-b7df91037d84",
        "0",
        "6137442c-b2cf-45b5-8914-9402a4361227",
        "0",
        "77a1b089-32ef-484b-af38-ae460b60a526",
        "0",
        "9dbbf4d1-c603-413d-8f25-944c70921fc4",
        "0",
        "a0edf7da-dda8-4bf9-b3ad-a2d72477e010",
        "0",
        "c6c00f76-37da-4146-8d76-4b84f57b8c72",
        "0"
    ],
    "debug": true,
    "extensionMap": {}
}