[1,["1baf0fc9-befa-459c-8bdd-af1a450a0319","4c6837c5-d76f-4fb0-8247-5b8832d81e2e@b3e94","4c6837c5-d76f-4fb0-8247-5b8832d81e2e@44312","4c6837c5-d76f-4fb0-8247-5b8832d81e2e@531f8","d193c271-6e94-4589-905d-147c5fc8c6bb@6bd96","d193c271-6e94-4589-905d-147c5fc8c6bb@6cd20","d193c271-6e94-4589-905d-147c5fc8c6bb@cc75d","d193c271-6e94-4589-905d-147c5fc8c6bb@531f8","b910f22c-8a83-42ed-ba71-eeaddff05ce1@e0e5c","b910f22c-8a83-42ed-ba71-eeaddff05ce1@e3178","b910f22c-8a83-42ed-ba71-eeaddff05ce1@014d9"],["_effectAsset","node","_mesh","root","data"],[["cc.Node",["_name","_active","_prefab","_children","_components","_lpos","_parent","_lscale"],1,4,2,9,5,1,5],["cc.Prefab",["_name"],2],["069d2bYyQ9KT6vcjaRR6O+b",["node","__prefab"],3,1,4],["cc.CompPrefabInfo",["fileId"],2],["eddd4lxbtdOHrEJO75AcVdI",["node","__prefab","direction"],3,1,4,5],["cc.PrefabInfo",["fileId","root","asset"],2,1,1],["cc.MeshRenderer",["node","__prefab","_materials","lightmapSettings","_mesh"],3,1,4,3,4,6],["cc.ModelLightmapSettings",[],3],["cc.Material",["_name","_states","_defines","_props"],0,12],["cc.Mesh",["_native","_hash","_struct"],1,11]],[[5,0,1,2,2],[8,0,1,2,3,4],[3,0,2],[0,0,1,6,3,2,3],[0,0,6,4,2,5,7,2],[6,0,1,2,3,4,1],[7,1],[9,0,1,2,3],[1,0,2],[0,0,3,4,2,5,2],[2,0,1,1],[4,0,1,2,1]],[[[[8,"BoxMgr"],[9,"BoxMgr",[-4,-5,-6],[[10,-2,[2,"a66zjrmmFFEbMoGfL2+3tp"]],[11,-3,[2,"fegl33uJxCeLKzuxTZ0iaS"],[1,0,1,0]]],[0,"c0PvVQ9/BB/5qOxPR1rf6e",-1,0],[1,0,1.2,0]],[3,"0",false,1,[-7],[0,"bePKv/eilOjoWrPeW1T3xB",1,0]],[4,"giftbox",2,[[5,-8,[2,"abfLMfkXFFEaAv+eSuDKwx"],[0,1],[6],2]],[0,"138YFWOS9NEagp82TijneX",1,0],[1,0,0.1,0],[1,22,22,22]],[3,"1",false,1,[-9],[0,"110CXotQRFZaZ72Z8NYDtL",1,0]],[4,"giftbox",4,[[5,-10,[2,"89NnysxGRAo6tLhoLUkv5P"],[3,4,5],[6],6]],[0,"88l9FoijRPGIF6mqV923ni",1,0],[1,0,0.1,0],[1,21,21,21]],[3,"2",false,1,[-11],[0,"4amRD0+0VCVa+NMmSNQJy4",1,0]],[4,"gifbox",6,[[5,-12,[2,"45mWolOqBB6oJ6aqEV3yqs"],[7,8],[6],9]],[0,"0e88iMSaVDYIkzmRIIkZ4J",1,0],[1,0,0.1,0],[1,30,30,30]]],0,[0,3,1,0,1,1,0,1,1,0,-1,2,0,-2,4,0,-3,6,0,-1,3,0,1,3,0,-1,5,0,1,5,0,-1,7,0,1,7,0,4,1,12],[0,0,0,0,0,0,0,0,0,0],[-1,-2,2,-1,-2,-3,2,-1,-2,2],[1,2,3,4,5,6,7,8,9,10]],[[[1,"Lowpoly_Christmas_Pack_014_Lowpoly_Christmas_Pack_04_phong3",[{"rasterizerState":{},"blendState":{"targets":[{}]},"depthStencilState":{}}],[{}],[[[{},"albedoScale",8,[1,1,0.7042297720909119,0.23100000619888306]]],11]]],0,0,[0],[0],[0]],[[[7,".bin",1518126179,[{"primitives":[{"primitiveMode":7,"vertexBundelIndices":[0],"indexView":{"offset":20928,"length":4128,"count":1032,"stride":4}},{"primitiveMode":7,"vertexBundelIndices":[1],"indexView":{"offset":31968,"length":960,"count":240,"stride":4}}],"vertexBundles":[{"view":{"offset":0,"length":20928,"count":436,"stride":48},"attributes":[{"name":"a_position","format":32,"isNormalized":false},{"name":"a_normal","format":32,"isNormalized":false},{"name":"a_texCoord","format":21,"isNormalized":false},{"name":"a_tangent","format":44,"isNormalized":false}]},{"view":{"offset":25056,"length":6912,"count":144,"stride":48},"attributes":[{"name":"a_position","format":32,"isNormalized":false},{"name":"a_normal","format":32,"isNormalized":false},{"name":"a_texCoord","format":21,"isNormalized":false},{"name":"a_tangent","format":44,"isNormalized":false}]}]},"minPosition",8,[1,-0.008881964720785618,-0.008533022366464138,-0.008499999530613422],"maxPosition",8,[1,0.008881964720785618,0.008533022366464138,0.008499999530613422]]],-1],0,0,[],[],[]],[[[1,"Lowpoly_Christmas_Pack_014_Lowpoly_Christmas_Pack_04_phong2",[{"rasterizerState":{},"blendState":{"targets":[{}]},"depthStencilState":{}}],[{}],[[[{},"albedoScale",8,[1,0.5270000100135803,0,0]]],11]]],0,0,[0],[0],[0]],[[[7,".bin",1343084236,[{"primitives":[{"primitiveMode":7,"vertexBundelIndices":[0],"indexView":{"offset":13776,"length":2508,"count":627,"stride":4}},{"primitiveMode":7,"vertexBundelIndices":[1],"indexView":{"offset":26892,"length":1956,"count":489,"stride":4}}],"vertexBundles":[{"view":{"offset":0,"length":13776,"count":287,"stride":48},"attributes":[{"name":"a_position","format":32,"isNormalized":false},{"name":"a_normal","format":32,"isNormalized":false},{"name":"a_texCoord","format":21,"isNormalized":false},{"name":"a_tangent","format":44,"isNormalized":false}]},{"view":{"offset":16284,"length":10608,"count":221,"stride":48},"attributes":[{"name":"a_position","format":32,"isNormalized":false},{"name":"a_normal","format":32,"isNormalized":false},{"name":"a_texCoord","format":21,"isNormalized":false},{"name":"a_tangent","format":44,"isNormalized":false}]}]},"minPosition",8,[1,-0.00559999980032444,-0.0053592342883348465,-0.00559999980032444],"maxPosition",8,[1,0.00559999980032444,0.0053592342883348465,0.00559999980032444]]],-1],0,0,[],[],[]],[[[1,"Lowpoly_Christmas_Pack_011_phong1",[{"rasterizerState":{},"blendState":{"targets":[{}]},"depthStencilState":{}}],[{}],[[[{},"albedoScale",8,[1,1,0.7042297720909119,0.23100000619888306]]],11]]],0,0,[0],[0],[0]],[[[1,"Lowpoly_Christmas_Pack_011_phong2",[{"rasterizerState":{},"blendState":{"targets":[{}]},"depthStencilState":{}}],[{}],[[[{},"albedoScale",8,[1,0.0013679959811270237,0.036235347390174866,0.2280000001192093]]],11]]],0,0,[0],[0],[0]],[[[7,".bin",2358337230,[{"primitives":[{"primitiveMode":7,"vertexBundelIndices":[0],"indexView":{"offset":13536,"length":2208,"count":552,"stride":4}},{"primitiveMode":7,"vertexBundelIndices":[1],"indexView":{"offset":22656,"length":960,"count":240,"stride":4}},{"primitiveMode":7,"vertexBundelIndices":[2],"indexView":{"offset":27072,"length":432,"count":108,"stride":4}}],"vertexBundles":[{"view":{"offset":0,"length":13536,"count":282,"stride":48},"attributes":[{"name":"a_position","format":32,"isNormalized":false},{"name":"a_normal","format":32,"isNormalized":false},{"name":"a_texCoord","format":21,"isNormalized":false},{"name":"a_tangent","format":44,"isNormalized":false}]},{"view":{"offset":15744,"length":6912,"count":144,"stride":48},"attributes":[{"name":"a_position","format":32,"isNormalized":false},{"name":"a_normal","format":32,"isNormalized":false},{"name":"a_texCoord","format":21,"isNormalized":false},{"name":"a_tangent","format":44,"isNormalized":false}]},{"view":{"offset":23616,"length":3456,"count":72,"stride":48},"attributes":[{"name":"a_position","format":32,"isNormalized":false},{"name":"a_normal","format":32,"isNormalized":false},{"name":"a_texCoord","format":21,"isNormalized":false},{"name":"a_tangent","format":44,"isNormalized":false}]}]},"minPosition",8,[1,-0.008881964720785618,-0.011187753640115261,-0.008499999530613422],"maxPosition",8,[1,0.008881964720785618,0.011187753640115261,0.008499999530613422]]],-1],0,0,[],[],[]],[[[1,"Lowpoly_Christmas_Pack_04_phong2",[{"rasterizerState":{},"blendState":{"targets":[{}]},"depthStencilState":{}}],[{}],[[[{},"albedoScale",8,[1,0.5270000100135803,0,0]]],11]]],0,0,[0],[0],[0]],[[[1,"Lowpoly_Christmas_Pack_04_phong3",[{"rasterizerState":{},"blendState":{"targets":[{}]},"depthStencilState":{}}],[{}],[[[{},"albedoScale",8,[1,0,0.429579496383667,0.6570000052452087]]],11]]],0,0,[0],[0],[0]],[[[1,"Lowpoly_Christmas_Pack_04_phong5",[{"rasterizerState":{},"blendState":{"targets":[{}]},"depthStencilState":{}}],[{}],[[[{},"albedoScale",8,[1,1,0.7042297720909119,0.23100000619888306]]],11]]],0,0,[0],[0],[0]]]]
