{"version":1,"document":[{"__type__":"cc.AnimationClip","_name":"lv3-push","_objFlags":0,"_native":"","sample":60,"speed":1,"wrapMode":2,"enableTrsBlending":false,"_duration":0.85,"_hash":500763545,"_tracks":[{"__id__":1}],"_exoticAnimation":null,"_events":[]},{"__type__":"cc.animation.ObjectTrack","_binding":{"__type__":"cc.animation.TrackBinding","path":{"__id__":2}},"_channel":{"__id__":4}},{"__type__":"cc.animation.TrackPath","_paths":[{"__id__":3},"spriteFrame"]},{"__type__":"cc.animation.ComponentPath","component":"cc.Sprite"},{"__type__":"cc.animation.Channel","_curve":{"__id__":5}},{"__type__":"cc.ObjectCurve","_times":[0,0.16666666666666666,0.3333333333333333,0.5,0.6666666666666666,0.8333333333333334],"_values":[{"__uuid__":"13d0e1f8-b78f-41e7-ae60-d71789b21034@f9941","__expectedType__":"cc.Asset"},{"__uuid__":"5868227f-ede2-4481-b59e-7177bc893976@f9941","__expectedType__":"cc.Asset"},{"__uuid__":"37268baf-5871-4307-889b-4fc01d43fa80@f9941","__expectedType__":"cc.Asset"},{"__uuid__":"69c5a2bb-5759-4f9e-8305-aa94b109fd37@f9941","__expectedType__":"cc.Asset"},{"__uuid__":"a700ee7f-5d5b-4e14-85d4-ed04cbbcce2f@f9941","__expectedType__":"cc.Asset"},{"__uuid__":"2bc2d7d7-4dbf-4a05-869e-96bdd9d74b6f@f9941","__expectedType__":"cc.Asset"}]}],"chunks":[]}
