[1,["aa6cc2dc-548b-443a-adf7-f6f6b0b6f060@ff00c","aa6cc2dc-548b-443a-adf7-f6f6b0b6f060@05da8","1baf0fc9-befa-459c-8bdd-af1a450a0319","aa6cc2dc-548b-443a-adf7-f6f6b0b6f060@a88f6","aa6cc2dc-548b-443a-adf7-f6f6b0b6f060@30732","aa6cc2dc-548b-443a-adf7-f6f6b0b6f060@c2762","aa6cc2dc-548b-443a-adf7-f6f6b0b6f060@f1394","aa6cc2dc-548b-443a-adf7-f6f6b0b6f060@c4192","aa6cc2dc-548b-443a-adf7-f6f6b0b6f060@75ee4","aa6cc2dc-548b-443a-adf7-f6f6b0b6f060@145db","aa6cc2dc-548b-443a-adf7-f6f6b0b6f060@a72ab","aa6cc2dc-548b-443a-adf7-f6f6b0b6f060@575aa","aa6cc2dc-548b-443a-adf7-f6f6b0b6f060@2224c","aa6cc2dc-548b-443a-adf7-f6f6b0b6f060@5003a","aa6cc2dc-548b-443a-adf7-f6f6b0b6f060@62756","aa6cc2dc-548b-443a-adf7-f6f6b0b6f060@1dcb4","aa6cc2dc-548b-443a-adf7-f6f6b0b6f060@7d08b","aa6cc2dc-548b-443a-adf7-f6f6b0b6f060@13f99","aa6cc2dc-548b-443a-adf7-f6f6b0b6f060@b5902","6fa9599d-3889-4634-ab59-0caef01c0710","aa6cc2dc-548b-443a-adf7-f6f6b0b6f060@87456","aa6cc2dc-548b-443a-adf7-f6f6b0b6f060@2d5df","aa6cc2dc-548b-443a-adf7-f6f6b0b6f060@9c123","aa6cc2dc-548b-443a-adf7-f6f6b0b6f060@8feb8","aa6cc2dc-548b-443a-adf7-f6f6b0b6f060@538ca","aa6cc2dc-548b-443a-adf7-f6f6b0b6f060@ad32d","1037d107-6d75-4794-aa3f-66c4116ee5c3@a160f","dcfb41ea-80e8-4d05-981b-54e79ef5fb3d@eed07","593069c7-14c0-4583-8acd-5fc340dfaaa2@5f837","3aa5727e-01ce-4ea4-b741-1706c60b7d4a@b84cf","1d417aa1-e99a-4a43-8905-0beff677c5d7@315ae","24976460-3961-4ab8-957f-e18d0a8ac3e9@f91cc","49c8f89b-9037-48b4-9a5e-39f506e233aa@b4ab2","41d47280-f8b2-4fb3-99ab-194802fb7aa2"],["_parent","node","_mesh","_skeleton","targetInfo","target","source","root","asset","mainTexture","_effectAsset","data","animationEvent","animation"],[["cc.Node",["_name","_objFlags","__editorExtras__","_prefab","_children","_parent","_lpos","_lrot","_euler","_components"],0,4,2,1,5,5,5,2],["cc.Node",["_name","_parent","_components","_prefab","_lrot","_lscale","_euler","_lpos","_children"],2,1,9,4,5,5,5,5,2],["cc.Node",["_name","_parent","_children","_prefab","_lpos","_lrot","_euler"],2,1,9,4,5,5,5],["cc.PrefabInfo",["fileId","root","asset","targetOverrides","nestedPrefabInstanceRoots"],2,1,1,9,2],["cc.Material",["_name","_states","_defines","_props"],0,12],["cc.Prefab",["_name"],2],["cc.PrefabInfo",["fileId","root","instance","asset"],2,1,4,6],["cc.TargetOverrideInfo",["propertyPath","source","target","targetInfo"],2,1,1,4],["cc.TargetInfo",["localID"],2],["cc.SkinnedMeshRenderer",["_shadowCastingMode","node","__prefab","_materials","lightmapSettings","_skinningRoot","_mesh","_skeleton"],2,1,4,3,4,1,6,6],["cc.CompPrefabInfo",["fileId"],2],["cc.ModelLightmapSettings",[],3],["cc.PrefabInstance",["fileId","prefabRootNode","propertyOverrides"],2,1,9],["CCPropertyOverrideInfo",["value","propertyPath","targetInfo"],1,1],["CCPropertyOverrideInfo",["propertyPath","targetInfo","value"],2,1,8],["66444v1AmdGj7lSyQFegk+m",["node","__prefab","aim","indicator"],3,1,4,1,1],["cc.SkeletalAnimation",["playOnLoad","node","__prefab","_clips"],2,1,4,3],["c280d1x/dNPQo9t0nB/Icj6",["node","__prefab"],3,1,4]],[[3,0,1,2,2],[0,0,5,4,3,6,7,8,2],[10,0,2],[0,0,5,3,6,2],[2,0,1,2,3,4,5,6,2],[9,0,1,2,3,4,5,6,7,2],[11,1],[1,0,1,2,3,4,5,6,2],[14,0,1,2,2],[8,0,2],[1,0,1,2,3,7,4,5,6,2],[7,0,1,2,3,2],[0,0,4,3,6,7,8,2],[0,1,2,5,3,3],[0,0,5,4,3,6,2],[6,0,1,2,3,2],[12,0,1,2,2],[13,0,1,2,3],[4,0,1,2,3,4],[5,0,2],[0,0,4,9,3,2],[0,0,5,4,9,3,7,8,2],[0,0,4,3,6,2],[1,0,1,8,2,3,7,4,5,6,2],[2,0,1,2,3,4,2],[3,0,1,2,3,4,2],[15,0,1,2,3,1],[16,0,1,2,3,2],[17,0,1,1]],[[[[18,"Texture 6",[{"rasterizerState":{},"blendState":{"targets":[{}]},"depthStencilState":{}}],[{"HAS_SECOND_UV":true,"USE_ALBEDO_MAP":true}],[[[{"metallic":0.4000000059604645,"roughness":0.42640143632888794},"mainTexture",6,0]],11]]],0,0,[0,0],[9,10],[1,2]],[[[19,"player7"],[20,"player7",[-11,-12],[-10],[25,"fart+CrPNK/6j/5kuDN0FJ",-9,0,[[11,["animation"],-4,-3,[9,["68lP5za71YLaawjmRYLabB"]]],[11,["animationEvent"],-6,-5,[9,["91svWxpElNNKu7mEPe0c3/"]]],[11,["aim"],-8,-7,[9,["76rhR0nnJUl7TIOKIuBZYH"]]]],[-1,-2]]],[21,"Player3",1,[-15,-16,-17,-18,-19,-20,-21,-22,-23,-24,-25,-26],[-13,-14],[0,"e33drW+BJc/qlPQ7wYnUmD",1,0],[3,0,1,0,6.123233995736766e-17],[1,0,180,0]],[12,"mixamorig:LeftHand",[-27,-28,-29,-30,-31],[0,"ea0lZKm2BYOZSXi/qkOFQm",1,0],[1,-4.5095704948039383e-11,0.18082669377326965,1.1295952367929019e-10],[3,-0.01100767196083501,-0.051065313564054096,0.019350271294187177,0.9984471602991561],[1,-1.1471803917610803,-5.832834146889178,2.278948468561741]],[12,"mixamorig:RightHand",[-32,-33,-34,-35,-36],[0,"eaaKzB0J5eYb46SiilaB14",1,0],[1,6.392723850279225e-11,0.18084971606731415,-3.398611114757699e-10],[3,-0.013370279532104148,0.043380067756213045,-0.0158179014856031,0.9988439314223676],[1,-1.4526545359597443,4.949815972725868,-1.877301903364342]],[23,"Face_3",2,[-38],[[5,1,-37,[2,"6ej1crY7VSWJbcMms+i6rT"],[28],[6],2,29,30]],[0,"cegX14xB5X94XUYl5gdhjI",1,0],[1,1.5133991837501526e-9,1.2513160705566406,0.02017251029610634],[3,-0.7071067215818992,0,0,0.7071068407911908],[1,100,100,100],[1,-89.9999903406537,0,0]],[13,0,null,5,[15,"feHy4gpzZCwY77kkCkg4I5",-43,[16,"588vopNKFKYod882ICnpCD",1,[[17,"indicator",["_name"],-39],[8,["_lpos"],-40,[1,0,0,0]],[8,["_lrot"],-41,[3,0,0,0,1]],[8,["_euler"],-42,[1,0,0,0]]]],27]],[9,["feHy4gpzZCwY77kkCkg4I5"]],[14,"mixamorig:Hips",2,[-44,-45,-46],[0,"deSOX3txRUM6YluchVM7xf",1,0],[1,0.00004222869756631553,0.613780677318573,0.012632554396986961]],[22,"mixamorig:Spine2",[-47,-48,-49],[0,"bdRv0DOYxZr44lRzNMUJ7x",1,0],[1,0,0.10001254081726074,2.096283216457273e-12]],[9,["3fwSI2zKFITpvl0OElS2p2"]],[26,1,[2,"156XJuNFVNGrwtmh8FNHyr"],5,6],[13,0,null,1,[15,"3fwSI2zKFITpvl0OElS2p2",-50,[16,"84vZyX8F9N7Yoxw60/srB0",1,[[17,"Shadow",["_name"],10],[8,["_lpos"],10,[1,0,0,0]],[8,["_lrot"],10,[3,0,0,0,1]],[8,["_euler"],10,[1,0,0,0]]]],44]],[7,"Squid_Prisioner_Shirt",2,[[5,1,-51,[2,"4bFqPop6hXvLAeAt8VnDgH"],[0],[6],2,1,2]],[0,"3ednvB9FxUxoUqB0miDa47",1,0],[3,-0.7071067215818992,1.3170889049431295e-9,-1.3170886828985206e-9,0.7071068407911908],[1,100,100,99.99999237060547],[1,-89.9999903406537,3.598386611435147e-14,-2.134433755790263e-7]],[10,"Nose_5",2,[[5,1,-52,[2,"04BPQNQPFZgZ6zG1DlUP+m"],[3],[6],2,4,5]],[0,"40E1Kf+S1WHp2r1Ma0zV2l",1,0],[1,0,1.2034270763397217,0.22437240183353424],[3,-0.7071067215818992,0,0,0.7071068407911908],[1,100,100,100],[1,-89.9999903406537,0,0]],[10,"Hair_1",2,[[5,1,-53,[2,"9buDKrGqNQCZpuis+9O5Md"],[6],[6],2,7,8]],[0,"29oDBR48JSb5y4yqH4mWFy",1,0],[1,7.110647857189178e-7,1.3647598028182983,-0.03306230530142784],[3,-0.7071067215818992,0,0,0.7071068407911908],[1,100,100,100],[1,-89.9999903406537,0,0]],[7,"Eyelash_3",2,[[5,1,-54,[2,"92nCfvhPdR2Yt9x+dvXhJ3"],[9],[6],2,10,11]],[0,"adTgOdDDFX3pz9RTlx4HEL",1,0],[3,-0.7071067215818992,0,0,0.7071068407911908],[1,100,100,100],[1,-89.9999903406537,0,0]],[10,"Brow_1",2,[[5,1,-55,[2,"40TWMk7J1VbpaAuKJU5+Ft"],[12],[6],2,13,14]],[0,"9a3jEz8u1ZUaNXPzH+IINX",1,0],[1,1.5133991837501526e-9,1.3462666273117065,0.17696796357631683],[3,-0.7071067215818992,0,0,0.7071068407911908],[1,100,100,100],[1,-89.9999903406537,0,0]],[7,"Squid_Prisioner_Suit_Shoes_R",2,[[5,1,-56,[2,"f75+O/urVR777YGGsqzna+"],[15],[6],2,16,17]],[0,"5awG26RbZZcaP5RLpTLTQ/",1,0],[3,-0.7071067215818992,-2.8811306611732316e-10,-1.2759298280913984e-9,0.7071068407911908],[1,99.99999237060547,99.99999237060547,100],[1,-89.9999903406537,-1.267319935673366e-7,-8.004129001879537e-8]],[7,"Body",2,[[5,1,-57,[2,"6cMSrKrQZWaY5/ZBEnvlX1"],[18,19,20,21],[6],2,22,23]],[0,"76rhR0nnJUl7TIOKIuBZYH",1,0],[3,-0.7071067215818992,3.292719209244454e-10,2.9634497585662804e-9,0.7071068407911908],[1,100,100,100],[1,-89.9999903406537,2.668041767429415e-7,2.1344341830986654e-7]],[7,"Squid_Prisioner_Pants",2,[[5,1,-58,[2,"06wZHMg0ZWOLy0MeFz1rlD"],[24],[6],2,25,26]],[0,"2euoUcBBFeR7o83xHvtMZu",1,0],[3,-0.7071067215818992,-2.8811306611732316e-10,-1.2759298280913984e-9,0.7071068407911908],[1,99.99999237060547,99.99999237060547,100],[1,-89.9999903406537,-1.267319935673366e-7,-8.004129001879537e-8]],[7,"Eyes",2,[[5,1,-59,[2,"38mdphW25cfYJyupJmbhGt"],[31],[6],2,32,33]],[0,"a8cwEKePNaNqhDOPn5kJ6u",1,0],[3,-0.7071067215818992,0,0,0.7071068407911908],[1,100,100,100],[1,-89.9999903406537,0,0]],[7,"Squid_Prisioner_Shoes_L",2,[[5,1,-60,[2,"46o5hfYxpSyrt8TgKuRH8o"],[34],[6],2,35,36]],[0,"69DNuqg6BSRakqAXRZoGef",1,0],[3,-0.7071067215818992,7.408626061750266e-10,-1.2347706402173632e-9,0.7071068407911908],[1,100,100,99.99999237060547],[1,-89.9999903406537,-4.002059806169639e-8,-1.6008253955573984e-7]],[1,"mixamorig:Spine",8,[-61],[0,"95XiH+uNxa8b0EJqopCgsC",1,0],[1,0,0.07497306913137436,-0.002336902543902397],[3,-0.015579280298659412,0,0,0.999878635648035],[1,-1.7853262435009103,0,0]],[14,"mixamorig:Spine1",23,[9],[0,"2dJLX9uoFSTKU8rlUkxNfr",1,0],[1,0,0.08751097321510315,1.5073097934734103e-12]],[1,"mixamorig:Neck",9,[-62],[0,"b8tU9UmjlU4rbZRpT+Tf/a",1,0],[1,0,0.1125141829252243,4.836779865513563e-9],[3,0.015579295196203742,0,0,0.9998786354159137],[1,1.7853279508409508,0,0]],[24,"mixamorig:Head",25,[[3,"mixamorig:HeadTop_End",-63,[0,"a94nNNndZWpIi6nvrI36vm",1,0],[1,0,0.42322272062301636,0.023273665457963943]]],[0,"90SHPmdllXOaXIHLqLHsRN",1,0],[1,0,0.08325569331645966,0.004578357562422752]],[1,"mixamorig:LeftShoulder",9,[-64],[0,"a3Tr8I4xdZ95s1BxgTkFqH",1,0],[1,0.06255506724119186,0.09521111100912094,-0.000683835067320615],[3,-0.560445063124338,-0.42947154689873684,0.5666399525908302,-0.424705410551625],[1,105.68563115873397,90.63331981882133,0.0046013681057643155]],[1,"mixamorig:LeftArm",27,[-65],[0,"88sQfV2rJXtKjn/qhbEhov",1,0],[1,-3.1906526032354776e-11,0.12923453748226166,-7.427752302113788e-10],[3,-0.12037497621898663,0.0006515838830166888,-0.005373518387181313,0.9927137381132914],[1,-13.827691578344728,-1.0037265961552374e-7,-0.620273297205677]],[1,"mixamorig:LeftForeArm",28,[3],[0,"8eNN5MXVlRV6ijgub7d/Re",1,0],[1,-4.610756221268275e-12,0.2119317352771759,-5.844182915382135e-10],[3,-0.039681472659624656,-0.0010949615603063605,0.02756151797088274,0.9988315896655879],[1,-4.550088177725577,-6.5885457000798e-8,3.1612096748066074]],[1,"mixamorig:LeftHandThumb1",3,[-66],[0,"daWP6ClMxZjqw1GhdF2EiB",1,0],[1,-0.025405412539839745,0.02420678362250328,0.008464833721518517],[3,0.10497301163116671,0.06210853958465641,0.5054075761852143,0.8542168214653296],[1,14.01167847220033,9.274908634241328e-7,61.222375121674]],[1,"mixamorig:LeftHandThumb2",30,[-67],[0,"977azZJeRe7KKUM+7CQcuH",1,0],[1,0.007189336232841015,0.02796909399330616,-4.707757794708556e-11],[3,0.10409815523830601,-1.2118510202855485e-17,-8.245317749262131e-17,0.9945670284480488],[1,11.95041984640832,-3.97569341966672e-16,-9.54166397957791e-15]],[4,"mixamorig:LeftHandThumb3",31,[[3,"mixamorig:LeftHandThumb4",-68,[0,"98Ds0mfO1REJtmWNaNsXom",1,0],[1,-0.0006656379555352032,0.022887559607625008,-6.241407130708199e-13]]],[0,"d2yFG+OhVbBJWQIUPbXGKQ",1,0],[1,-0.006523698568344116,0.028646010905504227,5.111753798026086e-10],[3,-0.0664742149942119,8.31200224000024e-18,8.400506927011197e-17,0.9977881432152336],[1,-7.623005092266427,1.5902773990475553e-15,9.54166420675203e-15]],[1,"mixamorig:LeftHandIndex1",3,[-69],[0,"23kEXRyXteMb+MG+e6L30J",1,0],[1,-0.03300395980477333,0.10514514893293381,-0.0008963009458966553],[3,0.03702197239186696,0.0011723705150160908,0.03162904841845267,0.9988130968323026],[1,4.245503241886658,0.0000010640988267964635,3.6275167535427393]],[1,"mixamorig:LeftHandIndex2",33,[-70],[0,"dbt+NcjShXF6gkD8F50k/7",1,0],[1,0.00006922718603163958,0.030017593875527382,9.418101715175098e-12],[3,-0.02134623403589665,-2.962385064461205e-19,1.3874625659311396e-17,0.9997721431868788],[1,-2.446284041161864,0,1.5902773407317588e-15]],[4,"mixamorig:LeftHandIndex3",34,[[3,"mixamorig:LeftHandIndex4",-71,[0,"6atHyXq2VQapBFEGv3U+JE",1,0],[1,-0.00007392864063149318,0.02119925618171692,6.983171679797451e-11]]],[0,"c1ezKA0IlY1KyFBMm5Ryj6",1,0],[1,0.000004701619218394626,0.026903340592980385,-5.157090726681801e-11],[3,-0.03984408912059239,-1.441971549889763e-17,1.3313819663680012e-17,0.9992059089908097],[1,-4.56700522691176,-1.5902773530429315e-15,1.5902773293647697e-15]],[1,"mixamorig:LeftHandMiddle1",3,[-72],[0,"f7KuME8LJSQ6KzdxXUP5pI",1,0],[1,-0.011068358086049557,0.11152952164411545,0.0005950466147623956],[3,-0.02358356269865799,0.0003721425546216194,-0.015773491702519044,0.999597355958822],[1,-2.703064332584914,-2.7709471083660067e-7,-1.8080870114494376]],[1,"mixamorig:LeftHandMiddle2",36,[-73],[0,"796FDEZDhXaZTPvYbiiLDl",1,0],[1,-0.000042180672608083114,0.030994512140750885,-2.293022299815206e-10],[3,0.004945522123709471,1.3869038576771906e-17,-1.8033351942307915e-18,0.9999877708306856],[1,0.5667174005171551,1.5902772944638118e-15,-1.9878467078245025e-16]],[4,"mixamorig:LeftHandMiddle3",37,[[3,"mixamorig:LeftHandMiddle4",-74,[0,"33ZKBDMwBXBL2ComEPecyf",1,0],[1,0.00006732250039931387,0.021428218111395836,2.3200925555744156e-11]]],[0,"39r9gkEedWXqz/bfDH7X42",1,0],[1,-0.00002514191874070093,0.026862366124987602,6.414850595160004e-11],[3,0.04665397981092162,1.4024539960727857e-17,2.818215177898288e-18,0.9989111102434501],[1,5.348093583699438,1.5902773431378764e-15,3.975693471567226e-16]],[1,"mixamorig:LeftHandRing1",3,[-75],[0,"317clEcJRd6olZzqxkmTEC",1,0],[1,0.011637039482593536,0.10990516096353531,0.0006990229594521224],[3,-0.030389933769526346,0.0012557614016244685,-0.04126700874894432,0.9986850899946893],[1,-3.4859392533896036,9.803090598625452e-7,-4.7323848819865475]],[1,"mixamorig:LeftHandRing2",39,[-76],[0,"50cnUV0Z1aPqhbiatE9Iw/",1,0],[1,-0.0001024867597152479,0.028990555554628372,-1.4167128581377142e-10],[3,0.026639342196256004,-1.401149818631383e-17,-4.8326281734523394e-18,0.9996451097501307],[1,3.0530049228059832,-1.5902773176744613e-15,-5.963539784545683e-16]],[4,"mixamorig:LeftHandRing3",40,[[3,"mixamorig:LeftHandRing4",-77,[0,"0aLqDiu0lezISFKbZ3o8Sd",1,0],[1,0.0001470163551857695,0.02003573440015316,2.496278739272384e-10]]],[0,"95S4Ih5tBfhbLxtp0eXK7r",1,0],[1,-0.00004452965367818251,0.026283621788024902,1.3992916547689305e-10],[3,0.11655544965318411,-2.1230104850473184e-18,-1.8090449504628487e-17,0.9931841859172669],[1,13.386698279743662,4.143017982844995e-24,-2.0872390450136293e-15]],[1,"mixamorig:LeftHandPinky1",3,[-78],[0,"c1/13CppFe2YWnsxaOBSo6",1,0],[1,0.03243528679013252,0.09468519687652588,0.0007418347522616386],[3,-0.02729387920637139,0.0016412389031964694,-0.060000742986226034,0.9978237626624411],[1,-3.133688026351595,0.0000016328300136040592,-6.882287220096176]],[1,"mixamorig:LeftHandPinky2",42,[-79],[0,"b75Yb0CvhS3qV9+M7nBjiz",1,0],[1,-0.00004810723112314008,0.030010437592864037,3.18771925522654e-10],[3,0.014764563398874078,-1.5367461167462301e-19,-1.0407206117982967e-17,0.9998909978930907],[1,1.6919558142472217,-7.2010049731798135e-25,-1.1927079818598892e-15]],[4,"mixamorig:LeftHandPinky3",43,[[3,"mixamorig:LeftHandPinky4",-80,[0,"5dmECbmKxblKtawpyKmgk9",1,0],[1,0.00005795027027488686,0.01988254301249981,5.723705797516798e-12]]],[0,"7cJgF+DplbhrGTFQQobNm5",1,0],[1,-0.000009842739018495195,0.023783298209309578,-5.3516940878850505e-11],[3,0.04763163353075686,-1.3862036096720478e-17,6.610217030794238e-19,0.9988649695965873],[1,5.460249151213712,-1.5902773407317578e-15,0]],[1,"mixamorig:RightShoulder",9,[-81],[0,"e5wwb4fzZVa76PE9UzspKg",1,0],[1,-0.06255506724119186,0.09520211070775986,-0.0003951071703340858],[3,0.5617850491159943,-0.42844078465645663,0.565373069961161,0.42566341679241343],[1,105.69392074076373,-90.36763678968511,-0.003780894570449308]],[1,"mixamorig:RightArm",45,[-82],[0,"c63mUcJhxXOqWwJJpL1YNR",1,0],[1,1.7531753826460772e-11,0.12923453748226166,-7.432403581475455e-10],[3,-0.12050575116765043,-0.0012757997133167717,0.010509312239057442,0.9926561794634],[1,-13.843363165144805,2.402883564593041e-7,1.2131425548480017]],[1,"mixamorig:RightForeArm",46,[4],[0,"c8sA6nnBxY7KMB7+W5WM82",1,0],[1,-7.936969831368046e-11,0.2119584083557129,2.1291199359119162e-10],[3,-0.03962305947295857,0.001270789308325782,-0.0320303217713054,0.9987003838688373],[1,-4.543993512251206,-1.8078919795505026e-7,-3.673921488757507]],[1,"mixamorig:RightHandThumb1",4,[-83],[0,"a9H+7P2PJdwI7oATQKL3ty",1,0],[1,0.025301849469542503,0.024153156206011772,0.007877791300415993],[3,0.09831814281462777,-0.05800289550699271,-0.5047961377738687,0.8556576804977984],[1,13.109488977643828,-0.0000010107218004410875,-61.07704788374926]],[1,"mixamorig:RightHandThumb2",48,[-84],[0,"c25Y2efn5U87Qalon4tw0C",1,0],[1,-0.0071230242028832436,0.027785954996943474,9.219164320839468e-11],[3,0.107688495349034,4.369900931188508e-18,-5.630919592536945e-17,0.9941846850406926],[1,12.364169054984021,1.1927080409104934e-15,-6.361109469336322e-15]],[4,"mixamorig:RightHandThumb3",49,[[3,"mixamorig:RightHandThumb4",-85,[0,"e6dfNe/xdXcYgMb/PGfWsv",1,0],[1,0.00039023158024065197,0.021459048613905907,1.1944791510065667e-11]]],[0,"daMSmiAQZasbxSNpd/Agd8",1,0],[1,0.006732797250151634,0.02952650561928749,-2.0140646095345716e-10],[3,-0.000563324265820996,-3.1270778512226593e-20,5.551114242346296e-17,0.9999998413328732],[1,-0.06455220927180208,0,6.361109362927035e-15]],[1,"mixamorig:RightHandIndex1",4,[-86],[0,"80yTvmXpFU56RHgw+N2XMC",1,0],[1,0.03160037100315094,0.10518701374530792,0.0004761991440318525],[3,0.004929459258003848,-0.0002424967131257256,-0.04913349891805617,0.9987800262874889],[1,0.5655598071127743,8.147947231789246e-8,-5.632620707514351]],[1,"mixamorig:RightHandIndex2",51,[-87],[0,"caQMGmZOFcFrwebjmW/at8",1,0],[1,0.00001170374707726296,0.03002161718904972,-4.079893714536986e-11],[3,0.020551636241068243,1.3874856719382361e-17,-2.852112468569346e-19,0.9997887928196708],[1,2.355209852148123,1.5902773407317582e-15,0]],[4,"mixamorig:RightHandIndex3",52,[[3,"mixamorig:RightHandIndex4",-88,[0,"0eFMfrPTJcqJUCLLW8cJSq",1,0],[1,1.7446296851630905e-7,0.02085375040769577,5.850466638923635e-11]]],[0,"d4NMlEynxWm42HCNmSOkwh",1,0],[1,-0.000011879809790116269,0.026973092928528786,-1.1932882459930738e-10],[3,-0.0028304652895109234,-3.928059668521671e-20,1.387773221652038e-17,0.9999959942250993],[1,-0.3243478633827936,0,1.5902773407317584e-15]],[1,"mixamorig:RightHandMiddle1",4,[-89],[0,"36BEhJDZ9VzIuaXsMasgZK",1,0],[1,0.012181166559457779,0.10457514226436615,-0.000428830913733691],[3,0.0018286127964396402,0.00004082046953183663,0.02231736898546359,0.999749263340812],[1,0.20959590985768803,4.678093345310927e-8,2.5575987224144856]],[1,"mixamorig:RightHandMiddle2",54,[-90],[0,"a6l4R+8XZQuaNZna2nxwxn",1,0],[1,-0.000006739737727912143,0.03196857124567032,1.9394477690504175e-10],[3,-0.012038014135371798,2.0794290342855394e-17,1.985189255136496e-18,0.9999275404826475],[1,-1.3794881265268306,2.3854159679202834e-15,1.9878466440835575e-16]],[4,"mixamorig:RightHandMiddle3",55,[[3,"mixamorig:RightHandMiddle4",-91,[0,"96bbSB3s9eAIL1mo2WrthN",1,0],[1,2.1627698743031942e-7,0.02371828444302082,2.2793641973883894e-11]]],[0,"f1h1hesilQZY2rvdgUMKSJ",1,0],[1,0.000006523294359794818,0.03024478256702423,2.0422334656711172e-10],[3,0.0053758312505224875,6.929468003699241e-18,-1.7720007385767293e-18,0.9999855501147833],[1,0.6160278512390532,7.951386642605712e-16,-1.9878466836483262e-16]],[1,"mixamorig:RightHandRing1",4,[-92],[0,"0fOYfSFlpVbZxmmA6GdF/N",1,0],[1,-0.011259084567427635,0.10412805527448654,-0.0009438060806132853],[3,0.0063267801021714325,0.0001585459373130233,0.025051025330625674,0.9996661406922859],[1,0.7252280380696535,7.763873287875479e-8,2.8709938885870163]],[1,"mixamorig:RightHandRing2",57,[-93],[0,"7cIyAbu+RcRarZ8TTXJrtO",1,0],[1,0.0000031192230380838737,0.02970973774790764,9.268461866052125e-12],[3,-0.009353639591310409,-6.938590353363715e-18,-6.49039127394891e-20,0.999956253756331],[1,-1.0718637733873047,-7.951386703658792e-16,0]],[4,"mixamorig:RightHandRing3",58,[[3,"mixamorig:RightHandRing4",-94,[0,"f2m1gFzoZWj7A3YAQT4yxF",1,0],[1,-0.000021015768652432598,0.02322779968380928,-1.5377324413812232e-10]]],[0,"e3Z8CfNVVc44rn52z16KJb",1,0],[1,0.000017896683857543394,0.02886814996600151,-1.289008344507181e-10],[3,0.06202419074992665,-6.226167763867921e-18,1.1684371951422598e-17,0.9980746463876421],[1,7.112013681920009,-7.95138670374303e-16,1.2921003156013384e-15]],[1,"mixamorig:RightHandPinky1",4,[-95],[0,"f5Fs/vqkBTRIjU4FJ2rb+e",1,0],[1,-0.03252245485782623,0.09691491723060608,0.0010110143339261413],[3,-0.011285109502592143,-0.0006515425662903107,0.0576348084149318,0.9982737353325355],[1,-1.295359323902147,-3.123036791007303e-7,6.608547145536943]],[1,"mixamorig:RightHandPinky2",60,[-96],[0,"1arrPTkzZTTpxdCPko/o0n",1,0],[1,0.000008819677532301284,0.02882465161383152,4.0531630135509644e-11],[3,-0.005502018164721966,6.900611181186687e-18,6.97696656942704e-18,0.999984863783505],[1,-0.6304880203567017,7.951386961414533e-16,7.951386443050963e-16]],[4,"mixamorig:RightHandPinky3",61,[[3,"mixamorig:RightHandPinky4",-97,[0,"2dKCFrdhVboom7PjlenZtc",1,0],[1,-0.000020677223801612854,0.01832541450858116,1.1211227259055878e-11]]],[0,"33t3GaReNbZIof6miOv9p2",1,0],[1,0.000011857292520289775,0.023306647315621376,-2.012809779960989e-10],[3,0.05667830092431092,-3.9328471676752047e-19,-6.927739583820829e-18,0.9983924930628902],[1,6.498337279926489,0,-7.951386703658792e-16]],[1,"mixamorig:LeftUpLeg",8,[-98],[0,"22pwC4R1lTaa+03sDEf2bU",1,0],[1,0.08295208215713501,-0.041591569781303406,-0.001171101350337267],[3,-0.00014998810405429273,-0.012761927243516916,0.9998495009139663,-0.01175101011371323],[1,178.53704623949622,179.9656209394493,-1.3462684438569752]],[1,"mixamorig:LeftLeg",63,[-99],[0,"4anFZYN1ddp6ixlJVvxy4c",1,0],[1,-1.8650201175085535e-11,0.2539559602737427,-5.1135033707350175e-11],[3,-0.03687749357733016,-0.00009556067191232421,0.002589529561909981,0.9993164342050319],[1,-4.226822089904784,1.1324068311152865e-9,0.29694054382014384]],[1,"mixamorig:LeftFoot",64,[-100],[0,"12CtDfqHhQY54mJjNLSr3P",1,0],[1,-8.323582101343874e-11,0.25210678577423096,-3.548201454872668e-10],[3,0.48886707693062514,-0.05891907992469651,0.033117633494456296,0.8697360205636306],[1,58.67952620328856,-7.75100632913564,4.4430008011799775e-8]],[4,"mixamorig:LeftToeBase",65,[[3,"mixamorig:LeftToe_End",-101,[0,"d3y8yRWYdRg6A4K0jrMj1G",1,0],[1,1.9022110275823678e-10,0.042957812547683716,3.3900371659151274e-12]]],[0,"7f9igeMtFVGZSr9JHxnETu",1,0],[1,-1.4261976044593894e-9,0.1067797914147377,-5.428801408413619e-9],[3,0.3261666988936577,-0.05015152838832651,0.01733139207763066,0.9438218749222654],[1,38.128331533941555,-6.083289503261411,-0.0000013170202401157644]],[1,"mixamorig:RightUpLeg",8,[-102],[0,"b0Z0LG4RpRf4WBeGdaKtGD",1,0],[1,-0.08295208215713501,-0.041591569781303406,-0.0004555094346869737],[3,0.00017456447360869197,-0.014854757465791735,0.9998206136132826,0.01174931069622707],[1,178.2971200494808,-179.9599889034948,1.3459569503760989]],[1,"mixamorig:RightLeg",67,[-103],[0,"67LvPSOohQCYD0ynsFKjmG",1,0],[1,3.03852831784468e-10,0.25398531556129456,-9.616041296567346e-11],[3,-0.03350993693124243,0.00008677225025928686,-0.0025879857707685606,0.9994350298679205],[1,-3.840687818256104,-1.5387343449526269e-9,-0.2967283039513267]],[1,"mixamorig:RightFoot",68,[-104],[0,"d5WYGh8a1UfZercEItIOrU",1,0],[1,-3.192786590666685e-10,0.2520434856414795,5.496337829313802e-10],[3,0.47603472582572015,0.0626499422965942,-0.03402448783442911,0.8765319496549283],[1,57.01178307007939,8.176503760173569,-2.9259420595794795e-7]],[4,"mixamorig:RightToeBase",69,[[3,"mixamorig:RightToe_End",-105,[0,"3eLZUuMm5U1ZPDuZ331IKB",1,0],[1,-3.792871919316987e-11,0.04501012712717056,-2.0244251153905823e-12]]],[0,"b9bIXGzlZSGqboGNwxYmau",1,0],[1,-5.389050317106125e-10,0.10318522155284882,1.5885643911417446e-9],[3,0.33794587420981637,0.03621502547123966,-0.013014664708041366,0.9403784751562625],[1,39.53405237987158,4.410868876800743,9.040805203991592e-7]],[27,true,2,[2,"68lP5za71YLaawjmRYLabB"],[37,38,39,40,41,42,43]],[28,2,[2,"91svWxpElNNKu7mEPe0c3/"]]],0,[0,-1,6,0,-2,12,0,5,2,0,6,11,0,5,2,0,6,11,0,5,2,0,6,11,0,7,1,0,-1,11,0,-1,2,0,-2,12,0,-1,71,0,-2,72,0,-1,13,0,-2,14,0,-3,15,0,-4,16,0,-5,17,0,-6,18,0,-7,19,0,-8,20,0,-9,5,0,-10,21,0,-11,22,0,-12,8,0,-1,30,0,-2,33,0,-3,36,0,-4,39,0,-5,42,0,-1,48,0,-2,51,0,-3,54,0,-4,57,0,-5,60,0,1,5,0,-1,6,0,4,7,0,4,7,0,4,7,0,4,7,0,7,6,0,-1,23,0,-2,63,0,-3,67,0,-1,25,0,-2,27,0,-3,45,0,7,12,0,1,13,0,1,14,0,1,15,0,1,16,0,1,17,0,1,18,0,1,19,0,1,20,0,1,21,0,1,22,0,-1,24,0,-1,26,0,0,26,0,-1,28,0,-1,29,0,-1,31,0,-1,32,0,0,32,0,-1,34,0,-1,35,0,0,35,0,-1,37,0,-1,38,0,0,38,0,-1,40,0,-1,41,0,0,41,0,-1,43,0,-1,44,0,0,44,0,-1,46,0,-1,47,0,-1,49,0,-1,50,0,0,50,0,-1,52,0,-1,53,0,0,53,0,-1,55,0,-1,56,0,0,56,0,-1,58,0,-1,59,0,0,59,0,-1,61,0,-1,62,0,0,62,0,-1,64,0,-1,65,0,-1,66,0,0,66,0,-1,68,0,-1,69,0,-1,70,0,0,70,0,11,1,3,0,29,4,0,47,9,0,24,11,12,72,11,13,71,105],[0,0,0,0,0,0,0,0,0,0,0,0,0,0,0,0,0,0,0,0,0,0,0,0,0,0,0,0,0,0,0,0,0,0,0,0,0,0,0,0,0,0,0,0,0],[-1,2,3,-1,2,3,-1,2,3,-1,2,3,-1,2,3,-1,2,3,-1,-2,-3,-4,2,3,-1,2,3,8,-1,2,3,-1,2,3,-1,2,3,-1,-2,-3,-4,-5,-6,-7,8],[0,3,4,0,5,6,0,7,8,0,9,10,0,11,12,0,13,14,0,0,0,0,15,16,0,17,18,19,0,20,21,0,22,23,0,24,25,26,27,28,29,30,31,32,33]]]]
