[1,["7b9285a7-0265-4578-835c-b69c78f94793@f9941"],["spriteFrame"],[["cc.BitmapFont",["_name","fontSize","fntConfig"],0]],[[0,0,1,2,4]],[[0,"Bungee-number",75,{"commonHeight":88,"fontSize":75,"atlasName":"Bungee-number.png","fontDefDictionary":{"0":{"xOffset":2,"yOffset":10,"xAdvance":73,"rect":{"x":138,"y":67,"width":71,"height":70}},"10":{"xOffset":-5,"yOffset":0,"xAdvance":-2,"rect":{"x":0,"y":0,"width":0,"height":0}},"32":{"xOffset":-5,"yOffset":0,"xAdvance":15,"rect":{"x":0,"y":0,"width":0,"height":0}},"43":{"xOffset":0,"yOffset":17,"xAdvance":53,"rect":{"x":52,"y":67,"width":55,"height":55}},"46":{"xOffset":-1,"yOffset":45,"xAdvance":27,"rect":{"x":107,"y":67,"width":31,"height":32}},"48":{"xOffset":-1,"yOffset":11,"xAdvance":53,"rect":{"x":57,"y":0,"width":57,"height":67}},"49":{"xOffset":-2,"yOffset":12,"xAdvance":43,"rect":{"x":224,"y":0,"width":50,"height":65}},"50":{"xOffset":-2,"yOffset":12,"xAdvance":46,"rect":{"x":274,"y":0,"width":52,"height":65}},"51":{"xOffset":-2,"yOffset":12,"xAdvance":46,"rect":{"x":326,"y":0,"width":52,"height":65}},"52":{"xOffset":-1,"yOffset":12,"xAdvance":51,"rect":{"x":378,"y":0,"width":55,"height":65}},"53":{"xOffset":-1,"yOffset":12,"xAdvance":47,"rect":{"x":433,"y":0,"width":52,"height":65}},"54":{"xOffset":-1,"yOffset":12,"xAdvance":50,"rect":{"x":114,"y":0,"width":55,"height":66}},"55":{"xOffset":-3,"yOffset":12,"xAdvance":45,"rect":{"x":0,"y":67,"width":52,"height":65}},"56":{"xOffset":-2,"yOffset":11,"xAdvance":51,"rect":{"x":0,"y":0,"width":57,"height":67}},"57":{"xOffset":-2,"yOffset":11,"xAdvance":50,"rect":{"x":169,"y":0,"width":55,"height":66}}},"kerningDict":{"2818097":-1,"2818099":-1,"2818103":-1,"2818104":-1,"3014688":-1,"3014708":-1,"3014711":-1,"3014713":-1,"3211307":-1,"3211316":-2,"3342388":-1,"3342391":-1,"3473463":-1,"3538996":-1,"3538999":-1,"3604526":-3,"3670059":-1,"3670067":-1,"3670068":-1,"3670071":-1}}]],0,0,[0],[0],[0]]
