{"version":1,"document":[{"__type__":"cc.AnimationClip","_name":"neutral-idle","_objFlags":0,"_native":"","sample":60,"speed":1,"wrapMode":2,"enableTrsBlending":false,"_duration":1.6833333333333333,"_hash":500763545,"_tracks":[{"__id__":1}],"_exoticAnimation":null,"_events":[]},{"__type__":"cc.animation.ObjectTrack","_binding":{"__type__":"cc.animation.TrackBinding","path":{"__id__":2}},"_channel":{"__id__":4}},{"__type__":"cc.animation.TrackPath","_paths":[{"__id__":3},"spriteFrame"]},{"__type__":"cc.animation.ComponentPath","component":"cc.Sprite"},{"__type__":"cc.animation.Channel","_curve":{"__id__":5}},{"__type__":"cc.ObjectCurve","_times":[0,0.3333333333333333,0.6666666666666666,1,1.3333333333333333,1.6666666666666667],"_values":[{"__uuid__":"0d548c2b-a9c4-40b1-a65f-93f05258006b@f9941","__expectedType__":"cc.Asset"},{"__uuid__":"0d548c2b-a9c4-40b1-a65f-93f05258006b@f9941","__expectedType__":"cc.Asset"},{"__uuid__":"7c05793e-865b-4948-8654-3cf2b9fb9da7@f9941","__expectedType__":"cc.Asset"},{"__uuid__":"77232391-4899-4dd5-9f03-88c90279ff13@f9941","__expectedType__":"cc.Asset"},{"__uuid__":"c30ab0d6-5263-4c07-8568-3c2af8db9cc1@f9941","__expectedType__":"cc.Asset"},{"__uuid__":"9628da9e-8adf-4558-a440-389c5d57b9bc@f9941","__expectedType__":"cc.Asset"}]}],"chunks":[]}
