[1,0,0,[["cc.Mesh",["_native","_hash","_struct"],1,11],["cc.Skeleton",["_name","_hash","_joints","_bindposes"],0,12]],[[0,0,1,2,3],[1,0,1,2,3,4]],[[[[0,".bin",571712079,[{"primitives":[{"primitiveMode":7,"jointMapIndex":0,"vertexBundelIndices":[0],"indexView":{"offset":7600,"length":1584,"count":396,"stride":4}}],"vertexBundles":[{"view":{"offset":0,"length":7600,"count":95,"stride":80},"attributes":[{"name":"a_position","format":32,"isNormalized":false},{"name":"a_normal","format":32,"isNormalized":false},{"name":"a_texCoord","format":21,"isNormalized":false},{"name":"a_tangent","format":44,"isNormalized":false},{"name":"a_joints","format":42,"isNormalized":false},{"name":"a_weights","format":44,"isNormalized":false},{"name":"a_texCoord1","format":21,"isNormalized":false}]}],"jointMaps":[[0,1,2]]},"minPosition",8,[1,-0.002396848751232028,-0.0021144323982298374,-0.002372320042923093],"maxPosition",8,[1,0.002374175703153014,0.0021489919163286686,0.002344474894925952]]],-1],0,0,[],[],[]],[[[0,".bin",3446212956,[{"primitives":[{"primitiveMode":7,"jointMapIndex":0,"vertexBundelIndices":[0],"indexView":{"offset":4480,"length":900,"count":225,"stride":4}}],"vertexBundles":[{"view":{"offset":0,"length":4480,"count":56,"stride":80},"attributes":[{"name":"a_position","format":32,"isNormalized":false},{"name":"a_normal","format":32,"isNormalized":false},{"name":"a_texCoord","format":21,"isNormalized":false},{"name":"a_tangent","format":44,"isNormalized":false},{"name":"a_joints","format":42,"isNormalized":false},{"name":"a_weights","format":44,"isNormalized":false},{"name":"a_texCoord1","format":21,"isNormalized":false}]}],"jointMaps":[[0,1]]},"minPosition",8,[1,-0.0020745440851897,-0.002445074263960123,-0.0023602331057190895],"maxPosition",8,[1,0.0020745322108268738,0.0018381557893007994,0.0018744230037555099]]],-1],0,0,[],[],[]],[[[0,".bin",2015240919,[{"primitives":[{"primitiveMode":7,"jointMapIndex":0,"vertexBundelIndices":[0],"indexView":{"offset":3600,"length":696,"count":174,"stride":4}}],"vertexBundles":[{"view":{"offset":0,"length":3600,"count":45,"stride":80},"attributes":[{"name":"a_position","format":32,"isNormalized":false},{"name":"a_normal","format":32,"isNormalized":false},{"name":"a_texCoord","format":21,"isNormalized":false},{"name":"a_tangent","format":44,"isNormalized":false},{"name":"a_joints","format":42,"isNormalized":false},{"name":"a_weights","format":44,"isNormalized":false},{"name":"a_texCoord1","format":21,"isNormalized":false}]}],"jointMaps":[[0,1,2,3]]},"minPosition",8,[1,-0.0014551794156432152,-0.001083310809917748,-0.000029763037673546933],"maxPosition",8,[1,-0.0005114029627293348,0.0007545200060121715,0.0011143186129629612]]],-1],0,0,[],[],[]],[[[1,"Skin-4",2296447274,["mixamorig:Hips/mixamorig:Spine/mixamorig:Spine1/mixamorig:Spine2/mixamorig:Neck/mixamorig:Head"],[[[7,100,0,0,0,0,0.00003139164618914947,-100,0,0,100,0.00003139164618914947,0,0.000024301134544657543,0.279490202665329,0.1709984987974167,1]],8]]],0,0,[],[],[]],[[[1,"Skin-8",4097747304,["mixamorig:Hips/mixamorig:Spine/mixamorig:Spine1/mixamorig:Spine2/mixamorig:Neck/mixamorig:Head"],[[[7,100,0,0,0,0,0.00003139164618914947,-100,0,0,100,0.00003139164618914947,0,0.000024299504730151966,0.1364935338497162,0.22221337258815765,1]],8]]],0,0,[],[],[]],[[[1,"Skin-0",3766247086,["mixamorig:Hips/mixamorig:Spine/mixamorig:Spine1/mixamorig:Spine2/mixamorig:LeftShoulder/mixamorig:LeftArm","mixamorig:Hips/mixamorig:Spine/mixamorig:Spine1/mixamorig:Spine2/mixamorig:LeftShoulder/mixamorig:LeftArm/mixamorig:LeftForeArm","mixamorig:Hips/mixamorig:Spine/mixamorig:Spine1/mixamorig:Spine2/mixamorig:LeftShoulder/mixamorig:LeftArm/mixamorig:LeftForeArm/mixamorig:LeftHand","mixamorig:Hips/mixamorig:Spine/mixamorig:Spine1/mixamorig:Spine2","mixamorig:Hips/mixamorig:Spine/mixamorig:Spine1/mixamorig:Spine2/mixamorig:Neck","mixamorig:Hips/mixamorig:Spine/mixamorig:Spine1/mixamorig:Spine2/mixamorig:LeftShoulder/mixamorig:LeftArm/mixamorig:LeftForeArm/mixamorig:LeftHand/mixamorig:LeftHandPinky1","mixamorig:Hips/mixamorig:Spine/mixamorig:Spine1/mixamorig:Spine2/mixamorig:LeftShoulder/mixamorig:LeftArm/mixamorig:LeftForeArm/mixamorig:LeftHand/mixamorig:LeftHandThumb1","mixamorig:Hips/mixamorig:Spine/mixamorig:Spine1/mixamorig:Spine2/mixamorig:LeftShoulder/mixamorig:LeftArm/mixamorig:LeftForeArm/mixamorig:LeftHand/mixamorig:LeftHandThumb1/mixamorig:LeftHandThumb2","mixamorig:Hips/mixamorig:Spine/mixamorig:Spine1/mixamorig:Spine2/mixamorig:LeftShoulder/mixamorig:LeftArm/mixamorig:LeftForeArm/mixamorig:LeftHand/mixamorig:LeftHandThumb1/mixamorig:LeftHandThumb2/mixamorig:LeftHandThumb3","mixamorig:Hips/mixamorig:Spine/mixamorig:Spine1/mixamorig:Spine2/mixamorig:LeftShoulder/mixamorig:LeftArm/mixamorig:LeftForeArm/mixamorig:LeftHand/mixamorig:LeftHandIndex1","mixamorig:Hips/mixamorig:Spine/mixamorig:Spine1/mixamorig:Spine2/mixamorig:LeftShoulder/mixamorig:LeftArm/mixamorig:LeftForeArm/mixamorig:LeftHand/mixamorig:LeftHandMiddle1","mixamorig:Hips/mixamorig:Spine/mixamorig:Spine1/mixamorig:Spine2/mixamorig:LeftShoulder/mixamorig:LeftArm/mixamorig:LeftForeArm/mixamorig:LeftHand/mixamorig:LeftHandRing1","mixamorig:Hips/mixamorig:Spine/mixamorig:Spine1/mixamorig:Spine2/mixamorig:LeftShoulder/mixamorig:LeftArm/mixamorig:LeftForeArm/mixamorig:LeftHand/mixamorig:LeftHandPinky1/mixamorig:LeftHandPinky2","mixamorig:Hips/mixamorig:Spine/mixamorig:Spine1/mixamorig:Spine2/mixamorig:LeftShoulder/mixamorig:LeftArm/mixamorig:LeftForeArm/mixamorig:LeftHand/mixamorig:LeftHandRing1/mixamorig:LeftHandRing2","mixamorig:Hips/mixamorig:Spine/mixamorig:Spine1/mixamorig:Spine2/mixamorig:LeftShoulder/mixamorig:LeftArm/mixamorig:LeftForeArm/mixamorig:LeftHand/mixamorig:LeftHandRing1/mixamorig:LeftHandRing2/mixamorig:LeftHandRing3","mixamorig:Hips/mixamorig:Spine/mixamorig:Spine1/mixamorig:Spine2/mixamorig:LeftShoulder/mixamorig:LeftArm/mixamorig:LeftForeArm/mixamorig:LeftHand/mixamorig:LeftHandPinky1/mixamorig:LeftHandPinky2/mixamorig:LeftHandPinky3","mixamorig:Hips/mixamorig:Spine/mixamorig:Spine1/mixamorig:Spine2/mixamorig:LeftShoulder/mixamorig:LeftArm/mixamorig:LeftForeArm/mixamorig:LeftHand/mixamorig:LeftHandIndex1/mixamorig:LeftHandIndex2","mixamorig:Hips/mixamorig:Spine/mixamorig:Spine1/mixamorig:Spine2/mixamorig:LeftShoulder/mixamorig:LeftArm/mixamorig:LeftForeArm/mixamorig:LeftHand/mixamorig:LeftHandIndex1/mixamorig:LeftHandIndex2/mixamorig:LeftHandIndex3","mixamorig:Hips/mixamorig:Spine/mixamorig:Spine1/mixamorig:Spine2/mixamorig:LeftShoulder/mixamorig:LeftArm/mixamorig:LeftForeArm/mixamorig:LeftHand/mixamorig:LeftHandMiddle1/mixamorig:LeftHandMiddle2","mixamorig:Hips/mixamorig:Spine/mixamorig:Spine1/mixamorig:Spine2/mixamorig:LeftShoulder/mixamorig:LeftArm/mixamorig:LeftForeArm/mixamorig:LeftHand/mixamorig:LeftHandMiddle1/mixamorig:LeftHandMiddle2/mixamorig:LeftHandMiddle3","mixamorig:Hips/mixamorig:Spine/mixamorig:Spine1/mixamorig:Spine2/mixamorig:Neck/mixamorig:Head","mixamorig:Hips/mixamorig:Spine/mixamorig:Spine1/mixamorig:Spine2/mixamorig:RightShoulder/mixamorig:RightArm","mixamorig:Hips/mixamorig:Spine/mixamorig:Spine1/mixamorig:Spine2/mixamorig:RightShoulder/mixamorig:RightArm/mixamorig:RightForeArm","mixamorig:Hips/mixamorig:Spine/mixamorig:Spine1/mixamorig:Spine2/mixamorig:RightShoulder/mixamorig:RightArm/mixamorig:RightForeArm/mixamorig:RightHand","mixamorig:Hips/mixamorig:Spine/mixamorig:Spine1/mixamorig:Spine2/mixamorig:RightShoulder/mixamorig:RightArm/mixamorig:RightForeArm/mixamorig:RightHand/mixamorig:RightHandThumb1","mixamorig:Hips/mixamorig:Spine/mixamorig:Spine1/mixamorig:Spine2/mixamorig:RightShoulder/mixamorig:RightArm/mixamorig:RightForeArm/mixamorig:RightHand/mixamorig:RightHandMiddle1","mixamorig:Hips/mixamorig:Spine/mixamorig:Spine1/mixamorig:Spine2/mixamorig:RightShoulder/mixamorig:RightArm/mixamorig:RightForeArm/mixamorig:RightHand/mixamorig:RightHandThumb1/mixamorig:RightHandThumb2","mixamorig:Hips/mixamorig:Spine/mixamorig:Spine1/mixamorig:Spine2/mixamorig:RightShoulder/mixamorig:RightArm/mixamorig:RightForeArm/mixamorig:RightHand/mixamorig:RightHandRing1","mixamorig:Hips/mixamorig:Spine/mixamorig:Spine1/mixamorig:Spine2/mixamorig:RightShoulder/mixamorig:RightArm/mixamorig:RightForeArm/mixamorig:RightHand/mixamorig:RightHandPinky1","mixamorig:Hips/mixamorig:Spine/mixamorig:Spine1/mixamorig:Spine2/mixamorig:RightShoulder/mixamorig:RightArm/mixamorig:RightForeArm/mixamorig:RightHand/mixamorig:RightHandPinky1/mixamorig:RightHandPinky2","mixamorig:Hips/mixamorig:Spine/mixamorig:Spine1/mixamorig:Spine2/mixamorig:RightShoulder/mixamorig:RightArm/mixamorig:RightForeArm/mixamorig:RightHand/mixamorig:RightHandMiddle1/mixamorig:RightHandMiddle2","mixamorig:Hips/mixamorig:Spine/mixamorig:Spine1/mixamorig:Spine2/mixamorig:RightShoulder/mixamorig:RightArm/mixamorig:RightForeArm/mixamorig:RightHand/mixamorig:RightHandMiddle1/mixamorig:RightHandMiddle2/mixamorig:RightHandMiddle3","mixamorig:Hips/mixamorig:Spine/mixamorig:Spine1/mixamorig:Spine2/mixamorig:RightShoulder/mixamorig:RightArm/mixamorig:RightForeArm/mixamorig:RightHand/mixamorig:RightHandThumb1/mixamorig:RightHandThumb2/mixamorig:RightHandThumb3","mixamorig:Hips/mixamorig:Spine/mixamorig:Spine1/mixamorig:Spine2/mixamorig:RightShoulder/mixamorig:RightArm/mixamorig:RightForeArm/mixamorig:RightHand/mixamorig:RightHandIndex1/mixamorig:RightHandIndex2","mixamorig:Hips/mixamorig:Spine/mixamorig:Spine1/mixamorig:Spine2/mixamorig:RightShoulder/mixamorig:RightArm/mixamorig:RightForeArm/mixamorig:RightHand/mixamorig:RightHandIndex1/mixamorig:RightHandIndex2/mixamorig:RightHandIndex3","mixamorig:Hips/mixamorig:Spine/mixamorig:Spine1/mixamorig:Spine2/mixamorig:RightShoulder/mixamorig:RightArm/mixamorig:RightForeArm/mixamorig:RightHand/mixamorig:RightHandRing1/mixamorig:RightHandRing2","mixamorig:Hips/mixamorig:Spine/mixamorig:Spine1/mixamorig:Spine2/mixamorig:RightShoulder/mixamorig:RightArm/mixamorig:RightForeArm/mixamorig:RightHand/mixamorig:RightHandRing1/mixamorig:RightHandRing2/mixamorig:RightHandRing3","mixamorig:Hips/mixamorig:Spine/mixamorig:Spine1/mixamorig:Spine2/mixamorig:RightShoulder/mixamorig:RightArm/mixamorig:RightForeArm/mixamorig:RightHand/mixamorig:RightHandIndex1","mixamorig:Hips/mixamorig:Spine/mixamorig:Spine1/mixamorig:Spine2/mixamorig:RightShoulder/mixamorig:RightArm/mixamorig:RightForeArm/mixamorig:RightHand/mixamorig:RightHandPinky1/mixamorig:RightHandPinky2/mixamorig:RightHandPinky3"],[[[7,-2.6725587844848633,99.94094848632812,-2.1597342491149902,0,99.89326477050781,2.5886142253875732,-3.8254995346069336,0,-3.7673327922821045,-2.2596676349639893,-99.9034423828125,0,0.041170816868543625,-0.16246210038661957,0.9367955923080444,1],[7,2.7752699851989746,99.78494262695312,5.938276290893555,0,99.8859634399414,-2.5374062061309814,-4.044201374053955,0,-3.8848252296447754,6.043741226196289,-99.7415542602539,0,0.021141210570931435,-0.442922443151474,0.9039040803909302,1],[7,8.419708251953125,99.55033111572266,4.340458393096924,0,98.54642486572266,-7.673977375030518,-15.15626335144043,0,-14.755023002624512,5.553479194641113,-98.74940490722656,0,0.09111635386943817,-0.6206270456314087,0.9036468267440796,1],[7,100,6.995011858634825e-8,5.6216600796688e-7,0,5.587933173956117e-7,4.1343607902526855,-99.91449737548828,0,-9.313227167240257e-8,99.91448211669922,4.134360313415527,0,0.000024326163838850334,-0.8615682125091553,-0.04227183014154434,1],[7,100,9.313210824757334e-8,5.587933742390305e-7,0,5.587933173956117e-7,0.00003139164618914947,-100,0,-9.313227167240257e-8,99.99998474121094,0.00003139164255117066,0,0.000024326163838850334,-0.989806592464447,-0.0013511197175830603,1],[7,-5.7470011711120605,99.2397689819336,10.883051872253418,0,98.64102172851562,7.325141906738281,-14.706839561462402,0,-15.392230033874512,9.889949798583984,-98.31208038330078,0,0.16151103377342224,-0.7617260217666626,0.8544993996620178,1],[7,87.36204528808594,47.935211181640625,-8.371915817260742,0,48.526851654052734,-87.09815979003906,7.68478536605835,0,-3.6080658435821533,-10.77621078491211,-99.35216522216797,0,-0.47322776913642883,-0.21171751618385315,0.9819995760917664,1],[7,87.36204528808594,44.65483856201172,-19.334392547607422,0,48.526851654052734,-82.89544677734375,27.811687469482422,0,-3.6080658435821533,-33.67922592163086,-94.08872985839844,0,-0.480099081993103,-0.006850326433777809,1.0115677118301392,1],[7,87.36204528808594,47.286651611328125,-11.48241901397705,0,48.526851654052734,-86.41094970703125,13.352607727050781,0,-3.6080658435821533,-17.237163543701172,-98.43708038330078,0,-0.4748121201992035,-0.2048851102590561,0.9911795854568481,1],[7,20.62801170349121,97.71363067626953,-5.150822639465332,0,96.84866333007812,-21.139652252197266,-13.170092582702637,0,-13.957839965820312,-2.2717740535736084,-98.99502563476562,0,0.030859293416142464,-0.6478757262229919,0.972506582736969,1],[7,9.43080997467041,99.03182220458984,10.186180114746094,0,98.46336364746094,-7.767928123474121,-15.640518188476562,0,-14.697833061218262,11.504681587219238,-98.24262237548828,0,0.09310857951641083,-0.7988016605377197,0.8569668531417847,1],[7,-11.082239151000977,98.16123962402344,15.542052268981934,0,98.15953063964844,13.258312225341797,-13.744961738586426,0,-15.552835464477539,13.73275375366211,-97.82391357421875,0,0.22428329288959503,-0.8092751502990723,0.8165981769561768,1],[7,-5.7470011711120605,99.41996765136719,9.090773582458496,0,98.64102172851562,7.058605194091797,-14.836606979370117,0,-15.392230033874512,8.114570617675781,-98.47451782226562,0,0.16154731810092926,-0.7775235772132874,0.8686690330505371,1],[7,-11.082239151000977,99.23130798339844,5.5074591636657715,0,98.15953063964844,11.796093940734863,-15.018620491027832,0,-15.552835464477539,3.7416961193084717,-98.71223449707031,0,0.22429072856903076,-0.7475019693374634,0.8970263004302979,1],[7,-11.082239151000977,95.29517364501953,28.213729858398438,0,98.15953063964844,14.937967300415039,-11.898064613342285,0,-15.552835464477539,26.375886917114258,-95.19673919677734,0,0.22418998181819916,-0.9584994316101074,0.6949535608291626,1],[7,-5.7470011711120605,99.76229095458984,3.802356719970703,0,98.64102172851562,6.2613725662231445,-15.190261840820312,0,-15.392230033874512,2.8776986598968506,-98.76636505126953,0,0.16155581176280975,-0.7544031143188477,0.9099826812744141,1],[7,20.62801170349121,97.8467788696289,0.7019644379615784,0,96.84866333007812,-20.314205169677734,-14.410736083984375,0,-13.957839965820312,3.6524908542633057,-98.95370483398438,0,0.030765406787395477,-0.7358448505401611,0.930165708065033,1],[7,20.62801170349121,97.5362548828125,7.820780277252197,0,96.84866333007812,-19.211618423461914,-15.850866317749023,0,-13.957839965820312,10.844038009643555,-98.4255142211914,0,0.03076579049229622,-0.8296955823898315,0.8720980286598206,1],[7,9.43080997467041,99.0479736328125,10.027913093566895,0,98.46336364746094,-7.792912006378174,-15.628085136413574,0,-14.697833061218262,11.347673416137695,-98.26087951660156,0,0.09321247786283493,-0.8253286480903625,0.8582867980003357,1],[7,9.43080997467041,97.4223861694336,-20.49241065979004,0,98.46336364746094,-12.166688919067383,-12.527498245239258,0,-14.697833061218262,-18.996068954467773,-97.07275390625,0,0.09330545365810394,-0.5509794354438782,1.0761494636535645,1],[7,100,9.313210824757334e-8,5.587933742390305e-7,0,5.587933173956117e-7,0.00003139164618914947,-100,0,-9.313227167240257e-8,99.99998474121094,0.00003139164255117066,0,0.000024326163838850334,-1.0667763948440552,-0.005969460587948561,1],[7,-2.9780189990997314,-99.93245697021484,2.1530675888061523,0,-99.89128875732422,2.8981266021728516,-3.651179075241089,0,3.5863137245178223,-2.2594594955444336,-99.91011047363281,0,-0.040575653314590454,-0.1624782532453537,0.9368290901184082,1],[7,2.793729543685913,-99.78421020507812,-5.9419660568237305,0,-99.8920669555664,-2.5662050247192383,-3.8715617656707764,0,3.710723638534546,6.043713092803955,-99.74818420410156,0,-0.019351312890648842,-0.4429641366004944,0.9039451479911804,1],[7,7.930502414703369,-99.58194732666016,-4.532350540161133,0,-98.75665283203125,-7.229440689086914,-13.95920467376709,0,13.573183059692383,5.583032131195068,-98.9171142578125,0,-0.08274856954813004,-0.621128499507904,0.9041379690170288,1],[7,88.62989044189453,-45.79874038696289,6.871566295623779,0,-46.24571228027344,-88.31439208984375,7.867835998535156,0,2.4652116298675537,-10.151057243347168,-99.452880859375,0,0.49359330534935,-0.20302647352218628,0.9743810296058655,1],[7,11.667724609375,-99.267333984375,-3.1401302814483643,0,-98.41514587402344,-11.13088321685791,-13.80441951751709,0,13.353753089904785,4.701025009155273,-98.9927978515625,0,-0.06530052423477173,-0.7252818942070007,0.914740264415741,1],[7,88.62989044189453,-43.828819274902344,14.95920181274414,0,-46.24571228027344,-85.47933959960938,23.55029296875,0,2.4652116298675537,-27.79058265686035,-96.02918243408203,0,0.5023095607757568,-0.054126303642988205,1.0002275705337524,1],[7,4.5587639808654785,-99.60690307617188,-7.59486198425293,0,-98.94462585449219,-3.4554896354675293,-14.07196044921875,0,13.754202842712402,8.156214714050293,-98.71319580078125,0,-0.09564533084630966,-0.7649250626564026,0.8811951875686646,1],[7,-3.4139153957366943,-99.43180847167969,-10.082706451416016,0,-98.93939971923828,4.787650108337402,-13.713970184326172,0,14.118770599365234,9.507584571838379,-98.54066467285156,0,-0.13337166607379913,-0.7613741159439087,0.8618558049201965,1],[7,-3.4139153957366943,-99.3724136352539,-10.6521577835083,0,-98.93939971923828,4.866135120391846,-13.686318397521973,0,14.118770599365234,10.071940422058105,-98.48458099365234,0,-0.1334080547094345,-0.7945894598960876,0.8573179244995117,1],[7,11.667724609375,-98.8320083618164,-9.80300235748291,0,-98.41514587402344,-10.178181648254395,-14.52112865447998,0,13.353753089904785,11.341922760009766,-98.45320892333984,0,-0.06527236104011536,-0.8168616890907288,0.8618013262748718,1],[7,11.667724609375,-99.3155288696289,-0.5378074049949646,0,-98.41514587402344,-11.488798141479492,-13.508001327514648,0,13.353753089904785,2.1053600311279297,-99.08199310302734,0,-0.06534496694803238,-0.7618144750595093,0.9369776844978333,1],[7,88.62989044189453,-44.715431213378906,12.052936553955078,0,-46.24571228027344,-86.83966827392578,17.894309997558594,0,2.4652116298675537,-21.433670043945312,-97.64485168457031,0,0.4949644207954407,-0.14810426533222198,0.9926522374153137,1],[7,13.733051300048828,-99.03703308105469,-1.7521659135818481,0,-98.16583251953125,-13.371827125549316,-13.589093208312988,0,13.223936080932617,3.5862247943878174,-99.05686950683594,0,-0.07258506864309311,-0.7418343424797058,0.9241983294487,1],[7,13.733051300048828,-98.9761734008789,3.8885440826416016,0,-98.16583251953125,-14.123727798461914,-12.805840492248535,0,13.223936080932617,-2.058588743209839,-99.10038757324219,0,-0.07263022661209106,-0.7151951789855957,0.9664794206619263,1],[7,4.5587639808654785,-99.35810089111328,-10.353052139282227,0,-98.94462585449219,-3.0640861988067627,-14.162339210510254,0,13.754202842712402,10.88941478729248,-98.44917297363281,0,-0.09565538913011551,-0.8172944188117981,0.8588697910308838,1],[7,4.5587639808654785,-99.88652038574219,-1.3787846565246582,0,-98.94462585449219,-4.324880599975586,-13.829529762268066,0,13.754202842712402,1.994688630104065,-99.02948760986328,0,-0.09569884091615677,-0.762370228767395,0.9311778545379639,1],[7,13.733051300048828,-99.05205535888672,-0.3063923120498657,0,-98.16583251953125,-13.568755149841309,-13.392464637756348,0,13.223936080932617,2.1399662494659424,-99.09866333007812,0,-0.07257474213838577,-0.6996471881866455,0.9349279999732971,1],[7,-3.4139153957366943,-99.92668151855469,1.7331759929656982,0,-98.93939971923828,3.134180784225464,-14.183493614196777,0,14.118770599365234,-2.1990060806274414,-98.97384643554688,0,-0.13344095647335052,-0.7048609852790833,0.951911449432373,1]],8,8,8,8,8,8,8,8,8,8,8,8,8,8,8,8,8,8,8,8,8,8,8,8,8,8,8,8,8,8,8,8,8,8,8,8,8,8,8]]],0,0,[],[],[]],[[[0,".bin",4136917838,[{"primitives":[{"primitiveMode":7,"vertexBundelIndices":[0],"indexView":{"offset":3200,"length":624,"count":156,"stride":4}}],"vertexBundles":[{"view":{"offset":0,"length":3200,"count":40,"stride":80},"attributes":[{"name":"a_position","format":32,"isNormalized":false},{"name":"a_normal","format":32,"isNormalized":false},{"name":"a_texCoord","format":21,"isNormalized":false},{"name":"a_tangent","format":44,"isNormalized":false},{"name":"a_joints","format":42,"isNormalized":false},{"name":"a_weights","format":44,"isNormalized":false},{"name":"a_texCoord1","format":21,"isNormalized":false}]}]},"minPosition",8,[1,-0.000861803418956697,-0.0020843942184001207,0.012505820021033287],"maxPosition",8,[1,0.0008618035353720188,-0.001902729389257729,0.012906280346214771]]],-1],0,0,[],[],[]],[[[0,".bin",2113592087,[{"primitives":[{"primitiveMode":7,"jointMapIndex":0,"vertexBundelIndices":[0],"indexView":{"offset":3600,"length":696,"count":174,"stride":4}}],"vertexBundles":[{"view":{"offset":0,"length":3600,"count":45,"stride":80},"attributes":[{"name":"a_position","format":32,"isNormalized":false},{"name":"a_normal","format":32,"isNormalized":false},{"name":"a_texCoord","format":21,"isNormalized":false},{"name":"a_tangent","format":44,"isNormalized":false},{"name":"a_joints","format":42,"isNormalized":false},{"name":"a_weights","format":44,"isNormalized":false},{"name":"a_texCoord1","format":21,"isNormalized":false}]}],"jointMaps":[[0,1,2,3]]},"minPosition",8,[1,0.000505632720887661,-0.0010972891468554735,-0.000028745276722474955],"maxPosition",8,[1,0.0014745894586667418,0.000754680426325649,0.001114415004849434]]],-1],0,0,[],[],[]],[[[0,".bin",445078218,[{"primitives":[{"primitiveMode":7,"vertexBundelIndices":[0],"indexView":{"offset":1920,"length":192,"count":48,"stride":4}}],"vertexBundles":[{"view":{"offset":0,"length":1920,"count":24,"stride":80},"attributes":[{"name":"a_position","format":32,"isNormalized":false},{"name":"a_normal","format":32,"isNormalized":false},{"name":"a_texCoord","format":21,"isNormalized":false},{"name":"a_tangent","format":44,"isNormalized":false},{"name":"a_joints","format":42,"isNormalized":false},{"name":"a_weights","format":44,"isNormalized":false},{"name":"a_texCoord1","format":21,"isNormalized":false}]}]},"minPosition",8,[1,-0.001238146796822548,-0.00044111890019848943,-0.00021286221453920007],"maxPosition",8,[1,0.0012381869601085782,0.0004044153029099107,0.0001464199594920501]]],-1],0,0,[],[],[]],[[[1,"Skin-5",772850096,["mixamorig:Hips/mixamorig:Spine/mixamorig:Spine1/mixamorig:Spine2/mixamorig:Neck/mixamorig:Head"],[[[7,100,0,0,0,0,0.00003139164618914947,-100,0,0,100,0.00003139164618914947,0,0.000024299621145473793,-1.0667763948440552,-0.005969460587948561,1]],8]]],0,0,[],[],[]],[[[1,"Skin-2",3313961365,["mixamorig:Hips/mixamorig:Spine/mixamorig:Spine1/mixamorig:Spine2/mixamorig:LeftShoulder/mixamorig:LeftArm","mixamorig:Hips/mixamorig:Spine/mixamorig:Spine1/mixamorig:Spine2/mixamorig:LeftShoulder/mixamorig:LeftArm/mixamorig:LeftForeArm","mixamorig:Hips/mixamorig:Spine/mixamorig:Spine1/mixamorig:Spine2/mixamorig:LeftShoulder/mixamorig:LeftArm/mixamorig:LeftForeArm/mixamorig:LeftHand","mixamorig:Hips/mixamorig:Spine/mixamorig:Spine1/mixamorig:Spine2","mixamorig:Hips/mixamorig:Spine/mixamorig:Spine1/mixamorig:Spine2/mixamorig:LeftShoulder","mixamorig:Hips/mixamorig:Spine/mixamorig:Spine1","mixamorig:Hips/mixamorig:Spine","mixamorig:Hips","mixamorig:Hips/mixamorig:Spine/mixamorig:Spine1/mixamorig:Spine2/mixamorig:Neck","mixamorig:Hips/mixamorig:Spine/mixamorig:Spine1/mixamorig:Spine2/mixamorig:LeftShoulder/mixamorig:LeftArm/mixamorig:LeftForeArm/mixamorig:LeftHand/mixamorig:LeftHandPinky1","mixamorig:Hips/mixamorig:Spine/mixamorig:Spine1/mixamorig:Spine2/mixamorig:LeftShoulder/mixamorig:LeftArm/mixamorig:LeftForeArm/mixamorig:LeftHand/mixamorig:LeftHandThumb1","mixamorig:Hips/mixamorig:Spine/mixamorig:Spine1/mixamorig:Spine2/mixamorig:Neck/mixamorig:Head","mixamorig:Hips/mixamorig:Spine/mixamorig:Spine1/mixamorig:Spine2/mixamorig:RightShoulder","mixamorig:Hips/mixamorig:Spine/mixamorig:Spine1/mixamorig:Spine2/mixamorig:RightShoulder/mixamorig:RightArm","mixamorig:Hips/mixamorig:Spine/mixamorig:Spine1/mixamorig:Spine2/mixamorig:RightShoulder/mixamorig:RightArm/mixamorig:RightForeArm","mixamorig:Hips/mixamorig:Spine/mixamorig:Spine1/mixamorig:Spine2/mixamorig:RightShoulder/mixamorig:RightArm/mixamorig:RightForeArm/mixamorig:RightHand","mixamorig:Hips/mixamorig:Spine/mixamorig:Spine1/mixamorig:Spine2/mixamorig:RightShoulder/mixamorig:RightArm/mixamorig:RightForeArm/mixamorig:RightHand/mixamorig:RightHandMiddle1","mixamorig:Hips/mixamorig:RightUpLeg"],[[[7,-2.672558307647705,99.94094848632812,-2.1597342491149902,0,99.89326477050781,2.588613748550415,-3.8254995346069336,0,-3.7673332691192627,-2.2596678733825684,-99.90345764160156,0,0.04117082059383392,-0.16246213018894196,0.9367956519126892,1],[7,2.775270462036133,99.78494262695312,5.938276290893555,0,99.8859634399414,-2.5374066829681396,-4.044201374053955,0,-3.8848259449005127,6.0437421798706055,-99.74156951904297,0,0.021141210570931435,-0.4429224729537964,0.9039040803909302,1],[7,8.419709205627441,99.55033111572266,4.340458393096924,0,98.54642486572266,-7.673977851867676,-15.15626335144043,0,-14.755024909973145,5.55348014831543,-98.74942016601562,0,0.09111635386943817,-0.6206270456314087,0.9036468863487244,1],[7,100,-4.1053940802449063e-10,-1.1820279199881156e-9,0,-1.1640440833460275e-9,4.1343607902526855,-99.91449737548828,0,4.5905768075726883e-10,99.91449737548828,4.1343607902526855,0,0.00002429961932648439,-0.8615682721138,-0.04227183014154434,1],[7,-1.3986097574234009,95.72980499267578,-28.876419067382812,0,99.90396118164062,0.13854466378688812,-4.379483222961426,0,-4.152464389801025,-28.90993881225586,-95.63980865478516,0,0.042426947504282,0.2223672866821289,0.9460551142692566,1],[7,100,-4.1053940802449063e-10,-1.1820279199881156e-9,0,-1.1640440833460275e-9,4.1343607902526855,-99.91449737548828,0,4.5905768075726883e-10,99.91449737548828,4.1343607902526855,0,0.00002429961932648439,-0.7483804225921631,-0.04227183014154434,1],[7,100,-4.1053943578006624e-10,-1.1820279199881156e-9,0,-1.1640440833460275e-9,4.134358882904053,-99.91449737548828,0,4.5905768075726883e-10,99.91449737548828,4.134358882904053,0,0.00002429961932648439,-0.6493411064147949,-0.04227181524038315,1],[7,100,-4.590573199347858e-10,-1.16404419436833e-9,0,-1.1640440833460275e-9,0.00003139164618914947,-100,0,4.5905768075726883e-10,100,0.00003139164618914947,0,0.00002429961932648439,-0.5657153129577637,-0.018899450078606606,1],[7,100,-4.590573199347858e-10,-1.16404419436833e-9,0,-1.1640440833460275e-9,0.00003139164618914947,-100,0,4.5905768075726883e-10,100,0.00003139164618914947,0,0.00002429961932648439,-0.989806592464447,-0.0013511196011677384,1],[7,-5.747000694274902,99.2397689819336,10.883051872253418,0,98.64102172851562,7.325140953063965,-14.706839561462402,0,-15.392231941223145,9.889951705932617,-98.31209564208984,0,0.16151104867458344,-0.7617260813713074,0.8544993996620178,1],[7,87.36204528808594,47.935211181640625,-8.371915817260742,0,48.526851654052734,-87.09815979003906,7.68478536605835,0,-3.6080663204193115,-10.776212692260742,-99.35218048095703,0,-0.47322776913642883,-0.21171753108501434,0.9819995760917664,1],[7,100,-4.590573199347858e-10,-1.16404419436833e-9,0,-1.1640440833460275e-9,0.00003139164618914947,-100,0,4.5905768075726883e-10,100,0.00003139164618914947,0,0.00002429961932648439,-1.0667763948440552,-0.005969460587948561,1],[7,-1.109139323234558,-95.72981262207031,28.88897132873535,0,-99.90763092041016,-0.13856421411037445,-4.294933319091797,0,4.151561737060547,-28.909923553466797,-95.63984680175781,0,-0.04242001473903656,0.22231686115264893,0.946070671081543,1],[7,-2.9780194759368896,-99.93245697021484,2.1530678272247314,0,-99.89128875732422,2.898127317428589,-3.651179075241089,0,3.5863142013549805,-2.259459972381592,-99.91012573242188,0,-0.040575653314590454,-0.1624782383441925,0.936829149723053,1],[7,2.793728828430176,-99.78421020507812,-5.9419660568237305,0,-99.8920669555664,-2.566204309463501,-3.8715617656707764,0,3.710724353790283,6.0437140464782715,-99.74819946289062,0,-0.01935131475329399,-0.442964106798172,0.9039451479911804,1],[7,7.930501937866211,-99.58194732666016,-4.532350540161133,0,-98.75665283203125,-7.229440212249756,-13.95920467376709,0,13.573184967041016,5.583032608032227,-98.91712951660156,0,-0.08274857699871063,-0.6211284399032593,0.9041379690170288,1],[7,11.667723655700684,-99.267333984375,-3.1401302814483643,0,-98.41514587402344,-11.13088321685791,-13.80441951751709,0,13.353755950927734,4.701025485992432,-98.99281311035156,0,-0.06530053168535233,-0.7252818942070007,0.914740264415741,1],[7,-99.91355895996094,-4.157057762145996,1.768423185666279e-9,0,-0.1666378229856491,4.005086898803711,-99.91962432861328,0,4.153716564178467,-99.833251953125,-4.008552074432373,0,-0.10267078131437302,0.5148020386695862,0.008940688334405422,1]],8,8,8,8,8,8,8,8,8,8,8,8,8,8,8,8,8,8]]],0,0,[],[],[]],[[[1,"Skin-6",1908319371,["mixamorig:Hips/mixamorig:RightUpLeg/mixamorig:RightLeg/mixamorig:RightFoot","mixamorig:Hips/mixamorig:RightUpLeg/mixamorig:RightLeg","mixamorig:Hips/mixamorig:RightUpLeg/mixamorig:RightLeg/mixamorig:RightFoot/mixamorig:RightToeBase","mixamorig:Hips/mixamorig:RightUpLeg"],[[[7,-98.9194564819336,-13.440104484558105,-5.856984615325928,0,14.170950889587402,-77.41148376464844,-61.698028564453125,0,3.758300304412842,-61.86133575439453,78.47959899902344,0,-0.1003912016749382,0.04283957555890083,-0.047071702778339386,1],[7,-99.97176361083984,-2.372173547744751,-0.1385471075773239,0,-0.09525188058614731,9.826495170593262,-99.51598358154297,0,2.3743057250976562,-99.48773956298828,-9.82597827911377,0,-0.09785697609186172,0.2700667977333069,0.024729209020733833,1],[7,-99.02808380126953,-12.63057804107666,5.823030948638916,0,12.746776580810547,-99.17024993896484,1.6677311658859253,0,5.5640692710876465,2.393770456314087,99.81636810302734,0,-0.10144828259944916,-0.07439719140529633,0.003550412366166711,1],[7,-99.91355895996094,-4.157057762145996,2.6629548344203613e-8,0,-0.1666378527879715,4.005086898803711,-99.91962432861328,0,4.15371561050415,-99.83323669433594,-4.008551597595215,0,-0.10267078131437302,0.5148020386695862,0.008940682746469975,1]],8,8,8,8]]],0,0,[],[],[]],[[[0,".bin",2597143316,[{"primitives":[{"primitiveMode":7,"vertexBundelIndices":[0],"indexView":{"offset":792,"length":192,"count":48,"stride":4}}],"vertexBundles":[{"view":{"offset":0,"length":792,"count":11,"stride":72},"attributes":[{"name":"a_position","format":32,"isNormalized":false},{"name":"a_normal","format":32,"isNormalized":false},{"name":"a_texCoord","format":21,"isNormalized":false},{"name":"a_tangent","format":44,"isNormalized":false},{"name":"a_joints","format":42,"isNormalized":false},{"name":"a_weights","format":44,"isNormalized":false}]}]},"minPosition",8,[1,-0.00019114225869998336,-0.00015336474461946636,-0.00021817703964188695],"maxPosition",8,[1,0.00022537507175002247,0.00019971467554569244,0.00020403267990332097]]],-1],0,0,[],[],[]],[[[1,"Skin-9",772850096,["mixamorig:Hips/mixamorig:Spine/mixamorig:Spine1/mixamorig:Spine2/mixamorig:Neck/mixamorig:Head"],[[[7,100,0,0,0,0,0.00003139164618914947,-100,0,0,100,0.00003139164618914947,0,0.000024299621145473793,-1.0667763948440552,-0.005969460587948561,1]],8]]],0,0,[],[],[]],[[[0,".bin",392181094,[{"primitives":[{"primitiveMode":7,"vertexBundelIndices":[0],"indexView":{"offset":960,"length":192,"count":48,"stride":4}}],"vertexBundles":[{"view":{"offset":0,"length":960,"count":12,"stride":80},"attributes":[{"name":"a_position","format":32,"isNormalized":false},{"name":"a_normal","format":32,"isNormalized":false},{"name":"a_texCoord","format":21,"isNormalized":false},{"name":"a_tangent","format":44,"isNormalized":false},{"name":"a_joints","format":42,"isNormalized":false},{"name":"a_weights","format":44,"isNormalized":false},{"name":"a_texCoord1","format":21,"isNormalized":false}]}]},"minPosition",8,[1,-0.001272436697036028,-0.002044523134827614,0.01271243765950203],"maxPosition",8,[1,0.0012725085252895951,-0.0018174840370193124,0.013148562982678413]]],-1],0,0,[],[],[]],[[[1,"Skin-3",654303068,["mixamorig:Hips/mixamorig:Spine/mixamorig:Spine1/mixamorig:Spine2/mixamorig:Neck/mixamorig:Head","mixamorig:Hips/mixamorig:Spine/mixamorig:Spine1/mixamorig:Spine2/mixamorig:Neck"],[[[7,100,0,0,0,0,0.00003139164618914947,-100,0,0,100,0.00003139164618914947,0,-0.000005183722805668367,0.3293865919113159,-0.042497292160987854,1],[7,100,0,0,0,0,0.00003139164618914947,-100,0,0,100,0.00003139164618914947,0,-0.000005183722805668367,0.40635642409324646,-0.03787895292043686,1]],8,8]]],0,0,[],[],[]],[[[0,".bin",413492619,[{"primitives":[{"primitiveMode":7,"jointMapIndex":0,"vertexBundelIndices":[0],"indexView":{"offset":4160,"length":228,"count":114,"stride":2}},{"primitiveMode":7,"jointMapIndex":1,"vertexBundelIndices":[1],"indexView":{"offset":9268,"length":228,"count":114,"stride":2}},{"primitiveMode":7,"jointMapIndex":0,"vertexBundelIndices":[2],"indexView":{"offset":15016,"length":270,"count":135,"stride":2}},{"primitiveMode":7,"jointMapIndex":1,"vertexBundelIndices":[3],"indexView":{"offset":20406,"length":282,"count":141,"stride":2}}],"vertexBundles":[{"view":{"offset":0,"length":4160,"count":52,"stride":80},"attributes":[{"name":"a_position","format":32,"isNormalized":false},{"name":"a_normal","format":32,"isNormalized":false},{"name":"a_texCoord","format":21,"isNormalized":false},{"name":"a_tangent","format":44,"isNormalized":false},{"name":"a_joints","format":42,"isNormalized":false},{"name":"a_weights","format":44,"isNormalized":false},{"name":"a_texCoord1","format":21,"isNormalized":false}]},{"view":{"offset":4388,"length":4880,"count":61,"stride":80},"attributes":[{"name":"a_position","format":32,"isNormalized":false},{"name":"a_normal","format":32,"isNormalized":false},{"name":"a_texCoord","format":21,"isNormalized":false},{"name":"a_tangent","format":44,"isNormalized":false},{"name":"a_joints","format":42,"isNormalized":false},{"name":"a_weights","format":44,"isNormalized":false},{"name":"a_texCoord1","format":21,"isNormalized":false}]},{"view":{"offset":9496,"length":5520,"count":69,"stride":80},"attributes":[{"name":"a_position","format":32,"isNormalized":false},{"name":"a_normal","format":32,"isNormalized":false},{"name":"a_texCoord","format":21,"isNormalized":false},{"name":"a_tangent","format":44,"isNormalized":false},{"name":"a_joints","format":42,"isNormalized":false},{"name":"a_weights","format":44,"isNormalized":false},{"name":"a_texCoord1","format":21,"isNormalized":false}]},{"view":{"offset":15286,"length":5120,"count":64,"stride":80},"attributes":[{"name":"a_position","format":32,"isNormalized":false},{"name":"a_normal","format":32,"isNormalized":false},{"name":"a_texCoord","format":21,"isNormalized":false},{"name":"a_tangent","format":44,"isNormalized":false},{"name":"a_joints","format":42,"isNormalized":false},{"name":"a_weights","format":44,"isNormalized":false},{"name":"a_texCoord1","format":21,"isNormalized":false}]}],"jointMaps":[[0,1,2,3,4,5,6,7,8,9,10,11,12,14,15,16,17,18,19,20,22,23,24,25,26,32],[0,1,2,3,4,5,6,7,8,9,20,21,22,23,24,25,26,27,28,29,30,31,32,33,34,35,36,37,38]]},"minPosition",8,[1,-0.007673262152820826,-0.0010557494824752212,0.008891195058822632],"maxPosition",8,[1,0.007672776002436876,0.0005134431412443519,0.010798466391861439]]],-1],0,0,[],[],[]],[[[1,"Skin-10",818991582,["mixamorig:Hips/mixamorig:LeftUpLeg/mixamorig:LeftLeg","mixamorig:Hips/mixamorig:LeftUpLeg/mixamorig:LeftLeg/mixamorig:LeftFoot","mixamorig:Hips/mixamorig:LeftUpLeg/mixamorig:LeftLeg/mixamorig:LeftFoot/mixamorig:LeftToeBase","mixamorig:Hips/mixamorig:LeftUpLeg"],[[[7,-99.97178649902344,2.3712985515594482,0.13916966319084167,0,0.10326482355594635,10.191908836364746,-99.47921752929688,0,-2.3731331825256348,-99.45100402832031,-10.191481590270996,0,0.09780377149581909,0.269819438457489,0.027253538370132446,1],[7,-98.97968292236328,13.189961433410645,5.38949728012085,0,-13.741244316101074,-78.3600845336914,-60.58775329589844,0,-3.76828670501709,-60.71015167236328,79.37303161621094,0,0.10064473003149033,0.04428780823945999,-0.04603089019656181,1],[7,-99.0425796508789,12.829541206359863,-5.096158981323242,0,-12.934728622436523,-99.14378356933594,1.7894960641860962,0,-4.822940826416016,2.431537389755249,99.8540267944336,0,0.10124766081571579,-0.07478834688663483,0.002824167488142848,1],[7,-99.91358184814453,4.156469821929932,1.8470360796385421e-9,0,0.18069417774677277,4.343542575836182,-99.90545654296875,0,-4.15254020690918,-99.81912231445312,-4.347299098968506,0,0.10261654108762741,0.5147410035133362,0.011398431845009327,1]],8,8,8,8]]],0,0,[],[],[]],[[[1,"Skin-7",3716757068,["mixamorig:Hips/mixamorig:Spine/mixamorig:Spine1/mixamorig:Spine2/mixamorig:Neck","mixamorig:Hips/mixamorig:Spine/mixamorig:Spine1/mixamorig:Spine2/mixamorig:Neck/mixamorig:Head","mixamorig:Hips/mixamorig:Spine/mixamorig:Spine1/mixamorig:Spine2"],[[[7,100,0,0,0,0,0.00003139164618914947,-100,0,0,100,0.00003139164618914947,0,0.000024305325496243313,0.2663011848926544,0.01821986213326454,1],[7,100,0,0,0,0,0.00003139164618914947,-100,0,0,100,0.00003139164618914947,0,0.000024305325496243313,0.18933135271072388,0.013601521961390972,1],[7,100,0,0,0,0,4.1343607902526855,-99.91449737548828,0,0,99.91449737548828,4.1343607902526855,0,0.000024305325496243313,0.39265644550323486,0.029214054346084595,1]],8,8,8]]],0,0,[],[],[]],[[[0,".bin",3334926658,[{"primitives":[{"primitiveMode":7,"jointMapIndex":0,"vertexBundelIndices":[0],"indexView":{"offset":11840,"length":2652,"count":663,"stride":4}}],"vertexBundles":[{"view":{"offset":0,"length":11840,"count":148,"stride":80},"attributes":[{"name":"a_position","format":32,"isNormalized":false},{"name":"a_normal","format":32,"isNormalized":false},{"name":"a_texCoord","format":21,"isNormalized":false},{"name":"a_tangent","format":44,"isNormalized":false},{"name":"a_joints","format":42,"isNormalized":false},{"name":"a_weights","format":44,"isNormalized":false},{"name":"a_texCoord1","format":21,"isNormalized":false}]}],"jointMaps":[[0,1,2,3,4,5,6,7,8,9]]},"minPosition",8,[1,-0.001650402438826859,-0.0013250723714008927,0.0007041210192255676],"maxPosition",8,[1,0.0016437142621725798,0.0009622701327316463,0.006080076564103365]]],-1],0,0,[],[],[]],[[[0,".bin",3459019422,[{"primitives":[{"primitiveMode":7,"jointMapIndex":0,"vertexBundelIndices":[0],"indexView":{"offset":16000,"length":3780,"count":945,"stride":4}}],"vertexBundles":[{"view":{"offset":0,"length":16000,"count":200,"stride":80},"attributes":[{"name":"a_position","format":32,"isNormalized":false},{"name":"a_normal","format":32,"isNormalized":false},{"name":"a_texCoord","format":21,"isNormalized":false},{"name":"a_tangent","format":44,"isNormalized":false},{"name":"a_joints","format":42,"isNormalized":false},{"name":"a_weights","format":44,"isNormalized":false},{"name":"a_texCoord1","format":21,"isNormalized":false}]}],"jointMaps":[[0,1,2,3,4,5,6,7,8,9,10,11,12,13,14,15,16,17]]},"minPosition",8,[1,-0.005744375754147768,-0.0014186061453074217,0.005734332371503115],"maxPosition",8,[1,0.005744314752519131,0.0009778599487617612,0.010545318014919758]]],-1],0,0,[],[],[]],[[[1,"Skin-1",3478906579,["mixamorig:Hips","mixamorig:Hips/mixamorig:LeftUpLeg","mixamorig:Hips/mixamorig:RightUpLeg","mixamorig:Hips/mixamorig:LeftUpLeg/mixamorig:LeftLeg","mixamorig:Hips/mixamorig:LeftUpLeg/mixamorig:LeftLeg/mixamorig:LeftFoot","mixamorig:Hips/mixamorig:LeftUpLeg/mixamorig:LeftLeg/mixamorig:LeftFoot/mixamorig:LeftToeBase","mixamorig:Hips/mixamorig:Spine","mixamorig:Hips/mixamorig:RightUpLeg/mixamorig:RightLeg","mixamorig:Hips/mixamorig:RightUpLeg/mixamorig:RightLeg/mixamorig:RightFoot","mixamorig:Hips/mixamorig:RightUpLeg/mixamorig:RightLeg/mixamorig:RightFoot/mixamorig:RightToeBase"],[[[7,100,-1.1277731637449051e-8,2.3283055483602766e-8,0,2.3283059036316445e-8,0.00003139164618914947,-100,0,1.1277722755664854e-8,99.99998474121094,0.00003139164255117066,0,0.000024300916265929118,-0.5657153129577637,-0.018899455666542053,1],[7,-99.91358184814453,4.156469345092773,2.0896383290391896e-8,0,0.18069414794445038,4.343542575836182,-99.90545654296875,0,-4.152539253234863,-99.81910705566406,-4.347298622131348,0,0.10261654108762741,0.5147410035133362,0.011398429051041603,1],[7,-99.91355895996094,-4.157057762145996,2.6629548344203613e-8,0,-0.1666378527879715,4.005086898803711,-99.91962432861328,0,4.15371561050415,-99.83323669433594,-4.008551597595215,0,-0.10267078131437302,0.5148020386695862,0.008940682746469975,1],[7,-99.97178649902344,2.371298313140869,0.13916967809200287,0,0.10326479375362396,10.191908836364746,-99.47921752929688,0,-2.3731324672698975,-99.45098876953125,-10.191479682922363,0,0.09780377149581909,0.269819438457489,0.027253536507487297,1],[7,-98.97968292236328,13.189961433410645,5.389497756958008,0,-13.741244316101074,-78.3600845336914,-60.58775329589844,0,-3.7682857513427734,-60.710140228271484,79.37301635742188,0,0.10064473748207092,0.04428780823945999,-0.04603089019656181,1],[7,-99.0425796508789,12.829541206359863,-5.096158504486084,0,-12.934728622436523,-99.14378356933594,1.7894960641860962,0,-4.822939872741699,2.431536912918091,99.85401153564453,0,0.10124766081571579,-0.07478834688663483,0.0028241677209734917,1],[7,100,-1.2230686685654746e-8,2.279688970929783e-8,0,2.3283059036316445e-8,4.134358882904053,-99.91449737548828,0,1.1277722755664854e-8,99.91448211669922,4.134357929229736,0,0.000024300916265929118,-0.6493411064147949,-0.04227181896567345,1],[7,-99.97176361083984,-2.372173547744751,-0.1385471075773239,0,-0.09525188058614731,9.826495170593262,-99.51598358154297,0,2.3743057250976562,-99.48773956298828,-9.82597827911377,0,-0.09785697609186172,0.2700667977333069,0.024729209020733833,1],[7,-98.9194564819336,-13.440104484558105,-5.856984615325928,0,14.170950889587402,-77.41148376464844,-61.698028564453125,0,3.758300304412842,-61.86133575439453,78.47959899902344,0,-0.1003912016749382,0.04283957555890083,-0.047071702778339386,1],[7,-99.02808380126953,-12.63057804107666,5.823030948638916,0,12.746776580810547,-99.17024993896484,1.6677311658859253,0,5.5640692710876465,2.393770456314087,99.81636810302734,0,-0.10144828259944916,-0.07439719140529633,0.003550412366166711,1]],8,8,8,8,8,8,8,8,8,8]]],0,0,[],[],[]]]]
