[1,["e07636a9-8616-43ad-bdfe-c13b93ebf093","1263d74c-8167-4928-91a6-4e2672411f47@2e76e","b5b27ab1-e740-4398-b407-848fc2b2c897@6c48a","a3cd009f-0ab0-420d-9278-b9fdab939bbc"],["root","node","data","_mesh","mainTexture","_effectAsset"],[["cc.Node",["_name","_prefab","_children","_lscale","_parent","_components","_lpos"],2,4,2,5,1,9,5],["cc.Prefab",["_name"],2],["cc.PrefabInfo",["fileId","root","asset"],2,1,1],["cc.MeshRenderer",["_name","node","__prefab","_materials","lightmapSettings","_mesh"],2,1,4,3,4,6],["cc.CompPrefabInfo",["fileId"],2],["cc.ModelLightmapSettings",[],3],["cc.Material",["_techIdx","_states","_defines","_props"],0,12]],[[2,0,1,2,2],[1,0,2],[0,0,2,1,3,2],[0,0,4,5,1,6,2],[3,0,1,2,3,4,5,2],[4,0,2],[5,1],[6,0,1,2,3,4]],[[[[1,"Shadow"],[2,"Shadow",[-2],[0,"3fwSI2zKFITpvl0OElS2p2",-1,0],[1,0.1,0.1,0.1]],[3,"Node",1,[[4,"Plane<ModelComponent>",-3,[5,"efVluvxW5NdZNE65L49Pcs"],[0],[6],1]],[0,"60wyyDpeBP7Zswe4toFEu4",1,0],[1,0,0.05,0]]],0,[0,0,1,0,-1,2,0,1,2,0,2,1,3],[0,0],[-1,3],[0,1]],[[[7,"1",[{"rasterizerState":{},"depthStencilState":{},"blendState":{"targets":[{}]}}],[{"USE_TEXTURE":true}],[[[{},"mainColor",8,[4,4278190080],"mainTexture",6,0]],11]]],0,0,[0,0],[4,5],[2,3]]]]
