[1,["b2653b92-b399-475e-8db7-3a7948cce7f1@f9941"],["spriteFrame"],[["cc.BitmapFont",["_name","fontSize","fntConfig"],0]],[[0,0,1,2,4]],[[0,"UTMColossalis",32,{"commonHeight":43,"fontSize":32,"atlasName":"UTMColossalis.png","fontDefDictionary":{"0":{"xOffset":-1,"yOffset":1,"xAdvance":79,"rect":{"x":316,"y":231,"width":80,"height":40}},"10":{"xOffset":-1,"yOffset":0,"xAdvance":0,"rect":{"x":0,"y":0,"width":0,"height":0}},"32":{"xOffset":-1,"yOffset":0,"xAdvance":9,"rect":{"x":0,"y":0,"width":0,"height":0}},"33":{"xOffset":1,"yOffset":10,"xAdvance":11,"rect":{"x":395,"y":181,"width":10,"height":25}},"34":{"xOffset":-1,"yOffset":9,"xAdvance":13,"rect":{"x":212,"y":231,"width":14,"height":13}},"35":{"xOffset":0,"yOffset":10,"xAdvance":21,"rect":{"x":476,"y":181,"width":21,"height":25}},"36":{"xOffset":-1,"yOffset":8,"xAdvance":17,"rect":{"x":310,"y":68,"width":19,"height":30}},"37":{"xOffset":-1,"yOffset":10,"xAdvance":28,"rect":{"x":446,"y":181,"width":30,"height":25}},"38":{"xOffset":0,"yOffset":10,"xAdvance":19,"rect":{"x":0,"y":206,"width":20,"height":25}},"39":{"xOffset":0,"yOffset":9,"xAdvance":7,"rect":{"x":226,"y":231,"width":7,"height":13}},"40":{"xOffset":0,"yOffset":10,"xAdvance":11,"rect":{"x":239,"y":68,"width":12,"height":30}},"41":{"xOffset":-1,"yOffset":10,"xAdvance":11,"rect":{"x":251,"y":68,"width":11,"height":30}},"42":{"xOffset":-1,"yOffset":10,"xAdvance":13,"rect":{"x":198,"y":231,"width":14,"height":14}},"43":{"xOffset":0,"yOffset":14,"xAdvance":21,"rect":{"x":339,"y":206,"width":21,"height":21}},"44":{"xOffset":-2,"yOffset":28,"xAdvance":8,"rect":{"x":233,"y":231,"width":10,"height":12}},"45":{"xOffset":-1,"yOffset":21,"xAdvance":12,"rect":{"x":282,"y":231,"width":14,"height":7}},"46":{"xOffset":0,"yOffset":28,"xAdvance":8,"rect":{"x":274,"y":231,"width":8,"height":7}},"47":{"xOffset":-1,"yOffset":10,"xAdvance":10,"rect":{"x":422,"y":181,"width":12,"height":25}},"48":{"xOffset":0,"yOffset":10,"xAdvance":19,"rect":{"x":376,"y":181,"width":19,"height":25}},"49":{"xOffset":2,"yOffset":9,"xAdvance":19,"rect":{"x":117,"y":129,"width":14,"height":26}},"50":{"xOffset":1,"yOffset":10,"xAdvance":19,"rect":{"x":226,"y":181,"width":17,"height":25}},"51":{"xOffset":0,"yOffset":10,"xAdvance":19,"rect":{"x":243,"y":181,"width":19,"height":25}},"52":{"xOffset":-1,"yOffset":10,"xAdvance":19,"rect":{"x":262,"y":181,"width":20,"height":25}},"53":{"xOffset":0,"yOffset":10,"xAdvance":19,"rect":{"x":282,"y":181,"width":18,"height":25}},"54":{"xOffset":0,"yOffset":10,"xAdvance":19,"rect":{"x":300,"y":181,"width":19,"height":25}},"55":{"xOffset":0,"yOffset":10,"xAdvance":19,"rect":{"x":319,"y":181,"width":19,"height":25}},"56":{"xOffset":0,"yOffset":10,"xAdvance":19,"rect":{"x":338,"y":181,"width":19,"height":25}},"57":{"xOffset":0,"yOffset":10,"xAdvance":19,"rect":{"x":357,"y":181,"width":19,"height":25}},"58":{"xOffset":1,"yOffset":17,"xAdvance":9,"rect":{"x":147,"y":231,"width":8,"height":18}},"59":{"xOffset":-1,"yOffset":17,"xAdvance":9,"rect":{"x":328,"y":206,"width":11,"height":23}},"60":{"xOffset":-1,"yOffset":10,"xAdvance":21,"rect":{"x":131,"y":129,"width":24,"height":26}},"61":{"xOffset":-1,"yOffset":18,"xAdvance":21,"rect":{"x":174,"y":231,"width":24,"height":14}},"62":{"xOffset":-1,"yOffset":10,"xAdvance":21,"rect":{"x":155,"y":129,"width":24,"height":26}},"63":{"xOffset":-1,"yOffset":10,"xAdvance":15,"rect":{"x":405,"y":181,"width":17,"height":25}},"64":{"xOffset":1,"yOffset":10,"xAdvance":29,"rect":{"x":444,"y":99,"width":27,"height":29}},"65":{"xOffset":-1,"yOffset":10,"xAdvance":21,"rect":{"x":0,"y":156,"width":23,"height":25}},"66":{"xOffset":-1,"yOffset":10,"xAdvance":21,"rect":{"x":23,"y":156,"width":22,"height":25}},"67":{"xOffset":0,"yOffset":10,"xAdvance":18,"rect":{"x":45,"y":156,"width":19,"height":25}},"68":{"xOffset":-1,"yOffset":10,"xAdvance":21,"rect":{"x":64,"y":156,"width":22,"height":25}},"69":{"xOffset":-1,"yOffset":10,"xAdvance":19,"rect":{"x":86,"y":156,"width":21,"height":25}},"70":{"xOffset":-1,"yOffset":10,"xAdvance":18,"rect":{"x":107,"y":156,"width":20,"height":25}},"71":{"xOffset":0,"yOffset":10,"xAdvance":20,"rect":{"x":127,"y":156,"width":20,"height":25}},"72":{"xOffset":-1,"yOffset":10,"xAdvance":21,"rect":{"x":147,"y":156,"width":23,"height":25}},"73":{"xOffset":-1,"yOffset":10,"xAdvance":11,"rect":{"x":170,"y":156,"width":12,"height":25}},"74":{"xOffset":-1,"yOffset":10,"xAdvance":17,"rect":{"x":182,"y":156,"width":19,"height":25}},"75":{"xOffset":-1,"yOffset":10,"xAdvance":21,"rect":{"x":201,"y":156,"width":23,"height":25}},"76":{"xOffset":-1,"yOffset":10,"xAdvance":18,"rect":{"x":224,"y":156,"width":20,"height":25}},"77":{"xOffset":-1,"yOffset":10,"xAdvance":30,"rect":{"x":244,"y":156,"width":32,"height":25}},"78":{"xOffset":-1,"yOffset":10,"xAdvance":24,"rect":{"x":276,"y":156,"width":26,"height":25}},"79":{"xOffset":0,"yOffset":10,"xAdvance":20,"rect":{"x":302,"y":156,"width":20,"height":25}},"80":{"xOffset":-1,"yOffset":10,"xAdvance":20,"rect":{"x":322,"y":156,"width":22,"height":25}},"81":{"xOffset":0,"yOffset":10,"xAdvance":20,"rect":{"x":146,"y":36,"width":20,"height":31}},"82":{"xOffset":-1,"yOffset":10,"xAdvance":21,"rect":{"x":344,"y":156,"width":23,"height":25}},"83":{"xOffset":-1,"yOffset":10,"xAdvance":19,"rect":{"x":367,"y":156,"width":20,"height":25}},"84":{"xOffset":-1,"yOffset":10,"xAdvance":19,"rect":{"x":387,"y":156,"width":22,"height":25}},"85":{"xOffset":-1,"yOffset":10,"xAdvance":21,"rect":{"x":409,"y":156,"width":23,"height":25}},"86":{"xOffset":-1,"yOffset":10,"xAdvance":20,"rect":{"x":432,"y":156,"width":22,"height":25}},"87":{"xOffset":-1,"yOffset":10,"xAdvance":31,"rect":{"x":454,"y":156,"width":33,"height":25}},"88":{"xOffset":-1,"yOffset":10,"xAdvance":20,"rect":{"x":487,"y":156,"width":22,"height":25}},"89":{"xOffset":-1,"yOffset":10,"xAdvance":19,"rect":{"x":0,"y":181,"width":21,"height":25}},"90":{"xOffset":-1,"yOffset":10,"xAdvance":18,"rect":{"x":21,"y":181,"width":20,"height":25}},"91":{"xOffset":1,"yOffset":10,"xAdvance":10,"rect":{"x":262,"y":68,"width":10,"height":30}},"92":{"xOffset":-1,"yOffset":10,"xAdvance":10,"rect":{"x":434,"y":181,"width":12,"height":25}},"93":{"xOffset":-1,"yOffset":10,"xAdvance":10,"rect":{"x":272,"y":68,"width":10,"height":30}},"94":{"xOffset":2,"yOffset":10,"xAdvance":23,"rect":{"x":155,"y":231,"width":19,"height":16}},"95":{"xOffset":-2,"yOffset":35,"xAdvance":16,"rect":{"x":296,"y":231,"width":20,"height":4}},"96":{"xOffset":-1,"yOffset":8,"xAdvance":9,"rect":{"x":263,"y":231,"width":11,"height":8}},"97":{"xOffset":0,"yOffset":15,"xAdvance":17,"rect":{"x":360,"y":206,"width":18,"height":20}},"98":{"xOffset":-1,"yOffset":10,"xAdvance":17,"rect":{"x":41,"y":181,"width":18,"height":25}},"99":{"xOffset":0,"yOffset":15,"xAdvance":15,"rect":{"x":378,"y":206,"width":16,"height":20}},"100":{"xOffset":0,"yOffset":10,"xAdvance":17,"rect":{"x":59,"y":181,"width":18,"height":25}},"101":{"xOffset":0,"yOffset":15,"xAdvance":16,"rect":{"x":394,"y":206,"width":17,"height":20}},"102":{"xOffset":-1,"yOffset":10,"xAdvance":11,"rect":{"x":77,"y":181,"width":14,"height":25}},"103":{"xOffset":-1,"yOffset":15,"xAdvance":17,"rect":{"x":91,"y":181,"width":19,"height":25}},"104":{"xOffset":-1,"yOffset":10,"xAdvance":18,"rect":{"x":110,"y":181,"width":20,"height":25}},"105":{"xOffset":-1,"yOffset":10,"xAdvance":9,"rect":{"x":130,"y":181,"width":11,"height":25}},"106":{"xOffset":-2,"yOffset":10,"xAdvance":9,"rect":{"x":228,"y":68,"width":11,"height":30}},"107":{"xOffset":-1,"yOffset":10,"xAdvance":18,"rect":{"x":141,"y":181,"width":20,"height":25}},"108":{"xOffset":-1,"yOffset":10,"xAdvance":9,"rect":{"x":161,"y":181,"width":11,"height":25}},"109":{"xOffset":-1,"yOffset":15,"xAdvance":26,"rect":{"x":411,"y":206,"width":28,"height":20}},"110":{"xOffset":-1,"yOffset":15,"xAdvance":18,"rect":{"x":439,"y":206,"width":20,"height":20}},"111":{"xOffset":0,"yOffset":15,"xAdvance":17,"rect":{"x":459,"y":206,"width":17,"height":20}},"112":{"xOffset":-1,"yOffset":15,"xAdvance":17,"rect":{"x":172,"y":181,"width":18,"height":25}},"113":{"xOffset":0,"yOffset":15,"xAdvance":17,"rect":{"x":190,"y":181,"width":18,"height":25}},"114":{"xOffset":-1,"yOffset":15,"xAdvance":15,"rect":{"x":476,"y":206,"width":17,"height":20}},"115":{"xOffset":-1,"yOffset":15,"xAdvance":16,"rect":{"x":493,"y":206,"width":18,"height":20}},"116":{"xOffset":-1,"yOffset":11,"xAdvance":11,"rect":{"x":497,"y":181,"width":13,"height":24}},"117":{"xOffset":-1,"yOffset":15,"xAdvance":18,"rect":{"x":0,"y":231,"width":19,"height":20}},"118":{"xOffset":-1,"yOffset":15,"xAdvance":17,"rect":{"x":19,"y":231,"width":19,"height":20}},"119":{"xOffset":-1,"yOffset":15,"xAdvance":25,"rect":{"x":38,"y":231,"width":27,"height":20}},"120":{"xOffset":-1,"yOffset":15,"xAdvance":16,"rect":{"x":65,"y":231,"width":18,"height":20}},"121":{"xOffset":-1,"yOffset":15,"xAdvance":17,"rect":{"x":208,"y":181,"width":18,"height":25}},"122":{"xOffset":-1,"yOffset":15,"xAdvance":15,"rect":{"x":83,"y":231,"width":18,"height":20}},"123":{"xOffset":-1,"yOffset":10,"xAdvance":11,"rect":{"x":282,"y":68,"width":14,"height":30}},"124":{"xOffset":0,"yOffset":9,"xAdvance":7,"rect":{"x":349,"y":0,"width":7,"height":34}},"125":{"xOffset":-1,"yOffset":10,"xAdvance":11,"rect":{"x":296,"y":68,"width":14,"height":30}},"126":{"xOffset":2,"yOffset":20,"xAdvance":23,"rect":{"x":243,"y":231,"width":20,"height":9}},"192":{"xOffset":-1,"yOffset":5,"xAdvance":21,"rect":{"x":329,"y":68,"width":23,"height":30}},"193":{"xOffset":-1,"yOffset":5,"xAdvance":21,"rect":{"x":375,"y":68,"width":23,"height":30}},"194":{"xOffset":-1,"yOffset":5,"xAdvance":21,"rect":{"x":439,"y":68,"width":23,"height":30}},"195":{"xOffset":-1,"yOffset":5,"xAdvance":21,"rect":{"x":352,"y":68,"width":23,"height":30}},"200":{"xOffset":-1,"yOffset":4,"xAdvance":19,"rect":{"x":297,"y":36,"width":21,"height":31}},"201":{"xOffset":-1,"yOffset":4,"xAdvance":19,"rect":{"x":318,"y":36,"width":21,"height":31}},"202":{"xOffset":-1,"yOffset":4,"xAdvance":19,"rect":{"x":339,"y":36,"width":21,"height":31}},"204":{"xOffset":-1,"yOffset":4,"xAdvance":11,"rect":{"x":411,"y":36,"width":12,"height":31}},"205":{"xOffset":-1,"yOffset":4,"xAdvance":11,"rect":{"x":423,"y":36,"width":12,"height":31}},"210":{"xOffset":0,"yOffset":4,"xAdvance":20,"rect":{"x":435,"y":36,"width":20,"height":31}},"211":{"xOffset":0,"yOffset":4,"xAdvance":20,"rect":{"x":455,"y":36,"width":20,"height":31}},"212":{"xOffset":0,"yOffset":5,"xAdvance":20,"rect":{"x":161,"y":99,"width":20,"height":30}},"213":{"xOffset":0,"yOffset":5,"xAdvance":20,"rect":{"x":121,"y":99,"width":20,"height":30}},"217":{"xOffset":-1,"yOffset":4,"xAdvance":21,"rect":{"x":50,"y":68,"width":23,"height":31}},"218":{"xOffset":-1,"yOffset":4,"xAdvance":21,"rect":{"x":73,"y":68,"width":23,"height":31}},"221":{"xOffset":-1,"yOffset":4,"xAdvance":19,"rect":{"x":207,"y":68,"width":21,"height":31}},"224":{"xOffset":0,"yOffset":9,"xAdvance":17,"rect":{"x":179,"y":129,"width":18,"height":26}},"225":{"xOffset":0,"yOffset":9,"xAdvance":17,"rect":{"x":197,"y":129,"width":18,"height":26}},"226":{"xOffset":0,"yOffset":9,"xAdvance":17,"rect":{"x":233,"y":129,"width":18,"height":26}},"227":{"xOffset":0,"yOffset":10,"xAdvance":17,"rect":{"x":20,"y":206,"width":18,"height":25}},"232":{"xOffset":0,"yOffset":9,"xAdvance":16,"rect":{"x":251,"y":129,"width":17,"height":26}},"233":{"xOffset":0,"yOffset":9,"xAdvance":16,"rect":{"x":268,"y":129,"width":17,"height":26}},"234":{"xOffset":0,"yOffset":9,"xAdvance":16,"rect":{"x":285,"y":129,"width":17,"height":26}},"236":{"xOffset":-1,"yOffset":9,"xAdvance":9,"rect":{"x":500,"y":99,"width":11,"height":26}},"237":{"xOffset":-1,"yOffset":9,"xAdvance":9,"rect":{"x":313,"y":129,"width":11,"height":26}},"242":{"xOffset":0,"yOffset":9,"xAdvance":17,"rect":{"x":324,"y":129,"width":17,"height":26}},"243":{"xOffset":0,"yOffset":9,"xAdvance":17,"rect":{"x":341,"y":129,"width":17,"height":26}},"244":{"xOffset":0,"yOffset":9,"xAdvance":17,"rect":{"x":358,"y":129,"width":17,"height":26}},"245":{"xOffset":0,"yOffset":10,"xAdvance":17,"rect":{"x":112,"y":206,"width":17,"height":25}},"249":{"xOffset":-1,"yOffset":9,"xAdvance":18,"rect":{"x":419,"y":129,"width":19,"height":26}},"250":{"xOffset":-1,"yOffset":9,"xAdvance":18,"rect":{"x":438,"y":129,"width":19,"height":26}},"253":{"xOffset":-1,"yOffset":9,"xAdvance":17,"rect":{"x":189,"y":68,"width":18,"height":31}},"258":{"xOffset":-1,"yOffset":4,"xAdvance":21,"rect":{"x":166,"y":36,"width":23,"height":31}},"259":{"xOffset":0,"yOffset":9,"xAdvance":17,"rect":{"x":215,"y":129,"width":18,"height":26}},"272":{"xOffset":-1,"yOffset":10,"xAdvance":21,"rect":{"x":56,"y":206,"width":22,"height":25}},"273":{"xOffset":0,"yOffset":5,"xAdvance":17,"rect":{"x":0,"y":99,"width":18,"height":30}},"296":{"xOffset":-1,"yOffset":5,"xAdvance":11,"rect":{"x":97,"y":99,"width":12,"height":30}},"297":{"xOffset":-1,"yOffset":9,"xAdvance":9,"rect":{"x":302,"y":129,"width":11,"height":26}},"360":{"xOffset":-1,"yOffset":5,"xAdvance":21,"rect":{"x":284,"y":99,"width":23,"height":30}},"361":{"xOffset":-1,"yOffset":10,"xAdvance":18,"rect":{"x":215,"y":206,"width":19,"height":25}},"416":{"xOffset":0,"yOffset":10,"xAdvance":21,"rect":{"x":146,"y":206,"width":25,"height":25}},"417":{"xOffset":-1,"yOffset":15,"xAdvance":19,"rect":{"x":101,"y":231,"width":22,"height":20}},"431":{"xOffset":-1,"yOffset":10,"xAdvance":22,"rect":{"x":253,"y":206,"width":27,"height":25}},"432":{"xOffset":-1,"yOffset":15,"xAdvance":19,"rect":{"x":123,"y":231,"width":24,"height":20}},"7840":{"xOffset":-1,"yOffset":10,"xAdvance":21,"rect":{"x":398,"y":68,"width":23,"height":30}},"7841":{"xOffset":0,"yOffset":15,"xAdvance":17,"rect":{"x":38,"y":206,"width":18,"height":25}},"7842":{"xOffset":-1,"yOffset":3,"xAdvance":21,"rect":{"x":443,"y":0,"width":23,"height":32}},"7843":{"xOffset":0,"yOffset":8,"xAdvance":17,"rect":{"x":0,"y":129,"width":18,"height":27}},"7844":{"xOffset":-1,"yOffset":1,"xAdvance":21,"rect":{"x":379,"y":0,"width":23,"height":34}},"7845":{"xOffset":0,"yOffset":5,"xAdvance":17,"rect":{"x":480,"y":68,"width":20,"height":30}},"7846":{"xOffset":-1,"yOffset":0,"xAdvance":21,"rect":{"x":200,"y":0,"width":23,"height":35}},"7847":{"xOffset":0,"yOffset":4,"xAdvance":17,"rect":{"x":243,"y":36,"width":18,"height":31}},"7848":{"xOffset":-1,"yOffset":-1,"xAdvance":21,"rect":{"x":46,"y":0,"width":23,"height":36}},"7849":{"xOffset":0,"yOffset":4,"xAdvance":17,"rect":{"x":261,"y":36,"width":18,"height":31}},"7850":{"xOffset":-1,"yOffset":1,"xAdvance":21,"rect":{"x":356,"y":0,"width":23,"height":34}},"7851":{"xOffset":0,"yOffset":5,"xAdvance":17,"rect":{"x":462,"y":68,"width":18,"height":30}},"7852":{"xOffset":-1,"yOffset":5,"xAdvance":21,"rect":{"x":223,"y":0,"width":23,"height":35}},"7853":{"xOffset":0,"yOffset":9,"xAdvance":17,"rect":{"x":279,"y":36,"width":18,"height":31}},"7854":{"xOffset":-1,"yOffset":0,"xAdvance":21,"rect":{"x":177,"y":0,"width":23,"height":35}},"7855":{"xOffset":0,"yOffset":4,"xAdvance":17,"rect":{"x":207,"y":36,"width":18,"height":31}},"7856":{"xOffset":-1,"yOffset":0,"xAdvance":21,"rect":{"x":131,"y":0,"width":23,"height":35}},"7857":{"xOffset":0,"yOffset":4,"xAdvance":17,"rect":{"x":189,"y":36,"width":18,"height":31}},"7858":{"xOffset":-1,"yOffset":-1,"xAdvance":21,"rect":{"x":0,"y":0,"width":23,"height":36}},"7859":{"xOffset":0,"yOffset":3,"xAdvance":17,"rect":{"x":466,"y":0,"width":18,"height":32}},"7860":{"xOffset":-1,"yOffset":0,"xAdvance":21,"rect":{"x":154,"y":0,"width":23,"height":35}},"7861":{"xOffset":0,"yOffset":5,"xAdvance":17,"rect":{"x":421,"y":68,"width":18,"height":30}},"7862":{"xOffset":-1,"yOffset":4,"xAdvance":21,"rect":{"x":23,"y":0,"width":23,"height":36}},"7863":{"xOffset":0,"yOffset":9,"xAdvance":17,"rect":{"x":225,"y":36,"width":18,"height":31}},"7864":{"xOffset":-1,"yOffset":10,"xAdvance":19,"rect":{"x":39,"y":99,"width":21,"height":30}},"7865":{"xOffset":0,"yOffset":15,"xAdvance":16,"rect":{"x":95,"y":206,"width":17,"height":25}},"7866":{"xOffset":-1,"yOffset":3,"xAdvance":19,"rect":{"x":484,"y":0,"width":21,"height":32}},"7867":{"xOffset":0,"yOffset":8,"xAdvance":16,"rect":{"x":18,"y":129,"width":17,"height":27}},"7868":{"xOffset":-1,"yOffset":5,"xAdvance":19,"rect":{"x":18,"y":99,"width":21,"height":30}},"7869":{"xOffset":0,"yOffset":10,"xAdvance":16,"rect":{"x":78,"y":206,"width":17,"height":25}},"7870":{"xOffset":-1,"yOffset":0,"xAdvance":19,"rect":{"x":288,"y":0,"width":21,"height":35}},"7871":{"xOffset":0,"yOffset":5,"xAdvance":16,"rect":{"x":77,"y":99,"width":20,"height":30}},"7872":{"xOffset":-1,"yOffset":0,"xAdvance":19,"rect":{"x":246,"y":0,"width":21,"height":35}},"7873":{"xOffset":0,"yOffset":4,"xAdvance":16,"rect":{"x":360,"y":36,"width":17,"height":31}},"7874":{"xOffset":-1,"yOffset":-1,"xAdvance":19,"rect":{"x":69,"y":0,"width":21,"height":36}},"7875":{"xOffset":0,"yOffset":4,"xAdvance":16,"rect":{"x":377,"y":36,"width":17,"height":31}},"7876":{"xOffset":-1,"yOffset":0,"xAdvance":19,"rect":{"x":267,"y":0,"width":21,"height":35}},"7877":{"xOffset":0,"yOffset":5,"xAdvance":16,"rect":{"x":60,"y":99,"width":17,"height":30}},"7878":{"xOffset":-1,"yOffset":4,"xAdvance":19,"rect":{"x":90,"y":0,"width":21,"height":36}},"7879":{"xOffset":0,"yOffset":9,"xAdvance":16,"rect":{"x":394,"y":36,"width":17,"height":31}},"7880":{"xOffset":-1,"yOffset":3,"xAdvance":11,"rect":{"x":0,"y":36,"width":12,"height":32}},"7881":{"xOffset":-1,"yOffset":7,"xAdvance":9,"rect":{"x":489,"y":99,"width":11,"height":28}},"7882":{"xOffset":-1,"yOffset":10,"xAdvance":11,"rect":{"x":109,"y":99,"width":12,"height":30}},"7883":{"xOffset":-1,"yOffset":10,"xAdvance":9,"rect":{"x":500,"y":68,"width":11,"height":30}},"7884":{"xOffset":0,"yOffset":10,"xAdvance":20,"rect":{"x":141,"y":99,"width":20,"height":30}},"7885":{"xOffset":0,"yOffset":15,"xAdvance":17,"rect":{"x":129,"y":206,"width":17,"height":25}},"7886":{"xOffset":0,"yOffset":3,"xAdvance":20,"rect":{"x":12,"y":36,"width":20,"height":32}},"7887":{"xOffset":0,"yOffset":8,"xAdvance":17,"rect":{"x":35,"y":129,"width":17,"height":27}},"7888":{"xOffset":0,"yOffset":1,"xAdvance":20,"rect":{"x":422,"y":0,"width":21,"height":34}},"7889":{"xOffset":0,"yOffset":5,"xAdvance":17,"rect":{"x":215,"y":99,"width":19,"height":30}},"7890":{"xOffset":0,"yOffset":0,"xAdvance":20,"rect":{"x":309,"y":0,"width":20,"height":35}},"7891":{"xOffset":0,"yOffset":5,"xAdvance":17,"rect":{"x":181,"y":99,"width":17,"height":30}},"7892":{"xOffset":0,"yOffset":-1,"xAdvance":20,"rect":{"x":111,"y":0,"width":20,"height":36}},"7893":{"xOffset":0,"yOffset":4,"xAdvance":17,"rect":{"x":475,"y":36,"width":17,"height":31}},"7894":{"xOffset":0,"yOffset":1,"xAdvance":20,"rect":{"x":402,"y":0,"width":20,"height":34}},"7895":{"xOffset":0,"yOffset":5,"xAdvance":17,"rect":{"x":198,"y":99,"width":17,"height":30}},"7896":{"xOffset":0,"yOffset":5,"xAdvance":20,"rect":{"x":329,"y":0,"width":20,"height":35}},"7897":{"xOffset":0,"yOffset":9,"xAdvance":17,"rect":{"x":492,"y":36,"width":17,"height":31}},"7898":{"xOffset":0,"yOffset":4,"xAdvance":21,"rect":{"x":25,"y":68,"width":25,"height":31}},"7899":{"xOffset":-1,"yOffset":9,"xAdvance":19,"rect":{"x":397,"y":129,"width":22,"height":26}},"7900":{"xOffset":0,"yOffset":4,"xAdvance":21,"rect":{"x":0,"y":68,"width":25,"height":31}},"7901":{"xOffset":-1,"yOffset":9,"xAdvance":19,"rect":{"x":375,"y":129,"width":22,"height":26}},"7902":{"xOffset":0,"yOffset":3,"xAdvance":21,"rect":{"x":32,"y":36,"width":25,"height":32}},"7903":{"xOffset":-1,"yOffset":8,"xAdvance":19,"rect":{"x":52,"y":129,"width":22,"height":27}},"7904":{"xOffset":0,"yOffset":5,"xAdvance":21,"rect":{"x":234,"y":99,"width":25,"height":30}},"7905":{"xOffset":-1,"yOffset":10,"xAdvance":19,"rect":{"x":171,"y":206,"width":22,"height":25}},"7906":{"xOffset":0,"yOffset":10,"xAdvance":21,"rect":{"x":259,"y":99,"width":25,"height":30}},"7907":{"xOffset":-1,"yOffset":15,"xAdvance":19,"rect":{"x":193,"y":206,"width":22,"height":25}},"7908":{"xOffset":-1,"yOffset":10,"xAdvance":21,"rect":{"x":307,"y":99,"width":23,"height":30}},"7909":{"xOffset":-1,"yOffset":15,"xAdvance":18,"rect":{"x":234,"y":206,"width":19,"height":25}},"7910":{"xOffset":-1,"yOffset":3,"xAdvance":21,"rect":{"x":57,"y":36,"width":23,"height":32}},"7911":{"xOffset":-1,"yOffset":8,"xAdvance":18,"rect":{"x":74,"y":129,"width":19,"height":27}},"7912":{"xOffset":-1,"yOffset":4,"xAdvance":22,"rect":{"x":123,"y":68,"width":27,"height":31}},"7913":{"xOffset":-1,"yOffset":9,"xAdvance":19,"rect":{"x":481,"y":129,"width":24,"height":26}},"7914":{"xOffset":-1,"yOffset":4,"xAdvance":22,"rect":{"x":96,"y":68,"width":27,"height":31}},"7915":{"xOffset":-1,"yOffset":9,"xAdvance":19,"rect":{"x":457,"y":129,"width":24,"height":26}},"7916":{"xOffset":-1,"yOffset":3,"xAdvance":22,"rect":{"x":80,"y":36,"width":27,"height":32}},"7917":{"xOffset":-1,"yOffset":8,"xAdvance":19,"rect":{"x":93,"y":129,"width":24,"height":27}},"7918":{"xOffset":-1,"yOffset":5,"xAdvance":22,"rect":{"x":330,"y":99,"width":27,"height":30}},"7919":{"xOffset":-1,"yOffset":10,"xAdvance":19,"rect":{"x":280,"y":206,"width":24,"height":25}},"7920":{"xOffset":-1,"yOffset":10,"xAdvance":22,"rect":{"x":357,"y":99,"width":27,"height":30}},"7921":{"xOffset":-1,"yOffset":15,"xAdvance":19,"rect":{"x":304,"y":206,"width":24,"height":25}},"7922":{"xOffset":-1,"yOffset":4,"xAdvance":19,"rect":{"x":168,"y":68,"width":21,"height":31}},"7923":{"xOffset":-1,"yOffset":9,"xAdvance":17,"rect":{"x":150,"y":68,"width":18,"height":31}},"7924":{"xOffset":-1,"yOffset":10,"xAdvance":19,"rect":{"x":423,"y":99,"width":21,"height":30}},"7925":{"xOffset":-1,"yOffset":15,"xAdvance":17,"rect":{"x":471,"y":99,"width":18,"height":29}},"7926":{"xOffset":-1,"yOffset":3,"xAdvance":19,"rect":{"x":125,"y":36,"width":21,"height":32}},"7927":{"xOffset":-1,"yOffset":8,"xAdvance":17,"rect":{"x":107,"y":36,"width":18,"height":32}},"7928":{"xOffset":-1,"yOffset":5,"xAdvance":19,"rect":{"x":402,"y":99,"width":21,"height":30}},"7929":{"xOffset":-1,"yOffset":10,"xAdvance":17,"rect":{"x":384,"y":99,"width":18,"height":30}}},"kerningDict":{}}]],0,0,[0],[0],[0]]
