{
    "importBase": "import",
    "nativeBase": "native",
    "name": "main",
    "deps": [
        "resources"
    ],
    "uuids": [
        "0d8b4f3d7",
        "428dcc3e-3f38-4b8c-880a-f155ae67e42e",
        "525c67c2-75bf-429b-82ab-c769368c4871",
        "55a56c28-6d0f-45da-96a7-eadc9bee7853",
        "7ac2b127-0cb3-430c-81e6-0bbeb06388dc",
        "7c38322a-1a39-49e8-b573-18ab7476cec2",
        "8686a340-0ec8-4c48-83fa-dc9150b8ee6f",
        "92f30b3e-41ee-4852-af2b-9216acc52291",
        "d09e02ce-2512-486f-ae20-8e7405a98471",
        "fd8ec536-a354-4a17-9c74-4f3883c378c8"
    ],
    "paths": {
        "fd8ec536-a354-4a17-9c74-4f3883c378c8": [
            "db:/internal/default_renderpipeline/builtin-forward",
            "cc.RenderPipeline"
        ]
    },
    "scenes": {
        "db://assets/scenes/main.scene": "d09e02ce-2512-486f-ae20-8e7405a98471"
    },
    "packs": {
        "0d8b4f3d7": [
            "7c38322a-1a39-49e8-b573-18ab7476cec2",
            "8686a340-0ec8-4c48-83fa-dc9150b8ee6f",
            "92f30b3e-41ee-4852-af2b-9216acc52291",
            "d09e02ce-2512-486f-ae20-8e7405a98471"
        ]
    },
    "versions": {
        "import": [],
        "native": []
    },
    "redirect": [
        "428dcc3e-3f38-4b8c-880a-f155ae67e42e",
        "0",
        "525c67c2-75bf-429b-82ab-c769368c4871",
        "0",
        "55a56c28-6d0f-45da-96a7-eadc9bee7853",
        "0",
        "7ac2b127-0cb3-430c-81e6-0bbeb06388dc",
        "0"
    ],
    "debug": true,
    "extensionMap": {}
}