{"version":1,"document":[{"__type__":"cc.AnimationClip","_name":"lv4-push","_objFlags":0,"_native":"","sample":60,"speed":1,"wrapMode":2,"enableTrsBlending":false,"_duration":0.85,"_hash":500763545,"_tracks":[{"__id__":1}],"_exoticAnimation":null,"_events":[]},{"__type__":"cc.animation.ObjectTrack","_binding":{"__type__":"cc.animation.TrackBinding","path":{"__id__":2}},"_channel":{"__id__":4}},{"__type__":"cc.animation.TrackPath","_paths":[{"__id__":3},"spriteFrame"]},{"__type__":"cc.animation.ComponentPath","component":"cc.Sprite"},{"__type__":"cc.animation.Channel","_curve":{"__id__":5}},{"__type__":"cc.ObjectCurve","_times":[0,0.16666666666666666,0.3333333333333333,0.5,0.6666666666666666,0.8333333333333334],"_values":[{"__uuid__":"c1026749-a099-4807-8183-d6bf6377330f@f9941","__expectedType__":"cc.Asset"},{"__uuid__":"3d3a23c7-f9d6-45eb-a489-0f97507a7668@f9941","__expectedType__":"cc.Asset"},{"__uuid__":"2444c414-b770-4c49-85ef-b34c15a9068b@f9941","__expectedType__":"cc.Asset"},{"__uuid__":"722672ee-e2e1-4f39-982b-2bfa4d579b59@f9941","__expectedType__":"cc.Asset"},{"__uuid__":"91f02eb4-4a11-40a3-a681-f44f673a76aa@f9941","__expectedType__":"cc.Asset"},{"__uuid__":"0c394565-12b5-4bd8-aede-8ed1588691c0@f9941","__expectedType__":"cc.Asset"}]}],"chunks":[]}
