[1,["cc9e36a7-cc9e-493c-8423-194421aca3f1@d7617","cc9e36a7-cc9e-493c-8423-194421aca3f1@a62fe","526e4506-b518-4d4b-9097-5c46ad6aa06e","cc9e36a7-cc9e-493c-8423-194421aca3f1@4f17a","1baf0fc9-befa-459c-8bdd-af1a450a0319"],["targetInfo","root","node","target","source","_parent","data","_mesh","asset","mainTexture","_effectAsset"],[["cc.Node",["_name","_layer","_objFlags","__editorExtras__","_prefab","_parent","_children","_components","_lpos"],-1,4,1,12,12,5],["cc.PrefabInfo",["fileId","root","asset","targetOverrides","nestedPrefabInstanceRoots"],2,1,1,9,2],["cc.Prefab",["_name"],2],["cc.Node",["_name","_layer","_parent","_components","_prefab","_lpos"],1,1,9,4,5],["cc.PrefabInfo",["fileId","root","instance","asset"],2,1,4,6],["cc.BoxCollider",["node","__prefab","_center"],3,1,4,5],["cc.CompPrefabInfo",["fileId"],2],["cc.TargetOverrideInfo",["propertyPath","source","target","targetInfo"],2,1,1,4],["cc.TargetInfo",["localID"],2],["cc.PrefabInstance",["fileId","prefabRootNode","propertyOverrides"],2,1,9],["CCPropertyOverrideInfo",["value","propertyPath","targetInfo"],1,1],["CCPropertyOverrideInfo",["propertyPath","targetInfo","value"],2,1,8],["cc.MeshRenderer",["_shadowCastingMode","_shadowReceivingMode","node","__prefab","_materials","lightmapSettings","_mesh"],1,1,4,3,4,6],["cc.ModelLightmapSettings",["_castShadow"],2],["ef48bIHqvFOHZl8yLmMTrY4",["node","__prefab"],3,1,4],["cc.Mesh",["_native","_hash","_struct"],1,11],["cc.Material",["_name","_states","_defines","_props"],0,12]],[[6,0,2],[11,0,1,2,2],[1,0,1,2,2],[8,0,2],[2,0,2],[0,0,1,6,7,4,3],[0,0,1,5,4,8,3],[0,2,3,5,4,3],[3,0,1,2,3,4,5,3],[1,0,1,2,3,4,2],[4,0,1,2,3,2],[5,0,1,2,1],[7,0,1,2,3,2],[9,0,1,2,2],[10,0,1,2,3],[12,0,1,2,3,4,5,6,3],[13,0,2],[14,0,1,1],[15,0,1,2,3],[16,0,1,2,3,4]],[[[[4,"Box3"],[5,"Box3",4,[[-7,[6,"Item",4,-9,[2,"89DjMEmMxPEo41ws3AlIul",-8,0],[1,0,1.341,0]],-10],1,4,1],[[[11,-5,[0,"156dtO1F5G8J9wuLmPdeG0"],[1,0,0.5,0]],-6],4,1],[9,"24kpT1+l5QBqRdE1az+IBB",-4,0,[[12,["landingParticle"],-3,-2,[3,["34wf8BXk5PaLPL8w7Y/qdP"]]]],[-1]]],[7,0,null,1,[10,"c46/YsCPVOJYA4mWEpNYRx",-15,[13,"b10xcPCFJGxI3nnupogrrI",1,[[14,"landing",["_name"],-11],[1,["_lpos"],-12,[1,0,0,0]],[1,["_lrot"],-13,[3,0,0,0,1]],[1,["_euler"],-14,[1,0,0,0]]]],2]],[3,["c46/YsCPVOJYA4mWEpNYRx"]],[8,"model",4,1,[[15,1,0,-16,[0,"10pK7ld2xSW5tr1CKRmorX"],[0],[16,true],1]],[2,"a0u3Dz2jRUxI0vJ7ioHyk+",1,0],[1,0,0.5,0]],[17,1,[0,"52tM+7xCVDmLTOOQTmbhFz"]]],0,[0,-1,2,0,3,2,0,4,5,0,1,1,0,2,1,0,-2,5,0,-1,4,0,1,1,0,5,1,0,-3,2,0,0,3,0,0,3,0,0,3,0,0,3,0,1,2,0,2,4,0,6,1,16],[0,0,0],[-1,7,8],[0,1,2]],[[[18,".bin",1022856415,[{"primitives":[{"primitiveMode":7,"vertexBundelIndices":[0],"indexView":{"offset":15936,"length":2424,"count":606,"stride":4}}],"vertexBundles":[{"view":{"offset":0,"length":15936,"count":249,"stride":64},"attributes":[{"name":"a_position","format":32,"isNormalized":false},{"name":"a_normal","format":32,"isNormalized":false},{"name":"a_texCoord","format":21,"isNormalized":false},{"name":"a_tangent","format":44,"isNormalized":false},{"name":"a_texCoord1","format":21,"isNormalized":false},{"name":"a_texCoord2","format":21,"isNormalized":false}]}]},"minPosition",8,[1,-0.5331563949584961,-0.5429887175559998,-0.5429887175559998],"maxPosition",8,[1,0.5478434562683105,0.5339555740356445,0.5495485067367554]]],-1],0,0,[],[],[]],[[[19,"cube_mat",[{"rasterizerState":{},"blendState":{"targets":[{}]},"depthStencilState":{}}],[{"HAS_SECOND_UV":true,"USE_ALBEDO_MAP":true}],[[[{},"mainTexture",6,0]],11]]],0,0,[0,0],[9,10],[3,4]]]]
