{"version":1,"document":[{"__type__":"cc.AnimationClip","_name":"neutral-win","_objFlags":0,"_native":"","sample":60,"speed":1,"wrapMode":2,"enableTrsBlending":false,"_duration":0.8666666666666667,"_hash":500763545,"_tracks":[{"__id__":1}],"_exoticAnimation":null,"_events":[]},{"__type__":"cc.animation.ObjectTrack","_binding":{"__type__":"cc.animation.TrackBinding","path":{"__id__":2}},"_channel":{"__id__":4}},{"__type__":"cc.animation.TrackPath","_paths":[{"__id__":3},"spriteFrame"]},{"__type__":"cc.animation.ComponentPath","component":"cc.Sprite"},{"__type__":"cc.animation.Channel","_curve":{"__id__":5}},{"__type__":"cc.ObjectCurve","_times":[0.016666666666666666,0.18333333333333332,0.35,0.5166666666666667,0.6833333333333333,0.85],"_values":[{"__uuid__":"9f88189a-dc81-412d-bad9-802a5e57bd2b@f9941","__expectedType__":"cc.Asset"},{"__uuid__":"792f11bd-2db7-4d34-a9b0-632b25388efb@f9941","__expectedType__":"cc.Asset"},{"__uuid__":"dfdceaf1-6f82-4ce6-ab95-ba672631de00@f9941","__expectedType__":"cc.Asset"},{"__uuid__":"6c817f0c-265a-4592-81c1-ec2e3bc8efab@f9941","__expectedType__":"cc.Asset"},{"__uuid__":"21ebaa34-fd1c-4f73-b12e-4ff8ceb95127@f9941","__expectedType__":"cc.Asset"},{"__uuid__":"be52a008-e239-48de-bb14-419b5527fe2b@f9941","__expectedType__":"cc.Asset"}]}],"chunks":[]}
