{
    "importBase": "import",
    "nativeBase": "native",
    "name": "boundle",
    "deps": [],
    "uuids": [
        "3f99900f-9616-47fe-88a5-8d25205c5339",
        "745c9e52-22f2-4c20-95ce-5d8d851a1fce",
        "79475cbc-6f6d-4869-aa7a-be72f03c49f6",
        "95f7d371-98ec-437c-88a7-4f11f25bfa94",
        "989f3d4f-9762-4944-83c8-118cdef9d440",
        "ae11f689-b1d0-4b10-b4e5-725c473e422b",
        "be0020d5-fd3d-4022-a618-587305879365",
        "db7089e6-4a44-4e49-9b6d-d3966e3a5d20",
        "ff50710a-23e0-4e06-95fb-0808fcf0dd8a"
    ],
    "paths": {
        "3f99900f-9616-47fe-88a5-8d25205c5339": [
            "sounds/boss-active",
            "cc.AudioClip"
        ],
        "ae11f689-b1d0-4b10-b4e5-725c473e422b": [
            "sounds/boss-shoot",
            "cc.AudioClip"
        ],
        "79475cbc-6f6d-4869-aa7a-be72f03c49f6": [
            "sounds/endgame-lose",
            "cc.AudioClip"
        ],
        "db7089e6-4a44-4e49-9b6d-d3966e3a5d20": [
            "sounds/endgame-win",
            "cc.AudioClip"
        ],
        "95f7d371-98ec-437c-88a7-4f11f25bfa94": [
            "sounds/freeze-end",
            "cc.AudioClip"
        ],
        "be0020d5-fd3d-4022-a618-587305879365": [
            "sounds/freeze-start",
            "cc.AudioClip"
        ],
        "ff50710a-23e0-4e06-95fb-0808fcf0dd8a": [
            "sounds/freeze",
            "cc.AudioClip"
        ],
        "989f3d4f-9762-4944-83c8-118cdef9d440": [
            "sounds/step",
            "cc.AudioClip"
        ],
        "745c9e52-22f2-4c20-95ce-5d8d851a1fce": [
            "sounds/timer",
            "cc.AudioClip"
        ]
    },
    "scenes": {},
    "packs": {},
    "versions": {
        "import": [],
        "native": []
    },
    "redirect": [],
    "debug": true,
    "extensionMap": {}
}