{"version":1,"document":[{"__type__":"cc.AnimationClip","_name":"neutral-lose","_objFlags":0,"_native":"","sample":60,"speed":1,"wrapMode":2,"enableTrsBlending":false,"_duration":0.85,"_hash":500763545,"_tracks":[{"__id__":1}],"_exoticAnimation":null,"_events":[]},{"__type__":"cc.animation.ObjectTrack","_binding":{"__type__":"cc.animation.TrackBinding","path":{"__id__":2}},"_channel":{"__id__":4}},{"__type__":"cc.animation.TrackPath","_paths":[{"__id__":3},"spriteFrame"]},{"__type__":"cc.animation.ComponentPath","component":"cc.Sprite"},{"__type__":"cc.animation.Channel","_curve":{"__id__":5}},{"__type__":"cc.ObjectCurve","_times":[0.16666666666666666,0.3333333333333333,0.5,0.6666666666666666,0.8333333333333334],"_values":[{"__uuid__":"91d12a10-b847-43b0-8d9d-3c49e5451545@f9941","__expectedType__":"cc.Asset"},{"__uuid__":"6914d04d-6fb8-4fef-b1b5-46ae0faa038c@f9941","__expectedType__":"cc.Asset"},{"__uuid__":"d374b527-7e35-40cf-9ba5-a621130b68e0@f9941","__expectedType__":"cc.Asset"},{"__uuid__":"1f73b092-a8b0-44ec-ae23-e416895f4ba9@f9941","__expectedType__":"cc.Asset"},{"__uuid__":"612eeb05-646c-4518-a1fa-e1f8cdd838dd@f9941","__expectedType__":"cc.Asset"}]}],"chunks":[]}
