{"version":1,"document":[{"__type__":"cc.AnimationClip","_name":"lv5-walk","_objFlags":0,"_native":"","sample":60,"speed":1,"wrapMode":2,"enableTrsBlending":false,"_duration":0.85,"_hash":500763545,"_tracks":[{"__id__":1}],"_exoticAnimation":null,"_events":[]},{"__type__":"cc.animation.ObjectTrack","_binding":{"__type__":"cc.animation.TrackBinding","path":{"__id__":2}},"_channel":{"__id__":4}},{"__type__":"cc.animation.TrackPath","_paths":[{"__id__":3},"spriteFrame"]},{"__type__":"cc.animation.ComponentPath","component":"cc.Sprite"},{"__type__":"cc.animation.Channel","_curve":{"__id__":5}},{"__type__":"cc.ObjectCurve","_times":[0,0.16666666666666666,0.3333333333333333,0.5,0.6666666666666666,0.8333333333333334],"_values":[{"__uuid__":"9df11d92-a277-4abd-8cff-1d59b4be815b@f9941","__expectedType__":"cc.Asset"},{"__uuid__":"09f9d837-16cd-403c-9c56-372866d64dea@f9941","__expectedType__":"cc.Asset"},{"__uuid__":"637e9fc8-fa74-4e55-91fa-485222dd5609@f9941","__expectedType__":"cc.Asset"},{"__uuid__":"9903506f-1846-4db3-83d9-5a51d54e7e18@f9941","__expectedType__":"cc.Asset"},{"__uuid__":"5b6f19a9-70c6-49d8-bff1-1b739d2d0a30@f9941","__expectedType__":"cc.Asset"},{"__uuid__":"35eb876e-c966-43e0-8bff-a2a6954b027e@f9941","__expectedType__":"cc.Asset"}]}],"chunks":[]}
