[1,["1f1059521@6c48a"],["_textureSource"],["cc.SpriteFrame"],0,[[[{"name":"sheep-6-idle001","rect":{"x":955,"y":719,"width":96,"height":62},"offset":{"x":-0.5,"y":-6.5},"originalSize":{"width":105,"height":77},"rotated":true,"capInsets":[0,0,0,0],"packable":true}],[0],0,[0],[0],[0]],[[{"name":"sheep-5-b-push-004","rect":{"x":782,"y":342,"width":82,"height":76},"offset":{"x":-0.5,"y":0},"originalSize":{"width":83,"height":80},"rotated":true,"capInsets":[0,0,0,0],"packable":true}],[0],0,[0],[0],[0]],[[{"name":"sheep-5-w-walk-000","rect":{"x":681,"y":342,"width":82,"height":84},"offset":{"x":0,"y":0},"originalSize":{"width":82,"height":84},"rotated":true,"capInsets":[0,0,0,0],"packable":true}],[0],0,[0],[0],[0]],[[{"name":"row-1-column-3","rect":{"x":679,"y":549,"width":97,"height":97},"offset":{"x":0,"y":0},"originalSize":{"width":97,"height":97},"rotated":false,"capInsets":[0,0,0,0],"packable":true}],[0],0,[0],[0],[0]],[[{"name":"sheep-2-w-walk-002","rect":{"x":604,"y":797,"width":50,"height":43},"offset":{"x":0,"y":0},"originalSize":{"width":50,"height":47},"rotated":false,"capInsets":[0,0,0,0],"packable":true}],[0],0,[0],[0],[0]],[[{"name":"cooldown","rect":{"x":800,"y":622,"width":57,"height":58},"offset":{"x":0,"y":0},"originalSize":{"width":57,"height":58},"rotated":true,"capInsets":[0,0,0,0],"packable":true}],[0],0,[0],[0],[0]],[[{"name":"row-1-column-2","rect":{"x":751,"y":688,"width":97,"height":97},"offset":{"x":0,"y":0},"originalSize":{"width":97,"height":97},"rotated":false,"capInsets":[0,0,0,0],"packable":true}],[0],0,[0],[0],[0]],[[{"name":"menu-button","rect":{"x":3,"y":938,"width":267,"height":77},"offset":{"x":0,"y":0},"originalSize":{"width":267,"height":77},"rotated":false,"capInsets":[20,10,20,15],"packable":true}],[0],0,[0],[0],[0]],[[{"name":"win","rect":{"x":802,"y":938,"width":197,"height":78},"offset":{"x":0,"y":0},"originalSize":{"width":197,"height":78},"rotated":false,"capInsets":[0,0,0,0],"packable":true}],[0],0,[0],[0],[0]],[[{"name":"grass3","rect":{"x":828,"y":303,"width":29,"height":26},"offset":{"x":-0.5,"y":0},"originalSize":{"width":30,"height":30},"rotated":false,"capInsets":[0,0,0,0],"packable":true}],[0],0,[0],[0],[0]],[[{"name":"avatar-frame","rect":{"x":549,"y":549,"width":124,"height":133},"offset":{"x":0,"y":0},"originalSize":{"width":124,"height":133},"rotated":false,"capInsets":[0,0,0,0],"packable":true}],[0],0,[0],[0],[0]],[[{"name":"row-1-column-1","rect":{"x":681,"y":430,"width":97,"height":97},"offset":{"x":0,"y":0},"originalSize":{"width":97,"height":97},"rotated":false,"capInsets":[0,0,0,0],"packable":true}],[0],0,[0],[0],[0]],[[{"name":"sheep-5-b-push-002","rect":{"x":782,"y":535,"width":81,"height":76},"offset":{"x":0,"y":0},"originalSize":{"width":83,"height":80},"rotated":true,"capInsets":[0,0,0,0],"packable":true}],[0],0,[0],[0],[0]],[[{"name":"row-1-column-3","rect":{"x":3,"y":847,"width":85,"height":855},"offset":{"x":0,"y":0},"originalSize":{"width":85,"height":855},"rotated":true,"capInsets":[0,0,0,0],"packable":true}],[0],0,[0],[0],[0]],[[{"name":"sheep-6-spawn001","rect":{"x":955,"y":821,"width":59,"height":32},"offset":{"x":0,"y":-7},"originalSize":{"width":93,"height":70},"rotated":false,"capInsets":[0,0,0,0],"packable":true}],[0],0,[0],[0],[0]],[[{"name":"sheep-2-b-push-004","rect":{"x":660,"y":797,"width":50,"height":43},"offset":{"x":0,"y":0},"originalSize":{"width":50,"height":47},"rotated":false,"capInsets":[0,0,0,0],"packable":true}],[0],0,[0],[0],[0]],[[{"name":"map_up","rect":{"x":3,"y":652,"width":540,"height":189},"offset":{"x":0,"y":0},"originalSize":{"width":540,"height":189},"rotated":false,"capInsets":[0,0,0,0],"packable":true}],[0],0,[0],[0],[0]],[[{"name":"yes","rect":{"x":549,"y":688,"width":95,"height":103},"offset":{"x":0,"y":0},"originalSize":{"width":95,"height":103},"rotated":false,"capInsets":[0,0,0,0],"packable":true}],[0],0,[0],[0],[0]],[[{"name":"row-1-column-4","rect":{"x":864,"y":3,"width":85,"height":855},"offset":{"x":0,"y":0},"originalSize":{"width":85,"height":855},"rotated":false,"capInsets":[0,0,0,0],"packable":true}],[0],0,[0],[0],[0]],[[{"name":"sheep-6-idle003","rect":{"x":800,"y":3,"width":99,"height":58},"offset":{"x":-1,"y":-8.5},"originalSize":{"width":105,"height":77},"rotated":true,"capInsets":[0,0,0,0],"packable":true}],[0],0,[0],[0],[0]],[[{"name":"sheep-6-idle002","rect":{"x":800,"y":430,"width":99,"height":58},"offset":{"x":-1,"y":-8.5},"originalSize":{"width":105,"height":77},"rotated":true,"capInsets":[0,0,0,0],"packable":true}],[0],0,[0],[0],[0]],[[{"name":"hp-bar","rect":{"x":967,"y":3,"width":432,"height":43},"offset":{"x":0,"y":0},"originalSize":{"width":432,"height":43},"rotated":true,"capInsets":[0,0,0,0],"packable":true}],[0],0,[0],[0],[0]],[[{"name":"map-croped","rect":{"x":3,"y":3,"width":540,"height":643},"offset":{"x":0,"y":0},"originalSize":{"width":540,"height":643},"rotated":false,"capInsets":[0,0,0,0],"packable":true}],[0],0,[0],[0],[0]],[[{"name":"sheep-6-idle005","rect":{"x":864,"y":864,"width":97,"height":62},"offset":{"x":-1,"y":-6.5},"originalSize":{"width":105,"height":77},"rotated":false,"capInsets":[0,0,0,0],"packable":true}],[0],0,[0],[0],[0]],[[{"name":"panel-frame","rect":{"x":681,"y":3,"width":100,"height":333},"offset":{"x":0,"y":0},"originalSize":{"width":100,"height":333},"rotated":false,"capInsets":[15,15,15,30],"packable":true}],[0],0,[0],[0],[0]],[[{"name":"sheep-6-win000","rect":{"x":787,"y":213,"width":84,"height":68},"offset":{"x":-1.5,"y":-4.5},"originalSize":{"width":103,"height":77},"rotated":true,"capInsets":[0,0,0,0],"packable":true}],[0],0,[0],[0],[0]],[[{"name":"lose","rect":{"x":549,"y":938,"width":247,"height":82},"offset":{"x":0,"y":0},"originalSize":{"width":247,"height":82},"rotated":false,"capInsets":[0,0,0,0],"packable":true}],[0],0,[0],[0],[0]],[[{"name":"menu-button","rect":{"x":276,"y":938,"width":267,"height":77},"offset":{"x":0,"y":0},"originalSize":{"width":267,"height":77},"rotated":false,"capInsets":[0,0,0,0],"packable":true}],[0],0,[0],[0],[0]],[[{"name":"home-button","rect":{"x":650,"y":688,"width":95,"height":103},"offset":{"x":0,"y":0},"originalSize":{"width":95,"height":103},"rotated":false,"capInsets":[0,0,0,0],"packable":true}],[0],0,[0],[0],[0]],[[{"name":"grass2","rect":{"x":765,"y":652,"width":30,"height":29},"offset":{"x":0.5,"y":-0.5},"originalSize":{"width":31,"height":30},"rotated":true,"capInsets":[0,0,0,0],"packable":true}],[0],0,[0],[0],[0]],[[{"name":"sheep-2-b-push-002","rect":{"x":716,"y":797,"width":50,"height":43},"offset":{"x":0,"y":0},"originalSize":{"width":50,"height":47},"rotated":false,"capInsets":[0,0,0,0],"packable":true}],[0],0,[0],[0],[0]],[[{"name":"sheep-6-idle004","rect":{"x":787,"y":108,"width":99,"height":58},"offset":{"x":-1,"y":-8.5},"originalSize":{"width":105,"height":77},"rotated":true,"capInsets":[0,0,0,0],"packable":true}],[0],0,[0],[0],[0]],[[{"name":"panel-header","rect":{"x":955,"y":441,"width":272,"height":55},"offset":{"x":0,"y":0},"originalSize":{"width":272,"height":55},"rotated":true,"capInsets":[0,0,0,0],"packable":true}],[0],0,[0],[0],[0]],[[{"name":"lvl1B","rect":{"x":787,"y":303,"width":31,"height":35},"offset":{"x":0,"y":0},"originalSize":{"width":31,"height":35},"rotated":true,"capInsets":[0,0,0,0],"packable":true}],[0],0,[0],[0],[0]],[[{"name":"lvl1W","rect":{"x":725,"y":652,"width":30,"height":34},"offset":{"x":0,"y":0},"originalSize":{"width":30,"height":34},"rotated":true,"capInsets":[0,0,0,0],"packable":true}],[0],0,[0],[0],[0]],[[{"name":"damage","rect":{"x":679,"y":652,"width":26,"height":40},"offset":{"x":0,"y":0},"originalSize":{"width":26,"height":40},"rotated":true,"capInsets":[0,0,0,0],"packable":true}],[0],0,[0],[0],[0]],[[{"name":"sheep-6-spawn002","rect":{"x":772,"y":791,"width":77,"height":46},"offset":{"x":0,"y":-7},"originalSize":{"width":93,"height":70},"rotated":false,"capInsets":[0,0,0,0],"packable":true}],[0],0,[0],[0],[0]],[[{"name":"map_down","rect":{"x":549,"y":3,"width":540,"height":126},"offset":{"x":0,"y":0},"originalSize":{"width":540,"height":126},"rotated":true,"capInsets":[0,0,0,0],"packable":true}],[0],0,[0],[0],[0]],[[{"name":"sheep-2-w-push-002","rect":{"x":549,"y":797,"width":49,"height":44},"offset":{"x":0,"y":0.5},"originalSize":{"width":49,"height":47},"rotated":false,"capInsets":[0,0,0,0],"packable":true}],[0],0,[0],[0],[0]],[[{"name":"sheep-3-b-walk-005","rect":{"x":967,"y":859,"width":53,"height":58},"offset":{"x":0,"y":0},"originalSize":{"width":53,"height":60},"rotated":false,"capInsets":[0,0,0,0],"packable":true}],[0],0,[0],[0],[0]]]]
