[1,["16f1b7b00@6c48a"],["_textureSource"],["cc.SpriteFrame"],0,[[[{"name":"weight","rect":{"x":208,"y":3,"width":39,"height":40},"offset":{"x":0,"y":0},"originalSize":{"width":39,"height":40},"rotated":false,"capInsets":[0,0,0,0],"packable":true}],[0],0,[0],[0],[0]],[[{"name":"sheep-5-w-push-004","rect":{"x":430,"y":178,"width":82,"height":80},"offset":{"x":0,"y":0},"originalSize":{"width":82,"height":84},"rotated":false,"capInsets":[0,0,0,0],"packable":true}],[0],0,[0],[0],[0]],[[{"name":"sheep-5-b-push-001","rect":{"x":517,"y":264,"width":81,"height":77},"offset":{"x":0,"y":0.5},"originalSize":{"width":83,"height":80},"rotated":false,"capInsets":[0,0,0,0],"packable":true}],[0],0,[0],[0],[0]],[[{"name":"sheep-4-w-walk-003","rect":{"x":253,"y":703,"width":61,"height":66},"offset":{"x":0,"y":0},"originalSize":{"width":61,"height":72},"rotated":true,"capInsets":[0,0,0,0],"packable":true}],[0],0,[0],[0],[0]],[[{"name":"sheep-3-w-push-005","rect":{"x":395,"y":752,"width":56,"height":57},"offset":{"x":0,"y":0},"originalSize":{"width":56,"height":59},"rotated":true,"capInsets":[0,0,0,0],"packable":true}],[0],0,[0],[0],[0]],[[{"name":"sheep-5-b-walk-001","rect":{"x":253,"y":154,"width":82,"height":81},"offset":{"x":-0.5,"y":0},"originalSize":{"width":83,"height":83},"rotated":false,"capInsets":[0,0,0,0],"packable":true}],[0],0,[0],[0],[0]],[[{"name":"sheep-4-b-push-005","rect":{"x":185,"y":441,"width":61,"height":71},"offset":{"x":0,"y":0.5},"originalSize":{"width":61,"height":72},"rotated":false,"capInsets":[0,0,0,0],"packable":true}],[0],0,[0],[0],[0]],[[{"name":"sheep-1-w-push-001","rect":{"x":682,"y":492,"width":34,"height":40},"offset":{"x":0,"y":0},"originalSize":{"width":34,"height":42},"rotated":false,"capInsets":[0,0,0,0],"packable":true}],[0],0,[0],[0],[0]],[[{"name":"sheep-3-b-push-000","rect":{"x":320,"y":781,"width":56,"height":57},"offset":{"x":0,"y":0},"originalSize":{"width":56,"height":57},"rotated":true,"capInsets":[0,0,0,0],"packable":true}],[0],0,[0],[0],[0]],[[{"name":"sheep-4-b-walk-001","rect":{"x":185,"y":518,"width":61,"height":71},"offset":{"x":0,"y":-0.5},"originalSize":{"width":61,"height":72},"rotated":false,"capInsets":[0,0,0,0],"packable":true}],[0],0,[0],[0],[0]],[[{"name":"sheep-5-w-push-003","rect":{"x":429,"y":264,"width":82,"height":78},"offset":{"x":0,"y":0},"originalSize":{"width":82,"height":84},"rotated":false,"capInsets":[0,0,0,0],"packable":true}],[0],0,[0],[0],[0]],[[{"name":"sheep-4-w-walk-001","rect":{"x":415,"y":566,"width":61,"height":70},"offset":{"x":0,"y":0},"originalSize":{"width":61,"height":72},"rotated":true,"capInsets":[0,0,0,0],"packable":true}],[0],0,[0],[0],[0]],[[{"name":"sheep-2-b-push-000","rect":{"x":516,"y":894,"width":50,"height":47},"offset":{"x":0,"y":0},"originalSize":{"width":50,"height":47},"rotated":true,"capInsets":[0,0,0,0],"packable":true}],[0],0,[0],[0],[0]],[[{"name":"sheep-1-b-push-002","rect":{"x":185,"y":820,"width":34,"height":38},"offset":{"x":0,"y":0},"originalSize":{"width":34,"height":42},"rotated":false,"capInsets":[0,0,0,0],"packable":true}],[0],0,[0],[0],[0]],[[{"name":"sheep-4-b-walk-004","rect":{"x":185,"y":595,"width":61,"height":71},"offset":{"x":0,"y":-0.5},"originalSize":{"width":61,"height":72},"rotated":false,"capInsets":[0,0,0,0],"packable":true}],[0],0,[0],[0],[0]],[[{"name":"sheep-2-b-push-003","rect":{"x":666,"y":739,"width":50,"height":41},"offset":{"x":0,"y":0},"originalSize":{"width":50,"height":47},"rotated":false,"capInsets":[0,0,0,0],"packable":true}],[0],0,[0],[0],[0]],[[{"name":"sheep-6-lose004","rect":{"x":604,"y":348,"width":71,"height":72},"offset":{"x":0,"y":-0.5},"originalSize":{"width":103,"height":77},"rotated":true,"capInsets":[0,0,0,0],"packable":true}],[0],0,[0],[0],[0]],[[{"name":"sheep-6-win004","rect":{"x":334,"y":497,"width":69,"height":75},"offset":{"x":12,"y":0},"originalSize":{"width":103,"height":77},"rotated":true,"capInsets":[0,0,0,0],"packable":true}],[0],0,[0],[0],[0]],[[{"name":"sheep-2-w-walk-001","rect":{"x":316,"y":843,"width":50,"height":45},"offset":{"x":0,"y":0},"originalSize":{"width":50,"height":47},"rotated":false,"capInsets":[0,0,0,0],"packable":true}],[0],0,[0],[0],[0]],[[{"name":"sheep-4-b-push-002","rect":{"x":507,"y":427,"width":61,"height":71},"offset":{"x":0,"y":0.5},"originalSize":{"width":61,"height":72},"rotated":true,"capInsets":[0,0,0,0],"packable":true}],[0],0,[0],[0],[0]],[[{"name":"sheep-5-w-push-005","rect":{"x":620,"y":3,"width":82,"height":82},"offset":{"x":0,"y":0},"originalSize":{"width":82,"height":84},"rotated":false,"capInsets":[0,0,0,0],"packable":true}],[0],0,[0],[0],[0]],[[{"name":"sheep-4-w-push-004","rect":{"x":491,"y":628,"width":61,"height":68},"offset":{"x":0,"y":0},"originalSize":{"width":61,"height":72},"rotated":true,"capInsets":[0,0,0,0],"packable":true}],[0],0,[0],[0],[0]],[[{"name":"sheep-5-w-walk-001","rect":{"x":442,"y":90,"width":82,"height":82},"offset":{"x":0,"y":0},"originalSize":{"width":82,"height":84},"rotated":false,"capInsets":[0,0,0,0],"packable":true}],[0],0,[0],[0],[0]],[[{"name":"sheep-3-b-push-005","rect":{"x":377,"y":956,"width":56,"height":55},"offset":{"x":0,"y":0},"originalSize":{"width":56,"height":57},"rotated":true,"capInsets":[0,0,0,0],"packable":true}],[0],0,[0],[0],[0]],[[{"name":"sheep-3-w-walk-003","rect":{"x":129,"y":967,"width":56,"height":53},"offset":{"x":0,"y":0},"originalSize":{"width":56,"height":59},"rotated":false,"capInsets":[0,0,0,0],"packable":true}],[0],0,[0],[0],[0]],[[{"name":"sheep-2-b-walk-003","rect":{"x":520,"y":816,"width":50,"height":46},"offset":{"x":0,"y":0},"originalSize":{"width":50,"height":50},"rotated":true,"capInsets":[0,0,0,0],"packable":true}],[0],0,[0],[0],[0]],[[{"name":"sheep-5-b-walk-005","rect":{"x":442,"y":3,"width":83,"height":81},"offset":{"x":0,"y":0},"originalSize":{"width":83,"height":83},"rotated":false,"capInsets":[0,0,0,0],"packable":true}],[0],0,[0],[0],[0]],[[{"name":"sheep-2-w-walk-005","rect":{"x":372,"y":843,"width":50,"height":45},"offset":{"x":0,"y":0},"originalSize":{"width":50,"height":47},"rotated":false,"capInsets":[0,0,0,0],"packable":true}],[0],0,[0],[0],[0]],[[{"name":"sheep-3-b-push-002","rect":{"x":191,"y":967,"width":56,"height":53},"offset":{"x":0,"y":0},"originalSize":{"width":56,"height":57},"rotated":false,"capInsets":[0,0,0,0],"packable":true}],[0],0,[0],[0],[0]],[[{"name":"sheep-4-b-push-001","rect":{"x":507,"y":494,"width":61,"height":71},"offset":{"x":0,"y":0.5},"originalSize":{"width":61,"height":72},"rotated":true,"capInsets":[0,0,0,0],"packable":true}],[0],0,[0],[0],[0]],[[{"name":"sheep-6-spawn004","rect":{"x":253,"y":3,"width":93,"height":56},"offset":{"x":0,"y":-7},"originalSize":{"width":93,"height":70},"rotated":false,"capInsets":[0,0,0,0],"packable":true}],[0],0,[0],[0],[0]],[[{"name":"sheep-3-b-walk-002","rect":{"x":3,"y":967,"width":53,"height":57},"offset":{"x":0,"y":0.5},"originalSize":{"width":53,"height":60},"rotated":true,"capInsets":[0,0,0,0],"packable":true}],[0],0,[0],[0],[0]],[[{"name":"row-1-column-5","rect":{"x":106,"y":864,"width":96,"height":97},"offset":{"x":0,"y":0},"originalSize":{"width":96,"height":97},"rotated":false,"capInsets":[0,0,0,0],"packable":true}],[0],0,[0],[0],[0]],[[{"name":"sheep-4-w-push-003","rect":{"x":185,"y":748,"width":61,"height":66},"offset":{"x":0,"y":0},"originalSize":{"width":61,"height":72},"rotated":false,"capInsets":[0,0,0,0],"packable":true}],[0],0,[0],[0],[0]],[[{"name":"sheep-4-w-push-002","rect":{"x":645,"y":610,"width":61,"height":68},"offset":{"x":0,"y":0},"originalSize":{"width":61,"height":72},"rotated":true,"capInsets":[0,0,0,0],"packable":true}],[0],0,[0],[0],[0]],[[{"name":"sheep-4-b-walk-003","rect":{"x":415,"y":499,"width":61,"height":71},"offset":{"x":0,"y":0.5},"originalSize":{"width":61,"height":72},"rotated":true,"capInsets":[0,0,0,0],"packable":true}],[0],0,[0],[0],[0]],[[{"name":"tile001","rect":{"x":661,"y":538,"width":56,"height":66},"offset":{"x":0,"y":0},"originalSize":{"width":66,"height":66},"rotated":false,"capInsets":[0,0,0,0],"packable":true}],[0],0,[0],[0],[0]],[[{"name":"sheep-1-w-push-004","rect":{"x":208,"y":49,"width":34,"height":39},"offset":{"x":0,"y":0.5},"originalSize":{"width":34,"height":42},"rotated":true,"capInsets":[0,0,0,0],"packable":true}],[0],0,[0],[0],[0]],[[{"name":"sheep-1-b-push-000","rect":{"x":682,"y":348,"width":34,"height":42},"offset":{"x":0,"y":0},"originalSize":{"width":34,"height":42},"rotated":false,"capInsets":[0,0,0,0],"packable":true}],[0],0,[0],[0],[0]],[[{"name":"sheep-3-b-push-001","rect":{"x":394,"y":894,"width":56,"height":55},"offset":{"x":0,"y":0},"originalSize":{"width":56,"height":57},"rotated":true,"capInsets":[0,0,0,0],"packable":true}],[0],0,[0],[0],[0]],[[{"name":"sheep-5-b-walk-004","rect":{"x":618,"y":91,"width":82,"height":81},"offset":{"x":-0.5,"y":0},"originalSize":{"width":83,"height":83},"rotated":false,"capInsets":[0,0,0,0],"packable":true}],[0],0,[0],[0],[0]],[[{"name":"loading_-removebg-preview","rect":{"x":253,"y":770,"width":61,"height":56},"offset":{"x":0,"y":1},"originalSize":{"width":141,"height":146},"rotated":false,"capInsets":[0,0,0,0],"packable":true}],[0],0,[0],[0],[0]],[[{"name":"sheep-2-w-push-004","rect":{"x":671,"y":833,"width":49,"height":43},"offset":{"x":0,"y":0},"originalSize":{"width":49,"height":47},"rotated":true,"capInsets":[0,0,0,0],"packable":true}],[0],0,[0],[0],[0]],[[{"name":"sheep-6-lose005","rect":{"x":253,"y":410,"width":77,"height":70},"offset":{"x":3,"y":-1.5},"originalSize":{"width":103,"height":77},"rotated":false,"capInsets":[0,0,0,0],"packable":true}],[0],0,[0],[0],[0]],[[{"name":"row-1-column-4","rect":{"x":3,"y":864,"width":97,"height":97},"offset":{"x":0,"y":0},"originalSize":{"width":97,"height":97},"rotated":false,"capInsets":[0,0,0,0],"packable":true}],[0],0,[0],[0],[0]],[[{"name":"sheep-5-b-walk-002","rect":{"x":531,"y":3,"width":83,"height":81},"offset":{"x":0,"y":0},"originalSize":{"width":83,"height":83},"rotated":false,"capInsets":[0,0,0,0],"packable":true}],[0],0,[0],[0],[0]],[[{"name":"sheep-3-b-walk-004","rect":{"x":66,"y":967,"width":53,"height":57},"offset":{"x":0,"y":0.5},"originalSize":{"width":53,"height":60},"rotated":true,"capInsets":[0,0,0,0],"packable":true}],[0],0,[0],[0],[0]],[[{"name":"sheep-6-lose002","rect":{"x":604,"y":425,"width":71,"height":72},"offset":{"x":-5,"y":-1.5},"originalSize":{"width":103,"height":77},"rotated":true,"capInsets":[0,0,0,0],"packable":true}],[0],0,[0],[0],[0]],[[{"name":"sheep-5-w-walk-003","rect":{"x":341,"y":265,"width":82,"height":78},"offset":{"x":0,"y":0},"originalSize":{"width":82,"height":84},"rotated":false,"capInsets":[0,0,0,0],"packable":true}],[0],0,[0],[0],[0]],[[{"name":"sheep-6-win003","rect":{"x":336,"y":424,"width":67,"height":76},"offset":{"x":10,"y":-0.5},"originalSize":{"width":103,"height":77},"rotated":true,"capInsets":[0,0,0,0],"packable":true}],[0],0,[0],[0],[0]],[[{"name":"sheep-4-b-walk-002","rect":{"x":584,"y":502,"width":61,"height":71},"offset":{"x":0,"y":-0.5},"originalSize":{"width":61,"height":72},"rotated":true,"capInsets":[0,0,0,0],"packable":true}],[0],0,[0],[0],[0]],[[{"name":"sheep-4-b-push-003","rect":{"x":484,"y":695,"width":61,"height":67},"offset":{"x":0,"y":-0.5},"originalSize":{"width":61,"height":72},"rotated":true,"capInsets":[0,0,0,0],"packable":true}],[0],0,[0],[0],[0]],[[{"name":"sheep-3-w-walk-002","rect":{"x":438,"y":956,"width":56,"height":55},"offset":{"x":0,"y":0},"originalSize":{"width":56,"height":59},"rotated":true,"capInsets":[0,0,0,0],"packable":true}],[0],0,[0],[0],[0]],[[{"name":"sheep-5-w-push-002","rect":{"x":341,"y":179,"width":82,"height":80},"offset":{"x":0,"y":0},"originalSize":{"width":82,"height":84},"rotated":false,"capInsets":[0,0,0,0],"packable":true}],[0],0,[0],[0],[0]],[[{"name":"sheep-3-w-walk-004","rect":{"x":455,"y":894,"width":56,"height":55},"offset":{"x":0,"y":0},"originalSize":{"width":56,"height":59},"rotated":true,"capInsets":[0,0,0,0],"packable":true}],[0],0,[0],[0],[0]],[[{"name":"sheep-1-b-push-005","rect":{"x":458,"y":762,"width":34,"height":40},"offset":{"x":0,"y":0},"originalSize":{"width":34,"height":42},"rotated":false,"capInsets":[0,0,0,0],"packable":true}],[0],0,[0],[0],[0]],[[{"name":"sheep-5-w-walk-004","rect":{"x":253,"y":241,"width":82,"height":80},"offset":{"x":0,"y":0},"originalSize":{"width":82,"height":84},"rotated":false,"capInsets":[0,0,0,0],"packable":true}],[0],0,[0],[0],[0]],[[{"name":"sheep-4-w-walk-004","rect":{"x":565,"y":636,"width":61,"height":68},"offset":{"x":0,"y":0},"originalSize":{"width":61,"height":72},"rotated":true,"capInsets":[0,0,0,0],"packable":true}],[0],0,[0],[0],[0]],[[{"name":"sheep-5-w-push-001","rect":{"x":530,"y":90,"width":82,"height":82},"offset":{"x":0,"y":0},"originalSize":{"width":82,"height":84},"rotated":false,"capInsets":[0,0,0,0],"packable":true}],[0],0,[0],[0],[0]],[[{"name":"sheep-6-win001","rect":{"x":429,"y":348,"width":78,"height":69},"offset":{"x":2.5,"y":-4},"originalSize":{"width":103,"height":77},"rotated":false,"capInsets":[0,0,0,0],"packable":true}],[0],0,[0],[0],[0]],[[{"name":"sheep-1-b-push-001","rect":{"x":458,"y":808,"width":34,"height":40},"offset":{"x":0,"y":0},"originalSize":{"width":34,"height":42},"rotated":false,"capInsets":[0,0,0,0],"packable":true}],[0],0,[0],[0],[0]],[[{"name":"sheep-5-b-push-003","rect":{"x":517,"y":347,"width":81,"height":74},"offset":{"x":0,"y":0},"originalSize":{"width":83,"height":80},"rotated":false,"capInsets":[0,0,0,0],"packable":true}],[0],0,[0],[0],[0]],[[{"name":"sheep-6-lose001","rect":{"x":425,"y":423,"width":76,"height":70},"offset":{"x":-4.5,"y":-1.5},"originalSize":{"width":103,"height":77},"rotated":false,"capInsets":[0,0,0,0],"packable":true}],[0],0,[0],[0],[0]],[[{"name":"sheep-4-b-push-004","rect":{"x":334,"y":572,"width":61,"height":70},"offset":{"x":0,"y":0},"originalSize":{"width":61,"height":72},"rotated":true,"capInsets":[0,0,0,0],"packable":true}],[0],0,[0],[0],[0]],[[{"name":"sheep-2-w-walk-000","rect":{"x":558,"y":950,"width":50,"height":47},"offset":{"x":0,"y":0},"originalSize":{"width":50,"height":47},"rotated":true,"capInsets":[0,0,0,0],"packable":true}],[0],0,[0],[0],[0]],[[{"name":"sheep-4-w-walk-005","rect":{"x":253,"y":636,"width":61,"height":70},"offset":{"x":0,"y":0},"originalSize":{"width":61,"height":72},"rotated":true,"capInsets":[0,0,0,0],"packable":true}],[0],0,[0],[0],[0]],[[{"name":"sheep-3-w-walk-000","rect":{"x":639,"y":677,"width":56,"height":59},"offset":{"x":0,"y":0},"originalSize":{"width":56,"height":59},"rotated":true,"capInsets":[0,0,0,0],"packable":true}],[0],0,[0],[0],[0]],[[{"name":"sheep-5-b-walk-003","rect":{"x":606,"y":178,"width":82,"height":79},"offset":{"x":-0.5,"y":0},"originalSize":{"width":83,"height":83},"rotated":false,"capInsets":[0,0,0,0],"packable":true}],[0],0,[0],[0],[0]],[[{"name":"sheep-1-w-walk-001","rect":{"x":428,"y":854,"width":34,"height":40},"offset":{"x":0,"y":0},"originalSize":{"width":34,"height":42},"rotated":true,"capInsets":[0,0,0,0],"packable":true}],[0],0,[0],[0],[0]],[[{"name":"sheep-4-w-walk-002","rect":{"x":410,"y":633,"width":61,"height":68},"offset":{"x":0,"y":0},"originalSize":{"width":61,"height":72},"rotated":true,"capInsets":[0,0,0,0],"packable":true}],[0],0,[0],[0],[0]],[[{"name":"sheep-5-b-walk-000","rect":{"x":253,"y":65,"width":83,"height":83},"offset":{"x":0,"y":0},"originalSize":{"width":83,"height":83},"rotated":false,"capInsets":[0,0,0,0],"packable":true}],[0],0,[0],[0],[0]],[[{"name":"sheep-4-w-push-005","rect":{"x":185,"y":672,"width":61,"height":70},"offset":{"x":0,"y":0},"originalSize":{"width":61,"height":72},"rotated":false,"capInsets":[0,0,0,0],"packable":true}],[0],0,[0],[0],[0]],[[{"name":"row-1-column-2","rect":{"x":3,"y":3,"width":85,"height":855},"offset":{"x":0,"y":0},"originalSize":{"width":85,"height":855},"rotated":false,"capInsets":[0,0,0,0],"packable":true}],[0],0,[0],[0],[0]],[[{"name":"sheep-1-b-push-004","rect":{"x":208,"y":864,"width":34,"height":38},"offset":{"x":0,"y":0},"originalSize":{"width":34,"height":42},"rotated":true,"capInsets":[0,0,0,0],"packable":true}],[0],0,[0],[0],[0]],[[{"name":"sheep-2-b-walk-005","rect":{"x":499,"y":762,"width":50,"height":48},"offset":{"x":0,"y":0},"originalSize":{"width":50,"height":50},"rotated":false,"capInsets":[0,0,0,0],"packable":true}],[0],0,[0],[0],[0]],[[{"name":"sheep-3-b-push-004","rect":{"x":253,"y":967,"width":56,"height":53},"offset":{"x":0,"y":0},"originalSize":{"width":56,"height":57},"rotated":false,"capInsets":[0,0,0,0],"packable":true}],[0],0,[0],[0],[0]],[[{"name":"sheep-2-b-push-005","rect":{"x":555,"y":765,"width":50,"height":45},"offset":{"x":0,"y":0},"originalSize":{"width":50,"height":47},"rotated":false,"capInsets":[0,0,0,0],"packable":true}],[0],0,[0],[0],[0]],[[{"name":"sheep-2-w-walk-003","rect":{"x":666,"y":786,"width":50,"height":41},"offset":{"x":0,"y":0},"originalSize":{"width":50,"height":47},"rotated":false,"capInsets":[0,0,0,0],"packable":true}],[0],0,[0],[0],[0]],[[{"name":"sheep-2-b-push-001","rect":{"x":569,"y":872,"width":50,"height":45},"offset":{"x":0,"y":0},"originalSize":{"width":50,"height":47},"rotated":true,"capInsets":[0,0,0,0],"packable":true}],[0],0,[0],[0],[0]],[[{"name":"sheep-5-b-push-000","rect":{"x":606,"y":263,"width":82,"height":79},"offset":{"x":0.5,"y":-0.5},"originalSize":{"width":83,"height":80},"rotated":false,"capInsets":[0,0,0,0],"packable":true}],[0],0,[0],[0],[0]],[[{"name":"sheep-3-w-push-004","rect":{"x":315,"y":957,"width":56,"height":56},"offset":{"x":0,"y":0.5},"originalSize":{"width":56,"height":59},"rotated":false,"capInsets":[0,0,0,0],"packable":true}],[0],0,[0],[0],[0]],[[{"name":"tile000","rect":{"x":329,"y":639,"width":66,"height":66},"offset":{"x":0,"y":0},"originalSize":{"width":66,"height":66},"rotated":false,"capInsets":[0,0,0,0],"packable":true}],[0],0,[0],[0],[0]],[[{"name":"sheep-3-w-push-000","rect":{"x":557,"y":703,"width":56,"height":59},"offset":{"x":0,"y":0},"originalSize":{"width":56,"height":59},"rotated":true,"capInsets":[0,0,0,0],"packable":true}],[0],0,[0],[0],[0]],[[{"name":"sheep-6-win005","rect":{"x":341,"y":349,"width":78,"height":69},"offset":{"x":10.5,"y":-4},"originalSize":{"width":103,"height":77},"rotated":false,"capInsets":[0,0,0,0],"packable":true}],[0],0,[0],[0],[0]],[[{"name":"sheep-4-b-push-000","rect":{"x":185,"y":129,"width":61,"height":72},"offset":{"x":0,"y":0},"originalSize":{"width":61,"height":72},"rotated":false,"capInsets":[0,0,0,0],"packable":true}],[0],0,[0],[0],[0]],[[{"name":"sheep-2-w-push-000","rect":{"x":611,"y":928,"width":49,"height":47},"offset":{"x":0,"y":0},"originalSize":{"width":49,"height":47},"rotated":true,"capInsets":[0,0,0,0],"packable":true}],[0],0,[0],[0],[0]],[[{"name":"sheep-4-w-push-000","rect":{"x":185,"y":207,"width":61,"height":72},"offset":{"x":0,"y":0},"originalSize":{"width":61,"height":72},"rotated":false,"capInsets":[0,0,0,0],"packable":true}],[0],0,[0],[0],[0]],[[{"name":"sheep-5-w-push-000","rect":{"x":352,"y":3,"width":82,"height":84},"offset":{"x":0,"y":0},"originalSize":{"width":82,"height":84},"rotated":true,"capInsets":[0,0,0,0],"packable":true}],[0],0,[0],[0],[0]],[[{"name":"sheep-1-w-push-002","rect":{"x":474,"y":854,"width":34,"height":40},"offset":{"x":0,"y":0},"originalSize":{"width":34,"height":42},"rotated":true,"capInsets":[0,0,0,0],"packable":true}],[0],0,[0],[0],[0]],[[{"name":"sheep-2-w-push-005","rect":{"x":611,"y":765,"width":49,"height":45},"offset":{"x":0,"y":0},"originalSize":{"width":49,"height":47},"rotated":false,"capInsets":[0,0,0,0],"packable":true}],[0],0,[0],[0],[0]],[[{"name":"sheep-2-w-walk-004","rect":{"x":572,"y":816,"width":50,"height":43},"offset":{"x":0,"y":0},"originalSize":{"width":50,"height":47},"rotated":true,"capInsets":[0,0,0,0],"packable":true}],[0],0,[0],[0],[0]],[[{"name":"sheep-5-w-walk-002","rect":{"x":518,"y":178,"width":82,"height":80},"offset":{"x":0,"y":0},"originalSize":{"width":82,"height":84},"rotated":false,"capInsets":[0,0,0,0],"packable":true}],[0],0,[0],[0],[0]],[[{"name":"row-1-column-1","rect":{"x":94,"y":3,"width":85,"height":855},"offset":{"x":0,"y":0},"originalSize":{"width":85,"height":855},"rotated":false,"capInsets":[0,0,0,0],"packable":true}],[0],0,[0],[0],[0]],[[{"name":"sheep-3-w-walk-005","rect":{"x":253,"y":832,"width":56,"height":57},"offset":{"x":0,"y":0},"originalSize":{"width":56,"height":59},"rotated":true,"capInsets":[0,0,0,0],"packable":true}],[0],0,[0],[0],[0]],[[{"name":"sheep-6-lose003","rect":{"x":253,"y":486,"width":70,"height":75},"offset":{"x":-2.5,"y":0},"originalSize":{"width":103,"height":77},"rotated":true,"capInsets":[0,0,0,0],"packable":true}],[0],0,[0],[0],[0]],[[{"name":"sheep-1-w-push-000","rect":{"x":682,"y":396,"width":34,"height":42},"offset":{"x":0,"y":0},"originalSize":{"width":34,"height":42},"rotated":false,"capInsets":[0,0,0,0],"packable":true}],[0],0,[0],[0],[0]],[[{"name":"sheep-4-w-walk-000","rect":{"x":185,"y":285,"width":61,"height":72},"offset":{"x":0,"y":0},"originalSize":{"width":61,"height":72},"rotated":false,"capInsets":[0,0,0,0],"packable":true}],[0],0,[0],[0],[0]],[[{"name":"sheep-4-b-walk-000","rect":{"x":185,"y":363,"width":61,"height":72},"offset":{"x":0,"y":0},"originalSize":{"width":61,"height":72},"rotated":false,"capInsets":[0,0,0,0],"packable":true}],[0],0,[0],[0],[0]],[[{"name":"sheep-4-b-walk-005","rect":{"x":492,"y":561,"width":61,"height":71},"offset":{"x":0,"y":-0.5},"originalSize":{"width":61,"height":72},"rotated":true,"capInsets":[0,0,0,0],"packable":true}],[0],0,[0],[0],[0]],[[{"name":"tile002","rect":{"x":401,"y":700,"width":46,"height":65},"offset":{"x":0,"y":0.5},"originalSize":{"width":66,"height":66},"rotated":true,"capInsets":[0,0,0,0],"packable":true}],[0],0,[0],[0],[0]],[[{"name":"sheep-3-w-walk-001","rect":{"x":208,"y":904,"width":56,"height":57},"offset":{"x":0,"y":0},"originalSize":{"width":56,"height":59},"rotated":false,"capInsets":[0,0,0,0],"packable":true}],[0],0,[0],[0],[0]],[[{"name":"sheep-3-b-walk-003","rect":{"x":499,"y":956,"width":53,"height":55},"offset":{"x":0,"y":0.5},"originalSize":{"width":53,"height":60},"rotated":false,"capInsets":[0,0,0,0],"packable":true}],[0],0,[0],[0],[0]],[[{"name":"sheep-5-b-push-005","rect":{"x":253,"y":327,"width":82,"height":77},"offset":{"x":-0.5,"y":-0.5},"originalSize":{"width":83,"height":80},"rotated":false,"capInsets":[0,0,0,0],"packable":true}],[0],0,[0],[0],[0]],[[{"name":"sheep-6-win002","rect":{"x":253,"y":562,"width":68,"height":75},"offset":{"x":7.5,"y":0},"originalSize":{"width":103,"height":77},"rotated":true,"capInsets":[0,0,0,0],"packable":true}],[0],0,[0],[0],[0]],[[{"name":"no-entry","rect":{"x":325,"y":711,"width":64,"height":64},"offset":{"x":0,"y":0},"originalSize":{"width":64,"height":64},"rotated":false,"capInsets":[0,0,0,0],"packable":true}],[0],0,[0],[0],[0]],[[{"name":"sheep-1-w-walk-000","rect":{"x":682,"y":444,"width":34,"height":42},"offset":{"x":0,"y":0},"originalSize":{"width":34,"height":42},"rotated":false,"capInsets":[0,0,0,0],"packable":true}],[0],0,[0],[0],[0]],[[{"name":"sheep-2-w-push-003","rect":{"x":664,"y":927,"width":49,"height":42},"offset":{"x":0,"y":0.5},"originalSize":{"width":49,"height":47},"rotated":false,"capInsets":[0,0,0,0],"packable":true}],[0],0,[0],[0],[0]],[[{"name":"sheep-1-w-walk-005","rect":{"x":208,"y":89,"width":34,"height":39},"offset":{"x":0,"y":0.5},"originalSize":{"width":34,"height":42},"rotated":true,"capInsets":[0,0,0,0],"packable":true}],[0],0,[0],[0],[0]],[[{"name":"sheep-4-w-push-001","rect":{"x":569,"y":569,"width":61,"height":70},"offset":{"x":0,"y":0},"originalSize":{"width":61,"height":72},"rotated":true,"capInsets":[0,0,0,0],"packable":true}],[0],0,[0],[0],[0]],[[{"name":"sheep-2-w-push-001","rect":{"x":620,"y":872,"width":49,"height":45},"offset":{"x":0,"y":0},"originalSize":{"width":49,"height":47},"rotated":true,"capInsets":[0,0,0,0],"packable":true}],[0],0,[0],[0],[0]],[[{"name":"sheep-5-w-walk-005","rect":{"x":342,"y":91,"width":82,"height":82},"offset":{"x":0,"y":0},"originalSize":{"width":82,"height":84},"rotated":false,"capInsets":[0,0,0,0],"packable":true}],[0],0,[0],[0],[0]],[[{"name":"sheep-3-w-push-001","rect":{"x":270,"y":894,"width":56,"height":57},"offset":{"x":0,"y":0},"originalSize":{"width":56,"height":59},"rotated":false,"capInsets":[0,0,0,0],"packable":true}],[0],0,[0],[0],[0]],[[{"name":"sheep-3-w-push-002","rect":{"x":332,"y":894,"width":56,"height":56},"offset":{"x":0,"y":0.5},"originalSize":{"width":56,"height":59},"rotated":false,"capInsets":[0,0,0,0],"packable":true}],[0],0,[0],[0],[0]]]]
