{"version":1,"document":[{"__type__":"cc.AnimationClip","_name":"lv3-walk","_objFlags":0,"_native":"","sample":60,"speed":1,"wrapMode":2,"enableTrsBlending":false,"_duration":0.85,"_hash":500763545,"_tracks":[{"__id__":1}],"_exoticAnimation":null,"_events":[]},{"__type__":"cc.animation.ObjectTrack","_binding":{"__type__":"cc.animation.TrackBinding","path":{"__id__":2}},"_channel":{"__id__":4}},{"__type__":"cc.animation.TrackPath","_paths":[{"__id__":3},"spriteFrame"]},{"__type__":"cc.animation.ComponentPath","component":"cc.Sprite"},{"__type__":"cc.animation.Channel","_curve":{"__id__":5}},{"__type__":"cc.ObjectCurve","_times":[0,0.16666666666666666,0.3333333333333333,0.5,0.6666666666666666,0.8333333333333334],"_values":[{"__uuid__":"eefe9997-03a6-49eb-b738-2c248e1f8bf0@f9941","__expectedType__":"cc.Asset"},{"__uuid__":"a613fa07-7e44-4b21-af04-b66e3cd7b3e8@f9941","__expectedType__":"cc.Asset"},{"__uuid__":"4217165f-448f-4a3d-8c20-c82c41a9ada3@f9941","__expectedType__":"cc.Asset"},{"__uuid__":"dab297c0-bce3-4101-85a2-efcb4e95927b@f9941","__expectedType__":"cc.Asset"},{"__uuid__":"6553971c-5141-4711-ba32-e9f9cf0a77ea@f9941","__expectedType__":"cc.Asset"},{"__uuid__":"fbb6b5d6-987e-45e5-8bd8-0e50812216c9@f9941","__expectedType__":"cc.Asset"}]}],"chunks":[]}
