{"version":1,"document":[{"__type__":"cc.AnimationClip","_name":"lv3-push","_objFlags":0,"_native":"","sample":60,"speed":1,"wrapMode":2,"enableTrsBlending":false,"_duration":1.2666666666666666,"_hash":500763545,"_tracks":[{"__id__":1},{"__id__":6}],"_exoticAnimation":null,"_events":[]},{"__type__":"cc.animation.ObjectTrack","_binding":{"__type__":"cc.animation.TrackBinding","path":{"__id__":2}},"_channel":{"__id__":4}},{"__type__":"cc.animation.TrackPath","_paths":[{"__id__":3},"spriteFrame"]},{"__type__":"cc.animation.ComponentPath","component":"cc.Sprite"},{"__type__":"cc.animation.Channel","_curve":{"__id__":5}},{"__type__":"cc.ObjectCurve","_times":[0,0.25,0.5,0.75,1,1.25],"_values":[{"__uuid__":"bd678fc6-3ce2-4e02-b3a5-c15830919987@f9941","__expectedType__":"cc.Asset"},{"__uuid__":"fbd447ad-1649-4938-a8d4-23de8e5d9b98@f9941","__expectedType__":"cc.Asset"},{"__uuid__":"ff6fa1b6-421b-4d8e-a25e-bf11752381c6@f9941","__expectedType__":"cc.Asset"},{"__uuid__":"083112c6-818f-4c91-80fd-845c430669af@f9941","__expectedType__":"cc.Asset"},{"__uuid__":"b5a4b81c-2a59-4810-b5f6-87b90afe9b7e@f9941","__expectedType__":"cc.Asset"},{"__uuid__":"0719dcaf-546e-44b2-babb-e0f630cafdbf@f9941","__expectedType__":"cc.Asset"}]},{"__type__":"cc.animation.SizeTrack","_binding":{"__type__":"cc.animation.TrackBinding","path":{"__id__":7}},"_channels":[{"__id__":9},{"__id__":11}]},{"__type__":"cc.animation.TrackPath","_paths":[{"__id__":8},"contentSize"]},{"__type__":"cc.animation.ComponentPath","component":"cc.UITransform"},{"__type__":"cc.animation.Channel","_curve":{"__id__":10}},{"__type__":"cc.RealCurve","bytes":{"__type__":"TypedArrayRef","ctor":"Uint8Array","offset":0,"length":26}},{"__type__":"cc.animation.Channel","_curve":{"__id__":12}},{"__type__":"cc.RealCurve","bytes":{"__type__":"TypedArrayRef","ctor":"Uint8Array","offset":26,"length":26}}],"chunks":[".bin"]}
