{"version":1,"document":[{"__type__":"cc.AnimationClip","_name":"lv1-push","_objFlags":0,"_native":"","sample":60,"speed":1,"wrapMode":2,"enableTrsBlending":false,"_duration":1.2666666666666666,"_hash":500763545,"_tracks":[{"__id__":1}],"_exoticAnimation":null,"_events":[]},{"__type__":"cc.animation.ObjectTrack","_binding":{"__type__":"cc.animation.TrackBinding","path":{"__id__":2}},"_channel":{"__id__":4}},{"__type__":"cc.animation.TrackPath","_paths":[{"__id__":3},"spriteFrame"]},{"__type__":"cc.animation.ComponentPath","component":"cc.Sprite"},{"__type__":"cc.animation.Channel","_curve":{"__id__":5}},{"__type__":"cc.ObjectCurve","_times":[0,0.25,0.5,0.75,1,1.25],"_values":[{"__uuid__":"558f2a80-d356-45e7-b908-1df436a1b128@f9941","__expectedType__":"cc.Asset"},{"__uuid__":"80623776-4886-46c8-afba-cb1cac0d2a4a@f9941","__expectedType__":"cc.Asset"},{"__uuid__":"19474881-5f9b-46e0-a09b-af3072cb6c6f@f9941","__expectedType__":"cc.Asset"},{"__uuid__":"abd035a1-ffe8-43b1-a3b8-29b9d567365b@f9941","__expectedType__":"cc.Asset"},{"__uuid__":"a45ff75e-af1f-4976-a3f8-f156d955b676@f9941","__expectedType__":"cc.Asset"},{"__uuid__":"75f5cdf8-c585-4dbb-b646-2d2d23809570@f9941","__expectedType__":"cc.Asset"}]}],"chunks":[]}
